session_id,clinic_code,practitioner_id,session_date,start_time,end_time,slot_minutes,slots_offered,sessional_cost_zar
SE-400001,LUM-SAN,PR-3001,02/09/2024,08:00,17:00,20,27,4207
SE-400002,LUM-SAN,PR-3002,02/09/2024,08:00,17:00,30,18,5987
SE-400003,LUM-SAN,PR-3003,2024-09-02,08:00,17:00,20,27,3679
SE-400004,LUM-SAN,PR-3004,2024-09-02,08:00,17:00,20,27,4117
SE-400005,LUM-SAN,PR-3005,2024-09-02,08:00,17:00,20,27,4234
SE-400006,LUM-SAN,PR-3006,02/09/2024,08:00,17:00,30,18,3134
SE-400007,LUM-SAN,PR-3007,2024-09-02,08:00,17:00,45,12,6711
SE-400008,LUM-PTA,PR-3008,2024-09-02,08:00,17:00,20,27,3803
SE-400009,LUM-PTA,PR-3009,2024-09-02,08:00,17:00,25,21,8221
SE-400010,LUM-PTA,PR-3011,2024-09-02,08:00,17:00,20,27,4519
SE-400011,LUM-PTA,PR-3012,02/09/2024,08:00,17:00,20,27,4073
SE-400012,LUM-PTA,PR-3013,02/09/2024,08:00,17:00,30,18,5678
SE-400013,LUM-UMH,PR-3014,2024-09-02,08:00,17:00,20,27,3616
SE-400014,LUM-UMH,PR-3015,2024-09-02,08:00,17:00,30,18,4817
SE-400015,LUM-UMH,PR-3016,2024-09-02,08:00,17:00,30,18,3166
SE-400016,LUM-UMH,PR-3017,2024-09-02,08:00,17:00,25,21,7465
SE-400017,LUM-UMH,PR-3018,02/09/2024,08:00,17:00,20,27,3765
SE-400018,LUM-CLR,PR-3019,2024-09-02,08:00,17:00,20,27,4416
SE-400019,LUM-CLR,PR-3020,2024-09-02,08:00,17:00,30,18,3302
SE-400020,LUM-CLR,PR-3021,2024-09-02,08:00,17:00,20,27,4210
SE-400021,LUM-CLR,PR-3022,2024-09-02,08:00,17:00,20,27,4199
SE-400022,LUM-CLR,PR-3023,02/09/2024,08:00,17:00,20,27,3940
SE-400023,LUM-GQE,PR-3025,2024-09-02,08:00,17:00,20,27,3480
SE-400024,LUM-GQE,PR-3027,02/09/2024,08:00,17:00,30,18,5152
SE-400025,LUM-GQE,PR-3028,2024-09-02,08:00,17:00,20,27,4210
SE-400026,LUM-BFN,PR-3029,2024-09-02,08:00,17:00,30,18,4817
SE-400027,LUM-BFN,PR-3030,2024-09-02,08:00,17:00,30,18,2885
SE-400028,LUM-BFN,PR-3031,02/09/2024,08:00,17:00,30,18,3256
SE-400029,LUM-BFN,PR-3032,2024-09-02,08:00,17:00,30,18,2779
SE-400030,LUM-SAN,PR-3001,2024-09-03,08:00,17:00,20,27,4207
SE-400031,LUM-SAN,PR-3002,03/09/2024,08:00,17:00,30,18,5987
SE-400032,LUM-SAN,PR-3003,2024-09-03,08:00,17:00,20,27,3679
SE-400033,LUM-SAN,PR-3004,03/09/2024,08:00,17:00,20,27,4117
SE-400034,LUM-SAN,PR-3005,03/09/2024,08:00,17:00,20,27,4234
SE-400035,LUM-SAN,PR-3006,03/09/2024,08:00,17:00,30,18,3134
SE-400036,LUM-SAN,PR-3007,2024-09-03,08:00,17:00,45,12,6711
SE-400037,LUM-PTA,PR-3008,2024-09-03,08:00,17:00,20,27,3803
SE-400038,LUM-PTA,PR-3009,03/09/2024,08:00,17:00,25,21,8221
SE-400039,LUM-PTA,PR-3010,2024-09-03,08:00,17:00,30,18,5602
SE-400040,LUM-PTA,PR-3011,2024-09-03,08:00,17:00,20,27,4519
SE-400041,LUM-PTA,PR-3012,03/09/2024,08:00,17:00,20,27,4073
SE-400042,LUM-PTA,PR-3013,2024-09-03,08:00,17:00,30,18,5678
SE-400043,LUM-UMH,PR-3015,03/09/2024,08:00,17:00,30,18,4817
SE-400044,LUM-UMH,PR-3016,2024-09-03,08:00,17:00,30,18,3166
SE-400045,LUM-UMH,PR-3017,03/09/2024,08:00,17:00,25,21,7465
SE-400046,LUM-UMH,PR-3018,03/09/2024,08:00,17:00,20,27,3765
SE-400047,LUM-CLR,PR-3019,03/09/2024,08:00,17:00,20,27,4416
SE-400048,LUM-CLR,PR-3020,2024-09-03,08:00,17:00,30,18,3302
SE-400049,LUM-CLR,PR-3021,2024-09-03,08:00,17:00,20,27,4210
SE-400050,LUM-CLR,PR-3023,2024-09-03,08:00,17:00,20,27,3940
SE-400051,LUM-GQE,PR-3025,2024-09-03,08:00,17:00,20,27,3480
SE-400052,LUM-GQE,PR-3026,03/09/2024,08:00,17:00,20,27,4421
SE-400053,LUM-GQE,PR-3027,2024-09-03,08:00,17:00,30,18,5152
SE-400054,LUM-GQE,PR-3028,2024-09-03,08:00,17:00,20,27,4210
SE-400055,LUM-BFN,PR-3029,2024-09-03,08:00,17:00,30,18,4817
SE-400056,LUM-BFN,PR-3031,03/09/2024,08:00,17:00,30,18,3256
SE-400057,LUM-BFN,PR-3032,2024-09-03,08:00,17:00,30,18,2779
SE-400058,LUM-SAN,PR-3002,2024-09-04,08:00,17:00,30,18,5987
SE-400059,LUM-SAN,PR-3003,04/09/2024,08:00,17:00,20,27,3679
SE-400060,LUM-SAN,PR-3004,04/09/2024,08:00,17:00,20,27,4117
SE-400061,LUM-SAN,PR-3005,04/09/2024,08:00,17:00,20,27,4234
SE-400062,LUM-SAN,PR-3006,2024-09-04,08:00,17:00,30,18,3134
SE-400063,LUM-PTA,PR-3008,2024-09-04,08:00,17:00,20,27,3803
SE-400064,LUM-PTA,PR-3009,2024-09-04,08:00,17:00,25,21,8221
SE-400065,LUM-PTA,PR-3010,04/09/2024,08:00,17:00,30,18,5602
SE-400066,LUM-PTA,PR-3011,2024-09-04,08:00,17:00,20,27,4519
SE-400067,LUM-PTA,PR-3012,2024-09-04,08:00,17:00,20,27,4073
SE-400068,LUM-PTA,PR-3013,2024-09-04,08:00,17:00,30,18,5678
SE-400069,LUM-UMH,PR-3014,2024-09-04,08:00,17:00,20,27,3616
SE-400070,LUM-UMH,PR-3015,04/09/2024,08:00,17:00,30,18,4817
SE-400071,LUM-UMH,PR-3016,2024-09-04,08:00,17:00,30,18,3166
SE-400072,LUM-UMH,PR-3017,2024-09-04,08:00,17:00,25,21,7465
SE-400073,LUM-UMH,PR-3018,2024-09-04,08:00,17:00,20,27,3765
SE-400074,LUM-CLR,PR-3020,04/09/2024,08:00,17:00,30,18,3302
SE-400075,LUM-CLR,PR-3021,2024-09-04,08:00,17:00,20,27,4210
SE-400076,LUM-CLR,PR-3022,04/09/2024,08:00,17:00,20,27,4199
SE-400077,LUM-CLR,PR-3023,04/09/2024,08:00,17:00,20,27,3940
SE-400078,LUM-CLR,PR-3024,2024-09-04,08:00,17:00,20,27,4215
SE-400079,LUM-GQE,PR-3025,04/09/2024,08:00,17:00,20,27,3480
SE-400080,LUM-GQE,PR-3027,2024-09-04,08:00,17:00,30,18,5152
SE-400081,LUM-GQE,PR-3028,2024-09-04,08:00,17:00,20,27,4210
SE-400082,LUM-BFN,PR-3029,2024-09-04,08:00,17:00,30,18,4817
SE-400083,LUM-BFN,PR-3030,2024-09-04,08:00,17:00,30,18,2885
SE-400084,LUM-BFN,PR-3031,2024-09-04,08:00,17:00,30,18,3256
SE-400085,LUM-BFN,PR-3032,2024-09-04,08:00,17:00,30,18,2779
SE-400086,LUM-SAN,PR-3001,2024-09-05,08:00,17:00,20,27,4207
SE-400087,LUM-SAN,PR-3002,05/09/2024,08:00,17:00,30,18,5987
SE-400088,LUM-SAN,PR-3003,2024-09-05,08:00,17:00,20,27,3679
SE-400089,LUM-SAN,PR-3004,2024-09-05,08:00,17:00,20,27,4117
SE-400090,LUM-SAN,PR-3005,2024-09-05,08:00,17:00,20,27,4234
SE-400091,LUM-SAN,PR-3006,05/09/2024,08:00,17:00,30,18,3134
SE-400092,LUM-SAN,PR-3007,2024-09-05,08:00,17:00,45,12,6711
SE-400093,LUM-PTA,PR-3008,05/09/2024,08:00,17:00,20,27,3803
SE-400094,LUM-PTA,PR-3009,2024-09-05,08:00,17:00,25,21,8221
SE-400095,LUM-PTA,PR-3010,2024-09-05,08:00,17:00,30,18,5602
SE-400096,LUM-PTA,PR-3011,2024-09-05,08:00,17:00,20,27,4519
SE-400097,LUM-PTA,PR-3012,05/09/2024,08:00,17:00,20,27,4073
SE-400098,LUM-PTA,PR-3013,2024-09-05,08:00,17:00,30,18,5678
SE-400099,LUM-UMH,PR-3015,05/09/2024,08:00,17:00,30,18,4817
SE-400100,LUM-UMH,PR-3016,2024-09-05,08:00,17:00,30,18,3166
SE-400101,LUM-UMH,PR-3017,2024-09-05,08:00,17:00,25,21,7465
SE-400102,LUM-UMH,PR-3018,2024-09-05,08:00,17:00,20,27,3765
SE-400103,LUM-CLR,PR-3019,2024-09-05,08:00,17:00,20,27,4416
SE-400104,LUM-CLR,PR-3020,2024-09-05,08:00,17:00,30,18,3302
SE-400105,LUM-CLR,PR-3021,2024-09-05,08:00,17:00,20,27,4210
SE-400106,LUM-CLR,PR-3022,05/09/2024,08:00,17:00,20,27,4199
SE-400107,LUM-CLR,PR-3024,2024-09-05,08:00,17:00,20,27,4215
SE-400108,LUM-GQE,PR-3025,2024-09-05,08:00,17:00,20,27,3480
SE-400109,LUM-GQE,PR-3026,05/09/2024,08:00,17:00,20,27,4421
SE-400110,LUM-GQE,PR-3027,2024-09-05,08:00,17:00,30,18,5152
SE-400111,LUM-GQE,PR-3028,05/09/2024,08:00,17:00,20,27,4210
SE-400112,LUM-BFN,PR-3030,2024-09-05,08:00,17:00,30,18,2885
SE-400113,LUM-BFN,PR-3031,2024-09-05,08:00,17:00,30,18,3256
SE-400114,LUM-BFN,PR-3032,2024-09-05,08:00,17:00,30,18,2779
SE-400115,LUM-SAN,PR-3001,2024-09-06,08:00,17:00,20,27,4207
SE-400116,LUM-SAN,PR-3002,06/09/2024,08:00,17:00,30,18,5987
SE-400117,LUM-SAN,PR-3003,2024-09-06,08:00,17:00,20,27,3679
SE-400118,LUM-SAN,PR-3004,2024-09-06,08:00,17:00,20,27,4117
SE-400119,LUM-SAN,PR-3005,2024-09-06,08:00,17:00,20,27,4234
SE-400120,LUM-SAN,PR-3006,2024-09-06,08:00,17:00,30,18,3134
SE-400121,LUM-SAN,PR-3007,06/09/2024,08:00,17:00,45,12,6711
SE-400122,LUM-PTA,PR-3008,06/09/2024,08:00,17:00,20,27,3803
SE-400123,LUM-PTA,PR-3009,2024-09-06,08:00,17:00,25,21,8221
SE-400124,LUM-PTA,PR-3010,06/09/2024,08:00,17:00,30,18,5602
SE-400125,LUM-PTA,PR-3011,2024-09-06,08:00,17:00,20,27,4519
SE-400126,LUM-PTA,PR-3012,2024-09-06,08:00,17:00,20,27,4073
SE-400127,LUM-PTA,PR-3013,2024-09-06,08:00,17:00,30,18,5678
SE-400128,LUM-UMH,PR-3014,2024-09-06,08:00,17:00,20,27,3616
SE-400129,LUM-UMH,PR-3015,06/09/2024,08:00,17:00,30,18,4817
SE-400130,LUM-UMH,PR-3016,2024-09-06,08:00,17:00,30,18,3166
SE-400131,LUM-UMH,PR-3017,2024-09-06,08:00,17:00,25,21,7465
SE-400132,LUM-UMH,PR-3018,06/09/2024,08:00,17:00,20,27,3765
SE-400133,LUM-CLR,PR-3019,2024-09-06,08:00,17:00,20,27,4416
SE-400134,LUM-CLR,PR-3020,2024-09-06,08:00,17:00,30,18,3302
SE-400135,LUM-CLR,PR-3021,06/09/2024,08:00,17:00,20,27,4210
SE-400136,LUM-CLR,PR-3022,2024-09-06,08:00,17:00,20,27,4199
SE-400137,LUM-CLR,PR-3023,2024-09-06,08:00,17:00,20,27,3940
SE-400138,LUM-CLR,PR-3024,06/09/2024,08:00,17:00,20,27,4215
SE-400139,LUM-GQE,PR-3025,2024-09-06,08:00,17:00,20,27,3480
SE-400140,LUM-GQE,PR-3026,2024-09-06,08:00,17:00,20,27,4421
SE-400141,LUM-GQE,PR-3027,06/09/2024,08:00,17:00,30,18,5152
SE-400142,LUM-GQE,PR-3028,2024-09-06,08:00,17:00,20,27,4210
SE-400143,LUM-BFN,PR-3029,2024-09-06,08:00,17:00,30,18,4817
SE-400144,LUM-BFN,PR-3030,2024-09-06,08:00,17:00,30,18,2885
SE-400145,LUM-BFN,PR-3031,2024-09-06,08:00,17:00,30,18,3256
SE-400146,LUM-BFN,PR-3032,06/09/2024,08:00,17:00,30,18,2779
SE-400147,LUM-SAN,PR-3003,2024-09-07,08:00,13:00,20,15,2043.89
SE-400148,LUM-SAN,PR-3004,2024-09-07,08:00,13:00,20,15,2287.22
SE-400149,LUM-SAN,PR-3007,07/09/2024,08:00,13:00,45,6,3728.33
SE-400150,LUM-PTA,PR-3009,07/09/2024,08:00,13:00,25,12,4567.22
SE-400151,LUM-PTA,PR-3012,2024-09-07,08:00,13:00,20,15,2262.78
SE-400152,LUM-UMH,PR-3014,07/09/2024,08:00,13:00,20,15,2008.89
SE-400153,LUM-UMH,PR-3015,2024-09-07,08:00,13:00,30,10,2676.11
SE-400154,LUM-UMH,PR-3016,2024-09-07,08:00,13:00,30,10,1758.89
SE-400155,LUM-CLR,PR-3019,2024-09-07,08:00,13:00,20,15,2453.33
SE-400156,LUM-CLR,PR-3021,2024-09-07,08:00,13:00,20,15,2338.89
SE-400157,LUM-CLR,PR-3023,2024-09-07,08:00,13:00,20,15,2188.89
SE-400158,LUM-GQE,PR-3026,07/09/2024,08:00,13:00,20,15,2456.11
SE-400159,LUM-GQE,PR-3027,2024-09-07,08:00,13:00,30,10,2862.22
SE-400160,LUM-BFN,PR-3030,2024-09-07,08:00,13:00,30,10,1602.78
SE-400161,LUM-SAN,PR-3001,2024-09-09,08:00,17:00,20,27,4207
SE-400162,LUM-SAN,PR-3002,2024-09-09,08:00,17:00,30,18,5987
SE-400163,LUM-SAN,PR-3003,09/09/2024,08:00,17:00,20,27,3679
SE-400164,LUM-SAN,PR-3004,2024-09-09,08:00,17:00,20,27,4117
SE-400165,LUM-SAN,PR-3005,2024-09-09,08:00,17:00,20,27,4234
SE-400166,LUM-SAN,PR-3006,09/09/2024,08:00,17:00,30,18,3134
SE-400167,LUM-SAN,PR-3007,2024-09-09,08:00,17:00,45,12,6711
SE-400168,LUM-PTA,PR-3008,2024-09-09,08:00,17:00,20,27,3803
SE-400169,LUM-PTA,PR-3009,09/09/2024,08:00,17:00,25,21,8221
SE-400170,LUM-PTA,PR-3010,09/09/2024,08:00,17:00,30,18,5602
SE-400171,LUM-PTA,PR-3012,2024-09-09,08:00,17:00,20,27,4073
SE-400172,LUM-PTA,PR-3013,2024-09-09,08:00,17:00,30,18,5678
SE-400173,LUM-UMH,PR-3014,2024-09-09,08:00,17:00,20,27,3616
SE-400174,LUM-UMH,PR-3015,2024-09-09,08:00,17:00,30,18,4817
SE-400175,LUM-UMH,PR-3016,2024-09-09,08:00,17:00,30,18,3166
SE-400176,LUM-UMH,PR-3017,2024-09-09,08:00,17:00,25,21,7465
SE-400177,LUM-UMH,PR-3018,2024-09-09,08:00,17:00,20,27,3765
SE-400178,LUM-CLR,PR-3019,09/09/2024,08:00,17:00,20,27,4416
SE-400179,LUM-CLR,PR-3020,2024-09-09,08:00,17:00,30,18,3302
SE-400180,LUM-CLR,PR-3021,2024-09-09,08:00,17:00,20,27,4210
SE-400181,LUM-CLR,PR-3022,2024-09-09,08:00,17:00,20,27,4199
SE-400182,LUM-CLR,PR-3023,2024-09-09,08:00,17:00,20,27,3940
SE-400183,LUM-CLR,PR-3024,2024-09-09,08:00,17:00,20,27,4215
SE-400184,LUM-GQE,PR-3025,2024-09-09,08:00,17:00,20,27,3480
SE-400185,LUM-GQE,PR-3026,2024-09-09,08:00,17:00,20,27,4421
SE-400186,LUM-GQE,PR-3027,2024-09-09,08:00,17:00,30,18,5152
SE-400187,LUM-BFN,PR-3029,09/09/2024,08:00,17:00,30,18,4817
SE-400188,LUM-BFN,PR-3030,2024-09-09,08:00,17:00,30,18,2885
SE-400189,LUM-BFN,PR-3031,09/09/2024,08:00,17:00,30,18,3256
SE-400190,LUM-BFN,PR-3032,2024-09-09,08:00,17:00,30,18,2779
SE-400191,LUM-SAN,PR-3001,2024-09-10,08:00,17:00,20,27,4207
SE-400192,LUM-SAN,PR-3002,2024-09-10,08:00,17:00,30,18,5987
SE-400193,LUM-SAN,PR-3003,10/09/2024,08:00,17:00,20,27,3679
SE-400194,LUM-SAN,PR-3004,2024-09-10,08:00,17:00,20,27,4117
SE-400195,LUM-SAN,PR-3005,2024-09-10,08:00,17:00,20,27,4234
SE-400196,LUM-SAN,PR-3006,2024-09-10,08:00,17:00,30,18,3134
SE-400197,LUM-SAN,PR-3007,2024-09-10,08:00,17:00,45,12,6711
SE-400198,LUM-PTA,PR-3008,2024-09-10,08:00,17:00,20,27,3803
SE-400199,LUM-PTA,PR-3009,2024-09-10,08:00,17:00,25,21,8221
SE-400200,LUM-PTA,PR-3010,10/09/2024,08:00,17:00,30,18,5602
SE-400201,LUM-PTA,PR-3011,10/09/2024,08:00,17:00,20,27,4519
SE-400202,LUM-PTA,PR-3012,10/09/2024,08:00,17:00,20,27,4073
SE-400203,LUM-PTA,PR-3013,2024-09-10,08:00,17:00,30,18,5678
SE-400204,LUM-UMH,PR-3015,2024-09-10,08:00,17:00,30,18,4817
SE-400205,LUM-UMH,PR-3016,10/09/2024,08:00,17:00,30,18,3166
SE-400206,LUM-UMH,PR-3018,10/09/2024,08:00,17:00,20,27,3765
SE-400207,LUM-CLR,PR-3019,2024-09-10,08:00,17:00,20,27,4416
SE-400208,LUM-CLR,PR-3020,2024-09-10,08:00,17:00,30,18,3302
SE-400209,LUM-CLR,PR-3021,2024-09-10,08:00,17:00,20,27,4210
SE-400210,LUM-CLR,PR-3022,10/09/2024,08:00,17:00,20,27,4199
SE-400211,LUM-CLR,PR-3023,2024-09-10,08:00,17:00,20,27,3940
SE-400212,LUM-CLR,PR-3024,2024-09-10,08:00,17:00,20,27,4215
SE-400213,LUM-GQE,PR-3025,10/09/2024,08:00,17:00,20,27,3480
SE-400214,LUM-GQE,PR-3026,2024-09-10,08:00,17:00,20,27,4421
SE-400215,LUM-GQE,PR-3027,2024-09-10,08:00,17:00,30,18,5152
SE-400216,LUM-GQE,PR-3028,10/09/2024,08:00,17:00,20,27,4210
SE-400217,LUM-BFN,PR-3029,10/09/2024,08:00,17:00,30,18,4817
SE-400218,LUM-BFN,PR-3030,2024-09-10,08:00,17:00,30,18,2885
SE-400219,LUM-BFN,PR-3031,2024-09-10,08:00,17:00,30,18,3256
SE-400220,LUM-SAN,PR-3001,11/09/2024,08:00,17:00,20,27,4207
SE-400221,LUM-SAN,PR-3002,2024-09-11,08:00,17:00,30,18,5987
SE-400222,LUM-SAN,PR-3003,11/09/2024,08:00,17:00,20,27,3679
SE-400223,LUM-SAN,PR-3004,2024-09-11,08:00,17:00,20,27,4117
SE-400224,LUM-SAN,PR-3005,2024-09-11,08:00,17:00,20,27,4234
SE-400225,LUM-SAN,PR-3006,2024-09-11,08:00,17:00,30,18,3134
SE-400226,LUM-SAN,PR-3007,11/09/2024,08:00,17:00,45,12,6711
SE-400227,LUM-PTA,PR-3008,11/09/2024,08:00,17:00,20,27,3803
SE-400228,LUM-PTA,PR-3010,2024-09-11,08:00,17:00,30,18,5602
SE-400229,LUM-PTA,PR-3011,11/09/2024,08:00,17:00,20,27,4519
SE-400230,LUM-PTA,PR-3012,11/09/2024,08:00,17:00,20,27,4073
SE-400231,LUM-UMH,PR-3014,2024-09-11,08:00,17:00,20,27,3616
SE-400232,LUM-UMH,PR-3015,2024-09-11,08:00,17:00,30,18,4817
SE-400233,LUM-UMH,PR-3016,11/09/2024,08:00,17:00,30,18,3166
SE-400234,LUM-UMH,PR-3017,2024-09-11,08:00,17:00,25,21,7465
SE-400235,LUM-UMH,PR-3018,2024-09-11,08:00,17:00,20,27,3765
SE-400236,LUM-CLR,PR-3019,2024-09-11,08:00,17:00,20,27,4416
SE-400237,LUM-CLR,PR-3020,2024-09-11,08:00,17:00,30,18,3302
SE-400238,LUM-CLR,PR-3021,2024-09-11,08:00,17:00,20,27,4210
SE-400239,LUM-CLR,PR-3022,2024-09-11,08:00,17:00,20,27,4199
SE-400240,LUM-CLR,PR-3023,2024-09-11,08:00,17:00,20,27,3940
SE-400241,LUM-CLR,PR-3024,2024-09-11,08:00,17:00,20,27,4215
SE-400242,LUM-GQE,PR-3025,2024-09-11,08:00,17:00,20,27,3480
SE-400243,LUM-GQE,PR-3026,11/09/2024,08:00,17:00,20,27,4421
SE-400244,LUM-GQE,PR-3027,2024-09-11,08:00,17:00,30,18,5152
SE-400245,LUM-GQE,PR-3028,2024-09-11,08:00,17:00,20,27,4210
SE-400246,LUM-BFN,PR-3029,2024-09-11,08:00,17:00,30,18,4817
SE-400247,LUM-BFN,PR-3030,2024-09-11,08:00,17:00,30,18,2885
SE-400248,LUM-BFN,PR-3031,2024-09-11,08:00,17:00,30,18,3256
SE-400249,LUM-BFN,PR-3032,2024-09-11,08:00,17:00,30,18,2779
SE-400250,LUM-SAN,PR-3001,2024-09-12,08:00,17:00,20,27,4207
SE-400251,LUM-SAN,PR-3002,12/09/2024,08:00,17:00,30,18,5987
SE-400252,LUM-SAN,PR-3003,2024-09-12,08:00,17:00,20,27,3679
SE-400253,LUM-SAN,PR-3004,2024-09-12,08:00,17:00,20,27,4117
SE-400254,LUM-SAN,PR-3005,2024-09-12,08:00,17:00,20,27,4234
SE-400255,LUM-SAN,PR-3006,12/09/2024,08:00,17:00,30,18,3134
SE-400256,LUM-SAN,PR-3007,2024-09-12,08:00,17:00,45,12,6711
SE-400257,LUM-PTA,PR-3008,12/09/2024,08:00,17:00,20,27,3803
SE-400258,LUM-PTA,PR-3009,2024-09-12,08:00,17:00,25,21,8221
SE-400259,LUM-PTA,PR-3010,12/09/2024,08:00,17:00,30,18,5602
SE-400260,LUM-PTA,PR-3011,2024-09-12,08:00,17:00,20,27,4519
SE-400261,LUM-PTA,PR-3012,2024-09-12,08:00,17:00,20,27,4073
SE-400262,LUM-PTA,PR-3013,2024-09-12,08:00,17:00,30,18,5678
SE-400263,LUM-UMH,PR-3014,2024-09-12,08:00,17:00,20,27,3616
SE-400264,LUM-UMH,PR-3015,2024-09-12,08:00,17:00,30,18,4817
SE-400265,LUM-UMH,PR-3016,2024-09-12,08:00,17:00,30,18,3166
SE-400266,LUM-UMH,PR-3017,2024-09-12,08:00,17:00,25,21,7465
SE-400267,LUM-UMH,PR-3018,2024-09-12,08:00,17:00,20,27,3765
SE-400268,LUM-CLR,PR-3019,2024-09-12,08:00,17:00,20,27,4416
SE-400269,LUM-CLR,PR-3020,12/09/2024,08:00,17:00,30,18,3302
SE-400270,LUM-CLR,PR-3021,2024-09-12,08:00,17:00,20,27,4210
SE-400271,LUM-CLR,PR-3022,2024-09-12,08:00,17:00,20,27,4199
SE-400272,LUM-CLR,PR-3023,12/09/2024,08:00,17:00,20,27,3940
SE-400273,LUM-GQE,PR-3027,12/09/2024,08:00,17:00,30,18,5152
SE-400274,LUM-GQE,PR-3028,2024-09-12,08:00,17:00,20,27,4210
SE-400275,LUM-BFN,PR-3031,2024-09-12,08:00,17:00,30,18,3256
SE-400276,LUM-BFN,PR-3032,2024-09-12,08:00,17:00,30,18,2779
SE-400277,LUM-SAN,PR-3001,2024-09-13,08:00,17:00,20,27,4207
SE-400278,LUM-SAN,PR-3002,2024-09-13,08:00,17:00,30,18,5987
SE-400279,LUM-SAN,PR-3003,2024-09-13,08:00,17:00,20,27,3679
SE-400280,LUM-SAN,PR-3004,2024-09-13,08:00,17:00,20,27,4117
SE-400281,LUM-SAN,PR-3005,2024-09-13,08:00,17:00,20,27,4234
SE-400282,LUM-SAN,PR-3006,2024-09-13,08:00,17:00,30,18,3134
SE-400283,LUM-SAN,PR-3007,2024-09-13,08:00,17:00,45,12,6711
SE-400284,LUM-PTA,PR-3008,2024-09-13,08:00,17:00,20,27,3803
SE-400285,LUM-PTA,PR-3009,2024-09-13,08:00,17:00,25,21,8221
SE-400286,LUM-PTA,PR-3010,2024-09-13,08:00,17:00,30,18,5602
SE-400287,LUM-PTA,PR-3011,13/09/2024,08:00,17:00,20,27,4519
SE-400288,LUM-PTA,PR-3012,13/09/2024,08:00,17:00,20,27,4073
SE-400289,LUM-PTA,PR-3013,2024-09-13,08:00,17:00,30,18,5678
SE-400290,LUM-UMH,PR-3014,2024-09-13,08:00,17:00,20,27,3616
SE-400291,LUM-UMH,PR-3015,2024-09-13,08:00,17:00,30,18,4817
SE-400292,LUM-UMH,PR-3016,2024-09-13,08:00,17:00,30,18,3166
SE-400293,LUM-UMH,PR-3017,13/09/2024,08:00,17:00,25,21,7465
SE-400294,LUM-UMH,PR-3018,2024-09-13,08:00,17:00,20,27,3765
SE-400295,LUM-CLR,PR-3019,13/09/2024,08:00,17:00,20,27,4416
SE-400296,LUM-CLR,PR-3020,2024-09-13,08:00,17:00,30,18,3302
SE-400297,LUM-CLR,PR-3021,2024-09-13,08:00,17:00,20,27,4210
SE-400298,LUM-CLR,PR-3022,2024-09-13,08:00,17:00,20,27,4199
SE-400299,LUM-CLR,PR-3023,2024-09-13,08:00,17:00,20,27,3940
SE-400300,LUM-CLR,PR-3024,13/09/2024,08:00,17:00,20,27,4215
SE-400301,LUM-GQE,PR-3025,2024-09-13,08:00,17:00,20,27,3480
SE-400302,LUM-GQE,PR-3026,2024-09-13,08:00,17:00,20,27,4421
SE-400303,LUM-GQE,PR-3027,13/09/2024,08:00,17:00,30,18,5152
SE-400304,LUM-GQE,PR-3028,13/09/2024,08:00,17:00,20,27,4210
SE-400305,LUM-BFN,PR-3030,2024-09-13,08:00,17:00,30,18,2885
SE-400306,LUM-BFN,PR-3031,13/09/2024,08:00,17:00,30,18,3256
SE-400307,LUM-BFN,PR-3032,13/09/2024,08:00,17:00,30,18,2779
SE-400308,LUM-SAN,PR-3002,2024-09-14,08:00,13:00,30,10,3326.11
SE-400309,LUM-PTA,PR-3009,2024-09-14,08:00,13:00,25,12,4567.22
SE-400310,LUM-PTA,PR-3010,2024-09-14,08:00,13:00,30,10,3112.22
SE-400311,LUM-PTA,PR-3012,2024-09-14,08:00,13:00,20,15,2262.78
SE-400312,LUM-UMH,PR-3014,2024-09-14,08:00,13:00,20,15,2008.89
SE-400313,LUM-UMH,PR-3015,2024-09-14,08:00,13:00,30,10,2676.11
SE-400314,LUM-UMH,PR-3018,2024-09-14,08:00,13:00,20,15,2091.67
SE-400315,LUM-CLR,PR-3021,14/09/2024,08:00,13:00,20,15,2338.89
SE-400316,LUM-CLR,PR-3022,2024-09-14,08:00,13:00,20,15,2332.78
SE-400317,LUM-CLR,PR-3023,14/09/2024,08:00,13:00,20,15,2188.89
SE-400318,LUM-CLR,PR-3024,2024-09-14,08:00,13:00,20,15,2341.67
SE-400319,LUM-GQE,PR-3026,2024-09-14,08:00,13:00,20,15,2456.11
SE-400320,LUM-GQE,PR-3027,14/09/2024,08:00,13:00,30,10,2862.22
SE-400321,LUM-GQE,PR-3028,2024-09-14,08:00,13:00,20,15,2338.89
SE-400322,LUM-SAN,PR-3001,2024-09-16,08:00,17:00,20,27,4207
SE-400323,LUM-SAN,PR-3002,2024-09-16,08:00,17:00,30,18,5987
SE-400324,LUM-SAN,PR-3003,2024-09-16,08:00,17:00,20,27,3679
SE-400325,LUM-SAN,PR-3004,2024-09-16,08:00,17:00,20,27,4117
SE-400326,LUM-SAN,PR-3006,2024-09-16,08:00,17:00,30,18,3134
SE-400327,LUM-SAN,PR-3007,2024-09-16,08:00,17:00,45,12,6711
SE-400328,LUM-PTA,PR-3008,2024-09-16,08:00,17:00,20,27,3803
SE-400329,LUM-PTA,PR-3009,2024-09-16,08:00,17:00,25,21,8221
SE-400330,LUM-PTA,PR-3010,16/09/2024,08:00,17:00,30,18,5602
SE-400331,LUM-PTA,PR-3011,2024-09-16,08:00,17:00,20,27,4519
SE-400332,LUM-PTA,PR-3012,2024-09-16,08:00,17:00,20,27,4073
SE-400333,LUM-UMH,PR-3014,2024-09-16,08:00,17:00,20,27,3616
SE-400334,LUM-UMH,PR-3016,2024-09-16,08:00,17:00,30,18,3166
SE-400335,LUM-UMH,PR-3017,2024-09-16,08:00,17:00,25,21,7465
SE-400336,LUM-CLR,PR-3019,16/09/2024,08:00,17:00,20,27,4416
SE-400337,LUM-CLR,PR-3020,2024-09-16,08:00,17:00,30,18,3302
SE-400338,LUM-CLR,PR-3021,2024-09-16,08:00,17:00,20,27,4210
SE-400339,LUM-CLR,PR-3023,2024-09-16,08:00,17:00,20,27,3940
SE-400340,LUM-CLR,PR-3024,2024-09-16,08:00,17:00,20,27,4215
SE-400341,LUM-GQE,PR-3025,16/09/2024,08:00,17:00,20,27,3480
SE-400342,LUM-GQE,PR-3026,2024-09-16,08:00,17:00,20,27,4421
SE-400343,LUM-GQE,PR-3027,2024-09-16,08:00,17:00,30,18,5152
SE-400344,LUM-GQE,PR-3028,2024-09-16,08:00,17:00,20,27,4210
SE-400345,LUM-BFN,PR-3029,2024-09-16,08:00,17:00,30,18,4817
SE-400346,LUM-BFN,PR-3030,2024-09-16,08:00,17:00,30,18,2885
SE-400347,LUM-BFN,PR-3031,16/09/2024,08:00,17:00,30,18,3256
SE-400348,LUM-BFN,PR-3032,2024-09-16,08:00,17:00,30,18,2779
SE-400349,LUM-SAN,PR-3002,2024-09-17,08:00,17:00,30,18,5987
SE-400350,LUM-SAN,PR-3003,2024-09-17,08:00,17:00,20,27,3679
SE-400351,LUM-SAN,PR-3004,2024-09-17,08:00,17:00,20,27,4117
SE-400352,LUM-SAN,PR-3005,17/09/2024,08:00,17:00,20,27,4234
SE-400353,LUM-SAN,PR-3006,17/09/2024,08:00,17:00,30,18,3134
SE-400354,LUM-SAN,PR-3007,2024-09-17,08:00,17:00,45,12,6711
SE-400355,LUM-PTA,PR-3008,2024-09-17,08:00,17:00,20,27,3803
SE-400356,LUM-PTA,PR-3009,2024-09-17,08:00,17:00,25,21,8221
SE-400357,LUM-PTA,PR-3011,2024-09-17,08:00,17:00,20,27,4519
SE-400358,LUM-PTA,PR-3012,2024-09-17,08:00,17:00,20,27,4073
SE-400359,LUM-PTA,PR-3013,17/09/2024,08:00,17:00,30,18,5678
SE-400360,LUM-UMH,PR-3014,2024-09-17,08:00,17:00,20,27,3616
SE-400361,LUM-UMH,PR-3015,17/09/2024,08:00,17:00,30,18,4817
SE-400362,LUM-UMH,PR-3016,2024-09-17,08:00,17:00,30,18,3166
SE-400363,LUM-UMH,PR-3017,2024-09-17,08:00,17:00,25,21,7465
SE-400364,LUM-UMH,PR-3018,2024-09-17,08:00,17:00,20,27,3765
SE-400365,LUM-CLR,PR-3019,2024-09-17,08:00,17:00,20,27,4416
SE-400366,LUM-CLR,PR-3021,17/09/2024,08:00,17:00,20,27,4210
SE-400367,LUM-CLR,PR-3022,2024-09-17,08:00,17:00,20,27,4199
SE-400368,LUM-CLR,PR-3024,2024-09-17,08:00,17:00,20,27,4215
SE-400369,LUM-GQE,PR-3025,2024-09-17,08:00,17:00,20,27,3480
SE-400370,LUM-GQE,PR-3026,2024-09-17,08:00,17:00,20,27,4421
SE-400371,LUM-GQE,PR-3027,2024-09-17,08:00,17:00,30,18,5152
SE-400372,LUM-GQE,PR-3028,17/09/2024,08:00,17:00,20,27,4210
SE-400373,LUM-BFN,PR-3029,2024-09-17,08:00,17:00,30,18,4817
SE-400374,LUM-BFN,PR-3030,2024-09-17,08:00,17:00,30,18,2885
SE-400375,LUM-BFN,PR-3032,17/09/2024,08:00,17:00,30,18,2779
SE-400376,LUM-SAN,PR-3001,2024-09-18,08:00,17:00,20,27,4207
SE-400377,LUM-SAN,PR-3002,2024-09-18,08:00,17:00,30,18,5987
SE-400378,LUM-SAN,PR-3003,2024-09-18,08:00,17:00,20,27,3679
SE-400379,LUM-SAN,PR-3004,2024-09-18,08:00,17:00,20,27,4117
SE-400380,LUM-SAN,PR-3005,2024-09-18,08:00,17:00,20,27,4234
SE-400381,LUM-SAN,PR-3006,18/09/2024,08:00,17:00,30,18,3134
SE-400382,LUM-SAN,PR-3007,2024-09-18,08:00,17:00,45,12,6711
SE-400383,LUM-PTA,PR-3008,18/09/2024,08:00,17:00,20,27,3803
SE-400384,LUM-PTA,PR-3009,2024-09-18,08:00,17:00,25,21,8221
SE-400385,LUM-PTA,PR-3010,18/09/2024,08:00,17:00,30,18,5602
SE-400386,LUM-PTA,PR-3011,2024-09-18,08:00,17:00,20,27,4519
SE-400387,LUM-PTA,PR-3012,2024-09-18,08:00,17:00,20,27,4073
SE-400388,LUM-PTA,PR-3013,2024-09-18,08:00,17:00,30,18,5678
SE-400389,LUM-UMH,PR-3014,2024-09-18,08:00,17:00,20,27,3616
SE-400390,LUM-UMH,PR-3015,18/09/2024,08:00,17:00,30,18,4817
SE-400391,LUM-UMH,PR-3016,2024-09-18,08:00,17:00,30,18,3166
SE-400392,LUM-UMH,PR-3017,2024-09-18,08:00,17:00,25,21,7465
SE-400393,LUM-UMH,PR-3018,2024-09-18,08:00,17:00,20,27,3765
SE-400394,LUM-CLR,PR-3019,2024-09-18,08:00,17:00,20,27,4416
SE-400395,LUM-CLR,PR-3020,2024-09-18,08:00,17:00,30,18,3302
SE-400396,LUM-CLR,PR-3021,2024-09-18,08:00,17:00,20,27,4210
SE-400397,LUM-CLR,PR-3022,2024-09-18,08:00,17:00,20,27,4199
SE-400398,LUM-CLR,PR-3023,2024-09-18,08:00,17:00,20,27,3940
SE-400399,LUM-CLR,PR-3024,2024-09-18,08:00,17:00,20,27,4215
SE-400400,LUM-GQE,PR-3026,2024-09-18,08:00,17:00,20,27,4421
SE-400401,LUM-GQE,PR-3027,2024-09-18,08:00,17:00,30,18,5152
SE-400402,LUM-GQE,PR-3028,18/09/2024,08:00,17:00,20,27,4210
SE-400403,LUM-BFN,PR-3029,2024-09-18,08:00,17:00,30,18,4817
SE-400404,LUM-BFN,PR-3030,2024-09-18,08:00,17:00,30,18,2885
SE-400405,LUM-BFN,PR-3031,18/09/2024,08:00,17:00,30,18,3256
SE-400406,LUM-SAN,PR-3001,2024-09-19,08:00,17:00,20,27,4207
SE-400407,LUM-SAN,PR-3002,19/09/2024,08:00,17:00,30,18,5987
SE-400408,LUM-SAN,PR-3004,2024-09-19,08:00,17:00,20,27,4117
SE-400409,LUM-SAN,PR-3005,2024-09-19,08:00,17:00,20,27,4234
SE-400410,LUM-SAN,PR-3006,19/09/2024,08:00,17:00,30,18,3134
SE-400411,LUM-SAN,PR-3007,19/09/2024,08:00,17:00,45,12,6711
SE-400412,LUM-PTA,PR-3008,2024-09-19,08:00,17:00,20,27,3803
SE-400413,LUM-PTA,PR-3009,2024-09-19,08:00,17:00,25,21,8221
SE-400414,LUM-PTA,PR-3010,2024-09-19,08:00,17:00,30,18,5602
SE-400415,LUM-PTA,PR-3011,2024-09-19,08:00,17:00,20,27,4519
SE-400416,LUM-PTA,PR-3012,2024-09-19,08:00,17:00,20,27,4073
SE-400417,LUM-PTA,PR-3013,19/09/2024,08:00,17:00,30,18,5678
SE-400418,LUM-UMH,PR-3014,2024-09-19,08:00,17:00,20,27,3616
SE-400419,LUM-UMH,PR-3015,2024-09-19,08:00,17:00,30,18,4817
SE-400420,LUM-UMH,PR-3016,2024-09-19,08:00,17:00,30,18,3166
SE-400421,LUM-UMH,PR-3017,2024-09-19,08:00,17:00,25,21,7465
SE-400422,LUM-UMH,PR-3018,2024-09-19,08:00,17:00,20,27,3765
SE-400423,LUM-CLR,PR-3019,2024-09-19,08:00,17:00,20,27,4416
SE-400424,LUM-CLR,PR-3020,19/09/2024,08:00,17:00,30,18,3302
SE-400425,LUM-CLR,PR-3021,2024-09-19,08:00,17:00,20,27,4210
SE-400426,LUM-CLR,PR-3022,2024-09-19,08:00,17:00,20,27,4199
SE-400427,LUM-CLR,PR-3023,2024-09-19,08:00,17:00,20,27,3940
SE-400428,LUM-CLR,PR-3024,2024-09-19,08:00,17:00,20,27,4215
SE-400429,LUM-GQE,PR-3025,19/09/2024,08:00,17:00,20,27,3480
SE-400430,LUM-GQE,PR-3026,2024-09-19,08:00,17:00,20,27,4421
SE-400431,LUM-GQE,PR-3027,2024-09-19,08:00,17:00,30,18,5152
SE-400432,LUM-GQE,PR-3028,2024-09-19,08:00,17:00,20,27,4210
SE-400433,LUM-BFN,PR-3029,19/09/2024,08:00,17:00,30,18,4817
SE-400434,LUM-BFN,PR-3030,2024-09-19,08:00,17:00,30,18,2885
SE-400435,LUM-BFN,PR-3031,2024-09-19,08:00,17:00,30,18,3256
SE-400436,LUM-BFN,PR-3032,2024-09-19,08:00,17:00,30,18,2779
SE-400437,LUM-SAN,PR-3001,2024-09-20,08:00,17:00,20,27,4207
SE-400438,LUM-SAN,PR-3002,20/09/2024,08:00,17:00,30,18,5987
SE-400439,LUM-SAN,PR-3003,2024-09-20,08:00,17:00,20,27,3679
SE-400440,LUM-SAN,PR-3004,2024-09-20,08:00,17:00,20,27,4117
SE-400441,LUM-SAN,PR-3006,2024-09-20,08:00,17:00,30,18,3134
SE-400442,LUM-SAN,PR-3007,20/09/2024,08:00,17:00,45,12,6711
SE-400443,LUM-PTA,PR-3008,2024-09-20,08:00,17:00,20,27,3803
SE-400444,LUM-PTA,PR-3009,2024-09-20,08:00,17:00,25,21,8221
SE-400445,LUM-PTA,PR-3010,20/09/2024,08:00,17:00,30,18,5602
SE-400446,LUM-PTA,PR-3011,20/09/2024,08:00,17:00,20,27,4519
SE-400447,LUM-PTA,PR-3012,2024-09-20,08:00,17:00,20,27,4073
SE-400448,LUM-PTA,PR-3013,2024-09-20,08:00,17:00,30,18,5678
SE-400449,LUM-UMH,PR-3014,2024-09-20,08:00,17:00,20,27,3616
SE-400450,LUM-UMH,PR-3016,2024-09-20,08:00,17:00,30,18,3166
SE-400451,LUM-UMH,PR-3017,2024-09-20,08:00,17:00,25,21,7465
SE-400452,LUM-UMH,PR-3018,20/09/2024,08:00,17:00,20,27,3765
SE-400453,LUM-CLR,PR-3019,2024-09-20,08:00,17:00,20,27,4416
SE-400454,LUM-CLR,PR-3020,2024-09-20,08:00,17:00,30,18,3302
SE-400455,LUM-CLR,PR-3021,2024-09-20,08:00,17:00,20,27,4210
SE-400456,LUM-CLR,PR-3022,2024-09-20,08:00,17:00,20,27,4199
SE-400457,LUM-CLR,PR-3023,2024-09-20,08:00,17:00,20,27,3940
SE-400458,LUM-CLR,PR-3024,20/09/2024,08:00,17:00,20,27,4215
SE-400459,LUM-GQE,PR-3025,2024-09-20,08:00,17:00,20,27,3480
SE-400460,LUM-GQE,PR-3026,2024-09-20,08:00,17:00,20,27,4421
SE-400461,LUM-GQE,PR-3027,2024-09-20,08:00,17:00,30,18,5152
SE-400462,LUM-BFN,PR-3029,2024-09-20,08:00,17:00,30,18,4817
SE-400463,LUM-BFN,PR-3030,2024-09-20,08:00,17:00,30,18,2885
SE-400464,LUM-BFN,PR-3031,20/09/2024,08:00,17:00,30,18,3256
SE-400465,LUM-BFN,PR-3032,2024-09-20,08:00,17:00,30,18,2779
SE-400466,LUM-SAN,PR-3001,2024-09-21,08:00,13:00,20,15,2337.22
SE-400467,LUM-SAN,PR-3002,2024-09-21,08:00,13:00,30,10,3326.11
SE-400468,LUM-SAN,PR-3007,21/09/2024,08:00,13:00,45,6,3728.33
SE-400469,LUM-PTA,PR-3011,2024-09-21,08:00,13:00,20,15,2510.56
SE-400470,LUM-UMH,PR-3014,2024-09-21,08:00,13:00,20,15,2008.89
SE-400471,LUM-UMH,PR-3016,2024-09-21,08:00,13:00,30,10,1758.89
SE-400472,LUM-UMH,PR-3018,2024-09-21,08:00,13:00,20,15,2091.67
SE-400473,LUM-CLR,PR-3019,21/09/2024,08:00,13:00,20,15,2453.33
SE-400474,LUM-CLR,PR-3021,21/09/2024,08:00,13:00,20,15,2338.89
SE-400475,LUM-CLR,PR-3022,2024-09-21,08:00,13:00,20,15,2332.78
SE-400476,LUM-CLR,PR-3024,21/09/2024,08:00,13:00,20,15,2341.67
SE-400477,LUM-GQE,PR-3026,2024-09-21,08:00,13:00,20,15,2456.11
SE-400478,LUM-GQE,PR-3027,2024-09-21,08:00,13:00,30,10,2862.22
SE-400479,LUM-SAN,PR-3001,2024-09-23,08:00,17:00,20,27,4207
SE-400480,LUM-SAN,PR-3003,2024-09-23,08:00,17:00,20,27,3679
SE-400481,LUM-SAN,PR-3004,2024-09-23,08:00,17:00,20,27,4117
SE-400482,LUM-SAN,PR-3005,2024-09-23,08:00,17:00,20,27,4234
SE-400483,LUM-SAN,PR-3006,23/09/2024,08:00,17:00,30,18,3134
SE-400484,LUM-SAN,PR-3007,23/09/2024,08:00,17:00,45,12,6711
SE-400485,LUM-PTA,PR-3008,2024-09-23,08:00,17:00,20,27,3803
SE-400486,LUM-PTA,PR-3009,23/09/2024,08:00,17:00,25,21,8221
SE-400487,LUM-PTA,PR-3010,2024-09-23,08:00,17:00,30,18,5602
SE-400488,LUM-PTA,PR-3011,2024-09-23,08:00,17:00,20,27,4519
SE-400489,LUM-PTA,PR-3012,2024-09-23,08:00,17:00,20,27,4073
SE-400490,LUM-PTA,PR-3013,23/09/2024,08:00,17:00,30,18,5678
SE-400491,LUM-UMH,PR-3014,23/09/2024,08:00,17:00,20,27,3616
SE-400492,LUM-UMH,PR-3015,2024-09-23,08:00,17:00,30,18,4817
SE-400493,LUM-UMH,PR-3016,2024-09-23,08:00,17:00,30,18,3166
SE-400494,LUM-UMH,PR-3017,23/09/2024,08:00,17:00,25,21,7465
SE-400495,LUM-UMH,PR-3018,2024-09-23,08:00,17:00,20,27,3765
SE-400496,LUM-CLR,PR-3019,23/09/2024,08:00,17:00,20,27,4416
SE-400497,LUM-CLR,PR-3020,2024-09-23,08:00,17:00,30,18,3302
SE-400498,LUM-CLR,PR-3021,2024-09-23,08:00,17:00,20,27,4210
SE-400499,LUM-GQE,PR-3025,2024-09-23,08:00,17:00,20,27,3480
SE-400500,LUM-GQE,PR-3026,2024-09-23,08:00,17:00,20,27,4421
SE-400501,LUM-GQE,PR-3027,2024-09-23,08:00,17:00,30,18,5152
SE-400502,LUM-GQE,PR-3028,23/09/2024,08:00,17:00,20,27,4210
SE-400503,LUM-BFN,PR-3029,2024-09-23,08:00,17:00,30,18,4817
SE-400504,LUM-BFN,PR-3030,2024-09-23,08:00,17:00,30,18,2885
SE-400505,LUM-BFN,PR-3031,2024-09-23,08:00,17:00,30,18,3256
SE-400506,LUM-BFN,PR-3032,2024-09-23,08:00,17:00,30,18,2779
SE-400507,LUM-SAN,PR-3001,2024-09-24,08:00,17:00,20,27,4207
SE-400508,LUM-SAN,PR-3002,2024-09-24,08:00,17:00,30,18,5987
SE-400509,LUM-SAN,PR-3003,2024-09-24,08:00,17:00,20,27,3679
SE-400510,LUM-SAN,PR-3004,2024-09-24,08:00,17:00,20,27,4117
SE-400511,LUM-SAN,PR-3005,2024-09-24,08:00,17:00,20,27,4234
SE-400512,LUM-SAN,PR-3006,2024-09-24,08:00,17:00,30,18,3134
SE-400513,LUM-SAN,PR-3007,2024-09-24,08:00,17:00,45,12,6711
SE-400514,LUM-PTA,PR-3009,24/09/2024,08:00,17:00,25,21,8221
SE-400515,LUM-PTA,PR-3010,2024-09-24,08:00,17:00,30,18,5602
SE-400516,LUM-PTA,PR-3011,24/09/2024,08:00,17:00,20,27,4519
SE-400517,LUM-PTA,PR-3012,2024-09-24,08:00,17:00,20,27,4073
SE-400518,LUM-PTA,PR-3013,24/09/2024,08:00,17:00,30,18,5678
SE-400519,LUM-UMH,PR-3014,2024-09-24,08:00,17:00,20,27,3616
SE-400520,LUM-UMH,PR-3015,2024-09-24,08:00,17:00,30,18,4817
SE-400521,LUM-UMH,PR-3017,2024-09-24,08:00,17:00,25,21,7465
SE-400522,LUM-UMH,PR-3018,24/09/2024,08:00,17:00,20,27,3765
SE-400523,LUM-CLR,PR-3019,24/09/2024,08:00,17:00,20,27,4416
SE-400524,LUM-CLR,PR-3020,24/09/2024,08:00,17:00,30,18,3302
SE-400525,LUM-CLR,PR-3021,2024-09-24,08:00,17:00,20,27,4210
SE-400526,LUM-GQE,PR-3025,24/09/2024,08:00,17:00,20,27,3480
SE-400527,LUM-GQE,PR-3026,2024-09-24,08:00,17:00,20,27,4421
SE-400528,LUM-GQE,PR-3027,2024-09-24,08:00,17:00,30,18,5152
SE-400529,LUM-GQE,PR-3028,2024-09-24,08:00,17:00,20,27,4210
SE-400530,LUM-BFN,PR-3029,2024-09-24,08:00,17:00,30,18,4817
SE-400531,LUM-BFN,PR-3030,2024-09-24,08:00,17:00,30,18,2885
SE-400532,LUM-BFN,PR-3031,24/09/2024,08:00,17:00,30,18,3256
SE-400533,LUM-BFN,PR-3032,2024-09-24,08:00,17:00,30,18,2779
SE-400534,LUM-SAN,PR-3001,2024-09-25,08:00,17:00,20,27,4207
SE-400535,LUM-SAN,PR-3002,25/09/2024,08:00,17:00,30,18,5987
SE-400536,LUM-SAN,PR-3005,2024-09-25,08:00,17:00,20,27,4234
SE-400537,LUM-SAN,PR-3006,2024-09-25,08:00,17:00,30,18,3134
SE-400538,LUM-SAN,PR-3007,2024-09-25,08:00,17:00,45,12,6711
SE-400539,LUM-PTA,PR-3008,2024-09-25,08:00,17:00,20,27,3803
SE-400540,LUM-PTA,PR-3009,2024-09-25,08:00,17:00,25,21,8221
SE-400541,LUM-PTA,PR-3010,2024-09-25,08:00,17:00,30,18,5602
SE-400542,LUM-PTA,PR-3011,2024-09-25,08:00,17:00,20,27,4519
SE-400543,LUM-PTA,PR-3012,2024-09-25,08:00,17:00,20,27,4073
SE-400544,LUM-PTA,PR-3013,2024-09-25,08:00,17:00,30,18,5678
SE-400545,LUM-UMH,PR-3014,2024-09-25,08:00,17:00,20,27,3616
SE-400546,LUM-UMH,PR-3015,2024-09-25,08:00,17:00,30,18,4817
SE-400547,LUM-UMH,PR-3016,2024-09-25,08:00,17:00,30,18,3166
SE-400548,LUM-UMH,PR-3017,2024-09-25,08:00,17:00,25,21,7465
SE-400549,LUM-UMH,PR-3018,2024-09-25,08:00,17:00,20,27,3765
SE-400550,LUM-CLR,PR-3019,2024-09-25,08:00,17:00,20,27,4416
SE-400551,LUM-CLR,PR-3020,2024-09-25,08:00,17:00,30,18,3302
SE-400552,LUM-CLR,PR-3021,25/09/2024,08:00,17:00,20,27,4210
SE-400553,LUM-CLR,PR-3022,2024-09-25,08:00,17:00,20,27,4199
SE-400554,LUM-CLR,PR-3023,2024-09-25,08:00,17:00,20,27,3940
SE-400555,LUM-CLR,PR-3024,2024-09-25,08:00,17:00,20,27,4215
SE-400556,LUM-GQE,PR-3025,2024-09-25,08:00,17:00,20,27,3480
SE-400557,LUM-GQE,PR-3026,2024-09-25,08:00,17:00,20,27,4421
SE-400558,LUM-GQE,PR-3028,2024-09-25,08:00,17:00,20,27,4210
SE-400559,LUM-BFN,PR-3029,2024-09-25,08:00,17:00,30,18,4817
SE-400560,LUM-BFN,PR-3031,2024-09-25,08:00,17:00,30,18,3256
SE-400561,LUM-BFN,PR-3032,2024-09-25,08:00,17:00,30,18,2779
SE-400562,LUM-SAN,PR-3001,2024-09-26,08:00,17:00,20,27,4207
SE-400563,LUM-SAN,PR-3002,2024-09-26,08:00,17:00,30,18,5987
SE-400564,LUM-SAN,PR-3003,26/09/2024,08:00,17:00,20,27,3679
SE-400565,LUM-SAN,PR-3004,2024-09-26,08:00,17:00,20,27,4117
SE-400566,LUM-SAN,PR-3005,2024-09-26,08:00,17:00,20,27,4234
SE-400567,LUM-SAN,PR-3006,2024-09-26,08:00,17:00,30,18,3134
SE-400568,LUM-SAN,PR-3007,2024-09-26,08:00,17:00,45,12,6711
SE-400569,LUM-PTA,PR-3009,26/09/2024,08:00,17:00,25,21,8221
SE-400570,LUM-PTA,PR-3011,2024-09-26,08:00,17:00,20,27,4519
SE-400571,LUM-PTA,PR-3012,26/09/2024,08:00,17:00,20,27,4073
SE-400572,LUM-PTA,PR-3013,2024-09-26,08:00,17:00,30,18,5678
SE-400573,LUM-UMH,PR-3014,2024-09-26,08:00,17:00,20,27,3616
SE-400574,LUM-UMH,PR-3015,2024-09-26,08:00,17:00,30,18,4817
SE-400575,LUM-UMH,PR-3017,2024-09-26,08:00,17:00,25,21,7465
SE-400576,LUM-UMH,PR-3018,26/09/2024,08:00,17:00,20,27,3765
SE-400577,LUM-CLR,PR-3019,2024-09-26,08:00,17:00,20,27,4416
SE-400578,LUM-CLR,PR-3020,26/09/2024,08:00,17:00,30,18,3302
SE-400579,LUM-CLR,PR-3021,2024-09-26,08:00,17:00,20,27,4210
SE-400580,LUM-CLR,PR-3022,2024-09-26,08:00,17:00,20,27,4199
SE-400581,LUM-CLR,PR-3023,2024-09-26,08:00,17:00,20,27,3940
SE-400582,LUM-CLR,PR-3024,26/09/2024,08:00,17:00,20,27,4215
SE-400583,LUM-GQE,PR-3025,2024-09-26,08:00,17:00,20,27,3480
SE-400584,LUM-GQE,PR-3026,2024-09-26,08:00,17:00,20,27,4421
SE-400585,LUM-BFN,PR-3029,2024-09-26,08:00,17:00,30,18,4817
SE-400586,LUM-BFN,PR-3030,26/09/2024,08:00,17:00,30,18,2885
SE-400587,LUM-BFN,PR-3031,2024-09-26,08:00,17:00,30,18,3256
SE-400588,LUM-BFN,PR-3032,26/09/2024,08:00,17:00,30,18,2779
SE-400589,LUM-SAN,PR-3001,2024-09-27,08:00,17:00,20,27,4207
SE-400590,LUM-SAN,PR-3003,2024-09-27,08:00,17:00,20,27,3679
SE-400591,LUM-SAN,PR-3004,2024-09-27,08:00,17:00,20,27,4117
SE-400592,LUM-SAN,PR-3005,2024-09-27,08:00,17:00,20,27,4234
SE-400593,LUM-SAN,PR-3006,2024-09-27,08:00,17:00,30,18,3134
SE-400594,LUM-SAN,PR-3007,27/09/2024,08:00,17:00,45,12,6711
SE-400595,LUM-PTA,PR-3008,27/09/2024,08:00,17:00,20,27,3803
SE-400596,LUM-PTA,PR-3009,2024-09-27,08:00,17:00,25,21,8221
SE-400597,LUM-PTA,PR-3010,2024-09-27,08:00,17:00,30,18,5602
SE-400598,LUM-PTA,PR-3011,27/09/2024,08:00,17:00,20,27,4519
SE-400599,LUM-PTA,PR-3012,2024-09-27,08:00,17:00,20,27,4073
SE-400600,LUM-PTA,PR-3013,2024-09-27,08:00,17:00,30,18,5678
SE-400601,LUM-UMH,PR-3014,2024-09-27,08:00,17:00,20,27,3616
SE-400602,LUM-UMH,PR-3015,2024-09-27,08:00,17:00,30,18,4817
SE-400603,LUM-UMH,PR-3016,2024-09-27,08:00,17:00,30,18,3166
SE-400604,LUM-UMH,PR-3017,2024-09-27,08:00,17:00,25,21,7465
SE-400605,LUM-UMH,PR-3018,27/09/2024,08:00,17:00,20,27,3765
SE-400606,LUM-CLR,PR-3019,2024-09-27,08:00,17:00,20,27,4416
SE-400607,LUM-CLR,PR-3020,2024-09-27,08:00,17:00,30,18,3302
SE-400608,LUM-CLR,PR-3021,2024-09-27,08:00,17:00,20,27,4210
SE-400609,LUM-CLR,PR-3022,2024-09-27,08:00,17:00,20,27,4199
SE-400610,LUM-CLR,PR-3024,27/09/2024,08:00,17:00,20,27,4215
SE-400611,LUM-GQE,PR-3026,2024-09-27,08:00,17:00,20,27,4421
SE-400612,LUM-GQE,PR-3027,2024-09-27,08:00,17:00,30,18,5152
SE-400613,LUM-GQE,PR-3028,2024-09-27,08:00,17:00,20,27,4210
SE-400614,LUM-BFN,PR-3029,27/09/2024,08:00,17:00,30,18,4817
SE-400615,LUM-BFN,PR-3030,2024-09-27,08:00,17:00,30,18,2885
SE-400616,LUM-BFN,PR-3031,27/09/2024,08:00,17:00,30,18,3256
SE-400617,LUM-BFN,PR-3032,2024-09-27,08:00,17:00,30,18,2779
SE-400618,LUM-SAN,PR-3006,2024-09-28,08:00,13:00,30,10,1741.11
SE-400619,LUM-PTA,PR-3011,2024-09-28,08:00,13:00,20,15,2510.56
SE-400620,LUM-PTA,PR-3012,2024-09-28,08:00,13:00,20,15,2262.78
SE-400621,LUM-UMH,PR-3016,2024-09-28,08:00,13:00,30,10,1758.89
SE-400622,LUM-CLR,PR-3021,2024-09-28,08:00,13:00,20,15,2338.89
SE-400623,LUM-CLR,PR-3022,28/09/2024,08:00,13:00,20,15,2332.78
SE-400624,LUM-GQE,PR-3025,2024-09-28,08:00,13:00,20,15,1933.33
SE-400625,LUM-GQE,PR-3026,2024-09-28,08:00,13:00,20,15,2456.11
SE-400626,LUM-BFN,PR-3031,2024-09-28,08:00,13:00,30,10,1808.89
SE-400627,LUM-BFN,PR-3032,28/09/2024,08:00,13:00,30,10,1543.89
SE-400628,LUM-SAN,PR-3002,2024-09-30,08:00,17:00,30,18,5987
SE-400629,LUM-SAN,PR-3003,2024-09-30,08:00,17:00,20,27,3679
SE-400630,LUM-SAN,PR-3004,2024-09-30,08:00,17:00,20,27,4117
SE-400631,LUM-SAN,PR-3005,2024-09-30,08:00,17:00,20,27,4234
SE-400632,LUM-SAN,PR-3006,2024-09-30,08:00,17:00,30,18,3134
SE-400633,LUM-SAN,PR-3007,30/09/2024,08:00,17:00,45,12,6711
SE-400634,LUM-PTA,PR-3008,30/09/2024,08:00,17:00,20,27,3803
SE-400635,LUM-PTA,PR-3009,2024-09-30,08:00,17:00,25,21,8221
SE-400636,LUM-PTA,PR-3010,2024-09-30,08:00,17:00,30,18,5602
SE-400637,LUM-PTA,PR-3011,2024-09-30,08:00,17:00,20,27,4519
SE-400638,LUM-PTA,PR-3012,30/09/2024,08:00,17:00,20,27,4073
SE-400639,LUM-PTA,PR-3013,30/09/2024,08:00,17:00,30,18,5678
SE-400640,LUM-UMH,PR-3014,2024-09-30,08:00,17:00,20,27,3616
SE-400641,LUM-UMH,PR-3015,2024-09-30,08:00,17:00,30,18,4817
SE-400642,LUM-UMH,PR-3016,2024-09-30,08:00,17:00,30,18,3166
SE-400643,LUM-UMH,PR-3017,2024-09-30,08:00,17:00,25,21,7465
SE-400644,LUM-UMH,PR-3018,2024-09-30,08:00,17:00,20,27,3765
SE-400645,LUM-CLR,PR-3019,2024-09-30,08:00,17:00,20,27,4416
SE-400646,LUM-CLR,PR-3020,2024-09-30,08:00,17:00,30,18,3302
SE-400647,LUM-CLR,PR-3021,30/09/2024,08:00,17:00,20,27,4210
SE-400648,LUM-CLR,PR-3022,2024-09-30,08:00,17:00,20,27,4199
SE-400649,LUM-CLR,PR-3023,30/09/2024,08:00,17:00,20,27,3940
SE-400650,LUM-GQE,PR-3025,2024-09-30,08:00,17:00,20,27,3480
SE-400651,LUM-GQE,PR-3026,2024-09-30,08:00,17:00,20,27,4421
SE-400652,LUM-GQE,PR-3028,30/09/2024,08:00,17:00,20,27,4210
SE-400653,LUM-BFN,PR-3029,2024-09-30,08:00,17:00,30,18,4817
SE-400654,LUM-BFN,PR-3030,2024-09-30,08:00,17:00,30,18,2885
SE-400655,LUM-BFN,PR-3031,2024-09-30,08:00,17:00,30,18,3256
SE-400656,LUM-BFN,PR-3032,30/09/2024,08:00,17:00,30,18,2779
SE-400657,LUM-SAN,PR-3001,2024-10-01,08:00,17:00,20,27,4207
SE-400658,LUM-SAN,PR-3002,2024-10-01,08:00,17:00,30,18,5987
SE-400659,LUM-SAN,PR-3003,01/10/2024,08:00,17:00,20,27,3679
SE-400660,LUM-SAN,PR-3004,2024-10-01,08:00,17:00,20,27,4117
SE-400661,LUM-SAN,PR-3005,2024-10-01,08:00,17:00,20,27,4234
SE-400662,LUM-SAN,PR-3006,2024-10-01,08:00,17:00,30,18,3134
SE-400663,LUM-PTA,PR-3008,2024-10-01,08:00,17:00,20,27,3803
SE-400664,LUM-PTA,PR-3009,01/10/2024,08:00,17:00,25,21,8221
SE-400665,LUM-PTA,PR-3010,01/10/2024,08:00,17:00,30,18,5602
SE-400666,LUM-PTA,PR-3012,01/10/2024,08:00,17:00,20,27,4073
SE-400667,LUM-PTA,PR-3013,2024-10-01,08:00,17:00,30,18,5678
SE-400668,LUM-UMH,PR-3014,01/10/2024,08:00,17:00,20,27,3616
SE-400669,LUM-UMH,PR-3015,2024-10-01,08:00,17:00,30,18,4817
SE-400670,LUM-UMH,PR-3016,01/10/2024,08:00,17:00,30,18,3166
SE-400671,LUM-UMH,PR-3017,2024-10-01,08:00,17:00,25,21,7465
SE-400672,LUM-UMH,PR-3018,2024-10-01,08:00,17:00,20,27,3765
SE-400673,LUM-CLR,PR-3019,2024-10-01,08:00,17:00,20,27,4416
SE-400674,LUM-CLR,PR-3020,2024-10-01,08:00,17:00,30,18,3302
SE-400675,LUM-CLR,PR-3021,2024-10-01,08:00,17:00,20,27,4210
SE-400676,LUM-CLR,PR-3022,2024-10-01,08:00,17:00,20,27,4199
SE-400677,LUM-CLR,PR-3023,2024-10-01,08:00,17:00,20,27,3940
SE-400678,LUM-CLR,PR-3024,2024-10-01,08:00,17:00,20,27,4215
SE-400679,LUM-GQE,PR-3025,2024-10-01,08:00,17:00,20,27,3480
SE-400680,LUM-GQE,PR-3026,01/10/2024,08:00,17:00,20,27,4421
SE-400681,LUM-GQE,PR-3027,2024-10-01,08:00,17:00,30,18,5152
SE-400682,LUM-GQE,PR-3028,2024-10-01,08:00,17:00,20,27,4210
SE-400683,LUM-BFN,PR-3029,2024-10-01,08:00,17:00,30,18,4817
SE-400684,LUM-BFN,PR-3030,2024-10-01,08:00,17:00,30,18,2885
SE-400685,LUM-BFN,PR-3031,2024-10-01,08:00,17:00,30,18,3256
SE-400686,LUM-BFN,PR-3032,2024-10-01,08:00,17:00,30,18,2779
SE-400687,LUM-SAN,PR-3001,2024-10-02,08:00,17:00,20,27,4207
SE-400688,LUM-SAN,PR-3002,2024-10-02,08:00,17:00,30,18,5987
SE-400689,LUM-SAN,PR-3003,2024-10-02,08:00,17:00,20,27,3679
SE-400690,LUM-SAN,PR-3004,2024-10-02,08:00,17:00,20,27,4117
SE-400691,LUM-SAN,PR-3005,2024-10-02,08:00,17:00,20,27,4234
SE-400692,LUM-SAN,PR-3006,2024-10-02,08:00,17:00,30,18,3134
SE-400693,LUM-SAN,PR-3007,2024-10-02,08:00,17:00,45,12,6711
SE-400694,LUM-PTA,PR-3008,2024-10-02,08:00,17:00,20,27,3803
SE-400695,LUM-PTA,PR-3009,02/10/2024,08:00,17:00,25,21,8221
SE-400696,LUM-PTA,PR-3010,02/10/2024,08:00,17:00,30,18,5602
SE-400697,LUM-PTA,PR-3011,02/10/2024,08:00,17:00,20,27,4519
SE-400698,LUM-PTA,PR-3012,2024-10-02,08:00,17:00,20,27,4073
SE-400699,LUM-PTA,PR-3013,2024-10-02,08:00,17:00,30,18,5678
SE-400700,LUM-UMH,PR-3014,02/10/2024,08:00,17:00,20,27,3616
SE-400701,LUM-UMH,PR-3015,02/10/2024,08:00,17:00,30,18,4817
SE-400702,LUM-UMH,PR-3016,2024-10-02,08:00,17:00,30,18,3166
SE-400703,LUM-UMH,PR-3017,2024-10-02,08:00,17:00,25,21,7465
SE-400704,LUM-UMH,PR-3018,2024-10-02,08:00,17:00,20,27,3765
SE-400705,LUM-CLR,PR-3019,02/10/2024,08:00,17:00,20,27,4416
SE-400706,LUM-CLR,PR-3021,2024-10-02,08:00,17:00,20,27,4210
SE-400707,LUM-CLR,PR-3022,2024-10-02,08:00,17:00,20,27,4199
SE-400708,LUM-CLR,PR-3023,2024-10-02,08:00,17:00,20,27,3940
SE-400709,LUM-CLR,PR-3024,02/10/2024,08:00,17:00,20,27,4215
SE-400710,LUM-GQE,PR-3025,02/10/2024,08:00,17:00,20,27,3480
SE-400711,LUM-GQE,PR-3026,2024-10-02,08:00,17:00,20,27,4421
SE-400712,LUM-GQE,PR-3027,02/10/2024,08:00,17:00,30,18,5152
SE-400713,LUM-GQE,PR-3028,2024-10-02,08:00,17:00,20,27,4210
SE-400714,LUM-BFN,PR-3029,2024-10-02,08:00,17:00,30,18,4817
SE-400715,LUM-BFN,PR-3030,2024-10-02,08:00,17:00,30,18,2885
SE-400716,LUM-BFN,PR-3031,02/10/2024,08:00,17:00,30,18,3256
SE-400717,LUM-BFN,PR-3032,02/10/2024,08:00,17:00,30,18,2779
SE-400718,LUM-SAN,PR-3001,2024-10-03,08:00,17:00,20,27,4207
SE-400719,LUM-SAN,PR-3002,2024-10-03,08:00,17:00,30,18,5987
SE-400720,LUM-SAN,PR-3003,03/10/2024,08:00,17:00,20,27,3679
SE-400721,LUM-SAN,PR-3004,2024-10-03,08:00,17:00,20,27,4117
SE-400722,LUM-SAN,PR-3005,2024-10-03,08:00,17:00,20,27,4234
SE-400723,LUM-SAN,PR-3006,2024-10-03,08:00,17:00,30,18,3134
SE-400724,LUM-SAN,PR-3007,2024-10-03,08:00,17:00,45,12,6711
SE-400725,LUM-PTA,PR-3008,03/10/2024,08:00,17:00,20,27,3803
SE-400726,LUM-PTA,PR-3009,2024-10-03,08:00,17:00,25,21,8221
SE-400727,LUM-PTA,PR-3010,2024-10-03,08:00,17:00,30,18,5602
SE-400728,LUM-PTA,PR-3011,2024-10-03,08:00,17:00,20,27,4519
SE-400729,LUM-PTA,PR-3012,2024-10-03,08:00,17:00,20,27,4073
SE-400730,LUM-PTA,PR-3013,2024-10-03,08:00,17:00,30,18,5678
SE-400731,LUM-UMH,PR-3014,2024-10-03,08:00,17:00,20,27,3616
SE-400732,LUM-UMH,PR-3015,2024-10-03,08:00,17:00,30,18,4817
SE-400733,LUM-UMH,PR-3017,2024-10-03,08:00,17:00,25,21,7465
SE-400734,LUM-UMH,PR-3018,2024-10-03,08:00,17:00,20,27,3765
SE-400735,LUM-CLR,PR-3021,03/10/2024,08:00,17:00,20,27,4210
SE-400736,LUM-CLR,PR-3022,2024-10-03,08:00,17:00,20,27,4199
SE-400737,LUM-CLR,PR-3024,2024-10-03,08:00,17:00,20,27,4215
SE-400738,LUM-GQE,PR-3025,2024-10-03,08:00,17:00,20,27,3480
SE-400739,LUM-GQE,PR-3026,03/10/2024,08:00,17:00,20,27,4421
SE-400740,LUM-GQE,PR-3028,2024-10-03,08:00,17:00,20,27,4210
SE-400741,LUM-BFN,PR-3029,2024-10-03,08:00,17:00,30,18,4817
SE-400742,LUM-BFN,PR-3030,2024-10-03,08:00,17:00,30,18,2885
SE-400743,LUM-BFN,PR-3031,2024-10-03,08:00,17:00,30,18,3256
SE-400744,LUM-BFN,PR-3032,2024-10-03,08:00,17:00,30,18,2779
SE-400745,LUM-SAN,PR-3001,2024-10-04,08:00,17:00,20,27,4207
SE-400746,LUM-SAN,PR-3003,04/10/2024,08:00,17:00,20,27,3679
SE-400747,LUM-SAN,PR-3006,2024-10-04,08:00,17:00,30,18,3134
SE-400748,LUM-SAN,PR-3007,2024-10-04,08:00,17:00,45,12,6711
SE-400749,LUM-PTA,PR-3008,2024-10-04,08:00,17:00,20,27,3803
SE-400750,LUM-PTA,PR-3009,2024-10-04,08:00,17:00,25,21,8221
SE-400751,LUM-PTA,PR-3010,04/10/2024,08:00,17:00,30,18,5602
SE-400752,LUM-PTA,PR-3011,2024-10-04,08:00,17:00,20,27,4519
SE-400753,LUM-PTA,PR-3012,04/10/2024,08:00,17:00,20,27,4073
SE-400754,LUM-PTA,PR-3013,2024-10-04,08:00,17:00,30,18,5678
SE-400755,LUM-UMH,PR-3014,2024-10-04,08:00,17:00,20,27,3616
SE-400756,LUM-UMH,PR-3015,2024-10-04,08:00,17:00,30,18,4817
SE-400757,LUM-UMH,PR-3016,2024-10-04,08:00,17:00,30,18,3166
SE-400758,LUM-UMH,PR-3017,2024-10-04,08:00,17:00,25,21,7465
SE-400759,LUM-UMH,PR-3018,2024-10-04,08:00,17:00,20,27,3765
SE-400760,LUM-CLR,PR-3019,2024-10-04,08:00,17:00,20,27,4416
SE-400761,LUM-CLR,PR-3020,2024-10-04,08:00,17:00,30,18,3302
SE-400762,LUM-CLR,PR-3021,2024-10-04,08:00,17:00,20,27,4210
SE-400763,LUM-CLR,PR-3022,2024-10-04,08:00,17:00,20,27,4199
SE-400764,LUM-CLR,PR-3023,2024-10-04,08:00,17:00,20,27,3940
SE-400765,LUM-CLR,PR-3024,2024-10-04,08:00,17:00,20,27,4215
SE-400766,LUM-GQE,PR-3025,2024-10-04,08:00,17:00,20,27,3480
SE-400767,LUM-GQE,PR-3026,2024-10-04,08:00,17:00,20,27,4421
SE-400768,LUM-GQE,PR-3027,2024-10-04,08:00,17:00,30,18,5152
SE-400769,LUM-GQE,PR-3028,2024-10-04,08:00,17:00,20,27,4210
SE-400770,LUM-BFN,PR-3029,04/10/2024,08:00,17:00,30,18,4817
SE-400771,LUM-BFN,PR-3030,2024-10-04,08:00,17:00,30,18,2885
SE-400772,LUM-BFN,PR-3031,2024-10-04,08:00,17:00,30,18,3256
SE-400773,LUM-BFN,PR-3032,04/10/2024,08:00,17:00,30,18,2779
SE-400774,LUM-SAN,PR-3001,05/10/2024,08:00,13:00,20,15,2337.22
SE-400775,LUM-SAN,PR-3002,2024-10-05,08:00,13:00,30,10,3326.11
SE-400776,LUM-SAN,PR-3004,05/10/2024,08:00,13:00,20,15,2287.22
SE-400777,LUM-SAN,PR-3005,2024-10-05,08:00,13:00,20,15,2352.22
SE-400778,LUM-SAN,PR-3006,2024-10-05,08:00,13:00,30,10,1741.11
SE-400779,LUM-PTA,PR-3008,2024-10-05,08:00,13:00,20,15,2112.78
SE-400780,LUM-UMH,PR-3015,2024-10-05,08:00,13:00,30,10,2676.11
SE-400781,LUM-CLR,PR-3021,2024-10-05,08:00,13:00,20,15,2338.89
SE-400782,LUM-GQE,PR-3027,2024-10-05,08:00,13:00,30,10,2862.22
SE-400783,LUM-GQE,PR-3028,2024-10-05,08:00,13:00,20,15,2338.89
SE-400784,LUM-BFN,PR-3030,2024-10-05,08:00,13:00,30,10,1602.78
SE-400785,LUM-BFN,PR-3031,2024-10-05,08:00,13:00,30,10,1808.89
SE-400786,LUM-SAN,PR-3002,2024-10-07,08:00,17:00,30,18,5987
SE-400787,LUM-SAN,PR-3003,2024-10-07,08:00,17:00,20,27,3679
SE-400788,LUM-SAN,PR-3004,07/10/2024,08:00,17:00,20,27,4117
SE-400789,LUM-SAN,PR-3005,2024-10-07,08:00,17:00,20,27,4234
SE-400790,LUM-SAN,PR-3006,2024-10-07,08:00,17:00,30,18,3134
SE-400791,LUM-SAN,PR-3007,07/10/2024,08:00,17:00,45,12,6711
SE-400792,LUM-PTA,PR-3009,2024-10-07,08:00,17:00,25,21,8221
SE-400793,LUM-PTA,PR-3011,2024-10-07,08:00,17:00,20,27,4519
SE-400794,LUM-PTA,PR-3012,2024-10-07,08:00,17:00,20,27,4073
SE-400795,LUM-PTA,PR-3013,2024-10-07,08:00,17:00,30,18,5678
SE-400796,LUM-UMH,PR-3014,2024-10-07,08:00,17:00,20,27,3616
SE-400797,LUM-UMH,PR-3015,07/10/2024,08:00,17:00,30,18,4817
SE-400798,LUM-UMH,PR-3017,07/10/2024,08:00,17:00,25,21,7465
SE-400799,LUM-UMH,PR-3018,2024-10-07,08:00,17:00,20,27,3765
SE-400800,LUM-CLR,PR-3019,2024-10-07,08:00,17:00,20,27,4416
SE-400801,LUM-CLR,PR-3020,2024-10-07,08:00,17:00,30,18,3302
SE-400802,LUM-CLR,PR-3021,2024-10-07,08:00,17:00,20,27,4210
SE-400803,LUM-CLR,PR-3022,07/10/2024,08:00,17:00,20,27,4199
SE-400804,LUM-CLR,PR-3023,2024-10-07,08:00,17:00,20,27,3940
SE-400805,LUM-CLR,PR-3024,2024-10-07,08:00,17:00,20,27,4215
SE-400806,LUM-GQE,PR-3025,2024-10-07,08:00,17:00,20,27,3480
SE-400807,LUM-GQE,PR-3026,07/10/2024,08:00,17:00,20,27,4421
SE-400808,LUM-GQE,PR-3027,2024-10-07,08:00,17:00,30,18,5152
SE-400809,LUM-GQE,PR-3028,2024-10-07,08:00,17:00,20,27,4210
SE-400810,LUM-BFN,PR-3029,2024-10-07,08:00,17:00,30,18,4817
SE-400811,LUM-BFN,PR-3030,07/10/2024,08:00,17:00,30,18,2885
SE-400812,LUM-BFN,PR-3031,2024-10-07,08:00,17:00,30,18,3256
SE-400813,LUM-BFN,PR-3032,07/10/2024,08:00,17:00,30,18,2779
SE-400814,LUM-SAN,PR-3001,08/10/2024,08:00,17:00,20,27,4207
SE-400815,LUM-SAN,PR-3002,2024-10-08,08:00,17:00,30,18,5987
SE-400816,LUM-SAN,PR-3003,2024-10-08,08:00,17:00,20,27,3679
SE-400817,LUM-SAN,PR-3004,2024-10-08,08:00,17:00,20,27,4117
SE-400818,LUM-SAN,PR-3005,2024-10-08,08:00,17:00,20,27,4234
SE-400819,LUM-SAN,PR-3006,2024-10-08,08:00,17:00,30,18,3134
SE-400820,LUM-SAN,PR-3007,2024-10-08,08:00,17:00,45,12,6711
SE-400821,LUM-PTA,PR-3008,08/10/2024,08:00,17:00,20,27,3803
SE-400822,LUM-PTA,PR-3009,2024-10-08,08:00,17:00,25,21,8221
SE-400823,LUM-PTA,PR-3010,2024-10-08,08:00,17:00,30,18,5602
SE-400824,LUM-PTA,PR-3011,08/10/2024,08:00,17:00,20,27,4519
SE-400825,LUM-PTA,PR-3013,2024-10-08,08:00,17:00,30,18,5678
SE-400826,LUM-UMH,PR-3014,2024-10-08,08:00,17:00,20,27,3616
SE-400827,LUM-UMH,PR-3015,2024-10-08,08:00,17:00,30,18,4817
SE-400828,LUM-UMH,PR-3016,08/10/2024,08:00,17:00,30,18,3166
SE-400829,LUM-UMH,PR-3017,2024-10-08,08:00,17:00,25,21,7465
SE-400830,LUM-UMH,PR-3018,2024-10-08,08:00,17:00,20,27,3765
SE-400831,LUM-CLR,PR-3019,08/10/2024,08:00,17:00,20,27,4416
SE-400832,LUM-CLR,PR-3020,08/10/2024,08:00,17:00,30,18,3302
SE-400833,LUM-CLR,PR-3021,2024-10-08,08:00,17:00,20,27,4210
SE-400834,LUM-CLR,PR-3022,2024-10-08,08:00,17:00,20,27,4199
SE-400835,LUM-CLR,PR-3023,2024-10-08,08:00,17:00,20,27,3940
SE-400836,LUM-CLR,PR-3024,08/10/2024,08:00,17:00,20,27,4215
SE-400837,LUM-GQE,PR-3025,2024-10-08,08:00,17:00,20,27,3480
SE-400838,LUM-GQE,PR-3026,08/10/2024,08:00,17:00,20,27,4421
SE-400839,LUM-GQE,PR-3028,2024-10-08,08:00,17:00,20,27,4210
SE-400840,LUM-BFN,PR-3029,2024-10-08,08:00,17:00,30,18,4817
SE-400841,LUM-BFN,PR-3030,2024-10-08,08:00,17:00,30,18,2885
SE-400842,LUM-BFN,PR-3031,08/10/2024,08:00,17:00,30,18,3256
SE-400843,LUM-BFN,PR-3032,2024-10-08,08:00,17:00,30,18,2779
SE-400844,LUM-SAN,PR-3001,2024-10-09,08:00,17:00,20,27,4207
SE-400845,LUM-SAN,PR-3002,09/10/2024,08:00,17:00,30,18,5987
SE-400846,LUM-SAN,PR-3003,2024-10-09,08:00,17:00,20,27,3679
SE-400847,LUM-SAN,PR-3004,2024-10-09,08:00,17:00,20,27,4117
SE-400848,LUM-SAN,PR-3005,2024-10-09,08:00,17:00,20,27,4234
SE-400849,LUM-SAN,PR-3006,2024-10-09,08:00,17:00,30,18,3134
SE-400850,LUM-PTA,PR-3008,09/10/2024,08:00,17:00,20,27,3803
SE-400851,LUM-PTA,PR-3009,2024-10-09,08:00,17:00,25,21,8221
SE-400852,LUM-PTA,PR-3010,2024-10-09,08:00,17:00,30,18,5602
SE-400853,LUM-PTA,PR-3011,2024-10-09,08:00,17:00,20,27,4519
SE-400854,LUM-PTA,PR-3012,2024-10-09,08:00,17:00,20,27,4073
SE-400855,LUM-PTA,PR-3013,09/10/2024,08:00,17:00,30,18,5678
SE-400856,LUM-UMH,PR-3014,09/10/2024,08:00,17:00,20,27,3616
SE-400857,LUM-UMH,PR-3016,2024-10-09,08:00,17:00,30,18,3166
SE-400858,LUM-UMH,PR-3017,2024-10-09,08:00,17:00,25,21,7465
SE-400859,LUM-UMH,PR-3018,2024-10-09,08:00,17:00,20,27,3765
SE-400860,LUM-CLR,PR-3019,09/10/2024,08:00,17:00,20,27,4416
SE-400861,LUM-CLR,PR-3020,2024-10-09,08:00,17:00,30,18,3302
SE-400862,LUM-CLR,PR-3021,2024-10-09,08:00,17:00,20,27,4210
SE-400863,LUM-CLR,PR-3022,09/10/2024,08:00,17:00,20,27,4199
SE-400864,LUM-CLR,PR-3023,09/10/2024,08:00,17:00,20,27,3940
SE-400865,LUM-CLR,PR-3024,2024-10-09,08:00,17:00,20,27,4215
SE-400866,LUM-GQE,PR-3025,2024-10-09,08:00,17:00,20,27,3480
SE-400867,LUM-GQE,PR-3026,09/10/2024,08:00,17:00,20,27,4421
SE-400868,LUM-GQE,PR-3027,2024-10-09,08:00,17:00,30,18,5152
SE-400869,LUM-GQE,PR-3028,09/10/2024,08:00,17:00,20,27,4210
SE-400870,LUM-BFN,PR-3030,2024-10-09,08:00,17:00,30,18,2885
SE-400871,LUM-BFN,PR-3031,2024-10-09,08:00,17:00,30,18,3256
SE-400872,LUM-BFN,PR-3032,2024-10-09,08:00,17:00,30,18,2779
SE-400873,LUM-SAN,PR-3001,2024-10-10,08:00,17:00,20,27,4207
SE-400874,LUM-SAN,PR-3002,2024-10-10,08:00,17:00,30,18,5987
SE-400875,LUM-SAN,PR-3003,2024-10-10,08:00,17:00,20,27,3679
SE-400876,LUM-SAN,PR-3004,10/10/2024,08:00,17:00,20,27,4117
SE-400877,LUM-SAN,PR-3005,2024-10-10,08:00,17:00,20,27,4234
SE-400878,LUM-SAN,PR-3006,2024-10-10,08:00,17:00,30,18,3134
SE-400879,LUM-SAN,PR-3007,2024-10-10,08:00,17:00,45,12,6711
SE-400880,LUM-PTA,PR-3008,2024-10-10,08:00,17:00,20,27,3803
SE-400881,LUM-PTA,PR-3009,10/10/2024,08:00,17:00,25,21,8221
SE-400882,LUM-PTA,PR-3010,10/10/2024,08:00,17:00,30,18,5602
SE-400883,LUM-PTA,PR-3011,2024-10-10,08:00,17:00,20,27,4519
SE-400884,LUM-PTA,PR-3012,10/10/2024,08:00,17:00,20,27,4073
SE-400885,LUM-PTA,PR-3013,2024-10-10,08:00,17:00,30,18,5678
SE-400886,LUM-UMH,PR-3014,2024-10-10,08:00,17:00,20,27,3616
SE-400887,LUM-UMH,PR-3015,2024-10-10,08:00,17:00,30,18,4817
SE-400888,LUM-UMH,PR-3016,2024-10-10,08:00,17:00,30,18,3166
SE-400889,LUM-UMH,PR-3017,2024-10-10,08:00,17:00,25,21,7465
SE-400890,LUM-CLR,PR-3021,10/10/2024,08:00,17:00,20,27,4210
SE-400891,LUM-CLR,PR-3022,10/10/2024,08:00,17:00,20,27,4199
SE-400892,LUM-GQE,PR-3025,10/10/2024,08:00,17:00,20,27,3480
SE-400893,LUM-GQE,PR-3026,2024-10-10,08:00,17:00,20,27,4421
SE-400894,LUM-BFN,PR-3029,2024-10-10,08:00,17:00,30,18,4817
SE-400895,LUM-BFN,PR-3030,2024-10-10,08:00,17:00,30,18,2885
SE-400896,LUM-BFN,PR-3032,2024-10-10,08:00,17:00,30,18,2779
SE-400897,LUM-SAN,PR-3001,2024-10-11,08:00,17:00,20,27,4207
SE-400898,LUM-SAN,PR-3002,2024-10-11,08:00,17:00,30,18,5987
SE-400899,LUM-SAN,PR-3003,2024-10-11,08:00,17:00,20,27,3679
SE-400900,LUM-SAN,PR-3004,2024-10-11,08:00,17:00,20,27,4117
SE-400901,LUM-SAN,PR-3005,2024-10-11,08:00,17:00,20,27,4234
SE-400902,LUM-SAN,PR-3006,2024-10-11,08:00,17:00,30,18,3134
SE-400903,LUM-PTA,PR-3008,2024-10-11,08:00,17:00,20,27,3803
SE-400904,LUM-PTA,PR-3009,2024-10-11,08:00,17:00,25,21,8221
SE-400905,LUM-PTA,PR-3010,2024-10-11,08:00,17:00,30,18,5602
SE-400906,LUM-PTA,PR-3011,11/10/2024,08:00,17:00,20,27,4519
SE-400907,LUM-PTA,PR-3012,2024-10-11,08:00,17:00,20,27,4073
SE-400908,LUM-PTA,PR-3013,2024-10-11,08:00,17:00,30,18,5678
SE-400909,LUM-UMH,PR-3014,2024-10-11,08:00,17:00,20,27,3616
SE-400910,LUM-UMH,PR-3015,2024-10-11,08:00,17:00,30,18,4817
SE-400911,LUM-UMH,PR-3016,2024-10-11,08:00,17:00,30,18,3166
SE-400912,LUM-UMH,PR-3017,11/10/2024,08:00,17:00,25,21,7465
SE-400913,LUM-UMH,PR-3018,2024-10-11,08:00,17:00,20,27,3765
SE-400914,LUM-CLR,PR-3019,2024-10-11,08:00,17:00,20,27,4416
SE-400915,LUM-CLR,PR-3020,2024-10-11,08:00,17:00,30,18,3302
SE-400916,LUM-CLR,PR-3021,11/10/2024,08:00,17:00,20,27,4210
SE-400917,LUM-CLR,PR-3022,2024-10-11,08:00,17:00,20,27,4199
SE-400918,LUM-CLR,PR-3023,11/10/2024,08:00,17:00,20,27,3940
SE-400919,LUM-GQE,PR-3025,11/10/2024,08:00,17:00,20,27,3480
SE-400920,LUM-GQE,PR-3027,2024-10-11,08:00,17:00,30,18,5152
SE-400921,LUM-GQE,PR-3028,11/10/2024,08:00,17:00,20,27,4210
SE-400922,LUM-BFN,PR-3029,2024-10-11,08:00,17:00,30,18,4817
SE-400923,LUM-BFN,PR-3030,2024-10-11,08:00,17:00,30,18,2885
SE-400924,LUM-BFN,PR-3031,2024-10-11,08:00,17:00,30,18,3256
SE-400925,LUM-SAN,PR-3007,2024-10-12,08:00,13:00,45,6,3728.33
SE-400926,LUM-PTA,PR-3010,2024-10-12,08:00,13:00,30,10,3112.22
SE-400927,LUM-PTA,PR-3013,2024-10-12,08:00,13:00,30,10,3154.44
SE-400928,LUM-UMH,PR-3014,2024-10-12,08:00,13:00,20,15,2008.89
SE-400929,LUM-CLR,PR-3019,12/10/2024,08:00,13:00,20,15,2453.33
SE-400930,LUM-CLR,PR-3020,12/10/2024,08:00,13:00,30,10,1834.44
SE-400931,LUM-GQE,PR-3025,12/10/2024,08:00,13:00,20,15,1933.33
SE-400932,LUM-GQE,PR-3027,2024-10-12,08:00,13:00,30,10,2862.22
SE-400933,LUM-BFN,PR-3030,12/10/2024,08:00,13:00,30,10,1602.78
SE-400934,LUM-SAN,PR-3001,2024-10-14,08:00,17:00,20,27,4207
SE-400935,LUM-SAN,PR-3002,14/10/2024,08:00,17:00,30,18,5987
SE-400936,LUM-SAN,PR-3003,2024-10-14,08:00,17:00,20,27,3679
SE-400937,LUM-SAN,PR-3004,2024-10-14,08:00,17:00,20,27,4117
SE-400938,LUM-SAN,PR-3006,2024-10-14,08:00,17:00,30,18,3134
SE-400939,LUM-SAN,PR-3007,2024-10-14,08:00,17:00,45,12,6711
SE-400940,LUM-PTA,PR-3008,2024-10-14,08:00,17:00,20,27,3803
SE-400941,LUM-PTA,PR-3009,2024-10-14,08:00,17:00,25,21,8221
SE-400942,LUM-PTA,PR-3010,14/10/2024,08:00,17:00,30,18,5602
SE-400943,LUM-PTA,PR-3011,14/10/2024,08:00,17:00,20,27,4519
SE-400944,LUM-PTA,PR-3012,14/10/2024,08:00,17:00,20,27,4073
SE-400945,LUM-PTA,PR-3013,14/10/2024,08:00,17:00,30,18,5678
SE-400946,LUM-UMH,PR-3014,14/10/2024,08:00,17:00,20,27,3616
SE-400947,LUM-UMH,PR-3015,2024-10-14,08:00,17:00,30,18,4817
SE-400948,LUM-UMH,PR-3016,2024-10-14,08:00,17:00,30,18,3166
SE-400949,LUM-UMH,PR-3017,2024-10-14,08:00,17:00,25,21,7465
SE-400950,LUM-UMH,PR-3018,14/10/2024,08:00,17:00,20,27,3765
SE-400951,LUM-CLR,PR-3019,14/10/2024,08:00,17:00,20,27,4416
SE-400952,LUM-CLR,PR-3020,2024-10-14,08:00,17:00,30,18,3302
SE-400953,LUM-CLR,PR-3022,2024-10-14,08:00,17:00,20,27,4199
SE-400954,LUM-CLR,PR-3023,14/10/2024,08:00,17:00,20,27,3940
SE-400955,LUM-CLR,PR-3024,2024-10-14,08:00,17:00,20,27,4215
SE-400956,LUM-GQE,PR-3025,2024-10-14,08:00,17:00,20,27,3480
SE-400957,LUM-GQE,PR-3026,2024-10-14,08:00,17:00,20,27,4421
SE-400958,LUM-GQE,PR-3027,2024-10-14,08:00,17:00,30,18,5152
SE-400959,LUM-GQE,PR-3028,2024-10-14,08:00,17:00,20,27,4210
SE-400960,LUM-BFN,PR-3029,2024-10-14,08:00,17:00,30,18,4817
SE-400961,LUM-BFN,PR-3030,14/10/2024,08:00,17:00,30,18,2885
SE-400962,LUM-BFN,PR-3032,2024-10-14,08:00,17:00,30,18,2779
SE-400963,LUM-SAN,PR-3001,15/10/2024,08:00,17:00,20,27,4207
SE-400964,LUM-SAN,PR-3003,15/10/2024,08:00,17:00,20,27,3679
SE-400965,LUM-SAN,PR-3004,2024-10-15,08:00,17:00,20,27,4117
SE-400966,LUM-SAN,PR-3005,2024-10-15,08:00,17:00,20,27,4234
SE-400967,LUM-SAN,PR-3006,2024-10-15,08:00,17:00,30,18,3134
SE-400968,LUM-SAN,PR-3007,2024-10-15,08:00,17:00,45,12,6711
SE-400969,LUM-PTA,PR-3008,2024-10-15,08:00,17:00,20,27,3803
SE-400970,LUM-PTA,PR-3009,2024-10-15,08:00,17:00,25,21,8221
SE-400971,LUM-PTA,PR-3010,2024-10-15,08:00,17:00,30,18,5602
SE-400972,LUM-PTA,PR-3011,2024-10-15,08:00,17:00,20,27,4519
SE-400973,LUM-PTA,PR-3012,2024-10-15,08:00,17:00,20,27,4073
SE-400974,LUM-UMH,PR-3014,15/10/2024,08:00,17:00,20,27,3616
SE-400975,LUM-UMH,PR-3015,2024-10-15,08:00,17:00,30,18,4817
SE-400976,LUM-UMH,PR-3016,2024-10-15,08:00,17:00,30,18,3166
SE-400977,LUM-UMH,PR-3017,15/10/2024,08:00,17:00,25,21,7465
SE-400978,LUM-CLR,PR-3019,15/10/2024,08:00,17:00,20,27,4416
SE-400979,LUM-CLR,PR-3021,2024-10-15,08:00,17:00,20,27,4210
SE-400980,LUM-CLR,PR-3022,2024-10-15,08:00,17:00,20,27,4199
SE-400981,LUM-CLR,PR-3023,15/10/2024,08:00,17:00,20,27,3940
SE-400982,LUM-CLR,PR-3024,2024-10-15,08:00,17:00,20,27,4215
SE-400983,LUM-GQE,PR-3026,2024-10-15,08:00,17:00,20,27,4421
SE-400984,LUM-GQE,PR-3027,15/10/2024,08:00,17:00,30,18,5152
SE-400985,LUM-GQE,PR-3028,2024-10-15,08:00,17:00,20,27,4210
SE-400986,LUM-BFN,PR-3029,2024-10-15,08:00,17:00,30,18,4817
SE-400987,LUM-BFN,PR-3030,2024-10-15,08:00,17:00,30,18,2885
SE-400988,LUM-BFN,PR-3031,2024-10-15,08:00,17:00,30,18,3256
SE-400989,LUM-BFN,PR-3032,15/10/2024,08:00,17:00,30,18,2779
SE-400990,LUM-SAN,PR-3001,2024-10-16,08:00,17:00,20,27,4207
SE-400991,LUM-SAN,PR-3002,2024-10-16,08:00,17:00,30,18,5987
SE-400992,LUM-SAN,PR-3003,2024-10-16,08:00,17:00,20,27,3679
SE-400993,LUM-SAN,PR-3004,2024-10-16,08:00,17:00,20,27,4117
SE-400994,LUM-SAN,PR-3005,16/10/2024,08:00,17:00,20,27,4234
SE-400995,LUM-SAN,PR-3006,2024-10-16,08:00,17:00,30,18,3134
SE-400996,LUM-SAN,PR-3007,2024-10-16,08:00,17:00,45,12,6711
SE-400997,LUM-PTA,PR-3008,2024-10-16,08:00,17:00,20,27,3803
SE-400998,LUM-PTA,PR-3009,2024-10-16,08:00,17:00,25,21,8221
SE-400999,LUM-PTA,PR-3010,16/10/2024,08:00,17:00,30,18,5602
SE-401000,LUM-PTA,PR-3011,2024-10-16,08:00,17:00,20,27,4519
SE-401001,LUM-PTA,PR-3012,2024-10-16,08:00,17:00,20,27,4073
SE-401002,LUM-PTA,PR-3013,2024-10-16,08:00,17:00,30,18,5678
SE-401003,LUM-UMH,PR-3014,2024-10-16,08:00,17:00,20,27,3616
SE-401004,LUM-UMH,PR-3015,2024-10-16,08:00,17:00,30,18,4817
SE-401005,LUM-UMH,PR-3017,16/10/2024,08:00,17:00,25,21,7465
SE-401006,LUM-UMH,PR-3018,16/10/2024,08:00,17:00,20,27,3765
SE-401007,LUM-CLR,PR-3019,16/10/2024,08:00,17:00,20,27,4416
SE-401008,LUM-CLR,PR-3020,16/10/2024,08:00,17:00,30,18,3302
SE-401009,LUM-CLR,PR-3021,2024-10-16,08:00,17:00,20,27,4210
SE-401010,LUM-CLR,PR-3022,2024-10-16,08:00,17:00,20,27,4199
SE-401011,LUM-CLR,PR-3023,2024-10-16,08:00,17:00,20,27,3940
SE-401012,LUM-CLR,PR-3024,2024-10-16,08:00,17:00,20,27,4215
SE-401013,LUM-GQE,PR-3025,2024-10-16,08:00,17:00,20,27,3480
SE-401014,LUM-GQE,PR-3026,2024-10-16,08:00,17:00,20,27,4421
SE-401015,LUM-GQE,PR-3027,2024-10-16,08:00,17:00,30,18,5152
SE-401016,LUM-GQE,PR-3028,2024-10-16,08:00,17:00,20,27,4210
SE-401017,LUM-BFN,PR-3029,2024-10-16,08:00,17:00,30,18,4817
SE-401018,LUM-BFN,PR-3030,2024-10-16,08:00,17:00,30,18,2885
SE-401019,LUM-BFN,PR-3031,2024-10-16,08:00,17:00,30,18,3256
SE-401020,LUM-BFN,PR-3032,2024-10-16,08:00,17:00,30,18,2779
SE-401021,LUM-SAN,PR-3001,2024-10-17,08:00,17:00,20,27,4207
SE-401022,LUM-SAN,PR-3003,2024-10-17,08:00,17:00,20,27,3679
SE-401023,LUM-SAN,PR-3004,2024-10-17,08:00,17:00,20,27,4117
SE-401024,LUM-SAN,PR-3005,2024-10-17,08:00,17:00,20,27,4234
SE-401025,LUM-SAN,PR-3006,17/10/2024,08:00,17:00,30,18,3134
SE-401026,LUM-SAN,PR-3007,2024-10-17,08:00,17:00,45,12,6711
SE-401027,LUM-PTA,PR-3008,17/10/2024,08:00,17:00,20,27,3803
SE-401028,LUM-PTA,PR-3009,2024-10-17,08:00,17:00,25,21,8221
SE-401029,LUM-PTA,PR-3010,17/10/2024,08:00,17:00,30,18,5602
SE-401030,LUM-PTA,PR-3011,17/10/2024,08:00,17:00,20,27,4519
SE-401031,LUM-PTA,PR-3012,2024-10-17,08:00,17:00,20,27,4073
SE-401032,LUM-PTA,PR-3013,2024-10-17,08:00,17:00,30,18,5678
SE-401033,LUM-UMH,PR-3014,2024-10-17,08:00,17:00,20,27,3616
SE-401034,LUM-UMH,PR-3015,2024-10-17,08:00,17:00,30,18,4817
SE-401035,LUM-UMH,PR-3017,17/10/2024,08:00,17:00,25,21,7465
SE-401036,LUM-UMH,PR-3018,17/10/2024,08:00,17:00,20,27,3765
SE-401037,LUM-CLR,PR-3021,2024-10-17,08:00,17:00,20,27,4210
SE-401038,LUM-CLR,PR-3023,17/10/2024,08:00,17:00,20,27,3940
SE-401039,LUM-CLR,PR-3024,2024-10-17,08:00,17:00,20,27,4215
SE-401040,LUM-GQE,PR-3025,17/10/2024,08:00,17:00,20,27,3480
SE-401041,LUM-GQE,PR-3026,17/10/2024,08:00,17:00,20,27,4421
SE-401042,LUM-GQE,PR-3027,2024-10-17,08:00,17:00,30,18,5152
SE-401043,LUM-GQE,PR-3028,2024-10-17,08:00,17:00,20,27,4210
SE-401044,LUM-BFN,PR-3029,2024-10-17,08:00,17:00,30,18,4817
SE-401045,LUM-BFN,PR-3030,2024-10-17,08:00,17:00,30,18,2885
SE-401046,LUM-BFN,PR-3031,2024-10-17,08:00,17:00,30,18,3256
SE-401047,LUM-BFN,PR-3032,2024-10-17,08:00,17:00,30,18,2779
SE-401048,LUM-SAN,PR-3001,2024-10-18,08:00,17:00,20,27,4207
SE-401049,LUM-SAN,PR-3002,2024-10-18,08:00,17:00,30,18,5987
SE-401050,LUM-SAN,PR-3003,2024-10-18,08:00,17:00,20,27,3679
SE-401051,LUM-SAN,PR-3004,18/10/2024,08:00,17:00,20,27,4117
SE-401052,LUM-SAN,PR-3005,18/10/2024,08:00,17:00,20,27,4234
SE-401053,LUM-SAN,PR-3006,2024-10-18,08:00,17:00,30,18,3134
SE-401054,LUM-SAN,PR-3007,2024-10-18,08:00,17:00,45,12,6711
SE-401055,LUM-PTA,PR-3008,18/10/2024,08:00,17:00,20,27,3803
SE-401056,LUM-PTA,PR-3009,2024-10-18,08:00,17:00,25,21,8221
SE-401057,LUM-PTA,PR-3010,18/10/2024,08:00,17:00,30,18,5602
SE-401058,LUM-PTA,PR-3011,18/10/2024,08:00,17:00,20,27,4519
SE-401059,LUM-PTA,PR-3012,18/10/2024,08:00,17:00,20,27,4073
SE-401060,LUM-PTA,PR-3013,2024-10-18,08:00,17:00,30,18,5678
SE-401061,LUM-UMH,PR-3014,2024-10-18,08:00,17:00,20,27,3616
SE-401062,LUM-UMH,PR-3015,18/10/2024,08:00,17:00,30,18,4817
SE-401063,LUM-UMH,PR-3016,2024-10-18,08:00,17:00,30,18,3166
SE-401064,LUM-UMH,PR-3017,2024-10-18,08:00,17:00,25,21,7465
SE-401065,LUM-UMH,PR-3018,2024-10-18,08:00,17:00,20,27,3765
SE-401066,LUM-CLR,PR-3019,2024-10-18,08:00,17:00,20,27,4416
SE-401067,LUM-CLR,PR-3020,2024-10-18,08:00,17:00,30,18,3302
SE-401068,LUM-CLR,PR-3021,2024-10-18,08:00,17:00,20,27,4210
SE-401069,LUM-CLR,PR-3022,2024-10-18,08:00,17:00,20,27,4199
SE-401070,LUM-CLR,PR-3023,2024-10-18,08:00,17:00,20,27,3940
SE-401071,LUM-CLR,PR-3024,2024-10-18,08:00,17:00,20,27,4215
SE-401072,LUM-GQE,PR-3025,2024-10-18,08:00,17:00,20,27,3480
SE-401073,LUM-GQE,PR-3026,2024-10-18,08:00,17:00,20,27,4421
SE-401074,LUM-GQE,PR-3027,2024-10-18,08:00,17:00,30,18,5152
SE-401075,LUM-GQE,PR-3028,2024-10-18,08:00,17:00,20,27,4210
SE-401076,LUM-BFN,PR-3029,2024-10-18,08:00,17:00,30,18,4817
SE-401077,LUM-BFN,PR-3030,18/10/2024,08:00,17:00,30,18,2885
SE-401078,LUM-BFN,PR-3031,2024-10-18,08:00,17:00,30,18,3256
SE-401079,LUM-BFN,PR-3032,2024-10-18,08:00,17:00,30,18,2779
SE-401080,LUM-SAN,PR-3003,2024-10-19,08:00,13:00,20,15,2043.89
SE-401081,LUM-SAN,PR-3005,2024-10-19,08:00,13:00,20,15,2352.22
SE-401082,LUM-PTA,PR-3008,2024-10-19,08:00,13:00,20,15,2112.78
SE-401083,LUM-UMH,PR-3014,2024-10-19,08:00,13:00,20,15,2008.89
SE-401084,LUM-CLR,PR-3019,19/10/2024,08:00,13:00,20,15,2453.33
SE-401085,LUM-GQE,PR-3028,19/10/2024,08:00,13:00,20,15,2338.89
SE-401086,LUM-BFN,PR-3031,2024-10-19,08:00,13:00,30,10,1808.89
SE-401087,LUM-SAN,PR-3001,2024-10-21,08:00,17:00,20,27,4207
SE-401088,LUM-SAN,PR-3002,2024-10-21,08:00,17:00,30,18,5987
SE-401089,LUM-SAN,PR-3003,21/10/2024,08:00,17:00,20,27,3679
SE-401090,LUM-SAN,PR-3004,21/10/2024,08:00,17:00,20,27,4117
SE-401091,LUM-SAN,PR-3005,2024-10-21,08:00,17:00,20,27,4234
SE-401092,LUM-SAN,PR-3006,2024-10-21,08:00,17:00,30,18,3134
SE-401093,LUM-SAN,PR-3007,2024-10-21,08:00,17:00,45,12,6711
SE-401094,LUM-PTA,PR-3008,2024-10-21,08:00,17:00,20,27,3803
SE-401095,LUM-PTA,PR-3009,2024-10-21,08:00,17:00,25,21,8221
SE-401096,LUM-PTA,PR-3010,2024-10-21,08:00,17:00,30,18,5602
SE-401097,LUM-PTA,PR-3011,21/10/2024,08:00,17:00,20,27,4519
SE-401098,LUM-PTA,PR-3012,2024-10-21,08:00,17:00,20,27,4073
SE-401099,LUM-PTA,PR-3013,21/10/2024,08:00,17:00,30,18,5678
SE-401100,LUM-UMH,PR-3014,2024-10-21,08:00,17:00,20,27,3616
SE-401101,LUM-UMH,PR-3015,2024-10-21,08:00,17:00,30,18,4817
SE-401102,LUM-UMH,PR-3016,2024-10-21,08:00,17:00,30,18,3166
SE-401103,LUM-UMH,PR-3017,21/10/2024,08:00,17:00,25,21,7465
SE-401104,LUM-UMH,PR-3018,2024-10-21,08:00,17:00,20,27,3765
SE-401105,LUM-CLR,PR-3020,2024-10-21,08:00,17:00,30,18,3302
SE-401106,LUM-CLR,PR-3021,2024-10-21,08:00,17:00,20,27,4210
SE-401107,LUM-CLR,PR-3022,2024-10-21,08:00,17:00,20,27,4199
SE-401108,LUM-CLR,PR-3024,2024-10-21,08:00,17:00,20,27,4215
SE-401109,LUM-GQE,PR-3026,21/10/2024,08:00,17:00,20,27,4421
SE-401110,LUM-GQE,PR-3027,2024-10-21,08:00,17:00,30,18,5152
SE-401111,LUM-GQE,PR-3028,2024-10-21,08:00,17:00,20,27,4210
SE-401112,LUM-BFN,PR-3029,2024-10-21,08:00,17:00,30,18,4817
SE-401113,LUM-BFN,PR-3030,2024-10-21,08:00,17:00,30,18,2885
SE-401114,LUM-BFN,PR-3031,2024-10-21,08:00,17:00,30,18,3256
SE-401115,LUM-BFN,PR-3032,2024-10-21,08:00,17:00,30,18,2779
SE-401116,LUM-SAN,PR-3001,2024-10-22,08:00,17:00,20,27,4207
SE-401117,LUM-SAN,PR-3002,22/10/2024,08:00,17:00,30,18,5987
SE-401118,LUM-SAN,PR-3003,22/10/2024,08:00,17:00,20,27,3679
SE-401119,LUM-SAN,PR-3005,2024-10-22,08:00,17:00,20,27,4234
SE-401120,LUM-SAN,PR-3006,2024-10-22,08:00,17:00,30,18,3134
SE-401121,LUM-SAN,PR-3007,22/10/2024,08:00,17:00,45,12,6711
SE-401122,LUM-PTA,PR-3008,22/10/2024,08:00,17:00,20,27,3803
SE-401123,LUM-PTA,PR-3009,2024-10-22,08:00,17:00,25,21,8221
SE-401124,LUM-PTA,PR-3010,2024-10-22,08:00,17:00,30,18,5602
SE-401125,LUM-PTA,PR-3011,2024-10-22,08:00,17:00,20,27,4519
SE-401126,LUM-PTA,PR-3012,2024-10-22,08:00,17:00,20,27,4073
SE-401127,LUM-PTA,PR-3013,2024-10-22,08:00,17:00,30,18,5678
SE-401128,LUM-UMH,PR-3014,2024-10-22,08:00,17:00,20,27,3616
SE-401129,LUM-UMH,PR-3015,2024-10-22,08:00,17:00,30,18,4817
SE-401130,LUM-UMH,PR-3016,2024-10-22,08:00,17:00,30,18,3166
SE-401131,LUM-UMH,PR-3017,2024-10-22,08:00,17:00,25,21,7465
SE-401132,LUM-UMH,PR-3018,2024-10-22,08:00,17:00,20,27,3765
SE-401133,LUM-CLR,PR-3020,22/10/2024,08:00,17:00,30,18,3302
SE-401134,LUM-CLR,PR-3021,22/10/2024,08:00,17:00,20,27,4210
SE-401135,LUM-CLR,PR-3022,22/10/2024,08:00,17:00,20,27,4199
SE-401136,LUM-CLR,PR-3023,2024-10-22,08:00,17:00,20,27,3940
SE-401137,LUM-CLR,PR-3024,22/10/2024,08:00,17:00,20,27,4215
SE-401138,LUM-GQE,PR-3025,22/10/2024,08:00,17:00,20,27,3480
SE-401139,LUM-GQE,PR-3026,2024-10-22,08:00,17:00,20,27,4421
SE-401140,LUM-GQE,PR-3027,22/10/2024,08:00,17:00,30,18,5152
SE-401141,LUM-GQE,PR-3028,2024-10-22,08:00,17:00,20,27,4210
SE-401142,LUM-BFN,PR-3029,22/10/2024,08:00,17:00,30,18,4817
SE-401143,LUM-BFN,PR-3030,2024-10-22,08:00,17:00,30,18,2885
SE-401144,LUM-BFN,PR-3031,2024-10-22,08:00,17:00,30,18,3256
SE-401145,LUM-BFN,PR-3032,22/10/2024,08:00,17:00,30,18,2779
SE-401146,LUM-SAN,PR-3001,2024-10-23,08:00,17:00,20,27,4207
SE-401147,LUM-SAN,PR-3002,2024-10-23,08:00,17:00,30,18,5987
SE-401148,LUM-SAN,PR-3003,2024-10-23,08:00,17:00,20,27,3679
SE-401149,LUM-SAN,PR-3004,2024-10-23,08:00,17:00,20,27,4117
SE-401150,LUM-SAN,PR-3005,2024-10-23,08:00,17:00,20,27,4234
SE-401151,LUM-SAN,PR-3006,2024-10-23,08:00,17:00,30,18,3134
SE-401152,LUM-SAN,PR-3007,2024-10-23,08:00,17:00,45,12,6711
SE-401153,LUM-PTA,PR-3008,23/10/2024,08:00,17:00,20,27,3803
SE-401154,LUM-PTA,PR-3009,2024-10-23,08:00,17:00,25,21,8221
SE-401155,LUM-PTA,PR-3010,2024-10-23,08:00,17:00,30,18,5602
SE-401156,LUM-PTA,PR-3011,23/10/2024,08:00,17:00,20,27,4519
SE-401157,LUM-PTA,PR-3012,2024-10-23,08:00,17:00,20,27,4073
SE-401158,LUM-PTA,PR-3013,2024-10-23,08:00,17:00,30,18,5678
SE-401159,LUM-UMH,PR-3014,2024-10-23,08:00,17:00,20,27,3616
SE-401160,LUM-UMH,PR-3015,2024-10-23,08:00,17:00,30,18,4817
SE-401161,LUM-UMH,PR-3016,2024-10-23,08:00,17:00,30,18,3166
SE-401162,LUM-UMH,PR-3018,2024-10-23,08:00,17:00,20,27,3765
SE-401163,LUM-CLR,PR-3019,2024-10-23,08:00,17:00,20,27,4416
SE-401164,LUM-CLR,PR-3020,2024-10-23,08:00,17:00,30,18,3302
SE-401165,LUM-CLR,PR-3021,23/10/2024,08:00,17:00,20,27,4210
SE-401166,LUM-CLR,PR-3022,2024-10-23,08:00,17:00,20,27,4199
SE-401167,LUM-CLR,PR-3023,2024-10-23,08:00,17:00,20,27,3940
SE-401168,LUM-CLR,PR-3024,2024-10-23,08:00,17:00,20,27,4215
SE-401169,LUM-GQE,PR-3025,2024-10-23,08:00,17:00,20,27,3480
SE-401170,LUM-GQE,PR-3026,2024-10-23,08:00,17:00,20,27,4421
SE-401171,LUM-GQE,PR-3027,2024-10-23,08:00,17:00,30,18,5152
SE-401172,LUM-GQE,PR-3028,2024-10-23,08:00,17:00,20,27,4210
SE-401173,LUM-BFN,PR-3029,2024-10-23,08:00,17:00,30,18,4817
SE-401174,LUM-BFN,PR-3030,23/10/2024,08:00,17:00,30,18,2885
SE-401175,LUM-BFN,PR-3031,2024-10-23,08:00,17:00,30,18,3256
SE-401176,LUM-SAN,PR-3001,2024-10-24,08:00,17:00,20,27,4207
SE-401177,LUM-SAN,PR-3002,24/10/2024,08:00,17:00,30,18,5987
SE-401178,LUM-SAN,PR-3004,2024-10-24,08:00,17:00,20,27,4117
SE-401179,LUM-SAN,PR-3005,2024-10-24,08:00,17:00,20,27,4234
SE-401180,LUM-SAN,PR-3006,2024-10-24,08:00,17:00,30,18,3134
SE-401181,LUM-SAN,PR-3007,2024-10-24,08:00,17:00,45,12,6711
SE-401182,LUM-PTA,PR-3009,2024-10-24,08:00,17:00,25,21,8221
SE-401183,LUM-PTA,PR-3010,2024-10-24,08:00,17:00,30,18,5602
SE-401184,LUM-PTA,PR-3011,24/10/2024,08:00,17:00,20,27,4519
SE-401185,LUM-PTA,PR-3012,24/10/2024,08:00,17:00,20,27,4073
SE-401186,LUM-PTA,PR-3013,24/10/2024,08:00,17:00,30,18,5678
SE-401187,LUM-UMH,PR-3014,2024-10-24,08:00,17:00,20,27,3616
SE-401188,LUM-UMH,PR-3015,2024-10-24,08:00,17:00,30,18,4817
SE-401189,LUM-UMH,PR-3017,2024-10-24,08:00,17:00,25,21,7465
SE-401190,LUM-UMH,PR-3018,24/10/2024,08:00,17:00,20,27,3765
SE-401191,LUM-CLR,PR-3019,24/10/2024,08:00,17:00,20,27,4416
SE-401192,LUM-CLR,PR-3020,24/10/2024,08:00,17:00,30,18,3302
SE-401193,LUM-CLR,PR-3021,24/10/2024,08:00,17:00,20,27,4210
SE-401194,LUM-CLR,PR-3022,2024-10-24,08:00,17:00,20,27,4199
SE-401195,LUM-CLR,PR-3023,2024-10-24,08:00,17:00,20,27,3940
SE-401196,LUM-CLR,PR-3024,2024-10-24,08:00,17:00,20,27,4215
SE-401197,LUM-GQE,PR-3025,24/10/2024,08:00,17:00,20,27,3480
SE-401198,LUM-GQE,PR-3026,2024-10-24,08:00,17:00,20,27,4421
SE-401199,LUM-GQE,PR-3028,2024-10-24,08:00,17:00,20,27,4210
SE-401200,LUM-BFN,PR-3029,2024-10-24,08:00,17:00,30,18,4817
SE-401201,LUM-BFN,PR-3030,2024-10-24,08:00,17:00,30,18,2885
SE-401202,LUM-BFN,PR-3031,2024-10-24,08:00,17:00,30,18,3256
SE-401203,LUM-BFN,PR-3032,24/10/2024,08:00,17:00,30,18,2779
SE-401204,LUM-SAN,PR-3001,2024-10-25,08:00,17:00,20,27,4207
SE-401205,LUM-SAN,PR-3002,2024-10-25,08:00,17:00,30,18,5987
SE-401206,LUM-SAN,PR-3003,2024-10-25,08:00,17:00,20,27,3679
SE-401207,LUM-SAN,PR-3004,25/10/2024,08:00,17:00,20,27,4117
SE-401208,LUM-SAN,PR-3005,2024-10-25,08:00,17:00,20,27,4234
SE-401209,LUM-SAN,PR-3006,2024-10-25,08:00,17:00,30,18,3134
SE-401210,LUM-SAN,PR-3007,2024-10-25,08:00,17:00,45,12,6711
SE-401211,LUM-PTA,PR-3008,2024-10-25,08:00,17:00,20,27,3803
SE-401212,LUM-PTA,PR-3009,2024-10-25,08:00,17:00,25,21,8221
SE-401213,LUM-PTA,PR-3010,2024-10-25,08:00,17:00,30,18,5602
SE-401214,LUM-PTA,PR-3011,25/10/2024,08:00,17:00,20,27,4519
SE-401215,LUM-PTA,PR-3012,2024-10-25,08:00,17:00,20,27,4073
SE-401216,LUM-UMH,PR-3014,2024-10-25,08:00,17:00,20,27,3616
SE-401217,LUM-UMH,PR-3015,25/10/2024,08:00,17:00,30,18,4817
SE-401218,LUM-UMH,PR-3016,2024-10-25,08:00,17:00,30,18,3166
SE-401219,LUM-UMH,PR-3017,2024-10-25,08:00,17:00,25,21,7465
SE-401220,LUM-UMH,PR-3018,2024-10-25,08:00,17:00,20,27,3765
SE-401221,LUM-CLR,PR-3020,2024-10-25,08:00,17:00,30,18,3302
SE-401222,LUM-CLR,PR-3021,2024-10-25,08:00,17:00,20,27,4210
SE-401223,LUM-CLR,PR-3022,25/10/2024,08:00,17:00,20,27,4199
SE-401224,LUM-CLR,PR-3023,25/10/2024,08:00,17:00,20,27,3940
SE-401225,LUM-CLR,PR-3024,2024-10-25,08:00,17:00,20,27,4215
SE-401226,LUM-GQE,PR-3025,2024-10-25,08:00,17:00,20,27,3480
SE-401227,LUM-GQE,PR-3026,25/10/2024,08:00,17:00,20,27,4421
SE-401228,LUM-GQE,PR-3027,2024-10-25,08:00,17:00,30,18,5152
SE-401229,LUM-GQE,PR-3028,2024-10-25,08:00,17:00,20,27,4210
SE-401230,LUM-BFN,PR-3029,2024-10-25,08:00,17:00,30,18,4817
SE-401231,LUM-BFN,PR-3030,25/10/2024,08:00,17:00,30,18,2885
SE-401232,LUM-BFN,PR-3031,2024-10-25,08:00,17:00,30,18,3256
SE-401233,LUM-SAN,PR-3001,2024-10-26,08:00,13:00,20,15,2337.22
SE-401234,LUM-SAN,PR-3004,26/10/2024,08:00,13:00,20,15,2287.22
SE-401235,LUM-PTA,PR-3009,2024-10-26,08:00,13:00,25,12,4567.22
SE-401236,LUM-PTA,PR-3013,2024-10-26,08:00,13:00,30,10,3154.44
SE-401237,LUM-CLR,PR-3020,26/10/2024,08:00,13:00,30,10,1834.44
SE-401238,LUM-CLR,PR-3021,2024-10-26,08:00,13:00,20,15,2338.89
SE-401239,LUM-GQE,PR-3027,2024-10-26,08:00,13:00,30,10,2862.22
SE-401240,LUM-BFN,PR-3029,2024-10-26,08:00,13:00,30,10,2676.11
SE-401241,LUM-SAN,PR-3001,2024-10-28,08:00,17:00,20,27,4207
SE-401242,LUM-SAN,PR-3002,28/10/2024,08:00,17:00,30,18,5987
SE-401243,LUM-SAN,PR-3003,2024-10-28,08:00,17:00,20,27,3679
SE-401244,LUM-SAN,PR-3005,2024-10-28,08:00,17:00,20,27,4234
SE-401245,LUM-SAN,PR-3006,2024-10-28,08:00,17:00,30,18,3134
SE-401246,LUM-SAN,PR-3007,2024-10-28,08:00,17:00,45,12,6711
SE-401247,LUM-PTA,PR-3008,2024-10-28,08:00,17:00,20,27,3803
SE-401248,LUM-PTA,PR-3009,2024-10-28,08:00,17:00,25,21,8221
SE-401249,LUM-PTA,PR-3010,28/10/2024,08:00,17:00,30,18,5602
SE-401250,LUM-PTA,PR-3011,2024-10-28,08:00,17:00,20,27,4519
SE-401251,LUM-PTA,PR-3012,2024-10-28,08:00,17:00,20,27,4073
SE-401252,LUM-PTA,PR-3013,28/10/2024,08:00,17:00,30,18,5678
SE-401253,LUM-UMH,PR-3014,2024-10-28,08:00,17:00,20,27,3616
SE-401254,LUM-UMH,PR-3015,2024-10-28,08:00,17:00,30,18,4817
SE-401255,LUM-UMH,PR-3016,2024-10-28,08:00,17:00,30,18,3166
SE-401256,LUM-UMH,PR-3017,2024-10-28,08:00,17:00,25,21,7465
SE-401257,LUM-UMH,PR-3018,28/10/2024,08:00,17:00,20,27,3765
SE-401258,LUM-CLR,PR-3019,2024-10-28,08:00,17:00,20,27,4416
SE-401259,LUM-CLR,PR-3020,28/10/2024,08:00,17:00,30,18,3302
SE-401260,LUM-CLR,PR-3021,2024-10-28,08:00,17:00,20,27,4210
SE-401261,LUM-CLR,PR-3022,2024-10-28,08:00,17:00,20,27,4199
SE-401262,LUM-CLR,PR-3023,2024-10-28,08:00,17:00,20,27,3940
SE-401263,LUM-CLR,PR-3024,2024-10-28,08:00,17:00,20,27,4215
SE-401264,LUM-GQE,PR-3025,2024-10-28,08:00,17:00,20,27,3480
SE-401265,LUM-GQE,PR-3026,2024-10-28,08:00,17:00,20,27,4421
SE-401266,LUM-GQE,PR-3027,28/10/2024,08:00,17:00,30,18,5152
SE-401267,LUM-BFN,PR-3029,2024-10-28,08:00,17:00,30,18,4817
SE-401268,LUM-BFN,PR-3030,2024-10-28,08:00,17:00,30,18,2885
SE-401269,LUM-BFN,PR-3031,2024-10-28,08:00,17:00,30,18,3256
SE-401270,LUM-BFN,PR-3032,2024-10-28,08:00,17:00,30,18,2779
SE-401271,LUM-SAN,PR-3002,2024-10-29,08:00,17:00,30,18,5987
SE-401272,LUM-SAN,PR-3003,2024-10-29,08:00,17:00,20,27,3679
SE-401273,LUM-SAN,PR-3005,2024-10-29,08:00,17:00,20,27,4234
SE-401274,LUM-SAN,PR-3007,2024-10-29,08:00,17:00,45,12,6711
SE-401275,LUM-PTA,PR-3008,2024-10-29,08:00,17:00,20,27,3803
SE-401276,LUM-PTA,PR-3009,29/10/2024,08:00,17:00,25,21,8221
SE-401277,LUM-PTA,PR-3010,29/10/2024,08:00,17:00,30,18,5602
SE-401278,LUM-PTA,PR-3012,29/10/2024,08:00,17:00,20,27,4073
SE-401279,LUM-PTA,PR-3013,29/10/2024,08:00,17:00,30,18,5678
SE-401280,LUM-UMH,PR-3014,2024-10-29,08:00,17:00,20,27,3616
SE-401281,LUM-UMH,PR-3015,29/10/2024,08:00,17:00,30,18,4817
SE-401282,LUM-UMH,PR-3016,2024-10-29,08:00,17:00,30,18,3166
SE-401283,LUM-UMH,PR-3017,2024-10-29,08:00,17:00,25,21,7465
SE-401284,LUM-UMH,PR-3018,2024-10-29,08:00,17:00,20,27,3765
SE-401285,LUM-CLR,PR-3019,29/10/2024,08:00,17:00,20,27,4416
SE-401286,LUM-CLR,PR-3021,29/10/2024,08:00,17:00,20,27,4210
SE-401287,LUM-CLR,PR-3023,29/10/2024,08:00,17:00,20,27,3940
SE-401288,LUM-CLR,PR-3024,2024-10-29,08:00,17:00,20,27,4215
SE-401289,LUM-GQE,PR-3025,2024-10-29,08:00,17:00,20,27,3480
SE-401290,LUM-GQE,PR-3026,2024-10-29,08:00,17:00,20,27,4421
SE-401291,LUM-GQE,PR-3027,2024-10-29,08:00,17:00,30,18,5152
SE-401292,LUM-GQE,PR-3028,2024-10-29,08:00,17:00,20,27,4210
SE-401293,LUM-BFN,PR-3029,29/10/2024,08:00,17:00,30,18,4817
SE-401294,LUM-BFN,PR-3030,2024-10-29,08:00,17:00,30,18,2885
SE-401295,LUM-BFN,PR-3031,2024-10-29,08:00,17:00,30,18,3256
SE-401296,LUM-BFN,PR-3032,2024-10-29,08:00,17:00,30,18,2779
SE-401297,LUM-SAN,PR-3001,2024-10-30,08:00,17:00,20,27,4207
SE-401298,LUM-SAN,PR-3002,2024-10-30,08:00,17:00,30,18,5987
SE-401299,LUM-SAN,PR-3003,2024-10-30,08:00,17:00,20,27,3679
SE-401300,LUM-SAN,PR-3004,2024-10-30,08:00,17:00,20,27,4117
SE-401301,LUM-SAN,PR-3005,2024-10-30,08:00,17:00,20,27,4234
SE-401302,LUM-SAN,PR-3007,2024-10-30,08:00,17:00,45,12,6711
SE-401303,LUM-PTA,PR-3008,2024-10-30,08:00,17:00,20,27,3803
SE-401304,LUM-PTA,PR-3009,2024-10-30,08:00,17:00,25,21,8221
SE-401305,LUM-PTA,PR-3010,2024-10-30,08:00,17:00,30,18,5602
SE-401306,LUM-PTA,PR-3011,2024-10-30,08:00,17:00,20,27,4519
SE-401307,LUM-PTA,PR-3013,2024-10-30,08:00,17:00,30,18,5678
SE-401308,LUM-UMH,PR-3014,30/10/2024,08:00,17:00,20,27,3616
SE-401309,LUM-UMH,PR-3015,2024-10-30,08:00,17:00,30,18,4817
SE-401310,LUM-UMH,PR-3016,30/10/2024,08:00,17:00,30,18,3166
SE-401311,LUM-UMH,PR-3017,2024-10-30,08:00,17:00,25,21,7465
SE-401312,LUM-UMH,PR-3018,2024-10-30,08:00,17:00,20,27,3765
SE-401313,LUM-CLR,PR-3020,2024-10-30,08:00,17:00,30,18,3302
SE-401314,LUM-CLR,PR-3021,30/10/2024,08:00,17:00,20,27,4210
SE-401315,LUM-CLR,PR-3022,2024-10-30,08:00,17:00,20,27,4199
SE-401316,LUM-CLR,PR-3023,2024-10-30,08:00,17:00,20,27,3940
SE-401317,LUM-CLR,PR-3024,2024-10-30,08:00,17:00,20,27,4215
SE-401318,LUM-GQE,PR-3025,30/10/2024,08:00,17:00,20,27,3480
SE-401319,LUM-GQE,PR-3026,30/10/2024,08:00,17:00,20,27,4421
SE-401320,LUM-GQE,PR-3027,30/10/2024,08:00,17:00,30,18,5152
SE-401321,LUM-GQE,PR-3028,2024-10-30,08:00,17:00,20,27,4210
SE-401322,LUM-BFN,PR-3029,2024-10-30,08:00,17:00,30,18,4817
SE-401323,LUM-BFN,PR-3030,2024-10-30,08:00,17:00,30,18,2885
SE-401324,LUM-BFN,PR-3031,2024-10-30,08:00,17:00,30,18,3256
SE-401325,LUM-BFN,PR-3032,2024-10-30,08:00,17:00,30,18,2779
SE-401326,LUM-SAN,PR-3001,2024-10-31,08:00,17:00,20,27,4207
SE-401327,LUM-SAN,PR-3002,31/10/2024,08:00,17:00,30,18,5987
SE-401328,LUM-SAN,PR-3003,2024-10-31,08:00,17:00,20,27,3679
SE-401329,LUM-SAN,PR-3004,2024-10-31,08:00,17:00,20,27,4117
SE-401330,LUM-SAN,PR-3005,2024-10-31,08:00,17:00,20,27,4234
SE-401331,LUM-SAN,PR-3006,2024-10-31,08:00,17:00,30,18,3134
SE-401332,LUM-SAN,PR-3007,2024-10-31,08:00,17:00,45,12,6711
SE-401333,LUM-PTA,PR-3008,2024-10-31,08:00,17:00,20,27,3803
SE-401334,LUM-PTA,PR-3010,2024-10-31,08:00,17:00,30,18,5602
SE-401335,LUM-PTA,PR-3011,2024-10-31,08:00,17:00,20,27,4519
SE-401336,LUM-PTA,PR-3012,2024-10-31,08:00,17:00,20,27,4073
SE-401337,LUM-PTA,PR-3013,2024-10-31,08:00,17:00,30,18,5678
SE-401338,LUM-UMH,PR-3015,2024-10-31,08:00,17:00,30,18,4817
SE-401339,LUM-UMH,PR-3016,2024-10-31,08:00,17:00,30,18,3166
SE-401340,LUM-UMH,PR-3017,31/10/2024,08:00,17:00,25,21,7465
SE-401341,LUM-UMH,PR-3018,2024-10-31,08:00,17:00,20,27,3765
SE-401342,LUM-CLR,PR-3019,2024-10-31,08:00,17:00,20,27,4416
SE-401343,LUM-CLR,PR-3020,31/10/2024,08:00,17:00,30,18,3302
SE-401344,LUM-CLR,PR-3021,2024-10-31,08:00,17:00,20,27,4210
SE-401345,LUM-CLR,PR-3022,31/10/2024,08:00,17:00,20,27,4199
SE-401346,LUM-CLR,PR-3023,31/10/2024,08:00,17:00,20,27,3940
SE-401347,LUM-CLR,PR-3024,2024-10-31,08:00,17:00,20,27,4215
SE-401348,LUM-GQE,PR-3025,31/10/2024,08:00,17:00,20,27,3480
SE-401349,LUM-GQE,PR-3026,31/10/2024,08:00,17:00,20,27,4421
SE-401350,LUM-GQE,PR-3027,2024-10-31,08:00,17:00,30,18,5152
SE-401351,LUM-GQE,PR-3028,2024-10-31,08:00,17:00,20,27,4210
SE-401352,LUM-BFN,PR-3029,2024-10-31,08:00,17:00,30,18,4817
SE-401353,LUM-BFN,PR-3030,2024-10-31,08:00,17:00,30,18,2885
SE-401354,LUM-BFN,PR-3031,2024-10-31,08:00,17:00,30,18,3256
SE-401355,LUM-BFN,PR-3032,2024-10-31,08:00,17:00,30,18,2779
SE-401356,LUM-SAN,PR-3001,01/11/2024,08:00,17:00,20,27,4207
SE-401357,LUM-SAN,PR-3004,2024-11-01,08:00,17:00,20,27,4117
SE-401358,LUM-SAN,PR-3005,2024-11-01,08:00,17:00,20,27,4234
SE-401359,LUM-SAN,PR-3006,2024-11-01,08:00,17:00,30,18,3134
SE-401360,LUM-SAN,PR-3007,2024-11-01,08:00,17:00,45,12,6711
SE-401361,LUM-PTA,PR-3008,2024-11-01,08:00,17:00,20,27,3803
SE-401362,LUM-PTA,PR-3010,01/11/2024,08:00,17:00,30,18,5602
SE-401363,LUM-PTA,PR-3011,2024-11-01,08:00,17:00,20,27,4519
SE-401364,LUM-PTA,PR-3012,2024-11-01,08:00,17:00,20,27,4073
SE-401365,LUM-PTA,PR-3013,2024-11-01,08:00,17:00,30,18,5678
SE-401366,LUM-UMH,PR-3014,01/11/2024,08:00,17:00,20,27,3616
SE-401367,LUM-UMH,PR-3015,2024-11-01,08:00,17:00,30,18,4817
SE-401368,LUM-UMH,PR-3016,2024-11-01,08:00,17:00,30,18,3166
SE-401369,LUM-UMH,PR-3017,01/11/2024,08:00,17:00,25,21,7465
SE-401370,LUM-UMH,PR-3018,2024-11-01,08:00,17:00,20,27,3765
SE-401371,LUM-CLR,PR-3019,2024-11-01,08:00,17:00,20,27,4416
SE-401372,LUM-CLR,PR-3020,01/11/2024,08:00,17:00,30,18,3302
SE-401373,LUM-CLR,PR-3021,2024-11-01,08:00,17:00,20,27,4210
SE-401374,LUM-CLR,PR-3022,2024-11-01,08:00,17:00,20,27,4199
SE-401375,LUM-CLR,PR-3024,2024-11-01,08:00,17:00,20,27,4215
SE-401376,LUM-GQE,PR-3026,2024-11-01,08:00,17:00,20,27,4421
SE-401377,LUM-GQE,PR-3027,2024-11-01,08:00,17:00,30,18,5152
SE-401378,LUM-GQE,PR-3028,2024-11-01,08:00,17:00,20,27,4210
SE-401379,LUM-BFN,PR-3030,2024-11-01,08:00,17:00,30,18,2885
SE-401380,LUM-BFN,PR-3031,2024-11-01,08:00,17:00,30,18,3256
SE-401381,LUM-BFN,PR-3032,2024-11-01,08:00,17:00,30,18,2779
SE-401382,LUM-SAN,PR-3001,2024-11-02,08:00,13:00,20,15,2337.22
SE-401383,LUM-SAN,PR-3004,2024-11-02,08:00,13:00,20,15,2287.22
SE-401384,LUM-SAN,PR-3005,2024-11-02,08:00,13:00,20,15,2352.22
SE-401385,LUM-SAN,PR-3006,2024-11-02,08:00,13:00,30,10,1741.11
SE-401386,LUM-PTA,PR-3008,2024-11-02,08:00,13:00,20,15,2112.78
SE-401387,LUM-PTA,PR-3013,02/11/2024,08:00,13:00,30,10,3154.44
SE-401388,LUM-UMH,PR-3015,2024-11-02,08:00,13:00,30,10,2676.11
SE-401389,LUM-CLR,PR-3024,2024-11-02,08:00,13:00,20,15,2341.67
SE-401390,LUM-GQE,PR-3026,02/11/2024,08:00,13:00,20,15,2456.11
SE-401391,LUM-GQE,PR-3027,02/11/2024,08:00,13:00,30,10,2862.22
SE-401392,LUM-GQE,PR-3028,2024-11-02,08:00,13:00,20,15,2338.89
SE-401393,LUM-BFN,PR-3032,2024-11-02,08:00,13:00,30,10,1543.89
SE-401394,LUM-SAN,PR-3001,2024-11-04,08:00,17:00,20,27,4207
SE-401395,LUM-SAN,PR-3002,2024-11-04,08:00,17:00,30,18,5987
SE-401396,LUM-SAN,PR-3003,2024-11-04,08:00,17:00,20,27,3679
SE-401397,LUM-SAN,PR-3004,2024-11-04,08:00,17:00,20,27,4117
SE-401398,LUM-SAN,PR-3005,2024-11-04,08:00,17:00,20,27,4234
SE-401399,LUM-SAN,PR-3006,04/11/2024,08:00,17:00,30,18,3134
SE-401400,LUM-SAN,PR-3007,2024-11-04,08:00,17:00,45,12,6711
SE-401401,LUM-PTA,PR-3008,04/11/2024,08:00,17:00,20,27,3803
SE-401402,LUM-PTA,PR-3009,2024-11-04,08:00,17:00,25,21,8221
SE-401403,LUM-PTA,PR-3011,2024-11-04,08:00,17:00,20,27,4519
SE-401404,LUM-PTA,PR-3012,2024-11-04,08:00,17:00,20,27,4073
SE-401405,LUM-PTA,PR-3013,04/11/2024,08:00,17:00,30,18,5678
SE-401406,LUM-UMH,PR-3014,2024-11-04,08:00,17:00,20,27,3616
SE-401407,LUM-UMH,PR-3015,2024-11-04,08:00,17:00,30,18,4817
SE-401408,LUM-UMH,PR-3016,2024-11-04,08:00,17:00,30,18,3166
SE-401409,LUM-UMH,PR-3017,2024-11-04,08:00,17:00,25,21,7465
SE-401410,LUM-UMH,PR-3018,2024-11-04,08:00,17:00,20,27,3765
SE-401411,LUM-CLR,PR-3019,2024-11-04,08:00,17:00,20,27,4416
SE-401412,LUM-CLR,PR-3020,04/11/2024,08:00,17:00,30,18,3302
SE-401413,LUM-CLR,PR-3021,2024-11-04,08:00,17:00,20,27,4210
SE-401414,LUM-CLR,PR-3022,2024-11-04,08:00,17:00,20,27,4199
SE-401415,LUM-CLR,PR-3023,04/11/2024,08:00,17:00,20,27,3940
SE-401416,LUM-CLR,PR-3024,2024-11-04,08:00,17:00,20,27,4215
SE-401417,LUM-GQE,PR-3025,2024-11-04,08:00,17:00,20,27,3480
SE-401418,LUM-GQE,PR-3026,2024-11-04,08:00,17:00,20,27,4421
SE-401419,LUM-GQE,PR-3027,2024-11-04,08:00,17:00,30,18,5152
SE-401420,LUM-GQE,PR-3028,04/11/2024,08:00,17:00,20,27,4210
SE-401421,LUM-BFN,PR-3029,2024-11-04,08:00,17:00,30,18,4817
SE-401422,LUM-BFN,PR-3030,2024-11-04,08:00,17:00,30,18,2885
SE-401423,LUM-BFN,PR-3031,2024-11-04,08:00,17:00,30,18,3256
SE-401424,LUM-BFN,PR-3032,2024-11-04,08:00,17:00,30,18,2779
SE-401425,LUM-SAN,PR-3001,2024-11-05,08:00,17:00,20,27,4207
SE-401426,LUM-SAN,PR-3003,05/11/2024,08:00,17:00,20,27,3679
SE-401427,LUM-SAN,PR-3004,2024-11-05,08:00,17:00,20,27,4117
SE-401428,LUM-SAN,PR-3005,2024-11-05,08:00,17:00,20,27,4234
SE-401429,LUM-SAN,PR-3006,2024-11-05,08:00,17:00,30,18,3134
SE-401430,LUM-SAN,PR-3007,05/11/2024,08:00,17:00,45,12,6711
SE-401431,LUM-PTA,PR-3008,2024-11-05,08:00,17:00,20,27,3803
SE-401432,LUM-PTA,PR-3009,2024-11-05,08:00,17:00,25,21,8221
SE-401433,LUM-PTA,PR-3010,2024-11-05,08:00,17:00,30,18,5602
SE-401434,LUM-PTA,PR-3012,05/11/2024,08:00,17:00,20,27,4073
SE-401435,LUM-PTA,PR-3013,2024-11-05,08:00,17:00,30,18,5678
SE-401436,LUM-UMH,PR-3014,2024-11-05,08:00,17:00,20,27,3616
SE-401437,LUM-UMH,PR-3015,2024-11-05,08:00,17:00,30,18,4817
SE-401438,LUM-UMH,PR-3016,05/11/2024,08:00,17:00,30,18,3166
SE-401439,LUM-UMH,PR-3017,05/11/2024,08:00,17:00,25,21,7465
SE-401440,LUM-UMH,PR-3018,2024-11-05,08:00,17:00,20,27,3765
SE-401441,LUM-CLR,PR-3019,2024-11-05,08:00,17:00,20,27,4416
SE-401442,LUM-CLR,PR-3020,2024-11-05,08:00,17:00,30,18,3302
SE-401443,LUM-CLR,PR-3021,2024-11-05,08:00,17:00,20,27,4210
SE-401444,LUM-CLR,PR-3023,2024-11-05,08:00,17:00,20,27,3940
SE-401445,LUM-CLR,PR-3024,2024-11-05,08:00,17:00,20,27,4215
SE-401446,LUM-GQE,PR-3025,2024-11-05,08:00,17:00,20,27,3480
SE-401447,LUM-GQE,PR-3026,2024-11-05,08:00,17:00,20,27,4421
SE-401448,LUM-GQE,PR-3027,2024-11-05,08:00,17:00,30,18,5152
SE-401449,LUM-GQE,PR-3028,2024-11-05,08:00,17:00,20,27,4210
SE-401450,LUM-BFN,PR-3029,2024-11-05,08:00,17:00,30,18,4817
SE-401451,LUM-BFN,PR-3030,2024-11-05,08:00,17:00,30,18,2885
SE-401452,LUM-BFN,PR-3032,2024-11-05,08:00,17:00,30,18,2779
SE-401453,LUM-SAN,PR-3001,2024-11-06,08:00,17:00,20,27,4207
SE-401454,LUM-SAN,PR-3002,2024-11-06,08:00,17:00,30,18,5987
SE-401455,LUM-SAN,PR-3003,2024-11-06,08:00,17:00,20,27,3679
SE-401456,LUM-SAN,PR-3004,2024-11-06,08:00,17:00,20,27,4117
SE-401457,LUM-SAN,PR-3005,06/11/2024,08:00,17:00,20,27,4234
SE-401458,LUM-SAN,PR-3006,2024-11-06,08:00,17:00,30,18,3134
SE-401459,LUM-SAN,PR-3007,2024-11-06,08:00,17:00,45,12,6711
SE-401460,LUM-PTA,PR-3008,2024-11-06,08:00,17:00,20,27,3803
SE-401461,LUM-PTA,PR-3009,2024-11-06,08:00,17:00,25,21,8221
SE-401462,LUM-PTA,PR-3010,2024-11-06,08:00,17:00,30,18,5602
SE-401463,LUM-PTA,PR-3011,2024-11-06,08:00,17:00,20,27,4519
SE-401464,LUM-PTA,PR-3012,06/11/2024,08:00,17:00,20,27,4073
SE-401465,LUM-UMH,PR-3014,06/11/2024,08:00,17:00,20,27,3616
SE-401466,LUM-UMH,PR-3015,06/11/2024,08:00,17:00,30,18,4817
SE-401467,LUM-UMH,PR-3016,2024-11-06,08:00,17:00,30,18,3166
SE-401468,LUM-UMH,PR-3017,2024-11-06,08:00,17:00,25,21,7465
SE-401469,LUM-UMH,PR-3018,06/11/2024,08:00,17:00,20,27,3765
SE-401470,LUM-CLR,PR-3019,06/11/2024,08:00,17:00,20,27,4416
SE-401471,LUM-CLR,PR-3020,2024-11-06,08:00,17:00,30,18,3302
SE-401472,LUM-CLR,PR-3021,2024-11-06,08:00,17:00,20,27,4210
SE-401473,LUM-CLR,PR-3022,2024-11-06,08:00,17:00,20,27,4199
SE-401474,LUM-GQE,PR-3025,06/11/2024,08:00,17:00,20,27,3480
SE-401475,LUM-GQE,PR-3026,2024-11-06,08:00,17:00,20,27,4421
SE-401476,LUM-GQE,PR-3027,2024-11-06,08:00,17:00,30,18,5152
SE-401477,LUM-GQE,PR-3028,2024-11-06,08:00,17:00,20,27,4210
SE-401478,LUM-BFN,PR-3029,2024-11-06,08:00,17:00,30,18,4817
SE-401479,LUM-BFN,PR-3030,06/11/2024,08:00,17:00,30,18,2885
SE-401480,LUM-BFN,PR-3031,06/11/2024,08:00,17:00,30,18,3256
SE-401481,LUM-BFN,PR-3032,2024-11-06,08:00,17:00,30,18,2779
SE-401482,LUM-SAN,PR-3001,07/11/2024,08:00,17:00,20,27,4207
SE-401483,LUM-SAN,PR-3003,2024-11-07,08:00,17:00,20,27,3679
SE-401484,LUM-SAN,PR-3004,2024-11-07,08:00,17:00,20,27,4117
SE-401485,LUM-SAN,PR-3005,2024-11-07,08:00,17:00,20,27,4234
SE-401486,LUM-SAN,PR-3006,2024-11-07,08:00,17:00,30,18,3134
SE-401487,LUM-PTA,PR-3008,2024-11-07,08:00,17:00,20,27,3803
SE-401488,LUM-PTA,PR-3009,2024-11-07,08:00,17:00,25,21,8221
SE-401489,LUM-PTA,PR-3010,2024-11-07,08:00,17:00,30,18,5602
SE-401490,LUM-PTA,PR-3012,07/11/2024,08:00,17:00,20,27,4073
SE-401491,LUM-PTA,PR-3013,2024-11-07,08:00,17:00,30,18,5678
SE-401492,LUM-UMH,PR-3014,2024-11-07,08:00,17:00,20,27,3616
SE-401493,LUM-UMH,PR-3015,2024-11-07,08:00,17:00,30,18,4817
SE-401494,LUM-UMH,PR-3016,07/11/2024,08:00,17:00,30,18,3166
SE-401495,LUM-UMH,PR-3017,2024-11-07,08:00,17:00,25,21,7465
SE-401496,LUM-UMH,PR-3018,07/11/2024,08:00,17:00,20,27,3765
SE-401497,LUM-CLR,PR-3019,2024-11-07,08:00,17:00,20,27,4416
SE-401498,LUM-CLR,PR-3020,2024-11-07,08:00,17:00,30,18,3302
SE-401499,LUM-CLR,PR-3021,07/11/2024,08:00,17:00,20,27,4210
SE-401500,LUM-CLR,PR-3022,07/11/2024,08:00,17:00,20,27,4199
SE-401501,LUM-CLR,PR-3024,2024-11-07,08:00,17:00,20,27,4215
SE-401502,LUM-GQE,PR-3026,2024-11-07,08:00,17:00,20,27,4421
SE-401503,LUM-GQE,PR-3027,2024-11-07,08:00,17:00,30,18,5152
SE-401504,LUM-BFN,PR-3029,07/11/2024,08:00,17:00,30,18,4817
SE-401505,LUM-BFN,PR-3030,2024-11-07,08:00,17:00,30,18,2885
SE-401506,LUM-BFN,PR-3031,2024-11-07,08:00,17:00,30,18,3256
SE-401507,LUM-BFN,PR-3032,07/11/2024,08:00,17:00,30,18,2779
SE-401508,LUM-SAN,PR-3001,08/11/2024,08:00,17:00,20,27,4207
SE-401509,LUM-SAN,PR-3002,2024-11-08,08:00,17:00,30,18,5987
SE-401510,LUM-SAN,PR-3003,2024-11-08,08:00,17:00,20,27,3679
SE-401511,LUM-SAN,PR-3004,08/11/2024,08:00,17:00,20,27,4117
SE-401512,LUM-SAN,PR-3005,2024-11-08,08:00,17:00,20,27,4234
SE-401513,LUM-SAN,PR-3006,2024-11-08,08:00,17:00,30,18,3134
SE-401514,LUM-PTA,PR-3008,08/11/2024,08:00,17:00,20,27,3803
SE-401515,LUM-PTA,PR-3009,2024-11-08,08:00,17:00,25,21,8221
SE-401516,LUM-PTA,PR-3010,2024-11-08,08:00,17:00,30,18,5602
SE-401517,LUM-PTA,PR-3011,2024-11-08,08:00,17:00,20,27,4519
SE-401518,LUM-PTA,PR-3012,2024-11-08,08:00,17:00,20,27,4073
SE-401519,LUM-PTA,PR-3013,2024-11-08,08:00,17:00,30,18,5678
SE-401520,LUM-UMH,PR-3014,08/11/2024,08:00,17:00,20,27,3616
SE-401521,LUM-UMH,PR-3015,2024-11-08,08:00,17:00,30,18,4817
SE-401522,LUM-UMH,PR-3016,2024-11-08,08:00,17:00,30,18,3166
SE-401523,LUM-UMH,PR-3017,2024-11-08,08:00,17:00,25,21,7465
SE-401524,LUM-UMH,PR-3018,08/11/2024,08:00,17:00,20,27,3765
SE-401525,LUM-CLR,PR-3020,2024-11-08,08:00,17:00,30,18,3302
SE-401526,LUM-CLR,PR-3021,08/11/2024,08:00,17:00,20,27,4210
SE-401527,LUM-CLR,PR-3023,2024-11-08,08:00,17:00,20,27,3940
SE-401528,LUM-CLR,PR-3024,08/11/2024,08:00,17:00,20,27,4215
SE-401529,LUM-GQE,PR-3025,2024-11-08,08:00,17:00,20,27,3480
SE-401530,LUM-GQE,PR-3026,2024-11-08,08:00,17:00,20,27,4421
SE-401531,LUM-GQE,PR-3027,08/11/2024,08:00,17:00,30,18,5152
SE-401532,LUM-GQE,PR-3028,2024-11-08,08:00,17:00,20,27,4210
SE-401533,LUM-BFN,PR-3029,08/11/2024,08:00,17:00,30,18,4817
SE-401534,LUM-BFN,PR-3030,2024-11-08,08:00,17:00,30,18,2885
SE-401535,LUM-BFN,PR-3031,2024-11-08,08:00,17:00,30,18,3256
SE-401536,LUM-BFN,PR-3032,2024-11-08,08:00,17:00,30,18,2779
SE-401537,LUM-SAN,PR-3002,2024-11-09,08:00,13:00,30,10,3326.11
SE-401538,LUM-SAN,PR-3004,2024-11-09,08:00,13:00,20,15,2287.22
SE-401539,LUM-SAN,PR-3007,09/11/2024,08:00,13:00,45,6,3728.33
SE-401540,LUM-PTA,PR-3008,2024-11-09,08:00,13:00,20,15,2112.78
SE-401541,LUM-PTA,PR-3009,09/11/2024,08:00,13:00,25,12,4567.22
SE-401542,LUM-PTA,PR-3011,2024-11-09,08:00,13:00,20,15,2510.56
SE-401543,LUM-UMH,PR-3014,2024-11-09,08:00,13:00,20,15,2008.89
SE-401544,LUM-CLR,PR-3021,2024-11-09,08:00,13:00,20,15,2338.89
SE-401545,LUM-CLR,PR-3022,2024-11-09,08:00,13:00,20,15,2332.78
SE-401546,LUM-GQE,PR-3026,2024-11-09,08:00,13:00,20,15,2456.11
SE-401547,LUM-BFN,PR-3029,2024-11-09,08:00,13:00,30,10,2676.11
SE-401548,LUM-BFN,PR-3031,2024-11-09,08:00,13:00,30,10,1808.89
SE-401549,LUM-SAN,PR-3001,2024-11-11,08:00,17:00,20,27,4207
SE-401550,LUM-SAN,PR-3002,2024-11-11,08:00,17:00,30,18,5987
SE-401551,LUM-SAN,PR-3003,2024-11-11,08:00,17:00,20,27,3679
SE-401552,LUM-SAN,PR-3004,2024-11-11,08:00,17:00,20,27,4117
SE-401553,LUM-SAN,PR-3005,11/11/2024,08:00,17:00,20,27,4234
SE-401554,LUM-SAN,PR-3006,2024-11-11,08:00,17:00,30,18,3134
SE-401555,LUM-SAN,PR-3007,11/11/2024,08:00,17:00,45,12,6711
SE-401556,LUM-PTA,PR-3008,2024-11-11,08:00,17:00,20,27,3803
SE-401557,LUM-PTA,PR-3009,2024-11-11,08:00,17:00,25,21,8221
SE-401558,LUM-PTA,PR-3010,2024-11-11,08:00,17:00,30,18,5602
SE-401559,LUM-PTA,PR-3011,2024-11-11,08:00,17:00,20,27,4519
SE-401560,LUM-PTA,PR-3012,2024-11-11,08:00,17:00,20,27,4073
SE-401561,LUM-PTA,PR-3013,11/11/2024,08:00,17:00,30,18,5678
SE-401562,LUM-UMH,PR-3014,2024-11-11,08:00,17:00,20,27,3616
SE-401563,LUM-UMH,PR-3015,11/11/2024,08:00,17:00,30,18,4817
SE-401564,LUM-UMH,PR-3016,11/11/2024,08:00,17:00,30,18,3166
SE-401565,LUM-UMH,PR-3017,11/11/2024,08:00,17:00,25,21,7465
SE-401566,LUM-UMH,PR-3018,2024-11-11,08:00,17:00,20,27,3765
SE-401567,LUM-CLR,PR-3020,11/11/2024,08:00,17:00,30,18,3302
SE-401568,LUM-CLR,PR-3021,2024-11-11,08:00,17:00,20,27,4210
SE-401569,LUM-CLR,PR-3022,2024-11-11,08:00,17:00,20,27,4199
SE-401570,LUM-CLR,PR-3023,2024-11-11,08:00,17:00,20,27,3940
SE-401571,LUM-CLR,PR-3024,2024-11-11,08:00,17:00,20,27,4215
SE-401572,LUM-GQE,PR-3026,2024-11-11,08:00,17:00,20,27,4421
SE-401573,LUM-GQE,PR-3027,2024-11-11,08:00,17:00,30,18,5152
SE-401574,LUM-GQE,PR-3028,2024-11-11,08:00,17:00,20,27,4210
SE-401575,LUM-BFN,PR-3029,2024-11-11,08:00,17:00,30,18,4817
SE-401576,LUM-BFN,PR-3030,2024-11-11,08:00,17:00,30,18,2885
SE-401577,LUM-BFN,PR-3031,2024-11-11,08:00,17:00,30,18,3256
SE-401578,LUM-BFN,PR-3032,11/11/2024,08:00,17:00,30,18,2779
SE-401579,LUM-SAN,PR-3001,2024-11-12,08:00,17:00,20,27,4207
SE-401580,LUM-SAN,PR-3002,2024-11-12,08:00,17:00,30,18,5987
SE-401581,LUM-SAN,PR-3003,2024-11-12,08:00,17:00,20,27,3679
SE-401582,LUM-SAN,PR-3005,2024-11-12,08:00,17:00,20,27,4234
SE-401583,LUM-SAN,PR-3006,2024-11-12,08:00,17:00,30,18,3134
SE-401584,LUM-SAN,PR-3007,12/11/2024,08:00,17:00,45,12,6711
SE-401585,LUM-PTA,PR-3008,2024-11-12,08:00,17:00,20,27,3803
SE-401586,LUM-PTA,PR-3009,2024-11-12,08:00,17:00,25,21,8221
SE-401587,LUM-PTA,PR-3011,12/11/2024,08:00,17:00,20,27,4519
SE-401588,LUM-PTA,PR-3012,2024-11-12,08:00,17:00,20,27,4073
SE-401589,LUM-PTA,PR-3013,2024-11-12,08:00,17:00,30,18,5678
SE-401590,LUM-UMH,PR-3015,2024-11-12,08:00,17:00,30,18,4817
SE-401591,LUM-UMH,PR-3016,2024-11-12,08:00,17:00,30,18,3166
SE-401592,LUM-UMH,PR-3017,2024-11-12,08:00,17:00,25,21,7465
SE-401593,LUM-UMH,PR-3018,2024-11-12,08:00,17:00,20,27,3765
SE-401594,LUM-CLR,PR-3019,12/11/2024,08:00,17:00,20,27,4416
SE-401595,LUM-CLR,PR-3020,2024-11-12,08:00,17:00,30,18,3302
SE-401596,LUM-CLR,PR-3021,2024-11-12,08:00,17:00,20,27,4210
SE-401597,LUM-CLR,PR-3022,2024-11-12,08:00,17:00,20,27,4199
SE-401598,LUM-CLR,PR-3023,12/11/2024,08:00,17:00,20,27,3940
SE-401599,LUM-GQE,PR-3025,2024-11-12,08:00,17:00,20,27,3480
SE-401600,LUM-GQE,PR-3026,2024-11-12,08:00,17:00,20,27,4421
SE-401601,LUM-GQE,PR-3027,12/11/2024,08:00,17:00,30,18,5152
SE-401602,LUM-GQE,PR-3028,12/11/2024,08:00,17:00,20,27,4210
SE-401603,LUM-BFN,PR-3029,2024-11-12,08:00,17:00,30,18,4817
SE-401604,LUM-BFN,PR-3030,2024-11-12,08:00,17:00,30,18,2885
SE-401605,LUM-BFN,PR-3031,2024-11-12,08:00,17:00,30,18,3256
SE-401606,LUM-BFN,PR-3032,12/11/2024,08:00,17:00,30,18,2779
SE-401607,LUM-SAN,PR-3001,2024-11-13,08:00,17:00,20,27,4207
SE-401608,LUM-SAN,PR-3002,13/11/2024,08:00,17:00,30,18,5987
SE-401609,LUM-SAN,PR-3004,2024-11-13,08:00,17:00,20,27,4117
SE-401610,LUM-SAN,PR-3005,2024-11-13,08:00,17:00,20,27,4234
SE-401611,LUM-SAN,PR-3006,2024-11-13,08:00,17:00,30,18,3134
SE-401612,LUM-SAN,PR-3007,13/11/2024,08:00,17:00,45,12,6711
SE-401613,LUM-PTA,PR-3008,13/11/2024,08:00,17:00,20,27,3803
SE-401614,LUM-PTA,PR-3009,2024-11-13,08:00,17:00,25,21,8221
SE-401615,LUM-PTA,PR-3011,2024-11-13,08:00,17:00,20,27,4519
SE-401616,LUM-PTA,PR-3012,2024-11-13,08:00,17:00,20,27,4073
SE-401617,LUM-PTA,PR-3013,2024-11-13,08:00,17:00,30,18,5678
SE-401618,LUM-UMH,PR-3014,13/11/2024,08:00,17:00,20,27,3616
SE-401619,LUM-UMH,PR-3015,2024-11-13,08:00,17:00,30,18,4817
SE-401620,LUM-UMH,PR-3016,2024-11-13,08:00,17:00,30,18,3166
SE-401621,LUM-UMH,PR-3017,2024-11-13,08:00,17:00,25,21,7465
SE-401622,LUM-UMH,PR-3018,2024-11-13,08:00,17:00,20,27,3765
SE-401623,LUM-CLR,PR-3019,2024-11-13,08:00,17:00,20,27,4416
SE-401624,LUM-CLR,PR-3020,2024-11-13,08:00,17:00,30,18,3302
SE-401625,LUM-CLR,PR-3021,2024-11-13,08:00,17:00,20,27,4210
SE-401626,LUM-CLR,PR-3022,2024-11-13,08:00,17:00,20,27,4199
SE-401627,LUM-CLR,PR-3023,2024-11-13,08:00,17:00,20,27,3940
SE-401628,LUM-CLR,PR-3024,2024-11-13,08:00,17:00,20,27,4215
SE-401629,LUM-GQE,PR-3025,2024-11-13,08:00,17:00,20,27,3480
SE-401630,LUM-GQE,PR-3026,13/11/2024,08:00,17:00,20,27,4421
SE-401631,LUM-GQE,PR-3027,2024-11-13,08:00,17:00,30,18,5152
SE-401632,LUM-GQE,PR-3028,2024-11-13,08:00,17:00,20,27,4210
SE-401633,LUM-BFN,PR-3029,2024-11-13,08:00,17:00,30,18,4817
SE-401634,LUM-BFN,PR-3030,2024-11-13,08:00,17:00,30,18,2885
SE-401635,LUM-BFN,PR-3031,2024-11-13,08:00,17:00,30,18,3256
SE-401636,LUM-BFN,PR-3032,2024-11-13,08:00,17:00,30,18,2779
SE-401637,LUM-SAN,PR-3001,2024-11-14,08:00,17:00,20,27,4207
SE-401638,LUM-SAN,PR-3002,2024-11-14,08:00,17:00,30,18,5987
SE-401639,LUM-SAN,PR-3003,2024-11-14,08:00,17:00,20,27,3679
SE-401640,LUM-SAN,PR-3004,14/11/2024,08:00,17:00,20,27,4117
SE-401641,LUM-SAN,PR-3005,14/11/2024,08:00,17:00,20,27,4234
SE-401642,LUM-SAN,PR-3006,2024-11-14,08:00,17:00,30,18,3134
SE-401643,LUM-SAN,PR-3007,2024-11-14,08:00,17:00,45,12,6711
SE-401644,LUM-PTA,PR-3008,2024-11-14,08:00,17:00,20,27,3803
SE-401645,LUM-PTA,PR-3009,14/11/2024,08:00,17:00,25,21,8221
SE-401646,LUM-PTA,PR-3010,14/11/2024,08:00,17:00,30,18,5602
SE-401647,LUM-PTA,PR-3011,2024-11-14,08:00,17:00,20,27,4519
SE-401648,LUM-PTA,PR-3012,2024-11-14,08:00,17:00,20,27,4073
SE-401649,LUM-PTA,PR-3013,2024-11-14,08:00,17:00,30,18,5678
SE-401650,LUM-UMH,PR-3014,2024-11-14,08:00,17:00,20,27,3616
SE-401651,LUM-UMH,PR-3015,2024-11-14,08:00,17:00,30,18,4817
SE-401652,LUM-UMH,PR-3016,2024-11-14,08:00,17:00,30,18,3166
SE-401653,LUM-UMH,PR-3017,2024-11-14,08:00,17:00,25,21,7465
SE-401654,LUM-UMH,PR-3018,2024-11-14,08:00,17:00,20,27,3765
SE-401655,LUM-CLR,PR-3019,14/11/2024,08:00,17:00,20,27,4416
SE-401656,LUM-CLR,PR-3020,2024-11-14,08:00,17:00,30,18,3302
SE-401657,LUM-CLR,PR-3021,2024-11-14,08:00,17:00,20,27,4210
SE-401658,LUM-CLR,PR-3022,2024-11-14,08:00,17:00,20,27,4199
SE-401659,LUM-CLR,PR-3023,2024-11-14,08:00,17:00,20,27,3940
SE-401660,LUM-CLR,PR-3024,14/11/2024,08:00,17:00,20,27,4215
SE-401661,LUM-GQE,PR-3025,14/11/2024,08:00,17:00,20,27,3480
SE-401662,LUM-GQE,PR-3026,2024-11-14,08:00,17:00,20,27,4421
SE-401663,LUM-GQE,PR-3027,14/11/2024,08:00,17:00,30,18,5152
SE-401664,LUM-GQE,PR-3028,14/11/2024,08:00,17:00,20,27,4210
SE-401665,LUM-BFN,PR-3031,2024-11-14,08:00,17:00,30,18,3256
SE-401666,LUM-BFN,PR-3032,14/11/2024,08:00,17:00,30,18,2779
SE-401667,LUM-SAN,PR-3001,2024-11-15,08:00,17:00,20,27,4207
SE-401668,LUM-SAN,PR-3002,15/11/2024,08:00,17:00,30,18,5987
SE-401669,LUM-SAN,PR-3003,15/11/2024,08:00,17:00,20,27,3679
SE-401670,LUM-SAN,PR-3004,15/11/2024,08:00,17:00,20,27,4117
SE-401671,LUM-SAN,PR-3005,2024-11-15,08:00,17:00,20,27,4234
SE-401672,LUM-SAN,PR-3006,15/11/2024,08:00,17:00,30,18,3134
SE-401673,LUM-SAN,PR-3007,15/11/2024,08:00,17:00,45,12,6711
SE-401674,LUM-PTA,PR-3008,15/11/2024,08:00,17:00,20,27,3803
SE-401675,LUM-PTA,PR-3009,15/11/2024,08:00,17:00,25,21,8221
SE-401676,LUM-PTA,PR-3010,2024-11-15,08:00,17:00,30,18,5602
SE-401677,LUM-PTA,PR-3011,2024-11-15,08:00,17:00,20,27,4519
SE-401678,LUM-PTA,PR-3012,2024-11-15,08:00,17:00,20,27,4073
SE-401679,LUM-PTA,PR-3013,2024-11-15,08:00,17:00,30,18,5678
SE-401680,LUM-UMH,PR-3014,2024-11-15,08:00,17:00,20,27,3616
SE-401681,LUM-UMH,PR-3015,15/11/2024,08:00,17:00,30,18,4817
SE-401682,LUM-UMH,PR-3016,2024-11-15,08:00,17:00,30,18,3166
SE-401683,LUM-UMH,PR-3018,2024-11-15,08:00,17:00,20,27,3765
SE-401684,LUM-CLR,PR-3019,15/11/2024,08:00,17:00,20,27,4416
SE-401685,LUM-CLR,PR-3020,2024-11-15,08:00,17:00,30,18,3302
SE-401686,LUM-CLR,PR-3021,15/11/2024,08:00,17:00,20,27,4210
SE-401687,LUM-CLR,PR-3022,2024-11-15,08:00,17:00,20,27,4199
SE-401688,LUM-CLR,PR-3023,2024-11-15,08:00,17:00,20,27,3940
SE-401689,LUM-GQE,PR-3025,2024-11-15,08:00,17:00,20,27,3480
SE-401690,LUM-GQE,PR-3026,2024-11-15,08:00,17:00,20,27,4421
SE-401691,LUM-GQE,PR-3027,2024-11-15,08:00,17:00,30,18,5152
SE-401692,LUM-GQE,PR-3028,2024-11-15,08:00,17:00,20,27,4210
SE-401693,LUM-BFN,PR-3029,15/11/2024,08:00,17:00,30,18,4817
SE-401694,LUM-BFN,PR-3030,2024-11-15,08:00,17:00,30,18,2885
SE-401695,LUM-BFN,PR-3031,2024-11-15,08:00,17:00,30,18,3256
SE-401696,LUM-BFN,PR-3032,2024-11-15,08:00,17:00,30,18,2779
SE-401697,LUM-SAN,PR-3002,16/11/2024,08:00,13:00,30,10,3326.11
SE-401698,LUM-SAN,PR-3004,2024-11-16,08:00,13:00,20,15,2287.22
SE-401699,LUM-PTA,PR-3010,2024-11-16,08:00,13:00,30,10,3112.22
SE-401700,LUM-CLR,PR-3020,16/11/2024,08:00,13:00,30,10,1834.44
SE-401701,LUM-CLR,PR-3021,2024-11-16,08:00,13:00,20,15,2338.89
SE-401702,LUM-CLR,PR-3024,2024-11-16,08:00,13:00,20,15,2341.67
SE-401703,LUM-GQE,PR-3025,2024-11-16,08:00,13:00,20,15,1933.33
SE-401704,LUM-GQE,PR-3026,16/11/2024,08:00,13:00,20,15,2456.11
SE-401705,LUM-SAN,PR-3002,2024-11-18,08:00,17:00,30,18,5987
SE-401706,LUM-SAN,PR-3003,2024-11-18,08:00,17:00,20,27,3679
SE-401707,LUM-SAN,PR-3005,2024-11-18,08:00,17:00,20,27,4234
SE-401708,LUM-SAN,PR-3006,2024-11-18,08:00,17:00,30,18,3134
SE-401709,LUM-SAN,PR-3007,2024-11-18,08:00,17:00,45,12,6711
SE-401710,LUM-PTA,PR-3008,2024-11-18,08:00,17:00,20,27,3803
SE-401711,LUM-PTA,PR-3010,18/11/2024,08:00,17:00,30,18,5602
SE-401712,LUM-PTA,PR-3011,2024-11-18,08:00,17:00,20,27,4519
SE-401713,LUM-PTA,PR-3012,2024-11-18,08:00,17:00,20,27,4073
SE-401714,LUM-UMH,PR-3014,18/11/2024,08:00,17:00,20,27,3616
SE-401715,LUM-UMH,PR-3015,2024-11-18,08:00,17:00,30,18,4817
SE-401716,LUM-UMH,PR-3016,2024-11-18,08:00,17:00,30,18,3166
SE-401717,LUM-UMH,PR-3017,2024-11-18,08:00,17:00,25,21,7465
SE-401718,LUM-UMH,PR-3018,18/11/2024,08:00,17:00,20,27,3765
SE-401719,LUM-CLR,PR-3019,2024-11-18,08:00,17:00,20,27,4416
SE-401720,LUM-CLR,PR-3022,2024-11-18,08:00,17:00,20,27,4199
SE-401721,LUM-CLR,PR-3023,18/11/2024,08:00,17:00,20,27,3940
SE-401722,LUM-CLR,PR-3024,18/11/2024,08:00,17:00,20,27,4215
SE-401723,LUM-GQE,PR-3025,18/11/2024,08:00,17:00,20,27,3480
SE-401724,LUM-GQE,PR-3026,2024-11-18,08:00,17:00,20,27,4421
SE-401725,LUM-GQE,PR-3027,2024-11-18,08:00,17:00,30,18,5152
SE-401726,LUM-GQE,PR-3028,2024-11-18,08:00,17:00,20,27,4210
SE-401727,LUM-BFN,PR-3029,18/11/2024,08:00,17:00,30,18,4817
SE-401728,LUM-BFN,PR-3030,2024-11-18,08:00,17:00,30,18,2885
SE-401729,LUM-BFN,PR-3031,2024-11-18,08:00,17:00,30,18,3256
SE-401730,LUM-BFN,PR-3032,2024-11-18,08:00,17:00,30,18,2779
SE-401731,LUM-SAN,PR-3001,2024-11-19,08:00,17:00,20,27,4207
SE-401732,LUM-SAN,PR-3002,19/11/2024,08:00,17:00,30,18,5987
SE-401733,LUM-SAN,PR-3003,2024-11-19,08:00,17:00,20,27,3679
SE-401734,LUM-SAN,PR-3005,2024-11-19,08:00,17:00,20,27,4234
SE-401735,LUM-SAN,PR-3006,2024-11-19,08:00,17:00,30,18,3134
SE-401736,LUM-SAN,PR-3007,2024-11-19,08:00,17:00,45,12,6711
SE-401737,LUM-PTA,PR-3009,2024-11-19,08:00,17:00,25,21,8221
SE-401738,LUM-PTA,PR-3010,2024-11-19,08:00,17:00,30,18,5602
SE-401739,LUM-PTA,PR-3011,2024-11-19,08:00,17:00,20,27,4519
SE-401740,LUM-PTA,PR-3012,2024-11-19,08:00,17:00,20,27,4073
SE-401741,LUM-PTA,PR-3013,2024-11-19,08:00,17:00,30,18,5678
SE-401742,LUM-UMH,PR-3014,19/11/2024,08:00,17:00,20,27,3616
SE-401743,LUM-UMH,PR-3015,2024-11-19,08:00,17:00,30,18,4817
SE-401744,LUM-UMH,PR-3016,2024-11-19,08:00,17:00,30,18,3166
SE-401745,LUM-UMH,PR-3018,2024-11-19,08:00,17:00,20,27,3765
SE-401746,LUM-CLR,PR-3019,2024-11-19,08:00,17:00,20,27,4416
SE-401747,LUM-CLR,PR-3020,2024-11-19,08:00,17:00,30,18,3302
SE-401748,LUM-CLR,PR-3021,2024-11-19,08:00,17:00,20,27,4210
SE-401749,LUM-CLR,PR-3022,2024-11-19,08:00,17:00,20,27,4199
SE-401750,LUM-CLR,PR-3023,2024-11-19,08:00,17:00,20,27,3940
SE-401751,LUM-CLR,PR-3024,2024-11-19,08:00,17:00,20,27,4215
SE-401752,LUM-GQE,PR-3026,2024-11-19,08:00,17:00,20,27,4421
SE-401753,LUM-GQE,PR-3027,19/11/2024,08:00,17:00,30,18,5152
SE-401754,LUM-BFN,PR-3029,19/11/2024,08:00,17:00,30,18,4817
SE-401755,LUM-BFN,PR-3031,19/11/2024,08:00,17:00,30,18,3256
SE-401756,LUM-BFN,PR-3032,2024-11-19,08:00,17:00,30,18,2779
SE-401757,LUM-SAN,PR-3001,2024-11-20,08:00,17:00,20,27,4207
SE-401758,LUM-SAN,PR-3002,2024-11-20,08:00,17:00,30,18,5987
SE-401759,LUM-SAN,PR-3003,2024-11-20,08:00,17:00,20,27,3679
SE-401760,LUM-SAN,PR-3004,2024-11-20,08:00,17:00,20,27,4117
SE-401761,LUM-SAN,PR-3005,2024-11-20,08:00,17:00,20,27,4234
SE-401762,LUM-SAN,PR-3006,2024-11-20,08:00,17:00,30,18,3134
SE-401763,LUM-SAN,PR-3007,2024-11-20,08:00,17:00,45,12,6711
SE-401764,LUM-PTA,PR-3009,2024-11-20,08:00,17:00,25,21,8221
SE-401765,LUM-PTA,PR-3010,2024-11-20,08:00,17:00,30,18,5602
SE-401766,LUM-PTA,PR-3011,2024-11-20,08:00,17:00,20,27,4519
SE-401767,LUM-PTA,PR-3012,20/11/2024,08:00,17:00,20,27,4073
SE-401768,LUM-PTA,PR-3013,2024-11-20,08:00,17:00,30,18,5678
SE-401769,LUM-UMH,PR-3014,20/11/2024,08:00,17:00,20,27,3616
SE-401770,LUM-UMH,PR-3015,2024-11-20,08:00,17:00,30,18,4817
SE-401771,LUM-UMH,PR-3016,2024-11-20,08:00,17:00,30,18,3166
SE-401772,LUM-UMH,PR-3017,2024-11-20,08:00,17:00,25,21,7465
SE-401773,LUM-UMH,PR-3018,2024-11-20,08:00,17:00,20,27,3765
SE-401774,LUM-CLR,PR-3019,2024-11-20,08:00,17:00,20,27,4416
SE-401775,LUM-CLR,PR-3020,20/11/2024,08:00,17:00,30,18,3302
SE-401776,LUM-CLR,PR-3021,2024-11-20,08:00,17:00,20,27,4210
SE-401777,LUM-CLR,PR-3022,20/11/2024,08:00,17:00,20,27,4199
SE-401778,LUM-CLR,PR-3023,2024-11-20,08:00,17:00,20,27,3940
SE-401779,LUM-CLR,PR-3024,2024-11-20,08:00,17:00,20,27,4215
SE-401780,LUM-GQE,PR-3025,2024-11-20,08:00,17:00,20,27,3480
SE-401781,LUM-GQE,PR-3026,2024-11-20,08:00,17:00,20,27,4421
SE-401782,LUM-GQE,PR-3028,2024-11-20,08:00,17:00,20,27,4210
SE-401783,LUM-BFN,PR-3029,2024-11-20,08:00,17:00,30,18,4817
SE-401784,LUM-BFN,PR-3030,2024-11-20,08:00,17:00,30,18,2885
SE-401785,LUM-BFN,PR-3031,2024-11-20,08:00,17:00,30,18,3256
SE-401786,LUM-BFN,PR-3032,2024-11-20,08:00,17:00,30,18,2779
SE-401787,LUM-SAN,PR-3002,2024-11-21,08:00,17:00,30,18,5987
SE-401788,LUM-SAN,PR-3003,2024-11-21,08:00,17:00,20,27,3679
SE-401789,LUM-SAN,PR-3004,2024-11-21,08:00,17:00,20,27,4117
SE-401790,LUM-SAN,PR-3005,21/11/2024,08:00,17:00,20,27,4234
SE-401791,LUM-SAN,PR-3006,2024-11-21,08:00,17:00,30,18,3134
SE-401792,LUM-PTA,PR-3008,21/11/2024,08:00,17:00,20,27,3803
SE-401793,LUM-PTA,PR-3009,2024-11-21,08:00,17:00,25,21,8221
SE-401794,LUM-PTA,PR-3010,2024-11-21,08:00,17:00,30,18,5602
SE-401795,LUM-PTA,PR-3011,21/11/2024,08:00,17:00,20,27,4519
SE-401796,LUM-PTA,PR-3012,2024-11-21,08:00,17:00,20,27,4073
SE-401797,LUM-PTA,PR-3013,2024-11-21,08:00,17:00,30,18,5678
SE-401798,LUM-UMH,PR-3014,2024-11-21,08:00,17:00,20,27,3616
SE-401799,LUM-UMH,PR-3015,2024-11-21,08:00,17:00,30,18,4817
SE-401800,LUM-UMH,PR-3016,2024-11-21,08:00,17:00,30,18,3166
SE-401801,LUM-UMH,PR-3017,21/11/2024,08:00,17:00,25,21,7465
SE-401802,LUM-UMH,PR-3018,2024-11-21,08:00,17:00,20,27,3765
SE-401803,LUM-CLR,PR-3019,21/11/2024,08:00,17:00,20,27,4416
SE-401804,LUM-CLR,PR-3020,2024-11-21,08:00,17:00,30,18,3302
SE-401805,LUM-CLR,PR-3021,21/11/2024,08:00,17:00,20,27,4210
SE-401806,LUM-CLR,PR-3022,21/11/2024,08:00,17:00,20,27,4199
SE-401807,LUM-CLR,PR-3023,21/11/2024,08:00,17:00,20,27,3940
SE-401808,LUM-CLR,PR-3024,2024-11-21,08:00,17:00,20,27,4215
SE-401809,LUM-GQE,PR-3025,21/11/2024,08:00,17:00,20,27,3480
SE-401810,LUM-GQE,PR-3026,2024-11-21,08:00,17:00,20,27,4421
SE-401811,LUM-GQE,PR-3028,2024-11-21,08:00,17:00,20,27,4210
SE-401812,LUM-BFN,PR-3029,2024-11-21,08:00,17:00,30,18,4817
SE-401813,LUM-BFN,PR-3030,2024-11-21,08:00,17:00,30,18,2885
SE-401814,LUM-BFN,PR-3032,2024-11-21,08:00,17:00,30,18,2779
SE-401815,LUM-SAN,PR-3001,2024-11-22,08:00,17:00,20,27,4207
SE-401816,LUM-SAN,PR-3002,2024-11-22,08:00,17:00,30,18,5987
SE-401817,LUM-SAN,PR-3003,22/11/2024,08:00,17:00,20,27,3679
SE-401818,LUM-SAN,PR-3004,2024-11-22,08:00,17:00,20,27,4117
SE-401819,LUM-SAN,PR-3005,22/11/2024,08:00,17:00,20,27,4234
SE-401820,LUM-SAN,PR-3006,2024-11-22,08:00,17:00,30,18,3134
SE-401821,LUM-SAN,PR-3007,2024-11-22,08:00,17:00,45,12,6711
SE-401822,LUM-PTA,PR-3008,22/11/2024,08:00,17:00,20,27,3803
SE-401823,LUM-PTA,PR-3011,22/11/2024,08:00,17:00,20,27,4519
SE-401824,LUM-PTA,PR-3012,2024-11-22,08:00,17:00,20,27,4073
SE-401825,LUM-PTA,PR-3013,2024-11-22,08:00,17:00,30,18,5678
SE-401826,LUM-UMH,PR-3014,2024-11-22,08:00,17:00,20,27,3616
SE-401827,LUM-UMH,PR-3015,2024-11-22,08:00,17:00,30,18,4817
SE-401828,LUM-UMH,PR-3018,2024-11-22,08:00,17:00,20,27,3765
SE-401829,LUM-CLR,PR-3019,22/11/2024,08:00,17:00,20,27,4416
SE-401830,LUM-CLR,PR-3020,2024-11-22,08:00,17:00,30,18,3302
SE-401831,LUM-CLR,PR-3021,2024-11-22,08:00,17:00,20,27,4210
SE-401832,LUM-CLR,PR-3022,2024-11-22,08:00,17:00,20,27,4199
SE-401833,LUM-CLR,PR-3023,22/11/2024,08:00,17:00,20,27,3940
SE-401834,LUM-CLR,PR-3024,2024-11-22,08:00,17:00,20,27,4215
SE-401835,LUM-GQE,PR-3025,2024-11-22,08:00,17:00,20,27,3480
SE-401836,LUM-GQE,PR-3026,22/11/2024,08:00,17:00,20,27,4421
SE-401837,LUM-GQE,PR-3027,2024-11-22,08:00,17:00,30,18,5152
SE-401838,LUM-GQE,PR-3028,2024-11-22,08:00,17:00,20,27,4210
SE-401839,LUM-BFN,PR-3029,2024-11-22,08:00,17:00,30,18,4817
SE-401840,LUM-BFN,PR-3030,2024-11-22,08:00,17:00,30,18,2885
SE-401841,LUM-BFN,PR-3032,2024-11-22,08:00,17:00,30,18,2779
SE-401842,LUM-SAN,PR-3003,23/11/2024,08:00,13:00,20,15,2043.89
SE-401843,LUM-PTA,PR-3012,2024-11-23,08:00,13:00,20,15,2262.78
SE-401844,LUM-UMH,PR-3014,23/11/2024,08:00,13:00,20,15,2008.89
SE-401845,LUM-CLR,PR-3019,23/11/2024,08:00,13:00,20,15,2453.33
SE-401846,LUM-CLR,PR-3022,23/11/2024,08:00,13:00,20,15,2332.78
SE-401847,LUM-CLR,PR-3023,2024-11-23,08:00,13:00,20,15,2188.89
SE-401848,LUM-GQE,PR-3025,23/11/2024,08:00,13:00,20,15,1933.33
SE-401849,LUM-BFN,PR-3030,23/11/2024,08:00,13:00,30,10,1602.78
SE-401850,LUM-BFN,PR-3032,23/11/2024,08:00,13:00,30,10,1543.89
SE-401851,LUM-SAN,PR-3001,2024-11-25,08:00,17:00,20,27,4207
SE-401852,LUM-SAN,PR-3002,2024-11-25,08:00,17:00,30,18,5987
SE-401853,LUM-SAN,PR-3003,2024-11-25,08:00,17:00,20,27,3679
SE-401854,LUM-SAN,PR-3004,2024-11-25,08:00,17:00,20,27,4117
SE-401855,LUM-SAN,PR-3005,2024-11-25,08:00,17:00,20,27,4234
SE-401856,LUM-SAN,PR-3006,2024-11-25,08:00,17:00,30,18,3134
SE-401857,LUM-PTA,PR-3008,2024-11-25,08:00,17:00,20,27,3803
SE-401858,LUM-PTA,PR-3009,25/11/2024,08:00,17:00,25,21,8221
SE-401859,LUM-PTA,PR-3010,25/11/2024,08:00,17:00,30,18,5602
SE-401860,LUM-PTA,PR-3011,25/11/2024,08:00,17:00,20,27,4519
SE-401861,LUM-PTA,PR-3012,2024-11-25,08:00,17:00,20,27,4073
SE-401862,LUM-PTA,PR-3013,2024-11-25,08:00,17:00,30,18,5678
SE-401863,LUM-UMH,PR-3015,2024-11-25,08:00,17:00,30,18,4817
SE-401864,LUM-UMH,PR-3016,25/11/2024,08:00,17:00,30,18,3166
SE-401865,LUM-UMH,PR-3017,2024-11-25,08:00,17:00,25,21,7465
SE-401866,LUM-CLR,PR-3020,2024-11-25,08:00,17:00,30,18,3302
SE-401867,LUM-CLR,PR-3022,2024-11-25,08:00,17:00,20,27,4199
SE-401868,LUM-CLR,PR-3023,25/11/2024,08:00,17:00,20,27,3940
SE-401869,LUM-CLR,PR-3024,2024-11-25,08:00,17:00,20,27,4215
SE-401870,LUM-GQE,PR-3026,2024-11-25,08:00,17:00,20,27,4421
SE-401871,LUM-GQE,PR-3027,2024-11-25,08:00,17:00,30,18,5152
SE-401872,LUM-GQE,PR-3028,2024-11-25,08:00,17:00,20,27,4210
SE-401873,LUM-BFN,PR-3029,2024-11-25,08:00,17:00,30,18,4817
SE-401874,LUM-BFN,PR-3030,2024-11-25,08:00,17:00,30,18,2885
SE-401875,LUM-BFN,PR-3031,25/11/2024,08:00,17:00,30,18,3256
SE-401876,LUM-BFN,PR-3032,2024-11-25,08:00,17:00,30,18,2779
SE-401877,LUM-SAN,PR-3001,26/11/2024,08:00,17:00,20,27,4207
SE-401878,LUM-SAN,PR-3002,2024-11-26,08:00,17:00,30,18,5987
SE-401879,LUM-SAN,PR-3003,26/11/2024,08:00,17:00,20,27,3679
SE-401880,LUM-SAN,PR-3004,26/11/2024,08:00,17:00,20,27,4117
SE-401881,LUM-SAN,PR-3005,26/11/2024,08:00,17:00,20,27,4234
SE-401882,LUM-SAN,PR-3006,2024-11-26,08:00,17:00,30,18,3134
SE-401883,LUM-SAN,PR-3007,26/11/2024,08:00,17:00,45,12,6711
SE-401884,LUM-PTA,PR-3008,2024-11-26,08:00,17:00,20,27,3803
SE-401885,LUM-PTA,PR-3009,26/11/2024,08:00,17:00,25,21,8221
SE-401886,LUM-PTA,PR-3010,2024-11-26,08:00,17:00,30,18,5602
SE-401887,LUM-PTA,PR-3011,2024-11-26,08:00,17:00,20,27,4519
SE-401888,LUM-PTA,PR-3012,26/11/2024,08:00,17:00,20,27,4073
SE-401889,LUM-PTA,PR-3013,26/11/2024,08:00,17:00,30,18,5678
SE-401890,LUM-UMH,PR-3014,26/11/2024,08:00,17:00,20,27,3616
SE-401891,LUM-UMH,PR-3015,2024-11-26,08:00,17:00,30,18,4817
SE-401892,LUM-UMH,PR-3016,2024-11-26,08:00,17:00,30,18,3166
SE-401893,LUM-UMH,PR-3017,2024-11-26,08:00,17:00,25,21,7465
SE-401894,LUM-UMH,PR-3018,2024-11-26,08:00,17:00,20,27,3765
SE-401895,LUM-CLR,PR-3019,2024-11-26,08:00,17:00,20,27,4416
SE-401896,LUM-CLR,PR-3020,2024-11-26,08:00,17:00,30,18,3302
SE-401897,LUM-CLR,PR-3021,2024-11-26,08:00,17:00,20,27,4210
SE-401898,LUM-CLR,PR-3022,2024-11-26,08:00,17:00,20,27,4199
SE-401899,LUM-CLR,PR-3023,2024-11-26,08:00,17:00,20,27,3940
SE-401900,LUM-CLR,PR-3024,2024-11-26,08:00,17:00,20,27,4215
SE-401901,LUM-GQE,PR-3025,2024-11-26,08:00,17:00,20,27,3480
SE-401902,LUM-GQE,PR-3026,2024-11-26,08:00,17:00,20,27,4421
SE-401903,LUM-GQE,PR-3028,2024-11-26,08:00,17:00,20,27,4210
SE-401904,LUM-BFN,PR-3029,2024-11-26,08:00,17:00,30,18,4817
SE-401905,LUM-BFN,PR-3030,2024-11-26,08:00,17:00,30,18,2885
SE-401906,LUM-BFN,PR-3031,2024-11-26,08:00,17:00,30,18,3256
SE-401907,LUM-BFN,PR-3032,2024-11-26,08:00,17:00,30,18,2779
SE-401908,LUM-SAN,PR-3001,2024-11-27,08:00,17:00,20,27,4207
SE-401909,LUM-SAN,PR-3002,27/11/2024,08:00,17:00,30,18,5987
SE-401910,LUM-SAN,PR-3003,2024-11-27,08:00,17:00,20,27,3679
SE-401911,LUM-SAN,PR-3004,2024-11-27,08:00,17:00,20,27,4117
SE-401912,LUM-SAN,PR-3005,2024-11-27,08:00,17:00,20,27,4234
SE-401913,LUM-SAN,PR-3006,2024-11-27,08:00,17:00,30,18,3134
SE-401914,LUM-SAN,PR-3007,2024-11-27,08:00,17:00,45,12,6711
SE-401915,LUM-PTA,PR-3008,2024-11-27,08:00,17:00,20,27,3803
SE-401916,LUM-PTA,PR-3009,2024-11-27,08:00,17:00,25,21,8221
SE-401917,LUM-PTA,PR-3010,2024-11-27,08:00,17:00,30,18,5602
SE-401918,LUM-PTA,PR-3011,27/11/2024,08:00,17:00,20,27,4519
SE-401919,LUM-PTA,PR-3012,2024-11-27,08:00,17:00,20,27,4073
SE-401920,LUM-PTA,PR-3013,27/11/2024,08:00,17:00,30,18,5678
SE-401921,LUM-UMH,PR-3014,2024-11-27,08:00,17:00,20,27,3616
SE-401922,LUM-UMH,PR-3015,2024-11-27,08:00,17:00,30,18,4817
SE-401923,LUM-UMH,PR-3017,27/11/2024,08:00,17:00,25,21,7465
SE-401924,LUM-UMH,PR-3018,27/11/2024,08:00,17:00,20,27,3765
SE-401925,LUM-CLR,PR-3019,2024-11-27,08:00,17:00,20,27,4416
SE-401926,LUM-CLR,PR-3020,2024-11-27,08:00,17:00,30,18,3302
SE-401927,LUM-CLR,PR-3021,2024-11-27,08:00,17:00,20,27,4210
SE-401928,LUM-CLR,PR-3023,2024-11-27,08:00,17:00,20,27,3940
SE-401929,LUM-CLR,PR-3024,27/11/2024,08:00,17:00,20,27,4215
SE-401930,LUM-GQE,PR-3025,2024-11-27,08:00,17:00,20,27,3480
SE-401931,LUM-GQE,PR-3026,2024-11-27,08:00,17:00,20,27,4421
SE-401932,LUM-GQE,PR-3027,2024-11-27,08:00,17:00,30,18,5152
SE-401933,LUM-GQE,PR-3028,2024-11-27,08:00,17:00,20,27,4210
SE-401934,LUM-BFN,PR-3029,27/11/2024,08:00,17:00,30,18,4817
SE-401935,LUM-BFN,PR-3030,27/11/2024,08:00,17:00,30,18,2885
SE-401936,LUM-BFN,PR-3031,2024-11-27,08:00,17:00,30,18,3256
SE-401937,LUM-SAN,PR-3001,2024-11-28,08:00,17:00,20,27,4207
SE-401938,LUM-SAN,PR-3002,28/11/2024,08:00,17:00,30,18,5987
SE-401939,LUM-SAN,PR-3003,2024-11-28,08:00,17:00,20,27,3679
SE-401940,LUM-SAN,PR-3004,2024-11-28,08:00,17:00,20,27,4117
SE-401941,LUM-SAN,PR-3005,28/11/2024,08:00,17:00,20,27,4234
SE-401942,LUM-SAN,PR-3006,2024-11-28,08:00,17:00,30,18,3134
SE-401943,LUM-SAN,PR-3007,2024-11-28,08:00,17:00,45,12,6711
SE-401944,LUM-PTA,PR-3008,2024-11-28,08:00,17:00,20,27,3803
SE-401945,LUM-PTA,PR-3009,2024-11-28,08:00,17:00,25,21,8221
SE-401946,LUM-PTA,PR-3010,28/11/2024,08:00,17:00,30,18,5602
SE-401947,LUM-PTA,PR-3011,28/11/2024,08:00,17:00,20,27,4519
SE-401948,LUM-PTA,PR-3012,28/11/2024,08:00,17:00,20,27,4073
SE-401949,LUM-UMH,PR-3014,2024-11-28,08:00,17:00,20,27,3616
SE-401950,LUM-UMH,PR-3015,2024-11-28,08:00,17:00,30,18,4817
SE-401951,LUM-UMH,PR-3016,28/11/2024,08:00,17:00,30,18,3166
SE-401952,LUM-UMH,PR-3017,2024-11-28,08:00,17:00,25,21,7465
SE-401953,LUM-UMH,PR-3018,2024-11-28,08:00,17:00,20,27,3765
SE-401954,LUM-CLR,PR-3019,2024-11-28,08:00,17:00,20,27,4416
SE-401955,LUM-CLR,PR-3020,2024-11-28,08:00,17:00,30,18,3302
SE-401956,LUM-CLR,PR-3021,2024-11-28,08:00,17:00,20,27,4210
SE-401957,LUM-CLR,PR-3022,2024-11-28,08:00,17:00,20,27,4199
SE-401958,LUM-CLR,PR-3023,2024-11-28,08:00,17:00,20,27,3940
SE-401959,LUM-CLR,PR-3024,28/11/2024,08:00,17:00,20,27,4215
SE-401960,LUM-GQE,PR-3025,28/11/2024,08:00,17:00,20,27,3480
SE-401961,LUM-GQE,PR-3026,28/11/2024,08:00,17:00,20,27,4421
SE-401962,LUM-GQE,PR-3027,2024-11-28,08:00,17:00,30,18,5152
SE-401963,LUM-BFN,PR-3029,2024-11-28,08:00,17:00,30,18,4817
SE-401964,LUM-BFN,PR-3030,2024-11-28,08:00,17:00,30,18,2885
SE-401965,LUM-BFN,PR-3031,2024-11-28,08:00,17:00,30,18,3256
SE-401966,LUM-BFN,PR-3032,28/11/2024,08:00,17:00,30,18,2779
SE-401967,LUM-SAN,PR-3001,2024-11-29,08:00,17:00,20,27,4207
SE-401968,LUM-SAN,PR-3002,2024-11-29,08:00,17:00,30,18,5987
SE-401969,LUM-SAN,PR-3003,2024-11-29,08:00,17:00,20,27,3679
SE-401970,LUM-SAN,PR-3004,2024-11-29,08:00,17:00,20,27,4117
SE-401971,LUM-SAN,PR-3005,2024-11-29,08:00,17:00,20,27,4234
SE-401972,LUM-SAN,PR-3006,2024-11-29,08:00,17:00,30,18,3134
SE-401973,LUM-SAN,PR-3007,29/11/2024,08:00,17:00,45,12,6711
SE-401974,LUM-PTA,PR-3009,29/11/2024,08:00,17:00,25,21,8221
SE-401975,LUM-PTA,PR-3010,2024-11-29,08:00,17:00,30,18,5602
SE-401976,LUM-PTA,PR-3011,2024-11-29,08:00,17:00,20,27,4519
SE-401977,LUM-PTA,PR-3012,29/11/2024,08:00,17:00,20,27,4073
SE-401978,LUM-PTA,PR-3013,29/11/2024,08:00,17:00,30,18,5678
SE-401979,LUM-UMH,PR-3014,29/11/2024,08:00,17:00,20,27,3616
SE-401980,LUM-UMH,PR-3015,2024-11-29,08:00,17:00,30,18,4817
SE-401981,LUM-UMH,PR-3016,2024-11-29,08:00,17:00,30,18,3166
SE-401982,LUM-UMH,PR-3017,2024-11-29,08:00,17:00,25,21,7465
SE-401983,LUM-UMH,PR-3018,2024-11-29,08:00,17:00,20,27,3765
SE-401984,LUM-CLR,PR-3019,2024-11-29,08:00,17:00,20,27,4416
SE-401985,LUM-CLR,PR-3020,2024-11-29,08:00,17:00,30,18,3302
SE-401986,LUM-CLR,PR-3021,29/11/2024,08:00,17:00,20,27,4210
SE-401987,LUM-CLR,PR-3022,2024-11-29,08:00,17:00,20,27,4199
SE-401988,LUM-CLR,PR-3023,29/11/2024,08:00,17:00,20,27,3940
SE-401989,LUM-CLR,PR-3024,2024-11-29,08:00,17:00,20,27,4215
SE-401990,LUM-GQE,PR-3025,29/11/2024,08:00,17:00,20,27,3480
SE-401991,LUM-GQE,PR-3026,2024-11-29,08:00,17:00,20,27,4421
SE-401992,LUM-GQE,PR-3027,29/11/2024,08:00,17:00,30,18,5152
SE-401993,LUM-GQE,PR-3028,2024-11-29,08:00,17:00,20,27,4210
SE-401994,LUM-BFN,PR-3029,29/11/2024,08:00,17:00,30,18,4817
SE-401995,LUM-BFN,PR-3030,2024-11-29,08:00,17:00,30,18,2885
SE-401996,LUM-BFN,PR-3031,2024-11-29,08:00,17:00,30,18,3256
SE-401997,LUM-SAN,PR-3001,2024-11-30,08:00,13:00,20,15,2337.22
SE-401998,LUM-SAN,PR-3002,2024-11-30,08:00,13:00,30,10,3326.11
SE-401999,LUM-SAN,PR-3003,2024-11-30,08:00,13:00,20,15,2043.89
SE-402000,LUM-UMH,PR-3015,2024-11-30,08:00,13:00,30,10,2676.11
SE-402001,LUM-UMH,PR-3016,2024-11-30,08:00,13:00,30,10,1758.89
SE-402002,LUM-CLR,PR-3022,30/11/2024,08:00,13:00,20,15,2332.78
SE-402003,LUM-GQE,PR-3025,2024-11-30,08:00,13:00,20,15,1933.33
SE-402004,LUM-GQE,PR-3026,2024-11-30,08:00,13:00,20,15,2456.11
SE-402005,LUM-BFN,PR-3030,2024-11-30,08:00,13:00,30,10,1602.78
SE-402006,LUM-BFN,PR-3031,2024-11-30,08:00,13:00,30,10,1808.89
SE-402007,LUM-SAN,PR-3001,2024-12-02,08:00,17:00,20,27,4207
SE-402008,LUM-SAN,PR-3002,2024-12-02,08:00,17:00,30,18,5987
SE-402009,LUM-SAN,PR-3003,2024-12-02,08:00,17:00,20,27,3679
SE-402010,LUM-SAN,PR-3004,2024-12-02,08:00,17:00,20,27,4117
SE-402011,LUM-SAN,PR-3006,2024-12-02,08:00,17:00,30,18,3134
SE-402012,LUM-PTA,PR-3008,2024-12-02,08:00,17:00,20,27,3803
SE-402013,LUM-PTA,PR-3009,2024-12-02,08:00,17:00,25,21,8221
SE-402014,LUM-PTA,PR-3011,2024-12-02,08:00,17:00,20,27,4519
SE-402015,LUM-PTA,PR-3012,2024-12-02,08:00,17:00,20,27,4073
SE-402016,LUM-PTA,PR-3013,2024-12-02,08:00,17:00,30,18,5678
SE-402017,LUM-UMH,PR-3014,2024-12-02,08:00,17:00,20,27,3616
SE-402018,LUM-UMH,PR-3015,2024-12-02,08:00,17:00,30,18,4817
SE-402019,LUM-UMH,PR-3016,2024-12-02,08:00,17:00,30,18,3166
SE-402020,LUM-UMH,PR-3017,2024-12-02,08:00,17:00,25,21,7465
SE-402021,LUM-UMH,PR-3018,02/12/2024,08:00,17:00,20,27,3765
SE-402022,LUM-CLR,PR-3019,02/12/2024,08:00,17:00,20,27,4416
SE-402023,LUM-CLR,PR-3020,2024-12-02,08:00,17:00,30,18,3302
SE-402024,LUM-CLR,PR-3021,2024-12-02,08:00,17:00,20,27,4210
SE-402025,LUM-CLR,PR-3022,02/12/2024,08:00,17:00,20,27,4199
SE-402026,LUM-CLR,PR-3023,02/12/2024,08:00,17:00,20,27,3940
SE-402027,LUM-CLR,PR-3024,2024-12-02,08:00,17:00,20,27,4215
SE-402028,LUM-GQE,PR-3025,2024-12-02,08:00,17:00,20,27,3480
SE-402029,LUM-GQE,PR-3026,2024-12-02,08:00,17:00,20,27,4421
SE-402030,LUM-GQE,PR-3027,02/12/2024,08:00,17:00,30,18,5152
SE-402031,LUM-GQE,PR-3028,02/12/2024,08:00,17:00,20,27,4210
SE-402032,LUM-BFN,PR-3030,2024-12-02,08:00,17:00,30,18,2885
SE-402033,LUM-BFN,PR-3031,2024-12-02,08:00,17:00,30,18,3256
SE-402034,LUM-BFN,PR-3032,2024-12-02,08:00,17:00,30,18,2779
SE-402035,LUM-SAN,PR-3001,2024-12-03,08:00,17:00,20,27,4207
SE-402036,LUM-SAN,PR-3002,2024-12-03,08:00,17:00,30,18,5987
SE-402037,LUM-SAN,PR-3003,03/12/2024,08:00,17:00,20,27,3679
SE-402038,LUM-SAN,PR-3004,2024-12-03,08:00,17:00,20,27,4117
SE-402039,LUM-SAN,PR-3005,2024-12-03,08:00,17:00,20,27,4234
SE-402040,LUM-SAN,PR-3006,03/12/2024,08:00,17:00,30,18,3134
SE-402041,LUM-SAN,PR-3007,2024-12-03,08:00,17:00,45,12,6711
SE-402042,LUM-PTA,PR-3008,2024-12-03,08:00,17:00,20,27,3803
SE-402043,LUM-PTA,PR-3009,2024-12-03,08:00,17:00,25,21,8221
SE-402044,LUM-PTA,PR-3010,2024-12-03,08:00,17:00,30,18,5602
SE-402045,LUM-PTA,PR-3011,2024-12-03,08:00,17:00,20,27,4519
SE-402046,LUM-PTA,PR-3012,03/12/2024,08:00,17:00,20,27,4073
SE-402047,LUM-PTA,PR-3013,2024-12-03,08:00,17:00,30,18,5678
SE-402048,LUM-UMH,PR-3014,03/12/2024,08:00,17:00,20,27,3616
SE-402049,LUM-UMH,PR-3015,2024-12-03,08:00,17:00,30,18,4817
SE-402050,LUM-UMH,PR-3016,2024-12-03,08:00,17:00,30,18,3166
SE-402051,LUM-UMH,PR-3017,2024-12-03,08:00,17:00,25,21,7465
SE-402052,LUM-UMH,PR-3018,2024-12-03,08:00,17:00,20,27,3765
SE-402053,LUM-CLR,PR-3019,2024-12-03,08:00,17:00,20,27,4416
SE-402054,LUM-CLR,PR-3020,2024-12-03,08:00,17:00,30,18,3302
SE-402055,LUM-CLR,PR-3021,2024-12-03,08:00,17:00,20,27,4210
SE-402056,LUM-CLR,PR-3022,2024-12-03,08:00,17:00,20,27,4199
SE-402057,LUM-CLR,PR-3023,2024-12-03,08:00,17:00,20,27,3940
SE-402058,LUM-CLR,PR-3024,2024-12-03,08:00,17:00,20,27,4215
SE-402059,LUM-GQE,PR-3025,2024-12-03,08:00,17:00,20,27,3480
SE-402060,LUM-GQE,PR-3026,2024-12-03,08:00,17:00,20,27,4421
SE-402061,LUM-GQE,PR-3027,2024-12-03,08:00,17:00,30,18,5152
SE-402062,LUM-GQE,PR-3028,2024-12-03,08:00,17:00,20,27,4210
SE-402063,LUM-BFN,PR-3030,2024-12-03,08:00,17:00,30,18,2885
SE-402064,LUM-BFN,PR-3031,03/12/2024,08:00,17:00,30,18,3256
SE-402065,LUM-SAN,PR-3001,2024-12-04,08:00,17:00,20,27,4207
SE-402066,LUM-SAN,PR-3002,2024-12-04,08:00,17:00,30,18,5987
SE-402067,LUM-SAN,PR-3003,04/12/2024,08:00,17:00,20,27,3679
SE-402068,LUM-SAN,PR-3005,2024-12-04,08:00,17:00,20,27,4234
SE-402069,LUM-SAN,PR-3006,2024-12-04,08:00,17:00,30,18,3134
SE-402070,LUM-SAN,PR-3007,2024-12-04,08:00,17:00,45,12,6711
SE-402071,LUM-PTA,PR-3008,04/12/2024,08:00,17:00,20,27,3803
SE-402072,LUM-PTA,PR-3009,2024-12-04,08:00,17:00,25,21,8221
SE-402073,LUM-PTA,PR-3010,04/12/2024,08:00,17:00,30,18,5602
SE-402074,LUM-PTA,PR-3011,2024-12-04,08:00,17:00,20,27,4519
SE-402075,LUM-PTA,PR-3012,2024-12-04,08:00,17:00,20,27,4073
SE-402076,LUM-PTA,PR-3013,04/12/2024,08:00,17:00,30,18,5678
SE-402077,LUM-UMH,PR-3014,2024-12-04,08:00,17:00,20,27,3616
SE-402078,LUM-UMH,PR-3015,2024-12-04,08:00,17:00,30,18,4817
SE-402079,LUM-UMH,PR-3016,2024-12-04,08:00,17:00,30,18,3166
SE-402080,LUM-UMH,PR-3017,2024-12-04,08:00,17:00,25,21,7465
SE-402081,LUM-UMH,PR-3018,04/12/2024,08:00,17:00,20,27,3765
SE-402082,LUM-CLR,PR-3019,2024-12-04,08:00,17:00,20,27,4416
SE-402083,LUM-CLR,PR-3020,2024-12-04,08:00,17:00,30,18,3302
SE-402084,LUM-CLR,PR-3021,2024-12-04,08:00,17:00,20,27,4210
SE-402085,LUM-CLR,PR-3022,2024-12-04,08:00,17:00,20,27,4199
SE-402086,LUM-CLR,PR-3023,2024-12-04,08:00,17:00,20,27,3940
SE-402087,LUM-CLR,PR-3024,04/12/2024,08:00,17:00,20,27,4215
SE-402088,LUM-GQE,PR-3025,2024-12-04,08:00,17:00,20,27,3480
SE-402089,LUM-GQE,PR-3026,04/12/2024,08:00,17:00,20,27,4421
SE-402090,LUM-GQE,PR-3027,04/12/2024,08:00,17:00,30,18,5152
SE-402091,LUM-GQE,PR-3028,2024-12-04,08:00,17:00,20,27,4210
SE-402092,LUM-BFN,PR-3030,04/12/2024,08:00,17:00,30,18,2885
SE-402093,LUM-BFN,PR-3031,2024-12-04,08:00,17:00,30,18,3256
SE-402094,LUM-BFN,PR-3032,2024-12-04,08:00,17:00,30,18,2779
SE-402095,LUM-SAN,PR-3001,05/12/2024,08:00,17:00,20,27,4207
SE-402096,LUM-SAN,PR-3002,05/12/2024,08:00,17:00,30,18,5987
SE-402097,LUM-SAN,PR-3004,2024-12-05,08:00,17:00,20,27,4117
SE-402098,LUM-SAN,PR-3005,2024-12-05,08:00,17:00,20,27,4234
SE-402099,LUM-SAN,PR-3006,2024-12-05,08:00,17:00,30,18,3134
SE-402100,LUM-SAN,PR-3007,05/12/2024,08:00,17:00,45,12,6711
SE-402101,LUM-PTA,PR-3008,2024-12-05,08:00,17:00,20,27,3803
SE-402102,LUM-PTA,PR-3009,05/12/2024,08:00,17:00,25,21,8221
SE-402103,LUM-PTA,PR-3010,05/12/2024,08:00,17:00,30,18,5602
SE-402104,LUM-PTA,PR-3011,05/12/2024,08:00,17:00,20,27,4519
SE-402105,LUM-PTA,PR-3012,2024-12-05,08:00,17:00,20,27,4073
SE-402106,LUM-UMH,PR-3014,05/12/2024,08:00,17:00,20,27,3616
SE-402107,LUM-UMH,PR-3015,05/12/2024,08:00,17:00,30,18,4817
SE-402108,LUM-UMH,PR-3016,2024-12-05,08:00,17:00,30,18,3166
SE-402109,LUM-UMH,PR-3017,2024-12-05,08:00,17:00,25,21,7465
SE-402110,LUM-CLR,PR-3019,2024-12-05,08:00,17:00,20,27,4416
SE-402111,LUM-CLR,PR-3020,2024-12-05,08:00,17:00,30,18,3302
SE-402112,LUM-CLR,PR-3022,2024-12-05,08:00,17:00,20,27,4199
SE-402113,LUM-CLR,PR-3023,05/12/2024,08:00,17:00,20,27,3940
SE-402114,LUM-CLR,PR-3024,05/12/2024,08:00,17:00,20,27,4215
SE-402115,LUM-GQE,PR-3025,05/12/2024,08:00,17:00,20,27,3480
SE-402116,LUM-GQE,PR-3026,2024-12-05,08:00,17:00,20,27,4421
SE-402117,LUM-GQE,PR-3027,2024-12-05,08:00,17:00,30,18,5152
SE-402118,LUM-GQE,PR-3028,2024-12-05,08:00,17:00,20,27,4210
SE-402119,LUM-BFN,PR-3029,2024-12-05,08:00,17:00,30,18,4817
SE-402120,LUM-BFN,PR-3030,05/12/2024,08:00,17:00,30,18,2885
SE-402121,LUM-BFN,PR-3032,05/12/2024,08:00,17:00,30,18,2779
SE-402122,LUM-SAN,PR-3001,2024-12-06,08:00,17:00,20,27,4207
SE-402123,LUM-SAN,PR-3002,2024-12-06,08:00,17:00,30,18,5987
SE-402124,LUM-SAN,PR-3003,2024-12-06,08:00,17:00,20,27,3679
SE-402125,LUM-SAN,PR-3005,2024-12-06,08:00,17:00,20,27,4234
SE-402126,LUM-SAN,PR-3006,2024-12-06,08:00,17:00,30,18,3134
SE-402127,LUM-SAN,PR-3007,2024-12-06,08:00,17:00,45,12,6711
SE-402128,LUM-PTA,PR-3008,2024-12-06,08:00,17:00,20,27,3803
SE-402129,LUM-PTA,PR-3009,2024-12-06,08:00,17:00,25,21,8221
SE-402130,LUM-PTA,PR-3010,2024-12-06,08:00,17:00,30,18,5602
SE-402131,LUM-PTA,PR-3011,2024-12-06,08:00,17:00,20,27,4519
SE-402132,LUM-PTA,PR-3012,2024-12-06,08:00,17:00,20,27,4073
SE-402133,LUM-UMH,PR-3014,2024-12-06,08:00,17:00,20,27,3616
SE-402134,LUM-UMH,PR-3015,06/12/2024,08:00,17:00,30,18,4817
SE-402135,LUM-UMH,PR-3016,2024-12-06,08:00,17:00,30,18,3166
SE-402136,LUM-UMH,PR-3017,2024-12-06,08:00,17:00,25,21,7465
SE-402137,LUM-CLR,PR-3019,2024-12-06,08:00,17:00,20,27,4416
SE-402138,LUM-CLR,PR-3020,2024-12-06,08:00,17:00,30,18,3302
SE-402139,LUM-CLR,PR-3021,2024-12-06,08:00,17:00,20,27,4210
SE-402140,LUM-CLR,PR-3022,2024-12-06,08:00,17:00,20,27,4199
SE-402141,LUM-CLR,PR-3023,06/12/2024,08:00,17:00,20,27,3940
SE-402142,LUM-CLR,PR-3024,2024-12-06,08:00,17:00,20,27,4215
SE-402143,LUM-GQE,PR-3025,2024-12-06,08:00,17:00,20,27,3480
SE-402144,LUM-GQE,PR-3026,2024-12-06,08:00,17:00,20,27,4421
SE-402145,LUM-GQE,PR-3027,06/12/2024,08:00,17:00,30,18,5152
SE-402146,LUM-GQE,PR-3028,2024-12-06,08:00,17:00,20,27,4210
SE-402147,LUM-BFN,PR-3029,2024-12-06,08:00,17:00,30,18,4817
SE-402148,LUM-BFN,PR-3030,2024-12-06,08:00,17:00,30,18,2885
SE-402149,LUM-BFN,PR-3031,06/12/2024,08:00,17:00,30,18,3256
SE-402150,LUM-BFN,PR-3032,2024-12-06,08:00,17:00,30,18,2779
SE-402151,LUM-SAN,PR-3007,2024-12-07,08:00,13:00,45,6,3728.33
SE-402152,LUM-PTA,PR-3012,2024-12-07,08:00,13:00,20,15,2262.78
SE-402153,LUM-UMH,PR-3017,07/12/2024,08:00,13:00,25,12,4147.22
SE-402154,LUM-UMH,PR-3018,07/12/2024,08:00,13:00,20,15,2091.67
SE-402155,LUM-CLR,PR-3019,2024-12-07,08:00,13:00,20,15,2453.33
SE-402156,LUM-CLR,PR-3023,2024-12-07,08:00,13:00,20,15,2188.89
SE-402157,LUM-CLR,PR-3024,2024-12-07,08:00,13:00,20,15,2341.67
SE-402158,LUM-GQE,PR-3025,2024-12-07,08:00,13:00,20,15,1933.33
SE-402159,LUM-GQE,PR-3026,07/12/2024,08:00,13:00,20,15,2456.11
SE-402160,LUM-GQE,PR-3028,2024-12-07,08:00,13:00,20,15,2338.89
SE-402161,LUM-BFN,PR-3029,07/12/2024,08:00,13:00,30,10,2676.11
SE-402162,LUM-BFN,PR-3030,07/12/2024,08:00,13:00,30,10,1602.78
SE-402163,LUM-BFN,PR-3031,2024-12-07,08:00,13:00,30,10,1808.89
SE-402164,LUM-SAN,PR-3002,09/12/2024,08:00,17:00,30,18,5987
SE-402165,LUM-SAN,PR-3003,2024-12-09,08:00,17:00,20,27,3679
SE-402166,LUM-SAN,PR-3004,2024-12-09,08:00,17:00,20,27,4117
SE-402167,LUM-SAN,PR-3005,2024-12-09,08:00,17:00,20,27,4234
SE-402168,LUM-SAN,PR-3006,2024-12-09,08:00,17:00,30,18,3134
SE-402169,LUM-SAN,PR-3007,2024-12-09,08:00,17:00,45,12,6711
SE-402170,LUM-PTA,PR-3008,2024-12-09,08:00,17:00,20,27,3803
SE-402171,LUM-PTA,PR-3009,2024-12-09,08:00,17:00,25,21,8221
SE-402172,LUM-PTA,PR-3011,09/12/2024,08:00,17:00,20,27,4519
SE-402173,LUM-PTA,PR-3012,2024-12-09,08:00,17:00,20,27,4073
SE-402174,LUM-PTA,PR-3013,2024-12-09,08:00,17:00,30,18,5678
SE-402175,LUM-UMH,PR-3015,2024-12-09,08:00,17:00,30,18,4817
SE-402176,LUM-UMH,PR-3016,2024-12-09,08:00,17:00,30,18,3166
SE-402177,LUM-UMH,PR-3017,2024-12-09,08:00,17:00,25,21,7465
SE-402178,LUM-UMH,PR-3018,2024-12-09,08:00,17:00,20,27,3765
SE-402179,LUM-CLR,PR-3020,2024-12-09,08:00,17:00,30,18,3302
SE-402180,LUM-CLR,PR-3021,2024-12-09,08:00,17:00,20,27,4210
SE-402181,LUM-CLR,PR-3022,2024-12-09,08:00,17:00,20,27,4199
SE-402182,LUM-CLR,PR-3023,2024-12-09,08:00,17:00,20,27,3940
SE-402183,LUM-CLR,PR-3024,2024-12-09,08:00,17:00,20,27,4215
SE-402184,LUM-GQE,PR-3025,09/12/2024,08:00,17:00,20,27,3480
SE-402185,LUM-GQE,PR-3027,09/12/2024,08:00,17:00,30,18,5152
SE-402186,LUM-GQE,PR-3028,09/12/2024,08:00,17:00,20,27,4210
SE-402187,LUM-BFN,PR-3029,2024-12-09,08:00,17:00,30,18,4817
SE-402188,LUM-BFN,PR-3030,2024-12-09,08:00,17:00,30,18,2885
SE-402189,LUM-BFN,PR-3031,2024-12-09,08:00,17:00,30,18,3256
SE-402190,LUM-BFN,PR-3032,2024-12-09,08:00,17:00,30,18,2779
SE-402191,LUM-SAN,PR-3001,10/12/2024,08:00,17:00,20,27,4207
SE-402192,LUM-SAN,PR-3002,10/12/2024,08:00,17:00,30,18,5987
SE-402193,LUM-SAN,PR-3003,2024-12-10,08:00,17:00,20,27,3679
SE-402194,LUM-SAN,PR-3004,2024-12-10,08:00,17:00,20,27,4117
SE-402195,LUM-SAN,PR-3005,2024-12-10,08:00,17:00,20,27,4234
SE-402196,LUM-SAN,PR-3006,2024-12-10,08:00,17:00,30,18,3134
SE-402197,LUM-PTA,PR-3008,2024-12-10,08:00,17:00,20,27,3803
SE-402198,LUM-PTA,PR-3009,10/12/2024,08:00,17:00,25,21,8221
SE-402199,LUM-PTA,PR-3010,10/12/2024,08:00,17:00,30,18,5602
SE-402200,LUM-PTA,PR-3011,2024-12-10,08:00,17:00,20,27,4519
SE-402201,LUM-PTA,PR-3012,2024-12-10,08:00,17:00,20,27,4073
SE-402202,LUM-PTA,PR-3013,10/12/2024,08:00,17:00,30,18,5678
SE-402203,LUM-UMH,PR-3014,2024-12-10,08:00,17:00,20,27,3616
SE-402204,LUM-UMH,PR-3015,2024-12-10,08:00,17:00,30,18,4817
SE-402205,LUM-UMH,PR-3016,2024-12-10,08:00,17:00,30,18,3166
SE-402206,LUM-UMH,PR-3017,2024-12-10,08:00,17:00,25,21,7465
SE-402207,LUM-UMH,PR-3018,2024-12-10,08:00,17:00,20,27,3765
SE-402208,LUM-CLR,PR-3019,2024-12-10,08:00,17:00,20,27,4416
SE-402209,LUM-CLR,PR-3020,2024-12-10,08:00,17:00,30,18,3302
SE-402210,LUM-CLR,PR-3023,2024-12-10,08:00,17:00,20,27,3940
SE-402211,LUM-CLR,PR-3024,10/12/2024,08:00,17:00,20,27,4215
SE-402212,LUM-GQE,PR-3025,10/12/2024,08:00,17:00,20,27,3480
SE-402213,LUM-GQE,PR-3026,2024-12-10,08:00,17:00,20,27,4421
SE-402214,LUM-GQE,PR-3028,10/12/2024,08:00,17:00,20,27,4210
SE-402215,LUM-BFN,PR-3029,2024-12-10,08:00,17:00,30,18,4817
SE-402216,LUM-BFN,PR-3030,2024-12-10,08:00,17:00,30,18,2885
SE-402217,LUM-BFN,PR-3031,2024-12-10,08:00,17:00,30,18,3256
SE-402218,LUM-SAN,PR-3001,2024-12-11,08:00,17:00,20,27,4207
SE-402219,LUM-SAN,PR-3002,11/12/2024,08:00,17:00,30,18,5987
SE-402220,LUM-SAN,PR-3003,2024-12-11,08:00,17:00,20,27,3679
SE-402221,LUM-SAN,PR-3004,2024-12-11,08:00,17:00,20,27,4117
SE-402222,LUM-SAN,PR-3005,2024-12-11,08:00,17:00,20,27,4234
SE-402223,LUM-SAN,PR-3006,2024-12-11,08:00,17:00,30,18,3134
SE-402224,LUM-SAN,PR-3007,11/12/2024,08:00,17:00,45,12,6711
SE-402225,LUM-PTA,PR-3008,11/12/2024,08:00,17:00,20,27,3803
SE-402226,LUM-PTA,PR-3009,2024-12-11,08:00,17:00,25,21,8221
SE-402227,LUM-PTA,PR-3010,2024-12-11,08:00,17:00,30,18,5602
SE-402228,LUM-PTA,PR-3011,2024-12-11,08:00,17:00,20,27,4519
SE-402229,LUM-PTA,PR-3012,11/12/2024,08:00,17:00,20,27,4073
SE-402230,LUM-UMH,PR-3015,2024-12-11,08:00,17:00,30,18,4817
SE-402231,LUM-UMH,PR-3017,11/12/2024,08:00,17:00,25,21,7465
SE-402232,LUM-UMH,PR-3018,2024-12-11,08:00,17:00,20,27,3765
SE-402233,LUM-CLR,PR-3019,11/12/2024,08:00,17:00,20,27,4416
SE-402234,LUM-CLR,PR-3020,2024-12-11,08:00,17:00,30,18,3302
SE-402235,LUM-CLR,PR-3021,2024-12-11,08:00,17:00,20,27,4210
SE-402236,LUM-CLR,PR-3022,11/12/2024,08:00,17:00,20,27,4199
SE-402237,LUM-CLR,PR-3023,2024-12-11,08:00,17:00,20,27,3940
SE-402238,LUM-CLR,PR-3024,2024-12-11,08:00,17:00,20,27,4215
SE-402239,LUM-GQE,PR-3026,2024-12-11,08:00,17:00,20,27,4421
SE-402240,LUM-GQE,PR-3027,2024-12-11,08:00,17:00,30,18,5152
SE-402241,LUM-GQE,PR-3028,2024-12-11,08:00,17:00,20,27,4210
SE-402242,LUM-BFN,PR-3029,2024-12-11,08:00,17:00,30,18,4817
SE-402243,LUM-BFN,PR-3030,2024-12-11,08:00,17:00,30,18,2885
SE-402244,LUM-BFN,PR-3031,11/12/2024,08:00,17:00,30,18,3256
SE-402245,LUM-BFN,PR-3032,2024-12-11,08:00,17:00,30,18,2779
SE-402246,LUM-SAN,PR-3004,12/12/2024,08:00,17:00,20,27,4117
SE-402247,LUM-SAN,PR-3005,12/12/2024,08:00,17:00,20,27,4234
SE-402248,LUM-SAN,PR-3006,2024-12-12,08:00,17:00,30,18,3134
SE-402249,LUM-SAN,PR-3007,12/12/2024,08:00,17:00,45,12,6711
SE-402250,LUM-PTA,PR-3008,2024-12-12,08:00,17:00,20,27,3803
SE-402251,LUM-PTA,PR-3009,12/12/2024,08:00,17:00,25,21,8221
SE-402252,LUM-PTA,PR-3010,12/12/2024,08:00,17:00,30,18,5602
SE-402253,LUM-PTA,PR-3011,2024-12-12,08:00,17:00,20,27,4519
SE-402254,LUM-PTA,PR-3013,2024-12-12,08:00,17:00,30,18,5678
SE-402255,LUM-UMH,PR-3014,2024-12-12,08:00,17:00,20,27,3616
SE-402256,LUM-UMH,PR-3015,2024-12-12,08:00,17:00,30,18,4817
SE-402257,LUM-UMH,PR-3016,2024-12-12,08:00,17:00,30,18,3166
SE-402258,LUM-UMH,PR-3017,2024-12-12,08:00,17:00,25,21,7465
SE-402259,LUM-UMH,PR-3018,2024-12-12,08:00,17:00,20,27,3765
SE-402260,LUM-CLR,PR-3019,2024-12-12,08:00,17:00,20,27,4416
SE-402261,LUM-CLR,PR-3020,2024-12-12,08:00,17:00,30,18,3302
SE-402262,LUM-CLR,PR-3021,2024-12-12,08:00,17:00,20,27,4210
SE-402263,LUM-CLR,PR-3022,12/12/2024,08:00,17:00,20,27,4199
SE-402264,LUM-CLR,PR-3023,2024-12-12,08:00,17:00,20,27,3940
SE-402265,LUM-CLR,PR-3024,12/12/2024,08:00,17:00,20,27,4215
SE-402266,LUM-GQE,PR-3025,2024-12-12,08:00,17:00,20,27,3480
SE-402267,LUM-GQE,PR-3026,2024-12-12,08:00,17:00,20,27,4421
SE-402268,LUM-GQE,PR-3027,2024-12-12,08:00,17:00,30,18,5152
SE-402269,LUM-GQE,PR-3028,2024-12-12,08:00,17:00,20,27,4210
SE-402270,LUM-BFN,PR-3029,2024-12-12,08:00,17:00,30,18,4817
SE-402271,LUM-BFN,PR-3030,2024-12-12,08:00,17:00,30,18,2885
SE-402272,LUM-BFN,PR-3031,2024-12-12,08:00,17:00,30,18,3256
SE-402273,LUM-SAN,PR-3001,2024-12-13,08:00,17:00,20,27,4207
SE-402274,LUM-SAN,PR-3002,13/12/2024,08:00,17:00,30,18,5987
SE-402275,LUM-SAN,PR-3003,13/12/2024,08:00,17:00,20,27,3679
SE-402276,LUM-SAN,PR-3004,2024-12-13,08:00,17:00,20,27,4117
SE-402277,LUM-SAN,PR-3006,2024-12-13,08:00,17:00,30,18,3134
SE-402278,LUM-SAN,PR-3007,2024-12-13,08:00,17:00,45,12,6711
SE-402279,LUM-PTA,PR-3008,13/12/2024,08:00,17:00,20,27,3803
SE-402280,LUM-PTA,PR-3009,2024-12-13,08:00,17:00,25,21,8221
SE-402281,LUM-PTA,PR-3010,2024-12-13,08:00,17:00,30,18,5602
SE-402282,LUM-PTA,PR-3011,2024-12-13,08:00,17:00,20,27,4519
SE-402283,LUM-PTA,PR-3012,2024-12-13,08:00,17:00,20,27,4073
SE-402284,LUM-PTA,PR-3013,2024-12-13,08:00,17:00,30,18,5678
SE-402285,LUM-UMH,PR-3014,2024-12-13,08:00,17:00,20,27,3616
SE-402286,LUM-UMH,PR-3015,2024-12-13,08:00,17:00,30,18,4817
SE-402287,LUM-UMH,PR-3016,2024-12-13,08:00,17:00,30,18,3166
SE-402288,LUM-CLR,PR-3019,2024-12-13,08:00,17:00,20,27,4416
SE-402289,LUM-CLR,PR-3020,2024-12-13,08:00,17:00,30,18,3302
SE-402290,LUM-CLR,PR-3021,2024-12-13,08:00,17:00,20,27,4210
SE-402291,LUM-CLR,PR-3022,2024-12-13,08:00,17:00,20,27,4199
SE-402292,LUM-CLR,PR-3023,2024-12-13,08:00,17:00,20,27,3940
SE-402293,LUM-CLR,PR-3024,2024-12-13,08:00,17:00,20,27,4215
SE-402294,LUM-GQE,PR-3025,2024-12-13,08:00,17:00,20,27,3480
SE-402295,LUM-GQE,PR-3026,2024-12-13,08:00,17:00,20,27,4421
SE-402296,LUM-GQE,PR-3027,2024-12-13,08:00,17:00,30,18,5152
SE-402297,LUM-GQE,PR-3028,2024-12-13,08:00,17:00,20,27,4210
SE-402298,LUM-BFN,PR-3029,2024-12-13,08:00,17:00,30,18,4817
SE-402299,LUM-BFN,PR-3030,2024-12-13,08:00,17:00,30,18,2885
SE-402300,LUM-BFN,PR-3031,2024-12-13,08:00,17:00,30,18,3256
SE-402301,LUM-BFN,PR-3032,2024-12-13,08:00,17:00,30,18,2779
SE-402302,LUM-PTA,PR-3011,2024-12-14,08:00,13:00,20,15,2510.56
SE-402303,LUM-UMH,PR-3014,2024-12-14,08:00,13:00,20,15,2008.89
SE-402304,LUM-UMH,PR-3017,2024-12-14,08:00,13:00,25,12,4147.22
SE-402305,LUM-UMH,PR-3018,2024-12-14,08:00,13:00,20,15,2091.67
SE-402306,LUM-CLR,PR-3024,2024-12-14,08:00,13:00,20,15,2341.67
SE-402307,LUM-GQE,PR-3027,2024-12-14,08:00,13:00,30,10,2862.22
SE-402308,LUM-SAN,PR-3001,16/12/2024,08:00,17:00,20,27,4207
SE-402309,LUM-SAN,PR-3002,16/12/2024,08:00,17:00,30,18,5987
SE-402310,LUM-SAN,PR-3003,2024-12-16,08:00,17:00,20,27,3679
SE-402311,LUM-SAN,PR-3004,16/12/2024,08:00,17:00,20,27,4117
SE-402312,LUM-SAN,PR-3005,2024-12-16,08:00,17:00,20,27,4234
SE-402313,LUM-PTA,PR-3008,2024-12-16,08:00,17:00,20,27,3803
SE-402314,LUM-PTA,PR-3009,16/12/2024,08:00,17:00,25,21,8221
SE-402315,LUM-PTA,PR-3010,16/12/2024,08:00,17:00,30,18,5602
SE-402316,LUM-PTA,PR-3011,16/12/2024,08:00,17:00,20,27,4519
SE-402317,LUM-PTA,PR-3012,2024-12-16,08:00,17:00,20,27,4073
SE-402318,LUM-PTA,PR-3013,2024-12-16,08:00,17:00,30,18,5678
SE-402319,LUM-UMH,PR-3014,2024-12-16,08:00,17:00,20,27,3616
SE-402320,LUM-UMH,PR-3015,2024-12-16,08:00,17:00,30,18,4817
SE-402321,LUM-UMH,PR-3016,16/12/2024,08:00,17:00,30,18,3166
SE-402322,LUM-UMH,PR-3017,2024-12-16,08:00,17:00,25,21,7465
SE-402323,LUM-UMH,PR-3018,2024-12-16,08:00,17:00,20,27,3765
SE-402324,LUM-CLR,PR-3019,16/12/2024,08:00,17:00,20,27,4416
SE-402325,LUM-CLR,PR-3020,2024-12-16,08:00,17:00,30,18,3302
SE-402326,LUM-CLR,PR-3021,2024-12-16,08:00,17:00,20,27,4210
SE-402327,LUM-CLR,PR-3022,16/12/2024,08:00,17:00,20,27,4199
SE-402328,LUM-CLR,PR-3024,2024-12-16,08:00,17:00,20,27,4215
SE-402329,LUM-GQE,PR-3025,2024-12-16,08:00,17:00,20,27,3480
SE-402330,LUM-GQE,PR-3026,16/12/2024,08:00,17:00,20,27,4421
SE-402331,LUM-GQE,PR-3027,2024-12-16,08:00,17:00,30,18,5152
SE-402332,LUM-GQE,PR-3028,2024-12-16,08:00,17:00,20,27,4210
SE-402333,LUM-BFN,PR-3029,2024-12-16,08:00,17:00,30,18,4817
SE-402334,LUM-BFN,PR-3030,16/12/2024,08:00,17:00,30,18,2885
SE-402335,LUM-BFN,PR-3031,16/12/2024,08:00,17:00,30,18,3256
SE-402336,LUM-BFN,PR-3032,2024-12-16,08:00,17:00,30,18,2779
SE-402337,LUM-SAN,PR-3001,2024-12-17,08:00,17:00,20,27,4207
SE-402338,LUM-SAN,PR-3005,2024-12-17,08:00,17:00,20,27,4234
SE-402339,LUM-SAN,PR-3006,2024-12-17,08:00,17:00,30,18,3134
SE-402340,LUM-SAN,PR-3007,2024-12-17,08:00,17:00,45,12,6711
SE-402341,LUM-PTA,PR-3008,17/12/2024,08:00,17:00,20,27,3803
SE-402342,LUM-PTA,PR-3009,2024-12-17,08:00,17:00,25,21,8221
SE-402343,LUM-PTA,PR-3010,2024-12-17,08:00,17:00,30,18,5602
SE-402344,LUM-PTA,PR-3011,2024-12-17,08:00,17:00,20,27,4519
SE-402345,LUM-PTA,PR-3012,17/12/2024,08:00,17:00,20,27,4073
SE-402346,LUM-PTA,PR-3013,2024-12-17,08:00,17:00,30,18,5678
SE-402347,LUM-UMH,PR-3014,2024-12-17,08:00,17:00,20,27,3616
SE-402348,LUM-UMH,PR-3015,17/12/2024,08:00,17:00,30,18,4817
SE-402349,LUM-UMH,PR-3016,17/12/2024,08:00,17:00,30,18,3166
SE-402350,LUM-UMH,PR-3017,2024-12-17,08:00,17:00,25,21,7465
SE-402351,LUM-UMH,PR-3018,2024-12-17,08:00,17:00,20,27,3765
SE-402352,LUM-CLR,PR-3019,2024-12-17,08:00,17:00,20,27,4416
SE-402353,LUM-CLR,PR-3022,17/12/2024,08:00,17:00,20,27,4199
SE-402354,LUM-CLR,PR-3023,17/12/2024,08:00,17:00,20,27,3940
SE-402355,LUM-CLR,PR-3024,2024-12-17,08:00,17:00,20,27,4215
SE-402356,LUM-GQE,PR-3025,2024-12-17,08:00,17:00,20,27,3480
SE-402357,LUM-GQE,PR-3026,2024-12-17,08:00,17:00,20,27,4421
SE-402358,LUM-GQE,PR-3027,17/12/2024,08:00,17:00,30,18,5152
SE-402359,LUM-GQE,PR-3028,17/12/2024,08:00,17:00,20,27,4210
SE-402360,LUM-BFN,PR-3029,2024-12-17,08:00,17:00,30,18,4817
SE-402361,LUM-BFN,PR-3030,17/12/2024,08:00,17:00,30,18,2885
SE-402362,LUM-BFN,PR-3031,2024-12-17,08:00,17:00,30,18,3256
SE-402363,LUM-BFN,PR-3032,17/12/2024,08:00,17:00,30,18,2779
SE-402364,LUM-SAN,PR-3001,2024-12-18,08:00,17:00,20,27,4207
SE-402365,LUM-SAN,PR-3002,2024-12-18,08:00,17:00,30,18,5987
SE-402366,LUM-SAN,PR-3003,18/12/2024,08:00,17:00,20,27,3679
SE-402367,LUM-SAN,PR-3005,2024-12-18,08:00,17:00,20,27,4234
SE-402368,LUM-SAN,PR-3006,2024-12-18,08:00,17:00,30,18,3134
SE-402369,LUM-SAN,PR-3007,2024-12-18,08:00,17:00,45,12,6711
SE-402370,LUM-PTA,PR-3009,18/12/2024,08:00,17:00,25,21,8221
SE-402371,LUM-PTA,PR-3010,2024-12-18,08:00,17:00,30,18,5602
SE-402372,LUM-PTA,PR-3011,2024-12-18,08:00,17:00,20,27,4519
SE-402373,LUM-PTA,PR-3012,2024-12-18,08:00,17:00,20,27,4073
SE-402374,LUM-PTA,PR-3013,2024-12-18,08:00,17:00,30,18,5678
SE-402375,LUM-UMH,PR-3015,2024-12-18,08:00,17:00,30,18,4817
SE-402376,LUM-UMH,PR-3016,2024-12-18,08:00,17:00,30,18,3166
SE-402377,LUM-UMH,PR-3018,18/12/2024,08:00,17:00,20,27,3765
SE-402378,LUM-CLR,PR-3019,18/12/2024,08:00,17:00,20,27,4416
SE-402379,LUM-CLR,PR-3020,2024-12-18,08:00,17:00,30,18,3302
SE-402380,LUM-CLR,PR-3022,2024-12-18,08:00,17:00,20,27,4199
SE-402381,LUM-CLR,PR-3023,18/12/2024,08:00,17:00,20,27,3940
SE-402382,LUM-CLR,PR-3024,2024-12-18,08:00,17:00,20,27,4215
SE-402383,LUM-GQE,PR-3025,2024-12-18,08:00,17:00,20,27,3480
SE-402384,LUM-GQE,PR-3026,2024-12-18,08:00,17:00,20,27,4421
SE-402385,LUM-GQE,PR-3027,2024-12-18,08:00,17:00,30,18,5152
SE-402386,LUM-GQE,PR-3028,18/12/2024,08:00,17:00,20,27,4210
SE-402387,LUM-BFN,PR-3030,2024-12-18,08:00,17:00,30,18,2885
SE-402388,LUM-BFN,PR-3031,2024-12-18,08:00,17:00,30,18,3256
SE-402389,LUM-BFN,PR-3032,2024-12-18,08:00,17:00,30,18,2779
SE-402390,LUM-SAN,PR-3001,19/12/2024,08:00,17:00,20,27,4207
SE-402391,LUM-SAN,PR-3002,19/12/2024,08:00,17:00,30,18,5987
SE-402392,LUM-SAN,PR-3003,2024-12-19,08:00,17:00,20,27,3679
SE-402393,LUM-SAN,PR-3004,19/12/2024,08:00,17:00,20,27,4117
SE-402394,LUM-SAN,PR-3005,2024-12-19,08:00,17:00,20,27,4234
SE-402395,LUM-SAN,PR-3006,2024-12-19,08:00,17:00,30,18,3134
SE-402396,LUM-SAN,PR-3007,2024-12-19,08:00,17:00,45,12,6711
SE-402397,LUM-PTA,PR-3008,2024-12-19,08:00,17:00,20,27,3803
SE-402398,LUM-PTA,PR-3009,19/12/2024,08:00,17:00,25,21,8221
SE-402399,LUM-PTA,PR-3010,19/12/2024,08:00,17:00,30,18,5602
SE-402400,LUM-PTA,PR-3011,2024-12-19,08:00,17:00,20,27,4519
SE-402401,LUM-PTA,PR-3012,2024-12-19,08:00,17:00,20,27,4073
SE-402402,LUM-PTA,PR-3013,2024-12-19,08:00,17:00,30,18,5678
SE-402403,LUM-UMH,PR-3014,2024-12-19,08:00,17:00,20,27,3616
SE-402404,LUM-UMH,PR-3015,2024-12-19,08:00,17:00,30,18,4817
SE-402405,LUM-UMH,PR-3016,2024-12-19,08:00,17:00,30,18,3166
SE-402406,LUM-UMH,PR-3017,2024-12-19,08:00,17:00,25,21,7465
SE-402407,LUM-UMH,PR-3018,2024-12-19,08:00,17:00,20,27,3765
SE-402408,LUM-CLR,PR-3019,2024-12-19,08:00,17:00,20,27,4416
SE-402409,LUM-CLR,PR-3020,2024-12-19,08:00,17:00,30,18,3302
SE-402410,LUM-CLR,PR-3021,2024-12-19,08:00,17:00,20,27,4210
SE-402411,LUM-CLR,PR-3022,2024-12-19,08:00,17:00,20,27,4199
SE-402412,LUM-CLR,PR-3023,2024-12-19,08:00,17:00,20,27,3940
SE-402413,LUM-GQE,PR-3026,2024-12-19,08:00,17:00,20,27,4421
SE-402414,LUM-GQE,PR-3027,2024-12-19,08:00,17:00,30,18,5152
SE-402415,LUM-GQE,PR-3028,2024-12-19,08:00,17:00,20,27,4210
SE-402416,LUM-BFN,PR-3030,19/12/2024,08:00,17:00,30,18,2885
SE-402417,LUM-BFN,PR-3031,2024-12-19,08:00,17:00,30,18,3256
SE-402418,LUM-BFN,PR-3032,19/12/2024,08:00,17:00,30,18,2779
SE-402419,LUM-SAN,PR-3001,20/12/2024,08:00,17:00,20,27,4207
SE-402420,LUM-SAN,PR-3002,20/12/2024,08:00,17:00,30,18,5987
SE-402421,LUM-SAN,PR-3003,2024-12-20,08:00,17:00,20,27,3679
SE-402422,LUM-SAN,PR-3005,20/12/2024,08:00,17:00,20,27,4234
SE-402423,LUM-SAN,PR-3006,20/12/2024,08:00,17:00,30,18,3134
SE-402424,LUM-PTA,PR-3008,20/12/2024,08:00,17:00,20,27,3803
SE-402425,LUM-PTA,PR-3009,2024-12-20,08:00,17:00,25,21,8221
SE-402426,LUM-PTA,PR-3011,2024-12-20,08:00,17:00,20,27,4519
SE-402427,LUM-PTA,PR-3013,2024-12-20,08:00,17:00,30,18,5678
SE-402428,LUM-UMH,PR-3014,2024-12-20,08:00,17:00,20,27,3616
SE-402429,LUM-UMH,PR-3015,2024-12-20,08:00,17:00,30,18,4817
SE-402430,LUM-UMH,PR-3016,2024-12-20,08:00,17:00,30,18,3166
SE-402431,LUM-UMH,PR-3017,2024-12-20,08:00,17:00,25,21,7465
SE-402432,LUM-UMH,PR-3018,2024-12-20,08:00,17:00,20,27,3765
SE-402433,LUM-CLR,PR-3019,20/12/2024,08:00,17:00,20,27,4416
SE-402434,LUM-CLR,PR-3021,2024-12-20,08:00,17:00,20,27,4210
SE-402435,LUM-CLR,PR-3023,20/12/2024,08:00,17:00,20,27,3940
SE-402436,LUM-CLR,PR-3024,2024-12-20,08:00,17:00,20,27,4215
SE-402437,LUM-GQE,PR-3025,2024-12-20,08:00,17:00,20,27,3480
SE-402438,LUM-GQE,PR-3026,2024-12-20,08:00,17:00,20,27,4421
SE-402439,LUM-GQE,PR-3027,2024-12-20,08:00,17:00,30,18,5152
SE-402440,LUM-GQE,PR-3028,2024-12-20,08:00,17:00,20,27,4210
SE-402441,LUM-BFN,PR-3029,2024-12-20,08:00,17:00,30,18,4817
SE-402442,LUM-BFN,PR-3030,20/12/2024,08:00,17:00,30,18,2885
SE-402443,LUM-BFN,PR-3031,2024-12-20,08:00,17:00,30,18,3256
SE-402444,LUM-BFN,PR-3032,20/12/2024,08:00,17:00,30,18,2779
SE-402445,LUM-SAN,PR-3002,21/12/2024,08:00,13:00,30,10,3326.11
SE-402446,LUM-SAN,PR-3006,2024-12-21,08:00,13:00,30,10,1741.11
SE-402447,LUM-PTA,PR-3010,21/12/2024,08:00,13:00,30,10,3112.22
SE-402448,LUM-UMH,PR-3014,2024-12-21,08:00,13:00,20,15,2008.89
SE-402449,LUM-UMH,PR-3015,21/12/2024,08:00,13:00,30,10,2676.11
SE-402450,LUM-UMH,PR-3018,2024-12-21,08:00,13:00,20,15,2091.67
SE-402451,LUM-BFN,PR-3029,2024-12-21,08:00,13:00,30,10,2676.11
SE-402452,LUM-BFN,PR-3030,2024-12-21,08:00,13:00,30,10,1602.78
SE-402453,LUM-SAN,PR-3002,2024-12-23,08:00,17:00,30,18,5987
SE-402454,LUM-SAN,PR-3003,23/12/2024,08:00,17:00,20,27,3679
SE-402455,LUM-SAN,PR-3004,2024-12-23,08:00,17:00,20,27,4117
SE-402456,LUM-SAN,PR-3005,2024-12-23,08:00,17:00,20,27,4234
SE-402457,LUM-SAN,PR-3006,23/12/2024,08:00,17:00,30,18,3134
SE-402458,LUM-SAN,PR-3007,2024-12-23,08:00,17:00,45,12,6711
SE-402459,LUM-PTA,PR-3008,2024-12-23,08:00,17:00,20,27,3803
SE-402460,LUM-PTA,PR-3009,2024-12-23,08:00,17:00,25,21,8221
SE-402461,LUM-PTA,PR-3011,2024-12-23,08:00,17:00,20,27,4519
SE-402462,LUM-PTA,PR-3012,23/12/2024,08:00,17:00,20,27,4073
SE-402463,LUM-PTA,PR-3013,2024-12-23,08:00,17:00,30,18,5678
SE-402464,LUM-UMH,PR-3014,2024-12-23,08:00,17:00,20,27,3616
SE-402465,LUM-UMH,PR-3015,2024-12-23,08:00,17:00,30,18,4817
SE-402466,LUM-UMH,PR-3016,2024-12-23,08:00,17:00,30,18,3166
SE-402467,LUM-UMH,PR-3017,23/12/2024,08:00,17:00,25,21,7465
SE-402468,LUM-UMH,PR-3018,2024-12-23,08:00,17:00,20,27,3765
SE-402469,LUM-CLR,PR-3019,23/12/2024,08:00,17:00,20,27,4416
SE-402470,LUM-CLR,PR-3020,2024-12-23,08:00,17:00,30,18,3302
SE-402471,LUM-CLR,PR-3021,2024-12-23,08:00,17:00,20,27,4210
SE-402472,LUM-CLR,PR-3022,2024-12-23,08:00,17:00,20,27,4199
SE-402473,LUM-CLR,PR-3023,23/12/2024,08:00,17:00,20,27,3940
SE-402474,LUM-CLR,PR-3024,2024-12-23,08:00,17:00,20,27,4215
SE-402475,LUM-GQE,PR-3025,2024-12-23,08:00,17:00,20,27,3480
SE-402476,LUM-GQE,PR-3026,2024-12-23,08:00,17:00,20,27,4421
SE-402477,LUM-GQE,PR-3027,2024-12-23,08:00,17:00,30,18,5152
SE-402478,LUM-GQE,PR-3028,23/12/2024,08:00,17:00,20,27,4210
SE-402479,LUM-BFN,PR-3029,2024-12-23,08:00,17:00,30,18,4817
SE-402480,LUM-BFN,PR-3030,2024-12-23,08:00,17:00,30,18,2885
SE-402481,LUM-BFN,PR-3031,2024-12-23,08:00,17:00,30,18,3256
SE-402482,LUM-BFN,PR-3032,2024-12-23,08:00,17:00,30,18,2779
SE-402483,LUM-SAN,PR-3001,2024-12-24,08:00,17:00,20,27,4207
SE-402484,LUM-SAN,PR-3003,2024-12-24,08:00,17:00,20,27,3679
SE-402485,LUM-SAN,PR-3004,2024-12-24,08:00,17:00,20,27,4117
SE-402486,LUM-SAN,PR-3005,2024-12-24,08:00,17:00,20,27,4234
SE-402487,LUM-SAN,PR-3006,24/12/2024,08:00,17:00,30,18,3134
SE-402488,LUM-SAN,PR-3007,24/12/2024,08:00,17:00,45,12,6711
SE-402489,LUM-PTA,PR-3008,2024-12-24,08:00,17:00,20,27,3803
SE-402490,LUM-PTA,PR-3009,24/12/2024,08:00,17:00,25,21,8221
SE-402491,LUM-PTA,PR-3010,2024-12-24,08:00,17:00,30,18,5602
SE-402492,LUM-PTA,PR-3011,2024-12-24,08:00,17:00,20,27,4519
SE-402493,LUM-PTA,PR-3012,2024-12-24,08:00,17:00,20,27,4073
SE-402494,LUM-PTA,PR-3013,2024-12-24,08:00,17:00,30,18,5678
SE-402495,LUM-UMH,PR-3015,2024-12-24,08:00,17:00,30,18,4817
SE-402496,LUM-UMH,PR-3017,2024-12-24,08:00,17:00,25,21,7465
SE-402497,LUM-CLR,PR-3019,2024-12-24,08:00,17:00,20,27,4416
SE-402498,LUM-CLR,PR-3020,2024-12-24,08:00,17:00,30,18,3302
SE-402499,LUM-CLR,PR-3021,24/12/2024,08:00,17:00,20,27,4210
SE-402500,LUM-CLR,PR-3022,24/12/2024,08:00,17:00,20,27,4199
SE-402501,LUM-CLR,PR-3023,2024-12-24,08:00,17:00,20,27,3940
SE-402502,LUM-CLR,PR-3024,2024-12-24,08:00,17:00,20,27,4215
SE-402503,LUM-GQE,PR-3025,2024-12-24,08:00,17:00,20,27,3480
SE-402504,LUM-GQE,PR-3026,2024-12-24,08:00,17:00,20,27,4421
SE-402505,LUM-GQE,PR-3027,2024-12-24,08:00,17:00,30,18,5152
SE-402506,LUM-GQE,PR-3028,2024-12-24,08:00,17:00,20,27,4210
SE-402507,LUM-BFN,PR-3029,24/12/2024,08:00,17:00,30,18,4817
SE-402508,LUM-BFN,PR-3030,2024-12-24,08:00,17:00,30,18,2885
SE-402509,LUM-BFN,PR-3031,2024-12-24,08:00,17:00,30,18,3256
SE-402510,LUM-BFN,PR-3032,2024-12-24,08:00,17:00,30,18,2779
SE-402511,LUM-SAN,PR-3001,25/12/2024,08:00,17:00,20,27,4207
SE-402512,LUM-SAN,PR-3003,2024-12-25,08:00,17:00,20,27,3679
SE-402513,LUM-SAN,PR-3004,2024-12-25,08:00,17:00,20,27,4117
SE-402514,LUM-SAN,PR-3005,2024-12-25,08:00,17:00,20,27,4234
SE-402515,LUM-SAN,PR-3006,2024-12-25,08:00,17:00,30,18,3134
SE-402516,LUM-SAN,PR-3007,25/12/2024,08:00,17:00,45,12,6711
SE-402517,LUM-PTA,PR-3008,2024-12-25,08:00,17:00,20,27,3803
SE-402518,LUM-PTA,PR-3009,2024-12-25,08:00,17:00,25,21,8221
SE-402519,LUM-PTA,PR-3010,2024-12-25,08:00,17:00,30,18,5602
SE-402520,LUM-PTA,PR-3011,2024-12-25,08:00,17:00,20,27,4519
SE-402521,LUM-PTA,PR-3012,25/12/2024,08:00,17:00,20,27,4073
SE-402522,LUM-PTA,PR-3013,2024-12-25,08:00,17:00,30,18,5678
SE-402523,LUM-UMH,PR-3014,2024-12-25,08:00,17:00,20,27,3616
SE-402524,LUM-UMH,PR-3015,2024-12-25,08:00,17:00,30,18,4817
SE-402525,LUM-UMH,PR-3016,2024-12-25,08:00,17:00,30,18,3166
SE-402526,LUM-UMH,PR-3017,25/12/2024,08:00,17:00,25,21,7465
SE-402527,LUM-UMH,PR-3018,2024-12-25,08:00,17:00,20,27,3765
SE-402528,LUM-CLR,PR-3019,2024-12-25,08:00,17:00,20,27,4416
SE-402529,LUM-CLR,PR-3020,2024-12-25,08:00,17:00,30,18,3302
SE-402530,LUM-CLR,PR-3021,2024-12-25,08:00,17:00,20,27,4210
SE-402531,LUM-CLR,PR-3022,2024-12-25,08:00,17:00,20,27,4199
SE-402532,LUM-CLR,PR-3023,2024-12-25,08:00,17:00,20,27,3940
SE-402533,LUM-CLR,PR-3024,2024-12-25,08:00,17:00,20,27,4215
SE-402534,LUM-GQE,PR-3025,25/12/2024,08:00,17:00,20,27,3480
SE-402535,LUM-GQE,PR-3026,2024-12-25,08:00,17:00,20,27,4421
SE-402536,LUM-GQE,PR-3027,2024-12-25,08:00,17:00,30,18,5152
SE-402537,LUM-GQE,PR-3028,2024-12-25,08:00,17:00,20,27,4210
SE-402538,LUM-BFN,PR-3029,25/12/2024,08:00,17:00,30,18,4817
SE-402539,LUM-BFN,PR-3031,2024-12-25,08:00,17:00,30,18,3256
SE-402540,LUM-BFN,PR-3032,25/12/2024,08:00,17:00,30,18,2779
SE-402541,LUM-SAN,PR-3001,2024-12-26,08:00,17:00,20,27,4207
SE-402542,LUM-SAN,PR-3002,26/12/2024,08:00,17:00,30,18,5987
SE-402543,LUM-SAN,PR-3003,26/12/2024,08:00,17:00,20,27,3679
SE-402544,LUM-SAN,PR-3004,2024-12-26,08:00,17:00,20,27,4117
SE-402545,LUM-SAN,PR-3005,26/12/2024,08:00,17:00,20,27,4234
SE-402546,LUM-SAN,PR-3006,2024-12-26,08:00,17:00,30,18,3134
SE-402547,LUM-SAN,PR-3007,2024-12-26,08:00,17:00,45,12,6711
SE-402548,LUM-PTA,PR-3008,2024-12-26,08:00,17:00,20,27,3803
SE-402549,LUM-PTA,PR-3009,2024-12-26,08:00,17:00,25,21,8221
SE-402550,LUM-PTA,PR-3010,26/12/2024,08:00,17:00,30,18,5602
SE-402551,LUM-PTA,PR-3011,2024-12-26,08:00,17:00,20,27,4519
SE-402552,LUM-PTA,PR-3012,2024-12-26,08:00,17:00,20,27,4073
SE-402553,LUM-PTA,PR-3013,2024-12-26,08:00,17:00,30,18,5678
SE-402554,LUM-UMH,PR-3014,2024-12-26,08:00,17:00,20,27,3616
SE-402555,LUM-UMH,PR-3015,2024-12-26,08:00,17:00,30,18,4817
SE-402556,LUM-UMH,PR-3016,2024-12-26,08:00,17:00,30,18,3166
SE-402557,LUM-UMH,PR-3017,2024-12-26,08:00,17:00,25,21,7465
SE-402558,LUM-UMH,PR-3018,2024-12-26,08:00,17:00,20,27,3765
SE-402559,LUM-CLR,PR-3019,2024-12-26,08:00,17:00,20,27,4416
SE-402560,LUM-CLR,PR-3020,2024-12-26,08:00,17:00,30,18,3302
SE-402561,LUM-CLR,PR-3021,2024-12-26,08:00,17:00,20,27,4210
SE-402562,LUM-CLR,PR-3022,2024-12-26,08:00,17:00,20,27,4199
SE-402563,LUM-CLR,PR-3023,2024-12-26,08:00,17:00,20,27,3940
SE-402564,LUM-CLR,PR-3024,2024-12-26,08:00,17:00,20,27,4215
SE-402565,LUM-GQE,PR-3025,2024-12-26,08:00,17:00,20,27,3480
SE-402566,LUM-GQE,PR-3026,2024-12-26,08:00,17:00,20,27,4421
SE-402567,LUM-GQE,PR-3027,26/12/2024,08:00,17:00,30,18,5152
SE-402568,LUM-GQE,PR-3028,26/12/2024,08:00,17:00,20,27,4210
SE-402569,LUM-BFN,PR-3029,2024-12-26,08:00,17:00,30,18,4817
SE-402570,LUM-BFN,PR-3030,2024-12-26,08:00,17:00,30,18,2885
SE-402571,LUM-BFN,PR-3031,2024-12-26,08:00,17:00,30,18,3256
SE-402572,LUM-BFN,PR-3032,2024-12-26,08:00,17:00,30,18,2779
SE-402573,LUM-SAN,PR-3001,2024-12-27,08:00,17:00,20,27,4207
SE-402574,LUM-SAN,PR-3002,27/12/2024,08:00,17:00,30,18,5987
SE-402575,LUM-SAN,PR-3003,2024-12-27,08:00,17:00,20,27,3679
SE-402576,LUM-SAN,PR-3004,27/12/2024,08:00,17:00,20,27,4117
SE-402577,LUM-SAN,PR-3006,2024-12-27,08:00,17:00,30,18,3134
SE-402578,LUM-SAN,PR-3007,27/12/2024,08:00,17:00,45,12,6711
SE-402579,LUM-PTA,PR-3008,2024-12-27,08:00,17:00,20,27,3803
SE-402580,LUM-PTA,PR-3009,2024-12-27,08:00,17:00,25,21,8221
SE-402581,LUM-PTA,PR-3011,2024-12-27,08:00,17:00,20,27,4519
SE-402582,LUM-PTA,PR-3012,2024-12-27,08:00,17:00,20,27,4073
SE-402583,LUM-PTA,PR-3013,2024-12-27,08:00,17:00,30,18,5678
SE-402584,LUM-UMH,PR-3014,27/12/2024,08:00,17:00,20,27,3616
SE-402585,LUM-UMH,PR-3016,2024-12-27,08:00,17:00,30,18,3166
SE-402586,LUM-UMH,PR-3017,2024-12-27,08:00,17:00,25,21,7465
SE-402587,LUM-UMH,PR-3018,2024-12-27,08:00,17:00,20,27,3765
SE-402588,LUM-CLR,PR-3019,2024-12-27,08:00,17:00,20,27,4416
SE-402589,LUM-CLR,PR-3020,2024-12-27,08:00,17:00,30,18,3302
SE-402590,LUM-CLR,PR-3021,27/12/2024,08:00,17:00,20,27,4210
SE-402591,LUM-CLR,PR-3022,2024-12-27,08:00,17:00,20,27,4199
SE-402592,LUM-CLR,PR-3023,27/12/2024,08:00,17:00,20,27,3940
SE-402593,LUM-CLR,PR-3024,2024-12-27,08:00,17:00,20,27,4215
SE-402594,LUM-GQE,PR-3025,2024-12-27,08:00,17:00,20,27,3480
SE-402595,LUM-GQE,PR-3027,2024-12-27,08:00,17:00,30,18,5152
SE-402596,LUM-GQE,PR-3028,2024-12-27,08:00,17:00,20,27,4210
SE-402597,LUM-BFN,PR-3029,27/12/2024,08:00,17:00,30,18,4817
SE-402598,LUM-BFN,PR-3030,2024-12-27,08:00,17:00,30,18,2885
SE-402599,LUM-BFN,PR-3031,2024-12-27,08:00,17:00,30,18,3256
SE-402600,LUM-BFN,PR-3032,27/12/2024,08:00,17:00,30,18,2779
SE-402601,LUM-SAN,PR-3001,28/12/2024,08:00,13:00,20,15,2337.22
SE-402602,LUM-SAN,PR-3004,2024-12-28,08:00,13:00,20,15,2287.22
SE-402603,LUM-PTA,PR-3008,2024-12-28,08:00,13:00,20,15,2112.78
SE-402604,LUM-PTA,PR-3013,28/12/2024,08:00,13:00,30,10,3154.44
SE-402605,LUM-CLR,PR-3019,2024-12-28,08:00,13:00,20,15,2453.33
SE-402606,LUM-CLR,PR-3021,28/12/2024,08:00,13:00,20,15,2338.89
SE-402607,LUM-BFN,PR-3031,28/12/2024,08:00,13:00,30,10,1808.89
SE-402608,LUM-SAN,PR-3001,2024-12-30,08:00,17:00,20,27,4207
SE-402609,LUM-SAN,PR-3002,2024-12-30,08:00,17:00,30,18,5987
SE-402610,LUM-SAN,PR-3003,2024-12-30,08:00,17:00,20,27,3679
SE-402611,LUM-SAN,PR-3004,2024-12-30,08:00,17:00,20,27,4117
SE-402612,LUM-SAN,PR-3005,2024-12-30,08:00,17:00,20,27,4234
SE-402613,LUM-SAN,PR-3007,2024-12-30,08:00,17:00,45,12,6711
SE-402614,LUM-PTA,PR-3008,30/12/2024,08:00,17:00,20,27,3803
SE-402615,LUM-PTA,PR-3010,2024-12-30,08:00,17:00,30,18,5602
SE-402616,LUM-PTA,PR-3011,30/12/2024,08:00,17:00,20,27,4519
SE-402617,LUM-PTA,PR-3013,2024-12-30,08:00,17:00,30,18,5678
SE-402618,LUM-UMH,PR-3015,2024-12-30,08:00,17:00,30,18,4817
SE-402619,LUM-UMH,PR-3016,2024-12-30,08:00,17:00,30,18,3166
SE-402620,LUM-UMH,PR-3017,30/12/2024,08:00,17:00,25,21,7465
SE-402621,LUM-UMH,PR-3018,30/12/2024,08:00,17:00,20,27,3765
SE-402622,LUM-CLR,PR-3019,2024-12-30,08:00,17:00,20,27,4416
SE-402623,LUM-CLR,PR-3020,2024-12-30,08:00,17:00,30,18,3302
SE-402624,LUM-CLR,PR-3021,2024-12-30,08:00,17:00,20,27,4210
SE-402625,LUM-CLR,PR-3022,2024-12-30,08:00,17:00,20,27,4199
SE-402626,LUM-CLR,PR-3023,2024-12-30,08:00,17:00,20,27,3940
SE-402627,LUM-CLR,PR-3024,2024-12-30,08:00,17:00,20,27,4215
SE-402628,LUM-GQE,PR-3025,2024-12-30,08:00,17:00,20,27,3480
SE-402629,LUM-GQE,PR-3026,2024-12-30,08:00,17:00,20,27,4421
SE-402630,LUM-GQE,PR-3027,30/12/2024,08:00,17:00,30,18,5152
SE-402631,LUM-GQE,PR-3028,2024-12-30,08:00,17:00,20,27,4210
SE-402632,LUM-BFN,PR-3029,2024-12-30,08:00,17:00,30,18,4817
SE-402633,LUM-BFN,PR-3030,2024-12-30,08:00,17:00,30,18,2885
SE-402634,LUM-BFN,PR-3031,2024-12-30,08:00,17:00,30,18,3256
SE-402635,LUM-BFN,PR-3032,30/12/2024,08:00,17:00,30,18,2779
SE-402636,LUM-SAN,PR-3001,2024-12-31,08:00,17:00,20,27,4207
SE-402637,LUM-SAN,PR-3002,31/12/2024,08:00,17:00,30,18,5987
SE-402638,LUM-SAN,PR-3003,2024-12-31,08:00,17:00,20,27,3679
SE-402639,LUM-SAN,PR-3004,2024-12-31,08:00,17:00,20,27,4117
SE-402640,LUM-SAN,PR-3005,31/12/2024,08:00,17:00,20,27,4234
SE-402641,LUM-SAN,PR-3006,2024-12-31,08:00,17:00,30,18,3134
SE-402642,LUM-SAN,PR-3007,31/12/2024,08:00,17:00,45,12,6711
SE-402643,LUM-PTA,PR-3008,2024-12-31,08:00,17:00,20,27,3803
SE-402644,LUM-PTA,PR-3009,31/12/2024,08:00,17:00,25,21,8221
SE-402645,LUM-PTA,PR-3010,2024-12-31,08:00,17:00,30,18,5602
SE-402646,LUM-PTA,PR-3011,2024-12-31,08:00,17:00,20,27,4519
SE-402647,LUM-PTA,PR-3012,2024-12-31,08:00,17:00,20,27,4073
SE-402648,LUM-PTA,PR-3013,2024-12-31,08:00,17:00,30,18,5678
SE-402649,LUM-UMH,PR-3014,2024-12-31,08:00,17:00,20,27,3616
SE-402650,LUM-UMH,PR-3015,31/12/2024,08:00,17:00,30,18,4817
SE-402651,LUM-UMH,PR-3016,2024-12-31,08:00,17:00,30,18,3166
SE-402652,LUM-UMH,PR-3017,2024-12-31,08:00,17:00,25,21,7465
SE-402653,LUM-UMH,PR-3018,2024-12-31,08:00,17:00,20,27,3765
SE-402654,LUM-CLR,PR-3020,31/12/2024,08:00,17:00,30,18,3302
SE-402655,LUM-CLR,PR-3021,2024-12-31,08:00,17:00,20,27,4210
SE-402656,LUM-CLR,PR-3022,31/12/2024,08:00,17:00,20,27,4199
SE-402657,LUM-CLR,PR-3023,2024-12-31,08:00,17:00,20,27,3940
SE-402658,LUM-CLR,PR-3024,2024-12-31,08:00,17:00,20,27,4215
SE-402659,LUM-GQE,PR-3025,31/12/2024,08:00,17:00,20,27,3480
SE-402660,LUM-GQE,PR-3026,2024-12-31,08:00,17:00,20,27,4421
SE-402661,LUM-GQE,PR-3028,2024-12-31,08:00,17:00,20,27,4210
SE-402662,LUM-BFN,PR-3029,2024-12-31,08:00,17:00,30,18,4817
SE-402663,LUM-BFN,PR-3030,31/12/2024,08:00,17:00,30,18,2885
SE-402664,LUM-BFN,PR-3031,2024-12-31,08:00,17:00,30,18,3256
SE-402665,LUM-BFN,PR-3032,31/12/2024,08:00,17:00,30,18,2779
SE-402666,LUM-SAN,PR-3001,2025-01-01,08:00,17:00,20,27,4207
SE-402667,LUM-SAN,PR-3002,01/01/2025,08:00,17:00,30,18,5987
SE-402668,LUM-SAN,PR-3003,2025-01-01,08:00,17:00,20,27,3679
SE-402669,LUM-SAN,PR-3004,01/01/2025,08:00,17:00,20,27,4117
SE-402670,LUM-SAN,PR-3005,2025-01-01,08:00,17:00,20,27,4234
SE-402671,LUM-SAN,PR-3006,2025-01-01,08:00,17:00,30,18,3134
SE-402672,LUM-SAN,PR-3007,2025-01-01,08:00,17:00,45,12,6711
SE-402673,LUM-PTA,PR-3008,2025-01-01,08:00,17:00,20,27,3803
SE-402674,LUM-PTA,PR-3009,01/01/2025,08:00,17:00,25,21,8221
SE-402675,LUM-PTA,PR-3010,2025-01-01,08:00,17:00,30,18,5602
SE-402676,LUM-PTA,PR-3011,2025-01-01,08:00,17:00,20,27,4519
SE-402677,LUM-PTA,PR-3012,2025-01-01,08:00,17:00,20,27,4073
SE-402678,LUM-PTA,PR-3013,01/01/2025,08:00,17:00,30,18,5678
SE-402679,LUM-UMH,PR-3014,2025-01-01,08:00,17:00,20,27,3616
SE-402680,LUM-UMH,PR-3015,2025-01-01,08:00,17:00,30,18,4817
SE-402681,LUM-UMH,PR-3016,01/01/2025,08:00,17:00,30,18,3166
SE-402682,LUM-UMH,PR-3017,2025-01-01,08:00,17:00,25,21,7465
SE-402683,LUM-UMH,PR-3018,2025-01-01,08:00,17:00,20,27,3765
SE-402684,LUM-CLR,PR-3019,2025-01-01,08:00,17:00,20,27,4416
SE-402685,LUM-CLR,PR-3020,2025-01-01,08:00,17:00,30,18,3302
SE-402686,LUM-CLR,PR-3021,2025-01-01,08:00,17:00,20,27,4210
SE-402687,LUM-CLR,PR-3022,2025-01-01,08:00,17:00,20,27,4199
SE-402688,LUM-CLR,PR-3023,01/01/2025,08:00,17:00,20,27,3940
SE-402689,LUM-CLR,PR-3024,2025-01-01,08:00,17:00,20,27,4215
SE-402690,LUM-GQE,PR-3025,2025-01-01,08:00,17:00,20,27,3480
SE-402691,LUM-GQE,PR-3026,01/01/2025,08:00,17:00,20,27,4421
SE-402692,LUM-GQE,PR-3027,2025-01-01,08:00,17:00,30,18,5152
SE-402693,LUM-BFN,PR-3029,2025-01-01,08:00,17:00,30,18,4817
SE-402694,LUM-BFN,PR-3030,2025-01-01,08:00,17:00,30,18,2885
SE-402695,LUM-BFN,PR-3031,2025-01-01,08:00,17:00,30,18,3256
SE-402696,LUM-BFN,PR-3032,2025-01-01,08:00,17:00,30,18,2779
SE-402697,LUM-SAN,PR-3001,2025-01-02,08:00,17:00,20,27,4207
SE-402698,LUM-SAN,PR-3002,2025-01-02,08:00,17:00,30,18,5987
SE-402699,LUM-SAN,PR-3005,2025-01-02,08:00,17:00,20,27,4234
SE-402700,LUM-SAN,PR-3006,02/01/2025,08:00,17:00,30,18,3134
SE-402701,LUM-SAN,PR-3007,2025-01-02,08:00,17:00,45,12,6711
SE-402702,LUM-PTA,PR-3008,02/01/2025,08:00,17:00,20,27,3803
SE-402703,LUM-PTA,PR-3009,2025-01-02,08:00,17:00,25,21,8221
SE-402704,LUM-PTA,PR-3010,2025-01-02,08:00,17:00,30,18,5602
SE-402705,LUM-PTA,PR-3011,02/01/2025,08:00,17:00,20,27,4519
SE-402706,LUM-PTA,PR-3012,02/01/2025,08:00,17:00,20,27,4073
SE-402707,LUM-PTA,PR-3013,2025-01-02,08:00,17:00,30,18,5678
SE-402708,LUM-UMH,PR-3014,2025-01-02,08:00,17:00,20,27,3616
SE-402709,LUM-UMH,PR-3015,2025-01-02,08:00,17:00,30,18,4817
SE-402710,LUM-UMH,PR-3016,2025-01-02,08:00,17:00,30,18,3166
SE-402711,LUM-UMH,PR-3017,02/01/2025,08:00,17:00,25,21,7465
SE-402712,LUM-UMH,PR-3018,2025-01-02,08:00,17:00,20,27,3765
SE-402713,LUM-CLR,PR-3019,2025-01-02,08:00,17:00,20,27,4416
SE-402714,LUM-CLR,PR-3020,2025-01-02,08:00,17:00,30,18,3302
SE-402715,LUM-CLR,PR-3022,2025-01-02,08:00,17:00,20,27,4199
SE-402716,LUM-CLR,PR-3023,2025-01-02,08:00,17:00,20,27,3940
SE-402717,LUM-CLR,PR-3024,2025-01-02,08:00,17:00,20,27,4215
SE-402718,LUM-GQE,PR-3025,2025-01-02,08:00,17:00,20,27,3480
SE-402719,LUM-GQE,PR-3026,02/01/2025,08:00,17:00,20,27,4421
SE-402720,LUM-GQE,PR-3027,2025-01-02,08:00,17:00,30,18,5152
SE-402721,LUM-GQE,PR-3028,2025-01-02,08:00,17:00,20,27,4210
SE-402722,LUM-BFN,PR-3029,2025-01-02,08:00,17:00,30,18,4817
SE-402723,LUM-BFN,PR-3030,2025-01-02,08:00,17:00,30,18,2885
SE-402724,LUM-BFN,PR-3031,2025-01-02,08:00,17:00,30,18,3256
SE-402725,LUM-BFN,PR-3032,2025-01-02,08:00,17:00,30,18,2779
SE-402726,LUM-SAN,PR-3001,2025-01-03,08:00,17:00,20,27,4207
SE-402727,LUM-SAN,PR-3002,2025-01-03,08:00,17:00,30,18,5987
SE-402728,LUM-SAN,PR-3003,03/01/2025,08:00,17:00,20,27,3679
SE-402729,LUM-SAN,PR-3004,2025-01-03,08:00,17:00,20,27,4117
SE-402730,LUM-SAN,PR-3005,2025-01-03,08:00,17:00,20,27,4234
SE-402731,LUM-SAN,PR-3007,03/01/2025,08:00,17:00,45,12,6711
SE-402732,LUM-PTA,PR-3009,2025-01-03,08:00,17:00,25,21,8221
SE-402733,LUM-PTA,PR-3010,2025-01-03,08:00,17:00,30,18,5602
SE-402734,LUM-PTA,PR-3011,2025-01-03,08:00,17:00,20,27,4519
SE-402735,LUM-PTA,PR-3012,2025-01-03,08:00,17:00,20,27,4073
SE-402736,LUM-UMH,PR-3014,2025-01-03,08:00,17:00,20,27,3616
SE-402737,LUM-UMH,PR-3015,2025-01-03,08:00,17:00,30,18,4817
SE-402738,LUM-UMH,PR-3016,2025-01-03,08:00,17:00,30,18,3166
SE-402739,LUM-UMH,PR-3017,2025-01-03,08:00,17:00,25,21,7465
SE-402740,LUM-CLR,PR-3019,2025-01-03,08:00,17:00,20,27,4416
SE-402741,LUM-CLR,PR-3020,03/01/2025,08:00,17:00,30,18,3302
SE-402742,LUM-CLR,PR-3022,2025-01-03,08:00,17:00,20,27,4199
SE-402743,LUM-CLR,PR-3023,2025-01-03,08:00,17:00,20,27,3940
SE-402744,LUM-CLR,PR-3024,2025-01-03,08:00,17:00,20,27,4215
SE-402745,LUM-GQE,PR-3026,2025-01-03,08:00,17:00,20,27,4421
SE-402746,LUM-GQE,PR-3027,2025-01-03,08:00,17:00,30,18,5152
SE-402747,LUM-GQE,PR-3028,2025-01-03,08:00,17:00,20,27,4210
SE-402748,LUM-BFN,PR-3029,2025-01-03,08:00,17:00,30,18,4817
SE-402749,LUM-BFN,PR-3030,2025-01-03,08:00,17:00,30,18,2885
SE-402750,LUM-BFN,PR-3031,03/01/2025,08:00,17:00,30,18,3256
SE-402751,LUM-BFN,PR-3032,2025-01-03,08:00,17:00,30,18,2779
SE-402752,LUM-SAN,PR-3001,04/01/2025,08:00,13:00,20,15,2337.22
SE-402753,LUM-SAN,PR-3005,2025-01-04,08:00,13:00,20,15,2352.22
SE-402754,LUM-PTA,PR-3009,04/01/2025,08:00,13:00,25,12,4567.22
SE-402755,LUM-PTA,PR-3011,04/01/2025,08:00,13:00,20,15,2510.56
SE-402756,LUM-PTA,PR-3012,2025-01-04,08:00,13:00,20,15,2262.78
SE-402757,LUM-CLR,PR-3021,2025-01-04,08:00,13:00,20,15,2338.89
SE-402758,LUM-GQE,PR-3025,04/01/2025,08:00,13:00,20,15,1933.33
SE-402759,LUM-GQE,PR-3028,04/01/2025,08:00,13:00,20,15,2338.89
SE-402760,LUM-BFN,PR-3030,2025-01-04,08:00,13:00,30,10,1602.78
SE-402761,LUM-BFN,PR-3031,2025-01-04,08:00,13:00,30,10,1808.89
SE-402762,LUM-BFN,PR-3032,04/01/2025,08:00,13:00,30,10,1543.89
SE-402763,LUM-SAN,PR-3001,06/01/2025,08:00,17:00,20,27,4207
SE-402764,LUM-SAN,PR-3002,2025-01-06,08:00,17:00,30,18,5987
SE-402765,LUM-SAN,PR-3003,2025-01-06,08:00,17:00,20,27,3679
SE-402766,LUM-SAN,PR-3004,06/01/2025,08:00,17:00,20,27,4117
SE-402767,LUM-SAN,PR-3007,2025-01-06,08:00,17:00,45,12,6711
SE-402768,LUM-PTA,PR-3008,2025-01-06,08:00,17:00,20,27,3803
SE-402769,LUM-PTA,PR-3009,2025-01-06,08:00,17:00,25,21,8221
SE-402770,LUM-PTA,PR-3010,2025-01-06,08:00,17:00,30,18,5602
SE-402771,LUM-PTA,PR-3011,2025-01-06,08:00,17:00,20,27,4519
SE-402772,LUM-PTA,PR-3012,2025-01-06,08:00,17:00,20,27,4073
SE-402773,LUM-PTA,PR-3013,2025-01-06,08:00,17:00,30,18,5678
SE-402774,LUM-UMH,PR-3015,2025-01-06,08:00,17:00,30,18,4817
SE-402775,LUM-UMH,PR-3016,06/01/2025,08:00,17:00,30,18,3166
SE-402776,LUM-UMH,PR-3017,2025-01-06,08:00,17:00,25,21,7465
SE-402777,LUM-UMH,PR-3018,2025-01-06,08:00,17:00,20,27,3765
SE-402778,LUM-CLR,PR-3019,2025-01-06,08:00,17:00,20,27,4416
SE-402779,LUM-CLR,PR-3020,2025-01-06,08:00,17:00,30,18,3302
SE-402780,LUM-CLR,PR-3021,06/01/2025,08:00,17:00,20,27,4210
SE-402781,LUM-CLR,PR-3022,2025-01-06,08:00,17:00,20,27,4199
SE-402782,LUM-CLR,PR-3023,2025-01-06,08:00,17:00,20,27,3940
SE-402783,LUM-CLR,PR-3024,06/01/2025,08:00,17:00,20,27,4215
SE-402784,LUM-GQE,PR-3025,06/01/2025,08:00,17:00,20,27,3480
SE-402785,LUM-GQE,PR-3026,2025-01-06,08:00,17:00,20,27,4421
SE-402786,LUM-GQE,PR-3027,2025-01-06,08:00,17:00,30,18,5152
SE-402787,LUM-BFN,PR-3029,2025-01-06,08:00,17:00,30,18,4817
SE-402788,LUM-BFN,PR-3030,2025-01-06,08:00,17:00,30,18,2885
SE-402789,LUM-BFN,PR-3031,2025-01-06,08:00,17:00,30,18,3256
SE-402790,LUM-BFN,PR-3032,2025-01-06,08:00,17:00,30,18,2779
SE-402791,LUM-SAN,PR-3001,2025-01-07,08:00,17:00,20,27,4207
SE-402792,LUM-SAN,PR-3002,07/01/2025,08:00,17:00,30,18,5987
SE-402793,LUM-SAN,PR-3003,2025-01-07,08:00,17:00,20,27,3679
SE-402794,LUM-SAN,PR-3004,2025-01-07,08:00,17:00,20,27,4117
SE-402795,LUM-SAN,PR-3005,07/01/2025,08:00,17:00,20,27,4234
SE-402796,LUM-SAN,PR-3006,2025-01-07,08:00,17:00,30,18,3134
SE-402797,LUM-SAN,PR-3007,2025-01-07,08:00,17:00,45,12,6711
SE-402798,LUM-PTA,PR-3008,07/01/2025,08:00,17:00,20,27,3803
SE-402799,LUM-PTA,PR-3009,07/01/2025,08:00,17:00,25,21,8221
SE-402800,LUM-PTA,PR-3010,07/01/2025,08:00,17:00,30,18,5602
SE-402801,LUM-PTA,PR-3011,07/01/2025,08:00,17:00,20,27,4519
SE-402802,LUM-PTA,PR-3012,07/01/2025,08:00,17:00,20,27,4073
SE-402803,LUM-PTA,PR-3013,2025-01-07,08:00,17:00,30,18,5678
SE-402804,LUM-UMH,PR-3014,2025-01-07,08:00,17:00,20,27,3616
SE-402805,LUM-UMH,PR-3015,07/01/2025,08:00,17:00,30,18,4817
SE-402806,LUM-UMH,PR-3016,07/01/2025,08:00,17:00,30,18,3166
SE-402807,LUM-UMH,PR-3018,2025-01-07,08:00,17:00,20,27,3765
SE-402808,LUM-CLR,PR-3020,2025-01-07,08:00,17:00,30,18,3302
SE-402809,LUM-CLR,PR-3021,2025-01-07,08:00,17:00,20,27,4210
SE-402810,LUM-CLR,PR-3022,2025-01-07,08:00,17:00,20,27,4199
SE-402811,LUM-CLR,PR-3023,2025-01-07,08:00,17:00,20,27,3940
SE-402812,LUM-CLR,PR-3024,07/01/2025,08:00,17:00,20,27,4215
SE-402813,LUM-GQE,PR-3025,07/01/2025,08:00,17:00,20,27,3480
SE-402814,LUM-GQE,PR-3026,2025-01-07,08:00,17:00,20,27,4421
SE-402815,LUM-GQE,PR-3027,2025-01-07,08:00,17:00,30,18,5152
SE-402816,LUM-GQE,PR-3028,2025-01-07,08:00,17:00,20,27,4210
SE-402817,LUM-BFN,PR-3030,2025-01-07,08:00,17:00,30,18,2885
SE-402818,LUM-BFN,PR-3031,2025-01-07,08:00,17:00,30,18,3256
SE-402819,LUM-BFN,PR-3032,2025-01-07,08:00,17:00,30,18,2779
SE-402820,LUM-SAN,PR-3001,2025-01-08,08:00,17:00,20,27,4207
SE-402821,LUM-SAN,PR-3002,2025-01-08,08:00,17:00,30,18,5987
SE-402822,LUM-SAN,PR-3003,08/01/2025,08:00,17:00,20,27,3679
SE-402823,LUM-SAN,PR-3004,2025-01-08,08:00,17:00,20,27,4117
SE-402824,LUM-SAN,PR-3005,08/01/2025,08:00,17:00,20,27,4234
SE-402825,LUM-SAN,PR-3006,2025-01-08,08:00,17:00,30,18,3134
SE-402826,LUM-PTA,PR-3009,2025-01-08,08:00,17:00,25,21,8221
SE-402827,LUM-PTA,PR-3010,2025-01-08,08:00,17:00,30,18,5602
SE-402828,LUM-PTA,PR-3011,2025-01-08,08:00,17:00,20,27,4519
SE-402829,LUM-PTA,PR-3012,2025-01-08,08:00,17:00,20,27,4073
SE-402830,LUM-PTA,PR-3013,2025-01-08,08:00,17:00,30,18,5678
SE-402831,LUM-UMH,PR-3014,2025-01-08,08:00,17:00,20,27,3616
SE-402832,LUM-UMH,PR-3015,2025-01-08,08:00,17:00,30,18,4817
SE-402833,LUM-UMH,PR-3016,2025-01-08,08:00,17:00,30,18,3166
SE-402834,LUM-UMH,PR-3017,08/01/2025,08:00,17:00,25,21,7465
SE-402835,LUM-UMH,PR-3018,2025-01-08,08:00,17:00,20,27,3765
SE-402836,LUM-CLR,PR-3019,2025-01-08,08:00,17:00,20,27,4416
SE-402837,LUM-CLR,PR-3020,2025-01-08,08:00,17:00,30,18,3302
SE-402838,LUM-CLR,PR-3021,08/01/2025,08:00,17:00,20,27,4210
SE-402839,LUM-CLR,PR-3022,2025-01-08,08:00,17:00,20,27,4199
SE-402840,LUM-CLR,PR-3023,08/01/2025,08:00,17:00,20,27,3940
SE-402841,LUM-CLR,PR-3024,2025-01-08,08:00,17:00,20,27,4215
SE-402842,LUM-GQE,PR-3025,2025-01-08,08:00,17:00,20,27,3480
SE-402843,LUM-GQE,PR-3026,2025-01-08,08:00,17:00,20,27,4421
SE-402844,LUM-GQE,PR-3027,08/01/2025,08:00,17:00,30,18,5152
SE-402845,LUM-GQE,PR-3028,08/01/2025,08:00,17:00,20,27,4210
SE-402846,LUM-BFN,PR-3029,2025-01-08,08:00,17:00,30,18,4817
SE-402847,LUM-BFN,PR-3030,2025-01-08,08:00,17:00,30,18,2885
SE-402848,LUM-BFN,PR-3031,2025-01-08,08:00,17:00,30,18,3256
SE-402849,LUM-SAN,PR-3001,09/01/2025,08:00,17:00,20,27,4207
SE-402850,LUM-SAN,PR-3002,2025-01-09,08:00,17:00,30,18,5987
SE-402851,LUM-SAN,PR-3003,09/01/2025,08:00,17:00,20,27,3679
SE-402852,LUM-SAN,PR-3004,09/01/2025,08:00,17:00,20,27,4117
SE-402853,LUM-SAN,PR-3005,2025-01-09,08:00,17:00,20,27,4234
SE-402854,LUM-SAN,PR-3007,2025-01-09,08:00,17:00,45,12,6711
SE-402855,LUM-PTA,PR-3008,2025-01-09,08:00,17:00,20,27,3803
SE-402856,LUM-PTA,PR-3012,2025-01-09,08:00,17:00,20,27,4073
SE-402857,LUM-PTA,PR-3013,2025-01-09,08:00,17:00,30,18,5678
SE-402858,LUM-UMH,PR-3014,2025-01-09,08:00,17:00,20,27,3616
SE-402859,LUM-UMH,PR-3017,09/01/2025,08:00,17:00,25,21,7465
SE-402860,LUM-UMH,PR-3018,2025-01-09,08:00,17:00,20,27,3765
SE-402861,LUM-CLR,PR-3019,2025-01-09,08:00,17:00,20,27,4416
SE-402862,LUM-CLR,PR-3020,2025-01-09,08:00,17:00,30,18,3302
SE-402863,LUM-CLR,PR-3021,09/01/2025,08:00,17:00,20,27,4210
SE-402864,LUM-CLR,PR-3022,09/01/2025,08:00,17:00,20,27,4199
SE-402865,LUM-CLR,PR-3023,2025-01-09,08:00,17:00,20,27,3940
SE-402866,LUM-CLR,PR-3024,2025-01-09,08:00,17:00,20,27,4215
SE-402867,LUM-GQE,PR-3025,2025-01-09,08:00,17:00,20,27,3480
SE-402868,LUM-GQE,PR-3026,2025-01-09,08:00,17:00,20,27,4421
SE-402869,LUM-GQE,PR-3027,2025-01-09,08:00,17:00,30,18,5152
SE-402870,LUM-GQE,PR-3028,2025-01-09,08:00,17:00,20,27,4210
SE-402871,LUM-BFN,PR-3029,2025-01-09,08:00,17:00,30,18,4817
SE-402872,LUM-BFN,PR-3031,2025-01-09,08:00,17:00,30,18,3256
SE-402873,LUM-BFN,PR-3032,2025-01-09,08:00,17:00,30,18,2779
SE-402874,LUM-SAN,PR-3002,2025-01-10,08:00,17:00,30,18,5987
SE-402875,LUM-SAN,PR-3003,2025-01-10,08:00,17:00,20,27,3679
SE-402876,LUM-SAN,PR-3004,2025-01-10,08:00,17:00,20,27,4117
SE-402877,LUM-SAN,PR-3005,2025-01-10,08:00,17:00,20,27,4234
SE-402878,LUM-SAN,PR-3006,2025-01-10,08:00,17:00,30,18,3134
SE-402879,LUM-SAN,PR-3007,2025-01-10,08:00,17:00,45,12,6711
SE-402880,LUM-PTA,PR-3008,2025-01-10,08:00,17:00,20,27,3803
SE-402881,LUM-PTA,PR-3009,10/01/2025,08:00,17:00,25,21,8221
SE-402882,LUM-PTA,PR-3010,2025-01-10,08:00,17:00,30,18,5602
SE-402883,LUM-PTA,PR-3011,10/01/2025,08:00,17:00,20,27,4519
SE-402884,LUM-PTA,PR-3012,2025-01-10,08:00,17:00,20,27,4073
SE-402885,LUM-PTA,PR-3013,2025-01-10,08:00,17:00,30,18,5678
SE-402886,LUM-UMH,PR-3014,2025-01-10,08:00,17:00,20,27,3616
SE-402887,LUM-UMH,PR-3015,2025-01-10,08:00,17:00,30,18,4817
SE-402888,LUM-UMH,PR-3016,2025-01-10,08:00,17:00,30,18,3166
SE-402889,LUM-UMH,PR-3017,2025-01-10,08:00,17:00,25,21,7465
SE-402890,LUM-CLR,PR-3019,2025-01-10,08:00,17:00,20,27,4416
SE-402891,LUM-CLR,PR-3020,2025-01-10,08:00,17:00,30,18,3302
SE-402892,LUM-CLR,PR-3021,2025-01-10,08:00,17:00,20,27,4210
SE-402893,LUM-CLR,PR-3022,10/01/2025,08:00,17:00,20,27,4199
SE-402894,LUM-CLR,PR-3023,2025-01-10,08:00,17:00,20,27,3940
SE-402895,LUM-CLR,PR-3024,2025-01-10,08:00,17:00,20,27,4215
SE-402896,LUM-GQE,PR-3025,10/01/2025,08:00,17:00,20,27,3480
SE-402897,LUM-GQE,PR-3026,2025-01-10,08:00,17:00,20,27,4421
SE-402898,LUM-GQE,PR-3027,2025-01-10,08:00,17:00,30,18,5152
SE-402899,LUM-GQE,PR-3028,2025-01-10,08:00,17:00,20,27,4210
SE-402900,LUM-BFN,PR-3029,2025-01-10,08:00,17:00,30,18,4817
SE-402901,LUM-BFN,PR-3030,2025-01-10,08:00,17:00,30,18,2885
SE-402902,LUM-BFN,PR-3031,10/01/2025,08:00,17:00,30,18,3256
SE-402903,LUM-BFN,PR-3032,2025-01-10,08:00,17:00,30,18,2779
SE-402904,LUM-SAN,PR-3002,2025-01-11,08:00,13:00,30,10,3326.11
SE-402905,LUM-SAN,PR-3003,2025-01-11,08:00,13:00,20,15,2043.89
SE-402906,LUM-SAN,PR-3007,2025-01-11,08:00,13:00,45,6,3728.33
SE-402907,LUM-PTA,PR-3009,11/01/2025,08:00,13:00,25,12,4567.22
SE-402908,LUM-PTA,PR-3010,11/01/2025,08:00,13:00,30,10,3112.22
SE-402909,LUM-PTA,PR-3011,2025-01-11,08:00,13:00,20,15,2510.56
SE-402910,LUM-PTA,PR-3013,2025-01-11,08:00,13:00,30,10,3154.44
SE-402911,LUM-UMH,PR-3015,11/01/2025,08:00,13:00,30,10,2676.11
SE-402912,LUM-CLR,PR-3021,2025-01-11,08:00,13:00,20,15,2338.89
SE-402913,LUM-CLR,PR-3023,2025-01-11,08:00,13:00,20,15,2188.89
SE-402914,LUM-GQE,PR-3028,2025-01-11,08:00,13:00,20,15,2338.89
SE-402915,LUM-BFN,PR-3029,11/01/2025,08:00,13:00,30,10,2676.11
SE-402916,LUM-BFN,PR-3031,11/01/2025,08:00,13:00,30,10,1808.89
SE-402917,LUM-BFN,PR-3032,2025-01-11,08:00,13:00,30,10,1543.89
SE-402918,LUM-SAN,PR-3001,2025-01-13,08:00,17:00,20,27,4207
SE-402919,LUM-SAN,PR-3002,2025-01-13,08:00,17:00,30,18,5987
SE-402920,LUM-SAN,PR-3003,13/01/2025,08:00,17:00,20,27,3679
SE-402921,LUM-SAN,PR-3004,2025-01-13,08:00,17:00,20,27,4117
SE-402922,LUM-SAN,PR-3005,13/01/2025,08:00,17:00,20,27,4234
SE-402923,LUM-SAN,PR-3006,2025-01-13,08:00,17:00,30,18,3134
SE-402924,LUM-SAN,PR-3007,2025-01-13,08:00,17:00,45,12,6711
SE-402925,LUM-PTA,PR-3008,2025-01-13,08:00,17:00,20,27,3803
SE-402926,LUM-PTA,PR-3010,13/01/2025,08:00,17:00,30,18,5602
SE-402927,LUM-PTA,PR-3011,2025-01-13,08:00,17:00,20,27,4519
SE-402928,LUM-PTA,PR-3013,13/01/2025,08:00,17:00,30,18,5678
SE-402929,LUM-UMH,PR-3014,13/01/2025,08:00,17:00,20,27,3616
SE-402930,LUM-UMH,PR-3015,13/01/2025,08:00,17:00,30,18,4817
SE-402931,LUM-UMH,PR-3016,13/01/2025,08:00,17:00,30,18,3166
SE-402932,LUM-UMH,PR-3017,2025-01-13,08:00,17:00,25,21,7465
SE-402933,LUM-UMH,PR-3018,2025-01-13,08:00,17:00,20,27,3765
SE-402934,LUM-CLR,PR-3019,2025-01-13,08:00,17:00,20,27,4416
SE-402935,LUM-CLR,PR-3020,2025-01-13,08:00,17:00,30,18,3302
SE-402936,LUM-CLR,PR-3022,2025-01-13,08:00,17:00,20,27,4199
SE-402937,LUM-CLR,PR-3023,2025-01-13,08:00,17:00,20,27,3940
SE-402938,LUM-CLR,PR-3024,2025-01-13,08:00,17:00,20,27,4215
SE-402939,LUM-GQE,PR-3025,2025-01-13,08:00,17:00,20,27,3480
SE-402940,LUM-GQE,PR-3027,2025-01-13,08:00,17:00,30,18,5152
SE-402941,LUM-GQE,PR-3028,2025-01-13,08:00,17:00,20,27,4210
SE-402942,LUM-BFN,PR-3029,2025-01-13,08:00,17:00,30,18,4817
SE-402943,LUM-BFN,PR-3030,13/01/2025,08:00,17:00,30,18,2885
SE-402944,LUM-BFN,PR-3031,2025-01-13,08:00,17:00,30,18,3256
SE-402945,LUM-BFN,PR-3032,13/01/2025,08:00,17:00,30,18,2779
SE-402946,LUM-SAN,PR-3002,2025-01-14,08:00,17:00,30,18,5987
SE-402947,LUM-SAN,PR-3003,2025-01-14,08:00,17:00,20,27,3679
SE-402948,LUM-SAN,PR-3004,14/01/2025,08:00,17:00,20,27,4117
SE-402949,LUM-SAN,PR-3005,2025-01-14,08:00,17:00,20,27,4234
SE-402950,LUM-SAN,PR-3006,2025-01-14,08:00,17:00,30,18,3134
SE-402951,LUM-SAN,PR-3007,2025-01-14,08:00,17:00,45,12,6711
SE-402952,LUM-PTA,PR-3008,2025-01-14,08:00,17:00,20,27,3803
SE-402953,LUM-PTA,PR-3009,2025-01-14,08:00,17:00,25,21,8221
SE-402954,LUM-PTA,PR-3010,2025-01-14,08:00,17:00,30,18,5602
SE-402955,LUM-PTA,PR-3011,2025-01-14,08:00,17:00,20,27,4519
SE-402956,LUM-PTA,PR-3012,2025-01-14,08:00,17:00,20,27,4073
SE-402957,LUM-PTA,PR-3013,2025-01-14,08:00,17:00,30,18,5678
SE-402958,LUM-UMH,PR-3014,2025-01-14,08:00,17:00,20,27,3616
SE-402959,LUM-UMH,PR-3015,2025-01-14,08:00,17:00,30,18,4817
SE-402960,LUM-UMH,PR-3016,2025-01-14,08:00,17:00,30,18,3166
SE-402961,LUM-UMH,PR-3018,2025-01-14,08:00,17:00,20,27,3765
SE-402962,LUM-CLR,PR-3019,14/01/2025,08:00,17:00,20,27,4416
SE-402963,LUM-CLR,PR-3020,14/01/2025,08:00,17:00,30,18,3302
SE-402964,LUM-CLR,PR-3022,14/01/2025,08:00,17:00,20,27,4199
SE-402965,LUM-CLR,PR-3023,14/01/2025,08:00,17:00,20,27,3940
SE-402966,LUM-CLR,PR-3024,2025-01-14,08:00,17:00,20,27,4215
SE-402967,LUM-GQE,PR-3025,2025-01-14,08:00,17:00,20,27,3480
SE-402968,LUM-GQE,PR-3026,14/01/2025,08:00,17:00,20,27,4421
SE-402969,LUM-GQE,PR-3027,2025-01-14,08:00,17:00,30,18,5152
SE-402970,LUM-BFN,PR-3030,2025-01-14,08:00,17:00,30,18,2885
SE-402971,LUM-BFN,PR-3031,2025-01-14,08:00,17:00,30,18,3256
SE-402972,LUM-BFN,PR-3032,14/01/2025,08:00,17:00,30,18,2779
SE-402973,LUM-SAN,PR-3001,15/01/2025,08:00,17:00,20,27,4207
SE-402974,LUM-SAN,PR-3002,15/01/2025,08:00,17:00,30,18,5987
SE-402975,LUM-SAN,PR-3003,2025-01-15,08:00,17:00,20,27,3679
SE-402976,LUM-SAN,PR-3004,2025-01-15,08:00,17:00,20,27,4117
SE-402977,LUM-SAN,PR-3005,2025-01-15,08:00,17:00,20,27,4234
SE-402978,LUM-SAN,PR-3006,2025-01-15,08:00,17:00,30,18,3134
SE-402979,LUM-SAN,PR-3007,2025-01-15,08:00,17:00,45,12,6711
SE-402980,LUM-PTA,PR-3008,2025-01-15,08:00,17:00,20,27,3803
SE-402981,LUM-PTA,PR-3009,2025-01-15,08:00,17:00,25,21,8221
SE-402982,LUM-PTA,PR-3010,2025-01-15,08:00,17:00,30,18,5602
SE-402983,LUM-PTA,PR-3011,2025-01-15,08:00,17:00,20,27,4519
SE-402984,LUM-UMH,PR-3014,2025-01-15,08:00,17:00,20,27,3616
SE-402985,LUM-UMH,PR-3015,2025-01-15,08:00,17:00,30,18,4817
SE-402986,LUM-UMH,PR-3016,2025-01-15,08:00,17:00,30,18,3166
SE-402987,LUM-UMH,PR-3017,15/01/2025,08:00,17:00,25,21,7465
SE-402988,LUM-UMH,PR-3018,2025-01-15,08:00,17:00,20,27,3765
SE-402989,LUM-CLR,PR-3019,15/01/2025,08:00,17:00,20,27,4416
SE-402990,LUM-CLR,PR-3020,2025-01-15,08:00,17:00,30,18,3302
SE-402991,LUM-CLR,PR-3021,2025-01-15,08:00,17:00,20,27,4210
SE-402992,LUM-CLR,PR-3022,2025-01-15,08:00,17:00,20,27,4199
SE-402993,LUM-CLR,PR-3023,2025-01-15,08:00,17:00,20,27,3940
SE-402994,LUM-CLR,PR-3024,15/01/2025,08:00,17:00,20,27,4215
SE-402995,LUM-GQE,PR-3026,15/01/2025,08:00,17:00,20,27,4421
SE-402996,LUM-GQE,PR-3027,2025-01-15,08:00,17:00,30,18,5152
SE-402997,LUM-GQE,PR-3028,15/01/2025,08:00,17:00,20,27,4210
SE-402998,LUM-BFN,PR-3029,2025-01-15,08:00,17:00,30,18,4817
SE-402999,LUM-BFN,PR-3030,2025-01-15,08:00,17:00,30,18,2885
SE-403000,LUM-BFN,PR-3031,2025-01-15,08:00,17:00,30,18,3256
SE-403001,LUM-BFN,PR-3032,2025-01-15,08:00,17:00,30,18,2779
SE-403002,LUM-SAN,PR-3001,2025-01-16,08:00,17:00,20,27,4207
SE-403003,LUM-SAN,PR-3002,16/01/2025,08:00,17:00,30,18,5987
SE-403004,LUM-SAN,PR-3003,2025-01-16,08:00,17:00,20,27,3679
SE-403005,LUM-SAN,PR-3004,2025-01-16,08:00,17:00,20,27,4117
SE-403006,LUM-SAN,PR-3005,2025-01-16,08:00,17:00,20,27,4234
SE-403007,LUM-SAN,PR-3006,2025-01-16,08:00,17:00,30,18,3134
SE-403008,LUM-SAN,PR-3007,2025-01-16,08:00,17:00,45,12,6711
SE-403009,LUM-PTA,PR-3008,2025-01-16,08:00,17:00,20,27,3803
SE-403010,LUM-PTA,PR-3009,16/01/2025,08:00,17:00,25,21,8221
SE-403011,LUM-PTA,PR-3010,2025-01-16,08:00,17:00,30,18,5602
SE-403012,LUM-PTA,PR-3011,2025-01-16,08:00,17:00,20,27,4519
SE-403013,LUM-PTA,PR-3012,2025-01-16,08:00,17:00,20,27,4073
SE-403014,LUM-PTA,PR-3013,2025-01-16,08:00,17:00,30,18,5678
SE-403015,LUM-UMH,PR-3014,2025-01-16,08:00,17:00,20,27,3616
SE-403016,LUM-UMH,PR-3015,2025-01-16,08:00,17:00,30,18,4817
SE-403017,LUM-UMH,PR-3016,2025-01-16,08:00,17:00,30,18,3166
SE-403018,LUM-UMH,PR-3017,16/01/2025,08:00,17:00,25,21,7465
SE-403019,LUM-UMH,PR-3018,2025-01-16,08:00,17:00,20,27,3765
SE-403020,LUM-CLR,PR-3019,2025-01-16,08:00,17:00,20,27,4416
SE-403021,LUM-CLR,PR-3020,2025-01-16,08:00,17:00,30,18,3302
SE-403022,LUM-CLR,PR-3021,2025-01-16,08:00,17:00,20,27,4210
SE-403023,LUM-CLR,PR-3022,2025-01-16,08:00,17:00,20,27,4199
SE-403024,LUM-CLR,PR-3023,16/01/2025,08:00,17:00,20,27,3940
SE-403025,LUM-CLR,PR-3024,2025-01-16,08:00,17:00,20,27,4215
SE-403026,LUM-GQE,PR-3025,16/01/2025,08:00,17:00,20,27,3480
SE-403027,LUM-GQE,PR-3026,2025-01-16,08:00,17:00,20,27,4421
SE-403028,LUM-GQE,PR-3027,2025-01-16,08:00,17:00,30,18,5152
SE-403029,LUM-GQE,PR-3028,2025-01-16,08:00,17:00,20,27,4210
SE-403030,LUM-BFN,PR-3029,2025-01-16,08:00,17:00,30,18,4817
SE-403031,LUM-BFN,PR-3030,2025-01-16,08:00,17:00,30,18,2885
SE-403032,LUM-BFN,PR-3031,2025-01-16,08:00,17:00,30,18,3256
SE-403033,LUM-BFN,PR-3032,2025-01-16,08:00,17:00,30,18,2779
SE-403034,LUM-SAN,PR-3002,2025-01-17,08:00,17:00,30,18,5987
SE-403035,LUM-SAN,PR-3003,2025-01-17,08:00,17:00,20,27,3679
SE-403036,LUM-SAN,PR-3004,2025-01-17,08:00,17:00,20,27,4117
SE-403037,LUM-SAN,PR-3005,2025-01-17,08:00,17:00,20,27,4234
SE-403038,LUM-SAN,PR-3006,17/01/2025,08:00,17:00,30,18,3134
SE-403039,LUM-SAN,PR-3007,2025-01-17,08:00,17:00,45,12,6711
SE-403040,LUM-PTA,PR-3008,17/01/2025,08:00,17:00,20,27,3803
SE-403041,LUM-PTA,PR-3009,2025-01-17,08:00,17:00,25,21,8221
SE-403042,LUM-PTA,PR-3010,2025-01-17,08:00,17:00,30,18,5602
SE-403043,LUM-PTA,PR-3011,17/01/2025,08:00,17:00,20,27,4519
SE-403044,LUM-PTA,PR-3012,2025-01-17,08:00,17:00,20,27,4073
SE-403045,LUM-PTA,PR-3013,2025-01-17,08:00,17:00,30,18,5678
SE-403046,LUM-UMH,PR-3014,17/01/2025,08:00,17:00,20,27,3616
SE-403047,LUM-UMH,PR-3015,17/01/2025,08:00,17:00,30,18,4817
SE-403048,LUM-UMH,PR-3016,2025-01-17,08:00,17:00,30,18,3166
SE-403049,LUM-UMH,PR-3017,2025-01-17,08:00,17:00,25,21,7465
SE-403050,LUM-UMH,PR-3018,2025-01-17,08:00,17:00,20,27,3765
SE-403051,LUM-CLR,PR-3019,2025-01-17,08:00,17:00,20,27,4416
SE-403052,LUM-CLR,PR-3020,2025-01-17,08:00,17:00,30,18,3302
SE-403053,LUM-CLR,PR-3021,2025-01-17,08:00,17:00,20,27,4210
SE-403054,LUM-CLR,PR-3022,2025-01-17,08:00,17:00,20,27,4199
SE-403055,LUM-CLR,PR-3024,17/01/2025,08:00,17:00,20,27,4215
SE-403056,LUM-GQE,PR-3026,2025-01-17,08:00,17:00,20,27,4421
SE-403057,LUM-GQE,PR-3027,2025-01-17,08:00,17:00,30,18,5152
SE-403058,LUM-GQE,PR-3028,17/01/2025,08:00,17:00,20,27,4210
SE-403059,LUM-BFN,PR-3029,2025-01-17,08:00,17:00,30,18,4817
SE-403060,LUM-BFN,PR-3030,17/01/2025,08:00,17:00,30,18,2885
SE-403061,LUM-BFN,PR-3032,2025-01-17,08:00,17:00,30,18,2779
SE-403062,LUM-SAN,PR-3001,2025-01-18,08:00,13:00,20,15,2337.22
SE-403063,LUM-SAN,PR-3004,2025-01-18,08:00,13:00,20,15,2287.22
SE-403064,LUM-SAN,PR-3006,2025-01-18,08:00,13:00,30,10,1741.11
SE-403065,LUM-PTA,PR-3009,2025-01-18,08:00,13:00,25,12,4567.22
SE-403066,LUM-PTA,PR-3011,2025-01-18,08:00,13:00,20,15,2510.56
SE-403067,LUM-BFN,PR-3031,2025-01-18,08:00,13:00,30,10,1808.89
SE-403068,LUM-BFN,PR-3032,2025-01-18,08:00,13:00,30,10,1543.89
SE-403069,LUM-SAN,PR-3001,20/01/2025,08:00,17:00,20,27,4207
SE-403070,LUM-SAN,PR-3002,2025-01-20,08:00,17:00,30,18,5987
SE-403071,LUM-SAN,PR-3003,2025-01-20,08:00,17:00,20,27,3679
SE-403072,LUM-SAN,PR-3004,2025-01-20,08:00,17:00,20,27,4117
SE-403073,LUM-SAN,PR-3005,20/01/2025,08:00,17:00,20,27,4234
SE-403074,LUM-SAN,PR-3006,2025-01-20,08:00,17:00,30,18,3134
SE-403075,LUM-SAN,PR-3007,2025-01-20,08:00,17:00,45,12,6711
SE-403076,LUM-PTA,PR-3009,2025-01-20,08:00,17:00,25,21,8221
SE-403077,LUM-PTA,PR-3010,20/01/2025,08:00,17:00,30,18,5602
SE-403078,LUM-PTA,PR-3011,2025-01-20,08:00,17:00,20,27,4519
SE-403079,LUM-PTA,PR-3012,2025-01-20,08:00,17:00,20,27,4073
SE-403080,LUM-PTA,PR-3013,2025-01-20,08:00,17:00,30,18,5678
SE-403081,LUM-UMH,PR-3014,20/01/2025,08:00,17:00,20,27,3616
SE-403082,LUM-UMH,PR-3015,2025-01-20,08:00,17:00,30,18,4817
SE-403083,LUM-UMH,PR-3016,2025-01-20,08:00,17:00,30,18,3166
SE-403084,LUM-UMH,PR-3017,2025-01-20,08:00,17:00,25,21,7465
SE-403085,LUM-UMH,PR-3018,20/01/2025,08:00,17:00,20,27,3765
SE-403086,LUM-CLR,PR-3019,2025-01-20,08:00,17:00,20,27,4416
SE-403087,LUM-CLR,PR-3020,20/01/2025,08:00,17:00,30,18,3302
SE-403088,LUM-CLR,PR-3021,20/01/2025,08:00,17:00,20,27,4210
SE-403089,LUM-CLR,PR-3022,20/01/2025,08:00,17:00,20,27,4199
SE-403090,LUM-CLR,PR-3023,20/01/2025,08:00,17:00,20,27,3940
SE-403091,LUM-CLR,PR-3024,2025-01-20,08:00,17:00,20,27,4215
SE-403092,LUM-GQE,PR-3025,20/01/2025,08:00,17:00,20,27,3480
SE-403093,LUM-GQE,PR-3026,2025-01-20,08:00,17:00,20,27,4421
SE-403094,LUM-GQE,PR-3027,2025-01-20,08:00,17:00,30,18,5152
SE-403095,LUM-BFN,PR-3029,20/01/2025,08:00,17:00,30,18,4817
SE-403096,LUM-BFN,PR-3030,2025-01-20,08:00,17:00,30,18,2885
SE-403097,LUM-BFN,PR-3031,2025-01-20,08:00,17:00,30,18,3256
SE-403098,LUM-BFN,PR-3032,2025-01-20,08:00,17:00,30,18,2779
SE-403099,LUM-SAN,PR-3002,21/01/2025,08:00,17:00,30,18,5987
SE-403100,LUM-SAN,PR-3003,2025-01-21,08:00,17:00,20,27,3679
SE-403101,LUM-SAN,PR-3005,2025-01-21,08:00,17:00,20,27,4234
SE-403102,LUM-PTA,PR-3008,2025-01-21,08:00,17:00,20,27,3803
SE-403103,LUM-PTA,PR-3009,2025-01-21,08:00,17:00,25,21,8221
SE-403104,LUM-PTA,PR-3010,21/01/2025,08:00,17:00,30,18,5602
SE-403105,LUM-PTA,PR-3011,21/01/2025,08:00,17:00,20,27,4519
SE-403106,LUM-PTA,PR-3013,2025-01-21,08:00,17:00,30,18,5678
SE-403107,LUM-UMH,PR-3014,2025-01-21,08:00,17:00,20,27,3616
SE-403108,LUM-UMH,PR-3015,21/01/2025,08:00,17:00,30,18,4817
SE-403109,LUM-UMH,PR-3016,2025-01-21,08:00,17:00,30,18,3166
SE-403110,LUM-UMH,PR-3017,2025-01-21,08:00,17:00,25,21,7465
SE-403111,LUM-UMH,PR-3018,21/01/2025,08:00,17:00,20,27,3765
SE-403112,LUM-CLR,PR-3019,21/01/2025,08:00,17:00,20,27,4416
SE-403113,LUM-CLR,PR-3020,21/01/2025,08:00,17:00,30,18,3302
SE-403114,LUM-CLR,PR-3021,2025-01-21,08:00,17:00,20,27,4210
SE-403115,LUM-CLR,PR-3022,2025-01-21,08:00,17:00,20,27,4199
SE-403116,LUM-CLR,PR-3023,2025-01-21,08:00,17:00,20,27,3940
SE-403117,LUM-GQE,PR-3025,2025-01-21,08:00,17:00,20,27,3480
SE-403118,LUM-GQE,PR-3026,21/01/2025,08:00,17:00,20,27,4421
SE-403119,LUM-GQE,PR-3027,2025-01-21,08:00,17:00,30,18,5152
SE-403120,LUM-GQE,PR-3028,21/01/2025,08:00,17:00,20,27,4210
SE-403121,LUM-BFN,PR-3029,21/01/2025,08:00,17:00,30,18,4817
SE-403122,LUM-BFN,PR-3030,2025-01-21,08:00,17:00,30,18,2885
SE-403123,LUM-BFN,PR-3031,2025-01-21,08:00,17:00,30,18,3256
SE-403124,LUM-BFN,PR-3032,21/01/2025,08:00,17:00,30,18,2779
SE-403125,LUM-SAN,PR-3002,2025-01-22,08:00,17:00,30,18,5987
SE-403126,LUM-SAN,PR-3003,2025-01-22,08:00,17:00,20,27,3679
SE-403127,LUM-SAN,PR-3004,2025-01-22,08:00,17:00,20,27,4117
SE-403128,LUM-SAN,PR-3005,2025-01-22,08:00,17:00,20,27,4234
SE-403129,LUM-SAN,PR-3006,2025-01-22,08:00,17:00,30,18,3134
SE-403130,LUM-PTA,PR-3008,2025-01-22,08:00,17:00,20,27,3803
SE-403131,LUM-PTA,PR-3009,2025-01-22,08:00,17:00,25,21,8221
SE-403132,LUM-PTA,PR-3010,2025-01-22,08:00,17:00,30,18,5602
SE-403133,LUM-PTA,PR-3011,22/01/2025,08:00,17:00,20,27,4519
SE-403134,LUM-PTA,PR-3012,2025-01-22,08:00,17:00,20,27,4073
SE-403135,LUM-PTA,PR-3013,22/01/2025,08:00,17:00,30,18,5678
SE-403136,LUM-UMH,PR-3014,2025-01-22,08:00,17:00,20,27,3616
SE-403137,LUM-UMH,PR-3015,2025-01-22,08:00,17:00,30,18,4817
SE-403138,LUM-UMH,PR-3016,2025-01-22,08:00,17:00,30,18,3166
SE-403139,LUM-UMH,PR-3017,2025-01-22,08:00,17:00,25,21,7465
SE-403140,LUM-UMH,PR-3018,2025-01-22,08:00,17:00,20,27,3765
SE-403141,LUM-CLR,PR-3019,22/01/2025,08:00,17:00,20,27,4416
SE-403142,LUM-CLR,PR-3020,22/01/2025,08:00,17:00,30,18,3302
SE-403143,LUM-CLR,PR-3021,2025-01-22,08:00,17:00,20,27,4210
SE-403144,LUM-CLR,PR-3022,2025-01-22,08:00,17:00,20,27,4199
SE-403145,LUM-CLR,PR-3023,22/01/2025,08:00,17:00,20,27,3940
SE-403146,LUM-CLR,PR-3024,22/01/2025,08:00,17:00,20,27,4215
SE-403147,LUM-GQE,PR-3025,2025-01-22,08:00,17:00,20,27,3480
SE-403148,LUM-GQE,PR-3026,22/01/2025,08:00,17:00,20,27,4421
SE-403149,LUM-GQE,PR-3027,2025-01-22,08:00,17:00,30,18,5152
SE-403150,LUM-GQE,PR-3028,2025-01-22,08:00,17:00,20,27,4210
SE-403151,LUM-BFN,PR-3029,2025-01-22,08:00,17:00,30,18,4817
SE-403152,LUM-BFN,PR-3031,2025-01-22,08:00,17:00,30,18,3256
SE-403153,LUM-BFN,PR-3032,22/01/2025,08:00,17:00,30,18,2779
SE-403154,LUM-SAN,PR-3001,2025-01-23,08:00,17:00,20,27,4207
SE-403155,LUM-SAN,PR-3003,2025-01-23,08:00,17:00,20,27,3679
SE-403156,LUM-SAN,PR-3004,2025-01-23,08:00,17:00,20,27,4117
SE-403157,LUM-SAN,PR-3005,2025-01-23,08:00,17:00,20,27,4234
SE-403158,LUM-SAN,PR-3006,2025-01-23,08:00,17:00,30,18,3134
SE-403159,LUM-SAN,PR-3007,2025-01-23,08:00,17:00,45,12,6711
SE-403160,LUM-PTA,PR-3008,2025-01-23,08:00,17:00,20,27,3803
SE-403161,LUM-PTA,PR-3009,2025-01-23,08:00,17:00,25,21,8221
SE-403162,LUM-PTA,PR-3010,2025-01-23,08:00,17:00,30,18,5602
SE-403163,LUM-PTA,PR-3011,2025-01-23,08:00,17:00,20,27,4519
SE-403164,LUM-PTA,PR-3013,2025-01-23,08:00,17:00,30,18,5678
SE-403165,LUM-UMH,PR-3014,23/01/2025,08:00,17:00,20,27,3616
SE-403166,LUM-UMH,PR-3015,2025-01-23,08:00,17:00,30,18,4817
SE-403167,LUM-UMH,PR-3016,2025-01-23,08:00,17:00,30,18,3166
SE-403168,LUM-UMH,PR-3017,2025-01-23,08:00,17:00,25,21,7465
SE-403169,LUM-UMH,PR-3018,2025-01-23,08:00,17:00,20,27,3765
SE-403170,LUM-CLR,PR-3019,2025-01-23,08:00,17:00,20,27,4416
SE-403171,LUM-CLR,PR-3021,2025-01-23,08:00,17:00,20,27,4210
SE-403172,LUM-CLR,PR-3022,2025-01-23,08:00,17:00,20,27,4199
SE-403173,LUM-CLR,PR-3023,2025-01-23,08:00,17:00,20,27,3940
SE-403174,LUM-CLR,PR-3024,2025-01-23,08:00,17:00,20,27,4215
SE-403175,LUM-GQE,PR-3025,23/01/2025,08:00,17:00,20,27,3480
SE-403176,LUM-GQE,PR-3026,23/01/2025,08:00,17:00,20,27,4421
SE-403177,LUM-GQE,PR-3027,2025-01-23,08:00,17:00,30,18,5152
SE-403178,LUM-BFN,PR-3029,2025-01-23,08:00,17:00,30,18,4817
SE-403179,LUM-BFN,PR-3030,2025-01-23,08:00,17:00,30,18,2885
SE-403180,LUM-BFN,PR-3031,2025-01-23,08:00,17:00,30,18,3256
SE-403181,LUM-BFN,PR-3032,2025-01-23,08:00,17:00,30,18,2779
SE-403182,LUM-SAN,PR-3001,2025-01-24,08:00,17:00,20,27,4207
SE-403183,LUM-SAN,PR-3002,24/01/2025,08:00,17:00,30,18,5987
SE-403184,LUM-SAN,PR-3003,2025-01-24,08:00,17:00,20,27,3679
SE-403185,LUM-SAN,PR-3004,24/01/2025,08:00,17:00,20,27,4117
SE-403186,LUM-SAN,PR-3005,2025-01-24,08:00,17:00,20,27,4234
SE-403187,LUM-SAN,PR-3006,2025-01-24,08:00,17:00,30,18,3134
SE-403188,LUM-SAN,PR-3007,2025-01-24,08:00,17:00,45,12,6711
SE-403189,LUM-PTA,PR-3008,2025-01-24,08:00,17:00,20,27,3803
SE-403190,LUM-PTA,PR-3009,24/01/2025,08:00,17:00,25,21,8221
SE-403191,LUM-PTA,PR-3010,2025-01-24,08:00,17:00,30,18,5602
SE-403192,LUM-PTA,PR-3011,24/01/2025,08:00,17:00,20,27,4519
SE-403193,LUM-PTA,PR-3012,2025-01-24,08:00,17:00,20,27,4073
SE-403194,LUM-PTA,PR-3013,2025-01-24,08:00,17:00,30,18,5678
SE-403195,LUM-UMH,PR-3014,2025-01-24,08:00,17:00,20,27,3616
SE-403196,LUM-UMH,PR-3015,2025-01-24,08:00,17:00,30,18,4817
SE-403197,LUM-UMH,PR-3016,2025-01-24,08:00,17:00,30,18,3166
SE-403198,LUM-UMH,PR-3017,2025-01-24,08:00,17:00,25,21,7465
SE-403199,LUM-UMH,PR-3018,24/01/2025,08:00,17:00,20,27,3765
SE-403200,LUM-CLR,PR-3019,2025-01-24,08:00,17:00,20,27,4416
SE-403201,LUM-CLR,PR-3020,24/01/2025,08:00,17:00,30,18,3302
SE-403202,LUM-CLR,PR-3021,2025-01-24,08:00,17:00,20,27,4210
SE-403203,LUM-CLR,PR-3022,24/01/2025,08:00,17:00,20,27,4199
SE-403204,LUM-CLR,PR-3023,24/01/2025,08:00,17:00,20,27,3940
SE-403205,LUM-GQE,PR-3025,2025-01-24,08:00,17:00,20,27,3480
SE-403206,LUM-GQE,PR-3026,2025-01-24,08:00,17:00,20,27,4421
SE-403207,LUM-GQE,PR-3027,2025-01-24,08:00,17:00,30,18,5152
SE-403208,LUM-GQE,PR-3028,2025-01-24,08:00,17:00,20,27,4210
SE-403209,LUM-BFN,PR-3029,2025-01-24,08:00,17:00,30,18,4817
SE-403210,LUM-BFN,PR-3030,2025-01-24,08:00,17:00,30,18,2885
SE-403211,LUM-BFN,PR-3031,24/01/2025,08:00,17:00,30,18,3256
SE-403212,LUM-BFN,PR-3032,2025-01-24,08:00,17:00,30,18,2779
SE-403213,LUM-SAN,PR-3004,2025-01-25,08:00,13:00,20,15,2287.22
SE-403214,LUM-PTA,PR-3008,2025-01-25,08:00,13:00,20,15,2112.78
SE-403215,LUM-PTA,PR-3009,2025-01-25,08:00,13:00,25,12,4567.22
SE-403216,LUM-PTA,PR-3011,25/01/2025,08:00,13:00,20,15,2510.56
SE-403217,LUM-UMH,PR-3015,25/01/2025,08:00,13:00,30,10,2676.11
SE-403218,LUM-UMH,PR-3016,2025-01-25,08:00,13:00,30,10,1758.89
SE-403219,LUM-CLR,PR-3020,2025-01-25,08:00,13:00,30,10,1834.44
SE-403220,LUM-GQE,PR-3026,2025-01-25,08:00,13:00,20,15,2456.11
SE-403221,LUM-BFN,PR-3030,2025-01-25,08:00,13:00,30,10,1602.78
SE-403222,LUM-BFN,PR-3032,2025-01-25,08:00,13:00,30,10,1543.89
SE-403223,LUM-SAN,PR-3001,27/01/2025,08:00,17:00,20,27,4207
SE-403224,LUM-SAN,PR-3002,2025-01-27,08:00,17:00,30,18,5987
SE-403225,LUM-SAN,PR-3003,27/01/2025,08:00,17:00,20,27,3679
SE-403226,LUM-SAN,PR-3004,2025-01-27,08:00,17:00,20,27,4117
SE-403227,LUM-SAN,PR-3005,2025-01-27,08:00,17:00,20,27,4234
SE-403228,LUM-SAN,PR-3006,2025-01-27,08:00,17:00,30,18,3134
SE-403229,LUM-SAN,PR-3007,27/01/2025,08:00,17:00,45,12,6711
SE-403230,LUM-PTA,PR-3008,2025-01-27,08:00,17:00,20,27,3803
SE-403231,LUM-PTA,PR-3009,2025-01-27,08:00,17:00,25,21,8221
SE-403232,LUM-PTA,PR-3010,2025-01-27,08:00,17:00,30,18,5602
SE-403233,LUM-PTA,PR-3011,27/01/2025,08:00,17:00,20,27,4519
SE-403234,LUM-PTA,PR-3012,2025-01-27,08:00,17:00,20,27,4073
SE-403235,LUM-PTA,PR-3013,2025-01-27,08:00,17:00,30,18,5678
SE-403236,LUM-UMH,PR-3014,2025-01-27,08:00,17:00,20,27,3616
SE-403237,LUM-UMH,PR-3015,2025-01-27,08:00,17:00,30,18,4817
SE-403238,LUM-UMH,PR-3017,2025-01-27,08:00,17:00,25,21,7465
SE-403239,LUM-UMH,PR-3018,2025-01-27,08:00,17:00,20,27,3765
SE-403240,LUM-CLR,PR-3020,27/01/2025,08:00,17:00,30,18,3302
SE-403241,LUM-CLR,PR-3021,27/01/2025,08:00,17:00,20,27,4210
SE-403242,LUM-CLR,PR-3022,2025-01-27,08:00,17:00,20,27,4199
SE-403243,LUM-CLR,PR-3024,2025-01-27,08:00,17:00,20,27,4215
SE-403244,LUM-GQE,PR-3025,27/01/2025,08:00,17:00,20,27,3480
SE-403245,LUM-GQE,PR-3026,2025-01-27,08:00,17:00,20,27,4421
SE-403246,LUM-GQE,PR-3027,2025-01-27,08:00,17:00,30,18,5152
SE-403247,LUM-GQE,PR-3028,2025-01-27,08:00,17:00,20,27,4210
SE-403248,LUM-BFN,PR-3029,2025-01-27,08:00,17:00,30,18,4817
SE-403249,LUM-BFN,PR-3030,2025-01-27,08:00,17:00,30,18,2885
SE-403250,LUM-BFN,PR-3031,27/01/2025,08:00,17:00,30,18,3256
SE-403251,LUM-BFN,PR-3032,2025-01-27,08:00,17:00,30,18,2779
SE-403252,LUM-SAN,PR-3001,28/01/2025,08:00,17:00,20,27,4207
SE-403253,LUM-SAN,PR-3002,2025-01-28,08:00,17:00,30,18,5987
SE-403254,LUM-SAN,PR-3003,2025-01-28,08:00,17:00,20,27,3679
SE-403255,LUM-SAN,PR-3004,2025-01-28,08:00,17:00,20,27,4117
SE-403256,LUM-SAN,PR-3005,2025-01-28,08:00,17:00,20,27,4234
SE-403257,LUM-SAN,PR-3006,2025-01-28,08:00,17:00,30,18,3134
SE-403258,LUM-SAN,PR-3007,2025-01-28,08:00,17:00,45,12,6711
SE-403259,LUM-PTA,PR-3009,2025-01-28,08:00,17:00,25,21,8221
SE-403260,LUM-PTA,PR-3010,2025-01-28,08:00,17:00,30,18,5602
SE-403261,LUM-PTA,PR-3012,2025-01-28,08:00,17:00,20,27,4073
SE-403262,LUM-PTA,PR-3013,2025-01-28,08:00,17:00,30,18,5678
SE-403263,LUM-UMH,PR-3014,2025-01-28,08:00,17:00,20,27,3616
SE-403264,LUM-UMH,PR-3016,28/01/2025,08:00,17:00,30,18,3166
SE-403265,LUM-UMH,PR-3017,2025-01-28,08:00,17:00,25,21,7465
SE-403266,LUM-UMH,PR-3018,2025-01-28,08:00,17:00,20,27,3765
SE-403267,LUM-CLR,PR-3020,28/01/2025,08:00,17:00,30,18,3302
SE-403268,LUM-CLR,PR-3021,28/01/2025,08:00,17:00,20,27,4210
SE-403269,LUM-CLR,PR-3023,2025-01-28,08:00,17:00,20,27,3940
SE-403270,LUM-CLR,PR-3024,2025-01-28,08:00,17:00,20,27,4215
SE-403271,LUM-GQE,PR-3025,2025-01-28,08:00,17:00,20,27,3480
SE-403272,LUM-GQE,PR-3026,28/01/2025,08:00,17:00,20,27,4421
SE-403273,LUM-GQE,PR-3027,2025-01-28,08:00,17:00,30,18,5152
SE-403274,LUM-GQE,PR-3028,2025-01-28,08:00,17:00,20,27,4210
SE-403275,LUM-BFN,PR-3029,2025-01-28,08:00,17:00,30,18,4817
SE-403276,LUM-BFN,PR-3030,2025-01-28,08:00,17:00,30,18,2885
SE-403277,LUM-BFN,PR-3032,28/01/2025,08:00,17:00,30,18,2779
SE-403278,LUM-SAN,PR-3001,2025-01-29,08:00,17:00,20,27,4207
SE-403279,LUM-SAN,PR-3002,29/01/2025,08:00,17:00,30,18,5987
SE-403280,LUM-SAN,PR-3003,29/01/2025,08:00,17:00,20,27,3679
SE-403281,LUM-SAN,PR-3004,2025-01-29,08:00,17:00,20,27,4117
SE-403282,LUM-SAN,PR-3005,2025-01-29,08:00,17:00,20,27,4234
SE-403283,LUM-SAN,PR-3006,2025-01-29,08:00,17:00,30,18,3134
SE-403284,LUM-SAN,PR-3007,2025-01-29,08:00,17:00,45,12,6711
SE-403285,LUM-PTA,PR-3008,2025-01-29,08:00,17:00,20,27,3803
SE-403286,LUM-PTA,PR-3009,2025-01-29,08:00,17:00,25,21,8221
SE-403287,LUM-PTA,PR-3010,29/01/2025,08:00,17:00,30,18,5602
SE-403288,LUM-PTA,PR-3013,2025-01-29,08:00,17:00,30,18,5678
SE-403289,LUM-UMH,PR-3014,2025-01-29,08:00,17:00,20,27,3616
SE-403290,LUM-UMH,PR-3016,29/01/2025,08:00,17:00,30,18,3166
SE-403291,LUM-UMH,PR-3017,2025-01-29,08:00,17:00,25,21,7465
SE-403292,LUM-UMH,PR-3018,2025-01-29,08:00,17:00,20,27,3765
SE-403293,LUM-CLR,PR-3019,2025-01-29,08:00,17:00,20,27,4416
SE-403294,LUM-CLR,PR-3020,2025-01-29,08:00,17:00,30,18,3302
SE-403295,LUM-CLR,PR-3021,29/01/2025,08:00,17:00,20,27,4210
SE-403296,LUM-CLR,PR-3022,2025-01-29,08:00,17:00,20,27,4199
SE-403297,LUM-CLR,PR-3023,2025-01-29,08:00,17:00,20,27,3940
SE-403298,LUM-CLR,PR-3024,2025-01-29,08:00,17:00,20,27,4215
SE-403299,LUM-GQE,PR-3025,2025-01-29,08:00,17:00,20,27,3480
SE-403300,LUM-GQE,PR-3026,2025-01-29,08:00,17:00,20,27,4421
SE-403301,LUM-GQE,PR-3027,29/01/2025,08:00,17:00,30,18,5152
SE-403302,LUM-GQE,PR-3028,2025-01-29,08:00,17:00,20,27,4210
SE-403303,LUM-BFN,PR-3029,2025-01-29,08:00,17:00,30,18,4817
SE-403304,LUM-BFN,PR-3030,2025-01-29,08:00,17:00,30,18,2885
SE-403305,LUM-BFN,PR-3031,2025-01-29,08:00,17:00,30,18,3256
SE-403306,LUM-BFN,PR-3032,2025-01-29,08:00,17:00,30,18,2779
SE-403307,LUM-SAN,PR-3002,2025-01-30,08:00,17:00,30,18,5987
SE-403308,LUM-SAN,PR-3003,2025-01-30,08:00,17:00,20,27,3679
SE-403309,LUM-SAN,PR-3005,30/01/2025,08:00,17:00,20,27,4234
SE-403310,LUM-SAN,PR-3006,30/01/2025,08:00,17:00,30,18,3134
SE-403311,LUM-PTA,PR-3008,30/01/2025,08:00,17:00,20,27,3803
SE-403312,LUM-PTA,PR-3009,2025-01-30,08:00,17:00,25,21,8221
SE-403313,LUM-PTA,PR-3010,2025-01-30,08:00,17:00,30,18,5602
SE-403314,LUM-PTA,PR-3011,2025-01-30,08:00,17:00,20,27,4519
SE-403315,LUM-PTA,PR-3012,2025-01-30,08:00,17:00,20,27,4073
SE-403316,LUM-PTA,PR-3013,2025-01-30,08:00,17:00,30,18,5678
SE-403317,LUM-UMH,PR-3014,2025-01-30,08:00,17:00,20,27,3616
SE-403318,LUM-UMH,PR-3015,30/01/2025,08:00,17:00,30,18,4817
SE-403319,LUM-UMH,PR-3016,30/01/2025,08:00,17:00,30,18,3166
SE-403320,LUM-UMH,PR-3017,30/01/2025,08:00,17:00,25,21,7465
SE-403321,LUM-UMH,PR-3018,2025-01-30,08:00,17:00,20,27,3765
SE-403322,LUM-CLR,PR-3019,2025-01-30,08:00,17:00,20,27,4416
SE-403323,LUM-CLR,PR-3020,2025-01-30,08:00,17:00,30,18,3302
SE-403324,LUM-CLR,PR-3021,2025-01-30,08:00,17:00,20,27,4210
SE-403325,LUM-CLR,PR-3022,30/01/2025,08:00,17:00,20,27,4199
SE-403326,LUM-CLR,PR-3023,2025-01-30,08:00,17:00,20,27,3940
SE-403327,LUM-CLR,PR-3024,2025-01-30,08:00,17:00,20,27,4215
SE-403328,LUM-GQE,PR-3025,2025-01-30,08:00,17:00,20,27,3480
SE-403329,LUM-GQE,PR-3026,2025-01-30,08:00,17:00,20,27,4421
SE-403330,LUM-GQE,PR-3027,30/01/2025,08:00,17:00,30,18,5152
SE-403331,LUM-GQE,PR-3028,2025-01-30,08:00,17:00,20,27,4210
SE-403332,LUM-BFN,PR-3029,30/01/2025,08:00,17:00,30,18,4817
SE-403333,LUM-BFN,PR-3030,2025-01-30,08:00,17:00,30,18,2885
SE-403334,LUM-BFN,PR-3031,2025-01-30,08:00,17:00,30,18,3256
SE-403335,LUM-BFN,PR-3032,2025-01-30,08:00,17:00,30,18,2779
SE-403336,LUM-SAN,PR-3001,2025-01-31,08:00,17:00,20,27,4207
SE-403337,LUM-SAN,PR-3002,2025-01-31,08:00,17:00,30,18,5987
SE-403338,LUM-SAN,PR-3003,2025-01-31,08:00,17:00,20,27,3679
SE-403339,LUM-SAN,PR-3004,2025-01-31,08:00,17:00,20,27,4117
SE-403340,LUM-SAN,PR-3005,2025-01-31,08:00,17:00,20,27,4234
SE-403341,LUM-SAN,PR-3006,2025-01-31,08:00,17:00,30,18,3134
SE-403342,LUM-SAN,PR-3007,2025-01-31,08:00,17:00,45,12,6711
SE-403343,LUM-PTA,PR-3008,2025-01-31,08:00,17:00,20,27,3803
SE-403344,LUM-PTA,PR-3009,2025-01-31,08:00,17:00,25,21,8221
SE-403345,LUM-PTA,PR-3010,2025-01-31,08:00,17:00,30,18,5602
SE-403346,LUM-PTA,PR-3011,2025-01-31,08:00,17:00,20,27,4519
SE-403347,LUM-PTA,PR-3013,2025-01-31,08:00,17:00,30,18,5678
SE-403348,LUM-UMH,PR-3014,2025-01-31,08:00,17:00,20,27,3616
SE-403349,LUM-UMH,PR-3015,2025-01-31,08:00,17:00,30,18,4817
SE-403350,LUM-UMH,PR-3016,2025-01-31,08:00,17:00,30,18,3166
SE-403351,LUM-UMH,PR-3018,2025-01-31,08:00,17:00,20,27,3765
SE-403352,LUM-CLR,PR-3019,2025-01-31,08:00,17:00,20,27,4416
SE-403353,LUM-CLR,PR-3020,31/01/2025,08:00,17:00,30,18,3302
SE-403354,LUM-CLR,PR-3021,2025-01-31,08:00,17:00,20,27,4210
SE-403355,LUM-CLR,PR-3022,31/01/2025,08:00,17:00,20,27,4199
SE-403356,LUM-CLR,PR-3023,2025-01-31,08:00,17:00,20,27,3940
SE-403357,LUM-CLR,PR-3024,2025-01-31,08:00,17:00,20,27,4215
SE-403358,LUM-GQE,PR-3025,2025-01-31,08:00,17:00,20,27,3480
SE-403359,LUM-GQE,PR-3026,2025-01-31,08:00,17:00,20,27,4421
SE-403360,LUM-GQE,PR-3027,31/01/2025,08:00,17:00,30,18,5152
SE-403361,LUM-GQE,PR-3028,2025-01-31,08:00,17:00,20,27,4210
SE-403362,LUM-BFN,PR-3029,2025-01-31,08:00,17:00,30,18,4817
SE-403363,LUM-BFN,PR-3030,2025-01-31,08:00,17:00,30,18,2885
SE-403364,LUM-BFN,PR-3031,2025-01-31,08:00,17:00,30,18,3256
SE-403365,LUM-BFN,PR-3032,2025-01-31,08:00,17:00,30,18,2779
SE-403366,LUM-SAN,PR-3001,2025-02-01,08:00,13:00,20,15,2337.22
SE-403367,LUM-SAN,PR-3006,2025-02-01,08:00,13:00,30,10,1741.11
SE-403368,LUM-SAN,PR-3007,2025-02-01,08:00,13:00,45,6,3728.33
SE-403369,LUM-PTA,PR-3013,2025-02-01,08:00,13:00,30,10,3154.44
SE-403370,LUM-UMH,PR-3016,2025-02-01,08:00,13:00,30,10,1758.89
SE-403371,LUM-CLR,PR-3020,01/02/2025,08:00,13:00,30,10,1834.44
SE-403372,LUM-CLR,PR-3022,2025-02-01,08:00,13:00,20,15,2332.78
SE-403373,LUM-CLR,PR-3023,2025-02-01,08:00,13:00,20,15,2188.89
SE-403374,LUM-GQE,PR-3027,01/02/2025,08:00,13:00,30,10,2862.22
SE-403375,LUM-BFN,PR-3029,2025-02-01,08:00,13:00,30,10,2676.11
SE-403376,LUM-BFN,PR-3031,2025-02-01,08:00,13:00,30,10,1808.89
SE-403377,LUM-SAN,PR-3002,2025-02-03,08:00,17:00,30,18,5987
SE-403378,LUM-SAN,PR-3003,2025-02-03,08:00,17:00,20,27,3679
SE-403379,LUM-SAN,PR-3005,2025-02-03,08:00,17:00,20,27,4234
SE-403380,LUM-SAN,PR-3006,2025-02-03,08:00,17:00,30,18,3134
SE-403381,LUM-SAN,PR-3007,2025-02-03,08:00,17:00,45,12,6711
SE-403382,LUM-PTA,PR-3008,2025-02-03,08:00,17:00,20,27,3803
SE-403383,LUM-PTA,PR-3009,03/02/2025,08:00,17:00,25,21,8221
SE-403384,LUM-PTA,PR-3010,2025-02-03,08:00,17:00,30,18,5602
SE-403385,LUM-PTA,PR-3011,2025-02-03,08:00,17:00,20,27,4519
SE-403386,LUM-PTA,PR-3012,2025-02-03,08:00,17:00,20,27,4073
SE-403387,LUM-PTA,PR-3013,2025-02-03,08:00,17:00,30,18,5678
SE-403388,LUM-UMH,PR-3014,2025-02-03,08:00,17:00,20,27,3616
SE-403389,LUM-UMH,PR-3015,2025-02-03,08:00,17:00,30,18,4817
SE-403390,LUM-UMH,PR-3016,03/02/2025,08:00,17:00,30,18,3166
SE-403391,LUM-UMH,PR-3017,2025-02-03,08:00,17:00,25,21,7465
SE-403392,LUM-UMH,PR-3018,2025-02-03,08:00,17:00,20,27,3765
SE-403393,LUM-CLR,PR-3020,2025-02-03,08:00,17:00,30,18,3302
SE-403394,LUM-CLR,PR-3021,2025-02-03,08:00,17:00,20,27,4210
SE-403395,LUM-CLR,PR-3022,2025-02-03,08:00,17:00,20,27,4199
SE-403396,LUM-CLR,PR-3024,2025-02-03,08:00,17:00,20,27,4215
SE-403397,LUM-GQE,PR-3025,03/02/2025,08:00,17:00,20,27,3480
SE-403398,LUM-GQE,PR-3026,03/02/2025,08:00,17:00,20,27,4421
SE-403399,LUM-GQE,PR-3027,2025-02-03,08:00,17:00,30,18,5152
SE-403400,LUM-GQE,PR-3028,2025-02-03,08:00,17:00,20,27,4210
SE-403401,LUM-BFN,PR-3029,2025-02-03,08:00,17:00,30,18,4817
SE-403402,LUM-BFN,PR-3030,03/02/2025,08:00,17:00,30,18,2885
SE-403403,LUM-BFN,PR-3031,2025-02-03,08:00,17:00,30,18,3256
SE-403404,LUM-BFN,PR-3032,03/02/2025,08:00,17:00,30,18,2779
SE-403405,LUM-SAN,PR-3001,2025-02-04,08:00,17:00,20,27,4207
SE-403406,LUM-SAN,PR-3002,04/02/2025,08:00,17:00,30,18,5987
SE-403407,LUM-SAN,PR-3003,04/02/2025,08:00,17:00,20,27,3679
SE-403408,LUM-SAN,PR-3004,2025-02-04,08:00,17:00,20,27,4117
SE-403409,LUM-SAN,PR-3005,2025-02-04,08:00,17:00,20,27,4234
SE-403410,LUM-SAN,PR-3006,2025-02-04,08:00,17:00,30,18,3134
SE-403411,LUM-SAN,PR-3007,2025-02-04,08:00,17:00,45,12,6711
SE-403412,LUM-PTA,PR-3008,2025-02-04,08:00,17:00,20,27,3803
SE-403413,LUM-PTA,PR-3009,2025-02-04,08:00,17:00,25,21,8221
SE-403414,LUM-PTA,PR-3010,2025-02-04,08:00,17:00,30,18,5602
SE-403415,LUM-PTA,PR-3011,2025-02-04,08:00,17:00,20,27,4519
SE-403416,LUM-PTA,PR-3012,04/02/2025,08:00,17:00,20,27,4073
SE-403417,LUM-PTA,PR-3013,04/02/2025,08:00,17:00,30,18,5678
SE-403418,LUM-UMH,PR-3014,04/02/2025,08:00,17:00,20,27,3616
SE-403419,LUM-UMH,PR-3015,04/02/2025,08:00,17:00,30,18,4817
SE-403420,LUM-UMH,PR-3016,04/02/2025,08:00,17:00,30,18,3166
SE-403421,LUM-UMH,PR-3017,04/02/2025,08:00,17:00,25,21,7465
SE-403422,LUM-CLR,PR-3019,2025-02-04,08:00,17:00,20,27,4416
SE-403423,LUM-CLR,PR-3020,2025-02-04,08:00,17:00,30,18,3302
SE-403424,LUM-CLR,PR-3021,2025-02-04,08:00,17:00,20,27,4210
SE-403425,LUM-CLR,PR-3022,2025-02-04,08:00,17:00,20,27,4199
SE-403426,LUM-CLR,PR-3023,2025-02-04,08:00,17:00,20,27,3940
SE-403427,LUM-CLR,PR-3024,04/02/2025,08:00,17:00,20,27,4215
SE-403428,LUM-GQE,PR-3026,2025-02-04,08:00,17:00,20,27,4421
SE-403429,LUM-GQE,PR-3027,2025-02-04,08:00,17:00,30,18,5152
SE-403430,LUM-GQE,PR-3028,2025-02-04,08:00,17:00,20,27,4210
SE-403431,LUM-BFN,PR-3029,2025-02-04,08:00,17:00,30,18,4817
SE-403432,LUM-BFN,PR-3030,04/02/2025,08:00,17:00,30,18,2885
SE-403433,LUM-BFN,PR-3031,2025-02-04,08:00,17:00,30,18,3256
SE-403434,LUM-BFN,PR-3032,2025-02-04,08:00,17:00,30,18,2779
SE-403435,LUM-SAN,PR-3001,2025-02-05,08:00,17:00,20,27,4207
SE-403436,LUM-SAN,PR-3002,05/02/2025,08:00,17:00,30,18,5987
SE-403437,LUM-SAN,PR-3003,2025-02-05,08:00,17:00,20,27,3679
SE-403438,LUM-SAN,PR-3004,2025-02-05,08:00,17:00,20,27,4117
SE-403439,LUM-SAN,PR-3006,2025-02-05,08:00,17:00,30,18,3134
SE-403440,LUM-SAN,PR-3007,2025-02-05,08:00,17:00,45,12,6711
SE-403441,LUM-PTA,PR-3008,05/02/2025,08:00,17:00,20,27,3803
SE-403442,LUM-PTA,PR-3009,05/02/2025,08:00,17:00,25,21,8221
SE-403443,LUM-PTA,PR-3010,2025-02-05,08:00,17:00,30,18,5602
SE-403444,LUM-PTA,PR-3011,2025-02-05,08:00,17:00,20,27,4519
SE-403445,LUM-PTA,PR-3013,2025-02-05,08:00,17:00,30,18,5678
SE-403446,LUM-UMH,PR-3014,2025-02-05,08:00,17:00,20,27,3616
SE-403447,LUM-UMH,PR-3015,2025-02-05,08:00,17:00,30,18,4817
SE-403448,LUM-UMH,PR-3016,2025-02-05,08:00,17:00,30,18,3166
SE-403449,LUM-UMH,PR-3017,05/02/2025,08:00,17:00,25,21,7465
SE-403450,LUM-UMH,PR-3018,2025-02-05,08:00,17:00,20,27,3765
SE-403451,LUM-CLR,PR-3019,2025-02-05,08:00,17:00,20,27,4416
SE-403452,LUM-CLR,PR-3020,2025-02-05,08:00,17:00,30,18,3302
SE-403453,LUM-CLR,PR-3021,2025-02-05,08:00,17:00,20,27,4210
SE-403454,LUM-CLR,PR-3022,2025-02-05,08:00,17:00,20,27,4199
SE-403455,LUM-CLR,PR-3023,2025-02-05,08:00,17:00,20,27,3940
SE-403456,LUM-GQE,PR-3025,2025-02-05,08:00,17:00,20,27,3480
SE-403457,LUM-GQE,PR-3026,2025-02-05,08:00,17:00,20,27,4421
SE-403458,LUM-GQE,PR-3027,05/02/2025,08:00,17:00,30,18,5152
SE-403459,LUM-GQE,PR-3028,2025-02-05,08:00,17:00,20,27,4210
SE-403460,LUM-BFN,PR-3029,2025-02-05,08:00,17:00,30,18,4817
SE-403461,LUM-BFN,PR-3030,05/02/2025,08:00,17:00,30,18,2885
SE-403462,LUM-BFN,PR-3031,2025-02-05,08:00,17:00,30,18,3256
SE-403463,LUM-BFN,PR-3032,2025-02-05,08:00,17:00,30,18,2779
SE-403464,LUM-SAN,PR-3001,2025-02-06,08:00,17:00,20,27,4207
SE-403465,LUM-SAN,PR-3002,2025-02-06,08:00,17:00,30,18,5987
SE-403466,LUM-SAN,PR-3003,2025-02-06,08:00,17:00,20,27,3679
SE-403467,LUM-SAN,PR-3004,06/02/2025,08:00,17:00,20,27,4117
SE-403468,LUM-SAN,PR-3005,2025-02-06,08:00,17:00,20,27,4234
SE-403469,LUM-SAN,PR-3006,2025-02-06,08:00,17:00,30,18,3134
SE-403470,LUM-SAN,PR-3007,2025-02-06,08:00,17:00,45,12,6711
SE-403471,LUM-PTA,PR-3008,2025-02-06,08:00,17:00,20,27,3803
SE-403472,LUM-PTA,PR-3009,2025-02-06,08:00,17:00,25,21,8221
SE-403473,LUM-PTA,PR-3010,2025-02-06,08:00,17:00,30,18,5602
SE-403474,LUM-PTA,PR-3012,2025-02-06,08:00,17:00,20,27,4073
SE-403475,LUM-PTA,PR-3013,2025-02-06,08:00,17:00,30,18,5678
SE-403476,LUM-UMH,PR-3014,06/02/2025,08:00,17:00,20,27,3616
SE-403477,LUM-UMH,PR-3015,2025-02-06,08:00,17:00,30,18,4817
SE-403478,LUM-UMH,PR-3016,06/02/2025,08:00,17:00,30,18,3166
SE-403479,LUM-UMH,PR-3017,06/02/2025,08:00,17:00,25,21,7465
SE-403480,LUM-CLR,PR-3019,06/02/2025,08:00,17:00,20,27,4416
SE-403481,LUM-CLR,PR-3020,2025-02-06,08:00,17:00,30,18,3302
SE-403482,LUM-CLR,PR-3021,06/02/2025,08:00,17:00,20,27,4210
SE-403483,LUM-CLR,PR-3022,2025-02-06,08:00,17:00,20,27,4199
SE-403484,LUM-CLR,PR-3024,2025-02-06,08:00,17:00,20,27,4215
SE-403485,LUM-GQE,PR-3026,06/02/2025,08:00,17:00,20,27,4421
SE-403486,LUM-GQE,PR-3028,2025-02-06,08:00,17:00,20,27,4210
SE-403487,LUM-BFN,PR-3029,2025-02-06,08:00,17:00,30,18,4817
SE-403488,LUM-BFN,PR-3030,2025-02-06,08:00,17:00,30,18,2885
SE-403489,LUM-BFN,PR-3031,2025-02-06,08:00,17:00,30,18,3256
SE-403490,LUM-BFN,PR-3032,2025-02-06,08:00,17:00,30,18,2779
SE-403491,LUM-SAN,PR-3001,2025-02-07,08:00,17:00,20,27,4207
SE-403492,LUM-SAN,PR-3002,2025-02-07,08:00,17:00,30,18,5987
SE-403493,LUM-SAN,PR-3003,2025-02-07,08:00,17:00,20,27,3679
SE-403494,LUM-SAN,PR-3004,2025-02-07,08:00,17:00,20,27,4117
SE-403495,LUM-SAN,PR-3005,2025-02-07,08:00,17:00,20,27,4234
SE-403496,LUM-SAN,PR-3006,07/02/2025,08:00,17:00,30,18,3134
SE-403497,LUM-SAN,PR-3007,2025-02-07,08:00,17:00,45,12,6711
SE-403498,LUM-PTA,PR-3008,2025-02-07,08:00,17:00,20,27,3803
SE-403499,LUM-PTA,PR-3009,2025-02-07,08:00,17:00,25,21,8221
SE-403500,LUM-PTA,PR-3010,2025-02-07,08:00,17:00,30,18,5602
SE-403501,LUM-PTA,PR-3011,2025-02-07,08:00,17:00,20,27,4519
SE-403502,LUM-PTA,PR-3013,07/02/2025,08:00,17:00,30,18,5678
SE-403503,LUM-UMH,PR-3014,2025-02-07,08:00,17:00,20,27,3616
SE-403504,LUM-UMH,PR-3015,07/02/2025,08:00,17:00,30,18,4817
SE-403505,LUM-UMH,PR-3016,2025-02-07,08:00,17:00,30,18,3166
SE-403506,LUM-UMH,PR-3017,2025-02-07,08:00,17:00,25,21,7465
SE-403507,LUM-CLR,PR-3019,2025-02-07,08:00,17:00,20,27,4416
SE-403508,LUM-CLR,PR-3020,2025-02-07,08:00,17:00,30,18,3302
SE-403509,LUM-CLR,PR-3021,07/02/2025,08:00,17:00,20,27,4210
SE-403510,LUM-CLR,PR-3022,2025-02-07,08:00,17:00,20,27,4199
SE-403511,LUM-CLR,PR-3023,2025-02-07,08:00,17:00,20,27,3940
SE-403512,LUM-GQE,PR-3025,2025-02-07,08:00,17:00,20,27,3480
SE-403513,LUM-GQE,PR-3026,2025-02-07,08:00,17:00,20,27,4421
SE-403514,LUM-GQE,PR-3027,2025-02-07,08:00,17:00,30,18,5152
SE-403515,LUM-GQE,PR-3028,2025-02-07,08:00,17:00,20,27,4210
SE-403516,LUM-BFN,PR-3029,07/02/2025,08:00,17:00,30,18,4817
SE-403517,LUM-BFN,PR-3030,2025-02-07,08:00,17:00,30,18,2885
SE-403518,LUM-BFN,PR-3031,07/02/2025,08:00,17:00,30,18,3256
SE-403519,LUM-SAN,PR-3002,2025-02-08,08:00,13:00,30,10,3326.11
SE-403520,LUM-SAN,PR-3006,2025-02-08,08:00,13:00,30,10,1741.11
SE-403521,LUM-PTA,PR-3012,2025-02-08,08:00,13:00,20,15,2262.78
SE-403522,LUM-PTA,PR-3013,2025-02-08,08:00,13:00,30,10,3154.44
SE-403523,LUM-UMH,PR-3014,2025-02-08,08:00,13:00,20,15,2008.89
SE-403524,LUM-UMH,PR-3015,2025-02-08,08:00,13:00,30,10,2676.11
SE-403525,LUM-UMH,PR-3016,2025-02-08,08:00,13:00,30,10,1758.89
SE-403526,LUM-CLR,PR-3024,2025-02-08,08:00,13:00,20,15,2341.67
SE-403527,LUM-GQE,PR-3028,08/02/2025,08:00,13:00,20,15,2338.89
SE-403528,LUM-SAN,PR-3001,2025-02-10,08:00,17:00,20,27,4207
SE-403529,LUM-SAN,PR-3002,2025-02-10,08:00,17:00,30,18,5987
SE-403530,LUM-SAN,PR-3003,2025-02-10,08:00,17:00,20,27,3679
SE-403531,LUM-SAN,PR-3004,2025-02-10,08:00,17:00,20,27,4117
SE-403532,LUM-SAN,PR-3005,2025-02-10,08:00,17:00,20,27,4234
SE-403533,LUM-SAN,PR-3007,2025-02-10,08:00,17:00,45,12,6711
SE-403534,LUM-PTA,PR-3008,2025-02-10,08:00,17:00,20,27,3803
SE-403535,LUM-PTA,PR-3009,2025-02-10,08:00,17:00,25,21,8221
SE-403536,LUM-PTA,PR-3010,10/02/2025,08:00,17:00,30,18,5602
SE-403537,LUM-PTA,PR-3011,2025-02-10,08:00,17:00,20,27,4519
SE-403538,LUM-PTA,PR-3012,10/02/2025,08:00,17:00,20,27,4073
SE-403539,LUM-UMH,PR-3014,2025-02-10,08:00,17:00,20,27,3616
SE-403540,LUM-UMH,PR-3015,2025-02-10,08:00,17:00,30,18,4817
SE-403541,LUM-UMH,PR-3016,2025-02-10,08:00,17:00,30,18,3166
SE-403542,LUM-UMH,PR-3017,10/02/2025,08:00,17:00,25,21,7465
SE-403543,LUM-UMH,PR-3018,10/02/2025,08:00,17:00,20,27,3765
SE-403544,LUM-CLR,PR-3019,2025-02-10,08:00,17:00,20,27,4416
SE-403545,LUM-CLR,PR-3021,2025-02-10,08:00,17:00,20,27,4210
SE-403546,LUM-CLR,PR-3022,2025-02-10,08:00,17:00,20,27,4199
SE-403547,LUM-CLR,PR-3023,2025-02-10,08:00,17:00,20,27,3940
SE-403548,LUM-CLR,PR-3024,10/02/2025,08:00,17:00,20,27,4215
SE-403549,LUM-GQE,PR-3025,2025-02-10,08:00,17:00,20,27,3480
SE-403550,LUM-GQE,PR-3026,2025-02-10,08:00,17:00,20,27,4421
SE-403551,LUM-GQE,PR-3028,2025-02-10,08:00,17:00,20,27,4210
SE-403552,LUM-BFN,PR-3029,10/02/2025,08:00,17:00,30,18,4817
SE-403553,LUM-BFN,PR-3030,2025-02-10,08:00,17:00,30,18,2885
SE-403554,LUM-BFN,PR-3031,2025-02-10,08:00,17:00,30,18,3256
SE-403555,LUM-BFN,PR-3032,10/02/2025,08:00,17:00,30,18,2779
SE-403556,LUM-SAN,PR-3001,2025-02-11,08:00,17:00,20,27,4207
SE-403557,LUM-SAN,PR-3003,11/02/2025,08:00,17:00,20,27,3679
SE-403558,LUM-SAN,PR-3004,2025-02-11,08:00,17:00,20,27,4117
SE-403559,LUM-SAN,PR-3005,11/02/2025,08:00,17:00,20,27,4234
SE-403560,LUM-SAN,PR-3006,2025-02-11,08:00,17:00,30,18,3134
SE-403561,LUM-SAN,PR-3007,2025-02-11,08:00,17:00,45,12,6711
SE-403562,LUM-PTA,PR-3008,2025-02-11,08:00,17:00,20,27,3803
SE-403563,LUM-PTA,PR-3009,2025-02-11,08:00,17:00,25,21,8221
SE-403564,LUM-PTA,PR-3010,2025-02-11,08:00,17:00,30,18,5602
SE-403565,LUM-PTA,PR-3011,2025-02-11,08:00,17:00,20,27,4519
SE-403566,LUM-PTA,PR-3012,2025-02-11,08:00,17:00,20,27,4073
SE-403567,LUM-PTA,PR-3013,2025-02-11,08:00,17:00,30,18,5678
SE-403568,LUM-UMH,PR-3014,2025-02-11,08:00,17:00,20,27,3616
SE-403569,LUM-UMH,PR-3015,2025-02-11,08:00,17:00,30,18,4817
SE-403570,LUM-UMH,PR-3016,11/02/2025,08:00,17:00,30,18,3166
SE-403571,LUM-UMH,PR-3017,11/02/2025,08:00,17:00,25,21,7465
SE-403572,LUM-UMH,PR-3018,11/02/2025,08:00,17:00,20,27,3765
SE-403573,LUM-CLR,PR-3019,2025-02-11,08:00,17:00,20,27,4416
SE-403574,LUM-CLR,PR-3020,11/02/2025,08:00,17:00,30,18,3302
SE-403575,LUM-CLR,PR-3021,2025-02-11,08:00,17:00,20,27,4210
SE-403576,LUM-CLR,PR-3022,2025-02-11,08:00,17:00,20,27,4199
SE-403577,LUM-CLR,PR-3023,2025-02-11,08:00,17:00,20,27,3940
SE-403578,LUM-CLR,PR-3024,2025-02-11,08:00,17:00,20,27,4215
SE-403579,LUM-GQE,PR-3025,2025-02-11,08:00,17:00,20,27,3480
SE-403580,LUM-GQE,PR-3026,2025-02-11,08:00,17:00,20,27,4421
SE-403581,LUM-GQE,PR-3027,2025-02-11,08:00,17:00,30,18,5152
SE-403582,LUM-GQE,PR-3028,11/02/2025,08:00,17:00,20,27,4210
SE-403583,LUM-BFN,PR-3030,2025-02-11,08:00,17:00,30,18,2885
SE-403584,LUM-BFN,PR-3031,2025-02-11,08:00,17:00,30,18,3256
SE-403585,LUM-BFN,PR-3032,2025-02-11,08:00,17:00,30,18,2779
SE-403586,LUM-SAN,PR-3001,2025-02-12,08:00,17:00,20,27,4207
SE-403587,LUM-SAN,PR-3002,2025-02-12,08:00,17:00,30,18,5987
SE-403588,LUM-SAN,PR-3003,2025-02-12,08:00,17:00,20,27,3679
SE-403589,LUM-SAN,PR-3005,2025-02-12,08:00,17:00,20,27,4234
SE-403590,LUM-SAN,PR-3006,2025-02-12,08:00,17:00,30,18,3134
SE-403591,LUM-SAN,PR-3007,2025-02-12,08:00,17:00,45,12,6711
SE-403592,LUM-PTA,PR-3010,12/02/2025,08:00,17:00,30,18,5602
SE-403593,LUM-PTA,PR-3011,2025-02-12,08:00,17:00,20,27,4519
SE-403594,LUM-PTA,PR-3012,12/02/2025,08:00,17:00,20,27,4073
SE-403595,LUM-PTA,PR-3013,2025-02-12,08:00,17:00,30,18,5678
SE-403596,LUM-UMH,PR-3014,2025-02-12,08:00,17:00,20,27,3616
SE-403597,LUM-UMH,PR-3015,2025-02-12,08:00,17:00,30,18,4817
SE-403598,LUM-UMH,PR-3016,2025-02-12,08:00,17:00,30,18,3166
SE-403599,LUM-UMH,PR-3017,12/02/2025,08:00,17:00,25,21,7465
SE-403600,LUM-UMH,PR-3018,2025-02-12,08:00,17:00,20,27,3765
SE-403601,LUM-CLR,PR-3020,2025-02-12,08:00,17:00,30,18,3302
SE-403602,LUM-CLR,PR-3021,2025-02-12,08:00,17:00,20,27,4210
SE-403603,LUM-CLR,PR-3022,2025-02-12,08:00,17:00,20,27,4199
SE-403604,LUM-CLR,PR-3023,12/02/2025,08:00,17:00,20,27,3940
SE-403605,LUM-CLR,PR-3024,2025-02-12,08:00,17:00,20,27,4215
SE-403606,LUM-GQE,PR-3025,2025-02-12,08:00,17:00,20,27,3480
SE-403607,LUM-GQE,PR-3026,2025-02-12,08:00,17:00,20,27,4421
SE-403608,LUM-GQE,PR-3027,12/02/2025,08:00,17:00,30,18,5152
SE-403609,LUM-GQE,PR-3028,12/02/2025,08:00,17:00,20,27,4210
SE-403610,LUM-BFN,PR-3029,2025-02-12,08:00,17:00,30,18,4817
SE-403611,LUM-BFN,PR-3030,2025-02-12,08:00,17:00,30,18,2885
SE-403612,LUM-BFN,PR-3031,12/02/2025,08:00,17:00,30,18,3256
SE-403613,LUM-BFN,PR-3032,2025-02-12,08:00,17:00,30,18,2779
SE-403614,LUM-SAN,PR-3001,2025-02-13,08:00,17:00,20,27,4207
SE-403615,LUM-SAN,PR-3002,2025-02-13,08:00,17:00,30,18,5987
SE-403616,LUM-SAN,PR-3003,2025-02-13,08:00,17:00,20,27,3679
SE-403617,LUM-SAN,PR-3004,2025-02-13,08:00,17:00,20,27,4117
SE-403618,LUM-SAN,PR-3005,2025-02-13,08:00,17:00,20,27,4234
SE-403619,LUM-SAN,PR-3006,2025-02-13,08:00,17:00,30,18,3134
SE-403620,LUM-SAN,PR-3007,2025-02-13,08:00,17:00,45,12,6711
SE-403621,LUM-PTA,PR-3008,2025-02-13,08:00,17:00,20,27,3803
SE-403622,LUM-PTA,PR-3009,2025-02-13,08:00,17:00,25,21,8221
SE-403623,LUM-PTA,PR-3010,2025-02-13,08:00,17:00,30,18,5602
SE-403624,LUM-PTA,PR-3011,13/02/2025,08:00,17:00,20,27,4519
SE-403625,LUM-PTA,PR-3013,2025-02-13,08:00,17:00,30,18,5678
SE-403626,LUM-UMH,PR-3014,2025-02-13,08:00,17:00,20,27,3616
SE-403627,LUM-UMH,PR-3015,13/02/2025,08:00,17:00,30,18,4817
SE-403628,LUM-UMH,PR-3016,2025-02-13,08:00,17:00,30,18,3166
SE-403629,LUM-UMH,PR-3017,13/02/2025,08:00,17:00,25,21,7465
SE-403630,LUM-UMH,PR-3018,2025-02-13,08:00,17:00,20,27,3765
SE-403631,LUM-CLR,PR-3019,2025-02-13,08:00,17:00,20,27,4416
SE-403632,LUM-CLR,PR-3020,2025-02-13,08:00,17:00,30,18,3302
SE-403633,LUM-CLR,PR-3021,2025-02-13,08:00,17:00,20,27,4210
SE-403634,LUM-CLR,PR-3022,2025-02-13,08:00,17:00,20,27,4199
SE-403635,LUM-CLR,PR-3023,13/02/2025,08:00,17:00,20,27,3940
SE-403636,LUM-GQE,PR-3025,2025-02-13,08:00,17:00,20,27,3480
SE-403637,LUM-GQE,PR-3027,2025-02-13,08:00,17:00,30,18,5152
SE-403638,LUM-GQE,PR-3028,2025-02-13,08:00,17:00,20,27,4210
SE-403639,LUM-BFN,PR-3029,13/02/2025,08:00,17:00,30,18,4817
SE-403640,LUM-BFN,PR-3030,2025-02-13,08:00,17:00,30,18,2885
SE-403641,LUM-BFN,PR-3031,2025-02-13,08:00,17:00,30,18,3256
SE-403642,LUM-BFN,PR-3032,2025-02-13,08:00,17:00,30,18,2779
SE-403643,LUM-SAN,PR-3001,2025-02-14,08:00,17:00,20,27,4207
SE-403644,LUM-SAN,PR-3002,2025-02-14,08:00,17:00,30,18,5987
SE-403645,LUM-SAN,PR-3003,14/02/2025,08:00,17:00,20,27,3679
SE-403646,LUM-SAN,PR-3004,14/02/2025,08:00,17:00,20,27,4117
SE-403647,LUM-SAN,PR-3005,14/02/2025,08:00,17:00,20,27,4234
SE-403648,LUM-SAN,PR-3006,2025-02-14,08:00,17:00,30,18,3134
SE-403649,LUM-SAN,PR-3007,2025-02-14,08:00,17:00,45,12,6711
SE-403650,LUM-PTA,PR-3008,14/02/2025,08:00,17:00,20,27,3803
SE-403651,LUM-PTA,PR-3009,2025-02-14,08:00,17:00,25,21,8221
SE-403652,LUM-PTA,PR-3010,2025-02-14,08:00,17:00,30,18,5602
SE-403653,LUM-PTA,PR-3011,14/02/2025,08:00,17:00,20,27,4519
SE-403654,LUM-PTA,PR-3013,14/02/2025,08:00,17:00,30,18,5678
SE-403655,LUM-UMH,PR-3014,2025-02-14,08:00,17:00,20,27,3616
SE-403656,LUM-UMH,PR-3015,2025-02-14,08:00,17:00,30,18,4817
SE-403657,LUM-UMH,PR-3016,2025-02-14,08:00,17:00,30,18,3166
SE-403658,LUM-UMH,PR-3017,2025-02-14,08:00,17:00,25,21,7465
SE-403659,LUM-UMH,PR-3018,14/02/2025,08:00,17:00,20,27,3765
SE-403660,LUM-CLR,PR-3019,2025-02-14,08:00,17:00,20,27,4416
SE-403661,LUM-CLR,PR-3020,2025-02-14,08:00,17:00,30,18,3302
SE-403662,LUM-CLR,PR-3021,14/02/2025,08:00,17:00,20,27,4210
SE-403663,LUM-CLR,PR-3022,2025-02-14,08:00,17:00,20,27,4199
SE-403664,LUM-CLR,PR-3023,2025-02-14,08:00,17:00,20,27,3940
SE-403665,LUM-CLR,PR-3024,2025-02-14,08:00,17:00,20,27,4215
SE-403666,LUM-GQE,PR-3025,2025-02-14,08:00,17:00,20,27,3480
SE-403667,LUM-GQE,PR-3026,2025-02-14,08:00,17:00,20,27,4421
SE-403668,LUM-GQE,PR-3027,2025-02-14,08:00,17:00,30,18,5152
SE-403669,LUM-GQE,PR-3028,2025-02-14,08:00,17:00,20,27,4210
SE-403670,LUM-BFN,PR-3029,2025-02-14,08:00,17:00,30,18,4817
SE-403671,LUM-BFN,PR-3030,2025-02-14,08:00,17:00,30,18,2885
SE-403672,LUM-BFN,PR-3031,2025-02-14,08:00,17:00,30,18,3256
SE-403673,LUM-BFN,PR-3032,2025-02-14,08:00,17:00,30,18,2779
SE-403674,LUM-SAN,PR-3006,2025-02-15,08:00,13:00,30,10,1741.11
SE-403675,LUM-PTA,PR-3011,2025-02-15,08:00,13:00,20,15,2510.56
SE-403676,LUM-PTA,PR-3013,2025-02-15,08:00,13:00,30,10,3154.44
SE-403677,LUM-UMH,PR-3014,2025-02-15,08:00,13:00,20,15,2008.89
SE-403678,LUM-UMH,PR-3018,2025-02-15,08:00,13:00,20,15,2091.67
SE-403679,LUM-BFN,PR-3032,2025-02-15,08:00,13:00,30,10,1543.89
SE-403680,LUM-SAN,PR-3001,2025-02-17,08:00,17:00,20,27,4207
SE-403681,LUM-SAN,PR-3002,2025-02-17,08:00,17:00,30,18,5987
SE-403682,LUM-SAN,PR-3003,2025-02-17,08:00,17:00,20,27,3679
SE-403683,LUM-SAN,PR-3004,2025-02-17,08:00,17:00,20,27,4117
SE-403684,LUM-SAN,PR-3005,2025-02-17,08:00,17:00,20,27,4234
SE-403685,LUM-SAN,PR-3006,2025-02-17,08:00,17:00,30,18,3134
SE-403686,LUM-SAN,PR-3007,17/02/2025,08:00,17:00,45,12,6711
SE-403687,LUM-PTA,PR-3008,2025-02-17,08:00,17:00,20,27,3803
SE-403688,LUM-PTA,PR-3009,2025-02-17,08:00,17:00,25,21,8221
SE-403689,LUM-PTA,PR-3010,17/02/2025,08:00,17:00,30,18,5602
SE-403690,LUM-PTA,PR-3011,2025-02-17,08:00,17:00,20,27,4519
SE-403691,LUM-PTA,PR-3012,2025-02-17,08:00,17:00,20,27,4073
SE-403692,LUM-PTA,PR-3013,2025-02-17,08:00,17:00,30,18,5678
SE-403693,LUM-UMH,PR-3014,2025-02-17,08:00,17:00,20,27,3616
SE-403694,LUM-UMH,PR-3015,2025-02-17,08:00,17:00,30,18,4817
SE-403695,LUM-UMH,PR-3016,2025-02-17,08:00,17:00,30,18,3166
SE-403696,LUM-UMH,PR-3018,2025-02-17,08:00,17:00,20,27,3765
SE-403697,LUM-CLR,PR-3019,17/02/2025,08:00,17:00,20,27,4416
SE-403698,LUM-CLR,PR-3020,2025-02-17,08:00,17:00,30,18,3302
SE-403699,LUM-CLR,PR-3021,2025-02-17,08:00,17:00,20,27,4210
SE-403700,LUM-CLR,PR-3022,17/02/2025,08:00,17:00,20,27,4199
SE-403701,LUM-CLR,PR-3023,2025-02-17,08:00,17:00,20,27,3940
SE-403702,LUM-CLR,PR-3024,2025-02-17,08:00,17:00,20,27,4215
SE-403703,LUM-GQE,PR-3025,2025-02-17,08:00,17:00,20,27,3480
SE-403704,LUM-GQE,PR-3026,2025-02-17,08:00,17:00,20,27,4421
SE-403705,LUM-GQE,PR-3027,2025-02-17,08:00,17:00,30,18,5152
SE-403706,LUM-GQE,PR-3028,2025-02-17,08:00,17:00,20,27,4210
SE-403707,LUM-BFN,PR-3029,2025-02-17,08:00,17:00,30,18,4817
SE-403708,LUM-BFN,PR-3030,2025-02-17,08:00,17:00,30,18,2885
SE-403709,LUM-BFN,PR-3031,2025-02-17,08:00,17:00,30,18,3256
SE-403710,LUM-BFN,PR-3032,2025-02-17,08:00,17:00,30,18,2779
SE-403711,LUM-SAN,PR-3001,18/02/2025,08:00,17:00,20,27,4207
SE-403712,LUM-SAN,PR-3002,2025-02-18,08:00,17:00,30,18,5987
SE-403713,LUM-SAN,PR-3003,2025-02-18,08:00,17:00,20,27,3679
SE-403714,LUM-SAN,PR-3004,2025-02-18,08:00,17:00,20,27,4117
SE-403715,LUM-SAN,PR-3005,2025-02-18,08:00,17:00,20,27,4234
SE-403716,LUM-SAN,PR-3006,2025-02-18,08:00,17:00,30,18,3134
SE-403717,LUM-PTA,PR-3008,18/02/2025,08:00,17:00,20,27,3803
SE-403718,LUM-PTA,PR-3009,2025-02-18,08:00,17:00,25,21,8221
SE-403719,LUM-PTA,PR-3010,2025-02-18,08:00,17:00,30,18,5602
SE-403720,LUM-PTA,PR-3011,18/02/2025,08:00,17:00,20,27,4519
SE-403721,LUM-PTA,PR-3012,2025-02-18,08:00,17:00,20,27,4073
SE-403722,LUM-UMH,PR-3014,18/02/2025,08:00,17:00,20,27,3616
SE-403723,LUM-UMH,PR-3015,2025-02-18,08:00,17:00,30,18,4817
SE-403724,LUM-UMH,PR-3016,18/02/2025,08:00,17:00,30,18,3166
SE-403725,LUM-UMH,PR-3017,18/02/2025,08:00,17:00,25,21,7465
SE-403726,LUM-UMH,PR-3018,2025-02-18,08:00,17:00,20,27,3765
SE-403727,LUM-CLR,PR-3019,2025-02-18,08:00,17:00,20,27,4416
SE-403728,LUM-CLR,PR-3020,2025-02-18,08:00,17:00,30,18,3302
SE-403729,LUM-CLR,PR-3021,18/02/2025,08:00,17:00,20,27,4210
SE-403730,LUM-CLR,PR-3022,18/02/2025,08:00,17:00,20,27,4199
SE-403731,LUM-CLR,PR-3023,18/02/2025,08:00,17:00,20,27,3940
SE-403732,LUM-CLR,PR-3024,2025-02-18,08:00,17:00,20,27,4215
SE-403733,LUM-GQE,PR-3028,2025-02-18,08:00,17:00,20,27,4210
SE-403734,LUM-BFN,PR-3029,2025-02-18,08:00,17:00,30,18,4817
SE-403735,LUM-BFN,PR-3030,18/02/2025,08:00,17:00,30,18,2885
SE-403736,LUM-BFN,PR-3031,2025-02-18,08:00,17:00,30,18,3256
SE-403737,LUM-BFN,PR-3032,2025-02-18,08:00,17:00,30,18,2779
SE-403738,LUM-SAN,PR-3001,2025-02-19,08:00,17:00,20,27,4207
SE-403739,LUM-SAN,PR-3002,2025-02-19,08:00,17:00,30,18,5987
SE-403740,LUM-SAN,PR-3003,2025-02-19,08:00,17:00,20,27,3679
SE-403741,LUM-SAN,PR-3004,2025-02-19,08:00,17:00,20,27,4117
SE-403742,LUM-SAN,PR-3005,2025-02-19,08:00,17:00,20,27,4234
SE-403743,LUM-SAN,PR-3006,2025-02-19,08:00,17:00,30,18,3134
SE-403744,LUM-SAN,PR-3007,2025-02-19,08:00,17:00,45,12,6711
SE-403745,LUM-PTA,PR-3008,2025-02-19,08:00,17:00,20,27,3803
SE-403746,LUM-PTA,PR-3009,2025-02-19,08:00,17:00,25,21,8221
SE-403747,LUM-PTA,PR-3010,2025-02-19,08:00,17:00,30,18,5602
SE-403748,LUM-PTA,PR-3011,2025-02-19,08:00,17:00,20,27,4519
SE-403749,LUM-PTA,PR-3012,2025-02-19,08:00,17:00,20,27,4073
SE-403750,LUM-PTA,PR-3013,2025-02-19,08:00,17:00,30,18,5678
SE-403751,LUM-UMH,PR-3014,19/02/2025,08:00,17:00,20,27,3616
SE-403752,LUM-UMH,PR-3015,2025-02-19,08:00,17:00,30,18,4817
SE-403753,LUM-UMH,PR-3016,2025-02-19,08:00,17:00,30,18,3166
SE-403754,LUM-UMH,PR-3017,19/02/2025,08:00,17:00,25,21,7465
SE-403755,LUM-UMH,PR-3018,19/02/2025,08:00,17:00,20,27,3765
SE-403756,LUM-CLR,PR-3019,2025-02-19,08:00,17:00,20,27,4416
SE-403757,LUM-CLR,PR-3020,2025-02-19,08:00,17:00,30,18,3302
SE-403758,LUM-CLR,PR-3021,2025-02-19,08:00,17:00,20,27,4210
SE-403759,LUM-CLR,PR-3022,19/02/2025,08:00,17:00,20,27,4199
SE-403760,LUM-CLR,PR-3023,2025-02-19,08:00,17:00,20,27,3940
SE-403761,LUM-CLR,PR-3024,19/02/2025,08:00,17:00,20,27,4215
SE-403762,LUM-GQE,PR-3025,19/02/2025,08:00,17:00,20,27,3480
SE-403763,LUM-GQE,PR-3026,2025-02-19,08:00,17:00,20,27,4421
SE-403764,LUM-GQE,PR-3027,2025-02-19,08:00,17:00,30,18,5152
SE-403765,LUM-GQE,PR-3028,2025-02-19,08:00,17:00,20,27,4210
SE-403766,LUM-BFN,PR-3029,2025-02-19,08:00,17:00,30,18,4817
SE-403767,LUM-BFN,PR-3030,19/02/2025,08:00,17:00,30,18,2885
SE-403768,LUM-BFN,PR-3031,2025-02-19,08:00,17:00,30,18,3256
SE-403769,LUM-BFN,PR-3032,2025-02-19,08:00,17:00,30,18,2779
SE-403770,LUM-SAN,PR-3001,2025-02-20,08:00,17:00,20,27,4207
SE-403771,LUM-SAN,PR-3002,2025-02-20,08:00,17:00,30,18,5987
SE-403772,LUM-SAN,PR-3003,20/02/2025,08:00,17:00,20,27,3679
SE-403773,LUM-SAN,PR-3004,2025-02-20,08:00,17:00,20,27,4117
SE-403774,LUM-SAN,PR-3005,2025-02-20,08:00,17:00,20,27,4234
SE-403775,LUM-SAN,PR-3007,2025-02-20,08:00,17:00,45,12,6711
SE-403776,LUM-PTA,PR-3008,2025-02-20,08:00,17:00,20,27,3803
SE-403777,LUM-PTA,PR-3009,2025-02-20,08:00,17:00,25,21,8221
SE-403778,LUM-PTA,PR-3010,2025-02-20,08:00,17:00,30,18,5602
SE-403779,LUM-PTA,PR-3011,20/02/2025,08:00,17:00,20,27,4519
SE-403780,LUM-PTA,PR-3012,20/02/2025,08:00,17:00,20,27,4073
SE-403781,LUM-UMH,PR-3015,2025-02-20,08:00,17:00,30,18,4817
SE-403782,LUM-UMH,PR-3016,2025-02-20,08:00,17:00,30,18,3166
SE-403783,LUM-UMH,PR-3018,2025-02-20,08:00,17:00,20,27,3765
SE-403784,LUM-CLR,PR-3019,2025-02-20,08:00,17:00,20,27,4416
SE-403785,LUM-CLR,PR-3020,20/02/2025,08:00,17:00,30,18,3302
SE-403786,LUM-CLR,PR-3021,20/02/2025,08:00,17:00,20,27,4210
SE-403787,LUM-CLR,PR-3022,20/02/2025,08:00,17:00,20,27,4199
SE-403788,LUM-CLR,PR-3024,20/02/2025,08:00,17:00,20,27,4215
SE-403789,LUM-GQE,PR-3025,20/02/2025,08:00,17:00,20,27,3480
SE-403790,LUM-GQE,PR-3026,20/02/2025,08:00,17:00,20,27,4421
SE-403791,LUM-GQE,PR-3027,2025-02-20,08:00,17:00,30,18,5152
SE-403792,LUM-GQE,PR-3028,20/02/2025,08:00,17:00,20,27,4210
SE-403793,LUM-BFN,PR-3029,2025-02-20,08:00,17:00,30,18,4817
SE-403794,LUM-BFN,PR-3030,20/02/2025,08:00,17:00,30,18,2885
SE-403795,LUM-BFN,PR-3031,2025-02-20,08:00,17:00,30,18,3256
SE-403796,LUM-BFN,PR-3032,20/02/2025,08:00,17:00,30,18,2779
SE-403797,LUM-SAN,PR-3001,2025-02-21,08:00,17:00,20,27,4207
SE-403798,LUM-SAN,PR-3002,21/02/2025,08:00,17:00,30,18,5987
SE-403799,LUM-SAN,PR-3003,21/02/2025,08:00,17:00,20,27,3679
SE-403800,LUM-SAN,PR-3004,2025-02-21,08:00,17:00,20,27,4117
SE-403801,LUM-SAN,PR-3006,21/02/2025,08:00,17:00,30,18,3134
SE-403802,LUM-SAN,PR-3007,21/02/2025,08:00,17:00,45,12,6711
SE-403803,LUM-PTA,PR-3009,21/02/2025,08:00,17:00,25,21,8221
SE-403804,LUM-PTA,PR-3010,2025-02-21,08:00,17:00,30,18,5602
SE-403805,LUM-PTA,PR-3011,2025-02-21,08:00,17:00,20,27,4519
SE-403806,LUM-PTA,PR-3012,21/02/2025,08:00,17:00,20,27,4073
SE-403807,LUM-PTA,PR-3013,2025-02-21,08:00,17:00,30,18,5678
SE-403808,LUM-UMH,PR-3014,21/02/2025,08:00,17:00,20,27,3616
SE-403809,LUM-UMH,PR-3015,2025-02-21,08:00,17:00,30,18,4817
SE-403810,LUM-UMH,PR-3016,2025-02-21,08:00,17:00,30,18,3166
SE-403811,LUM-UMH,PR-3018,2025-02-21,08:00,17:00,20,27,3765
SE-403812,LUM-CLR,PR-3019,2025-02-21,08:00,17:00,20,27,4416
SE-403813,LUM-CLR,PR-3020,21/02/2025,08:00,17:00,30,18,3302
SE-403814,LUM-CLR,PR-3021,2025-02-21,08:00,17:00,20,27,4210
SE-403815,LUM-CLR,PR-3022,2025-02-21,08:00,17:00,20,27,4199
SE-403816,LUM-CLR,PR-3023,2025-02-21,08:00,17:00,20,27,3940
SE-403817,LUM-CLR,PR-3024,21/02/2025,08:00,17:00,20,27,4215
SE-403818,LUM-GQE,PR-3025,2025-02-21,08:00,17:00,20,27,3480
SE-403819,LUM-GQE,PR-3026,2025-02-21,08:00,17:00,20,27,4421
SE-403820,LUM-GQE,PR-3027,21/02/2025,08:00,17:00,30,18,5152
SE-403821,LUM-GQE,PR-3028,2025-02-21,08:00,17:00,20,27,4210
SE-403822,LUM-BFN,PR-3029,2025-02-21,08:00,17:00,30,18,4817
SE-403823,LUM-BFN,PR-3030,2025-02-21,08:00,17:00,30,18,2885
SE-403824,LUM-BFN,PR-3032,21/02/2025,08:00,17:00,30,18,2779
SE-403825,LUM-SAN,PR-3004,2025-02-22,08:00,13:00,20,15,2287.22
SE-403826,LUM-SAN,PR-3007,22/02/2025,08:00,13:00,45,6,3728.33
SE-403827,LUM-PTA,PR-3009,2025-02-22,08:00,13:00,25,12,4567.22
SE-403828,LUM-PTA,PR-3010,2025-02-22,08:00,13:00,30,10,3112.22
SE-403829,LUM-UMH,PR-3015,2025-02-22,08:00,13:00,30,10,2676.11
SE-403830,LUM-UMH,PR-3017,22/02/2025,08:00,13:00,25,12,4147.22
SE-403831,LUM-GQE,PR-3025,2025-02-22,08:00,13:00,20,15,1933.33
SE-403832,LUM-BFN,PR-3030,2025-02-22,08:00,13:00,30,10,1602.78
SE-403833,LUM-BFN,PR-3031,2025-02-22,08:00,13:00,30,10,1808.89
SE-403834,LUM-SAN,PR-3001,2025-02-24,08:00,17:00,20,27,4207
SE-403835,LUM-SAN,PR-3002,2025-02-24,08:00,17:00,30,18,5987
SE-403836,LUM-SAN,PR-3003,24/02/2025,08:00,17:00,20,27,3679
SE-403837,LUM-SAN,PR-3004,2025-02-24,08:00,17:00,20,27,4117
SE-403838,LUM-SAN,PR-3005,24/02/2025,08:00,17:00,20,27,4234
SE-403839,LUM-SAN,PR-3006,24/02/2025,08:00,17:00,30,18,3134
SE-403840,LUM-SAN,PR-3007,2025-02-24,08:00,17:00,45,12,6711
SE-403841,LUM-PTA,PR-3008,2025-02-24,08:00,17:00,20,27,3803
SE-403842,LUM-PTA,PR-3010,24/02/2025,08:00,17:00,30,18,5602
SE-403843,LUM-PTA,PR-3011,2025-02-24,08:00,17:00,20,27,4519
SE-403844,LUM-PTA,PR-3012,2025-02-24,08:00,17:00,20,27,4073
SE-403845,LUM-PTA,PR-3013,2025-02-24,08:00,17:00,30,18,5678
SE-403846,LUM-UMH,PR-3014,24/02/2025,08:00,17:00,20,27,3616
SE-403847,LUM-UMH,PR-3015,2025-02-24,08:00,17:00,30,18,4817
SE-403848,LUM-UMH,PR-3016,2025-02-24,08:00,17:00,30,18,3166
SE-403849,LUM-UMH,PR-3017,2025-02-24,08:00,17:00,25,21,7465
SE-403850,LUM-UMH,PR-3018,2025-02-24,08:00,17:00,20,27,3765
SE-403851,LUM-CLR,PR-3019,2025-02-24,08:00,17:00,20,27,4416
SE-403852,LUM-CLR,PR-3020,2025-02-24,08:00,17:00,30,18,3302
SE-403853,LUM-CLR,PR-3021,2025-02-24,08:00,17:00,20,27,4210
SE-403854,LUM-CLR,PR-3022,2025-02-24,08:00,17:00,20,27,4199
SE-403855,LUM-CLR,PR-3023,2025-02-24,08:00,17:00,20,27,3940
SE-403856,LUM-CLR,PR-3024,24/02/2025,08:00,17:00,20,27,4215
SE-403857,LUM-GQE,PR-3025,2025-02-24,08:00,17:00,20,27,3480
SE-403858,LUM-GQE,PR-3026,2025-02-24,08:00,17:00,20,27,4421
SE-403859,LUM-GQE,PR-3027,24/02/2025,08:00,17:00,30,18,5152
SE-403860,LUM-GQE,PR-3028,2025-02-24,08:00,17:00,20,27,4210
SE-403861,LUM-BFN,PR-3029,2025-02-24,08:00,17:00,30,18,4817
SE-403862,LUM-BFN,PR-3030,2025-02-24,08:00,17:00,30,18,2885
SE-403863,LUM-BFN,PR-3031,2025-02-24,08:00,17:00,30,18,3256
SE-403864,LUM-BFN,PR-3032,24/02/2025,08:00,17:00,30,18,2779
SE-403865,LUM-SAN,PR-3001,2025-02-25,08:00,17:00,20,27,4207
SE-403866,LUM-SAN,PR-3002,2025-02-25,08:00,17:00,30,18,5987
SE-403867,LUM-SAN,PR-3004,2025-02-25,08:00,17:00,20,27,4117
SE-403868,LUM-SAN,PR-3006,2025-02-25,08:00,17:00,30,18,3134
SE-403869,LUM-SAN,PR-3007,2025-02-25,08:00,17:00,45,12,6711
SE-403870,LUM-PTA,PR-3008,2025-02-25,08:00,17:00,20,27,3803
SE-403871,LUM-PTA,PR-3009,2025-02-25,08:00,17:00,25,21,8221
SE-403872,LUM-PTA,PR-3010,2025-02-25,08:00,17:00,30,18,5602
SE-403873,LUM-PTA,PR-3011,2025-02-25,08:00,17:00,20,27,4519
SE-403874,LUM-PTA,PR-3013,25/02/2025,08:00,17:00,30,18,5678
SE-403875,LUM-UMH,PR-3014,2025-02-25,08:00,17:00,20,27,3616
SE-403876,LUM-UMH,PR-3015,25/02/2025,08:00,17:00,30,18,4817
SE-403877,LUM-UMH,PR-3016,2025-02-25,08:00,17:00,30,18,3166
SE-403878,LUM-UMH,PR-3017,2025-02-25,08:00,17:00,25,21,7465
SE-403879,LUM-UMH,PR-3018,2025-02-25,08:00,17:00,20,27,3765
SE-403880,LUM-CLR,PR-3019,2025-02-25,08:00,17:00,20,27,4416
SE-403881,LUM-CLR,PR-3020,2025-02-25,08:00,17:00,30,18,3302
SE-403882,LUM-CLR,PR-3021,2025-02-25,08:00,17:00,20,27,4210
SE-403883,LUM-CLR,PR-3022,2025-02-25,08:00,17:00,20,27,4199
SE-403884,LUM-CLR,PR-3023,25/02/2025,08:00,17:00,20,27,3940
SE-403885,LUM-CLR,PR-3024,2025-02-25,08:00,17:00,20,27,4215
SE-403886,LUM-GQE,PR-3025,2025-02-25,08:00,17:00,20,27,3480
SE-403887,LUM-GQE,PR-3026,2025-02-25,08:00,17:00,20,27,4421
SE-403888,LUM-GQE,PR-3027,2025-02-25,08:00,17:00,30,18,5152
SE-403889,LUM-GQE,PR-3028,2025-02-25,08:00,17:00,20,27,4210
SE-403890,LUM-BFN,PR-3029,2025-02-25,08:00,17:00,30,18,4817
SE-403891,LUM-BFN,PR-3030,2025-02-25,08:00,17:00,30,18,2885
SE-403892,LUM-BFN,PR-3031,2025-02-25,08:00,17:00,30,18,3256
SE-403893,LUM-BFN,PR-3032,2025-02-25,08:00,17:00,30,18,2779
SE-403894,LUM-SAN,PR-3001,26/02/2025,08:00,17:00,20,27,4207
SE-403895,LUM-SAN,PR-3002,26/02/2025,08:00,17:00,30,18,5987
SE-403896,LUM-SAN,PR-3003,2025-02-26,08:00,17:00,20,27,3679
SE-403897,LUM-SAN,PR-3004,26/02/2025,08:00,17:00,20,27,4117
SE-403898,LUM-SAN,PR-3005,26/02/2025,08:00,17:00,20,27,4234
SE-403899,LUM-SAN,PR-3006,2025-02-26,08:00,17:00,30,18,3134
SE-403900,LUM-SAN,PR-3007,26/02/2025,08:00,17:00,45,12,6711
SE-403901,LUM-PTA,PR-3008,26/02/2025,08:00,17:00,20,27,3803
SE-403902,LUM-PTA,PR-3009,26/02/2025,08:00,17:00,25,21,8221
SE-403903,LUM-PTA,PR-3010,2025-02-26,08:00,17:00,30,18,5602
SE-403904,LUM-PTA,PR-3011,2025-02-26,08:00,17:00,20,27,4519
SE-403905,LUM-PTA,PR-3012,2025-02-26,08:00,17:00,20,27,4073
SE-403906,LUM-PTA,PR-3013,2025-02-26,08:00,17:00,30,18,5678
SE-403907,LUM-UMH,PR-3014,2025-02-26,08:00,17:00,20,27,3616
SE-403908,LUM-UMH,PR-3015,2025-02-26,08:00,17:00,30,18,4817
SE-403909,LUM-UMH,PR-3016,2025-02-26,08:00,17:00,30,18,3166
SE-403910,LUM-UMH,PR-3017,2025-02-26,08:00,17:00,25,21,7465
SE-403911,LUM-UMH,PR-3018,26/02/2025,08:00,17:00,20,27,3765
SE-403912,LUM-CLR,PR-3019,2025-02-26,08:00,17:00,20,27,4416
SE-403913,LUM-CLR,PR-3021,26/02/2025,08:00,17:00,20,27,4210
SE-403914,LUM-CLR,PR-3022,2025-02-26,08:00,17:00,20,27,4199
SE-403915,LUM-CLR,PR-3023,2025-02-26,08:00,17:00,20,27,3940
SE-403916,LUM-CLR,PR-3024,2025-02-26,08:00,17:00,20,27,4215
SE-403917,LUM-GQE,PR-3026,26/02/2025,08:00,17:00,20,27,4421
SE-403918,LUM-GQE,PR-3027,2025-02-26,08:00,17:00,30,18,5152
SE-403919,LUM-GQE,PR-3028,26/02/2025,08:00,17:00,20,27,4210
SE-403920,LUM-BFN,PR-3030,2025-02-26,08:00,17:00,30,18,2885
SE-403921,LUM-BFN,PR-3031,2025-02-26,08:00,17:00,30,18,3256
SE-403922,LUM-BFN,PR-3032,26/02/2025,08:00,17:00,30,18,2779
SE-403923,LUM-SAN,PR-3001,27/02/2025,08:00,17:00,20,27,4207
SE-403924,LUM-SAN,PR-3002,2025-02-27,08:00,17:00,30,18,5987
SE-403925,LUM-SAN,PR-3003,2025-02-27,08:00,17:00,20,27,3679
SE-403926,LUM-SAN,PR-3004,2025-02-27,08:00,17:00,20,27,4117
SE-403927,LUM-SAN,PR-3005,2025-02-27,08:00,17:00,20,27,4234
SE-403928,LUM-SAN,PR-3006,2025-02-27,08:00,17:00,30,18,3134
SE-403929,LUM-SAN,PR-3007,2025-02-27,08:00,17:00,45,12,6711
SE-403930,LUM-PTA,PR-3009,2025-02-27,08:00,17:00,25,21,8221
SE-403931,LUM-PTA,PR-3010,27/02/2025,08:00,17:00,30,18,5602
SE-403932,LUM-PTA,PR-3011,2025-02-27,08:00,17:00,20,27,4519
SE-403933,LUM-PTA,PR-3012,2025-02-27,08:00,17:00,20,27,4073
SE-403934,LUM-PTA,PR-3013,2025-02-27,08:00,17:00,30,18,5678
SE-403935,LUM-UMH,PR-3015,2025-02-27,08:00,17:00,30,18,4817
SE-403936,LUM-UMH,PR-3016,2025-02-27,08:00,17:00,30,18,3166
SE-403937,LUM-UMH,PR-3017,2025-02-27,08:00,17:00,25,21,7465
SE-403938,LUM-UMH,PR-3018,2025-02-27,08:00,17:00,20,27,3765
SE-403939,LUM-CLR,PR-3019,2025-02-27,08:00,17:00,20,27,4416
SE-403940,LUM-CLR,PR-3021,2025-02-27,08:00,17:00,20,27,4210
SE-403941,LUM-CLR,PR-3022,2025-02-27,08:00,17:00,20,27,4199
SE-403942,LUM-CLR,PR-3023,2025-02-27,08:00,17:00,20,27,3940
SE-403943,LUM-GQE,PR-3025,2025-02-27,08:00,17:00,20,27,3480
SE-403944,LUM-GQE,PR-3026,2025-02-27,08:00,17:00,20,27,4421
SE-403945,LUM-GQE,PR-3027,27/02/2025,08:00,17:00,30,18,5152
SE-403946,LUM-GQE,PR-3028,2025-02-27,08:00,17:00,20,27,4210
SE-403947,LUM-BFN,PR-3029,2025-02-27,08:00,17:00,30,18,4817
SE-403948,LUM-BFN,PR-3030,2025-02-27,08:00,17:00,30,18,2885
SE-403949,LUM-BFN,PR-3031,2025-02-27,08:00,17:00,30,18,3256
SE-403950,LUM-BFN,PR-3032,2025-02-27,08:00,17:00,30,18,2779
SE-403951,LUM-SAN,PR-3001,2025-02-28,08:00,17:00,20,27,4207
SE-403952,LUM-SAN,PR-3002,2025-02-28,08:00,17:00,30,18,5987
SE-403953,LUM-SAN,PR-3003,2025-02-28,08:00,17:00,20,27,3679
SE-403954,LUM-SAN,PR-3004,2025-02-28,08:00,17:00,20,27,4117
SE-403955,LUM-SAN,PR-3005,2025-02-28,08:00,17:00,20,27,4234
SE-403956,LUM-SAN,PR-3006,28/02/2025,08:00,17:00,30,18,3134
SE-403957,LUM-SAN,PR-3007,2025-02-28,08:00,17:00,45,12,6711
SE-403958,LUM-PTA,PR-3008,2025-02-28,08:00,17:00,20,27,3803
SE-403959,LUM-PTA,PR-3009,2025-02-28,08:00,17:00,25,21,8221
SE-403960,LUM-PTA,PR-3010,2025-02-28,08:00,17:00,30,18,5602
SE-403961,LUM-PTA,PR-3011,2025-02-28,08:00,17:00,20,27,4519
SE-403962,LUM-PTA,PR-3012,2025-02-28,08:00,17:00,20,27,4073
SE-403963,LUM-PTA,PR-3013,2025-02-28,08:00,17:00,30,18,5678
SE-403964,LUM-UMH,PR-3014,28/02/2025,08:00,17:00,20,27,3616
SE-403965,LUM-UMH,PR-3015,28/02/2025,08:00,17:00,30,18,4817
SE-403966,LUM-UMH,PR-3016,2025-02-28,08:00,17:00,30,18,3166
SE-403967,LUM-UMH,PR-3017,2025-02-28,08:00,17:00,25,21,7465
SE-403968,LUM-UMH,PR-3018,28/02/2025,08:00,17:00,20,27,3765
SE-403969,LUM-CLR,PR-3019,2025-02-28,08:00,17:00,20,27,4416
SE-403970,LUM-CLR,PR-3020,2025-02-28,08:00,17:00,30,18,3302
SE-403971,LUM-CLR,PR-3021,28/02/2025,08:00,17:00,20,27,4210
SE-403972,LUM-CLR,PR-3023,2025-02-28,08:00,17:00,20,27,3940
SE-403973,LUM-CLR,PR-3024,2025-02-28,08:00,17:00,20,27,4215
SE-403974,LUM-GQE,PR-3025,2025-02-28,08:00,17:00,20,27,3480
SE-403975,LUM-GQE,PR-3026,2025-02-28,08:00,17:00,20,27,4421
SE-403976,LUM-GQE,PR-3027,2025-02-28,08:00,17:00,30,18,5152
SE-403977,LUM-GQE,PR-3028,2025-02-28,08:00,17:00,20,27,4210
SE-403978,LUM-BFN,PR-3029,2025-02-28,08:00,17:00,30,18,4817
SE-403979,LUM-BFN,PR-3030,2025-02-28,08:00,17:00,30,18,2885
SE-403980,LUM-BFN,PR-3031,28/02/2025,08:00,17:00,30,18,3256
SE-403981,LUM-BFN,PR-3032,28/02/2025,08:00,17:00,30,18,2779
SE-403982,LUM-SAN,PR-3001,01/03/2025,08:00,13:00,20,15,2337.22
SE-403983,LUM-SAN,PR-3006,2025-03-01,08:00,13:00,30,10,1741.11
SE-403984,LUM-SAN,PR-3007,2025-03-01,08:00,13:00,45,6,3728.33
SE-403985,LUM-PTA,PR-3012,2025-03-01,08:00,13:00,20,15,2262.78
SE-403986,LUM-PTA,PR-3013,01/03/2025,08:00,13:00,30,10,3154.44
SE-403987,LUM-UMH,PR-3017,2025-03-01,08:00,13:00,25,12,4147.22
SE-403988,LUM-CLR,PR-3019,2025-03-01,08:00,13:00,20,15,2453.33
SE-403989,LUM-CLR,PR-3021,01/03/2025,08:00,13:00,20,15,2338.89
SE-403990,LUM-GQE,PR-3027,2025-03-01,08:00,13:00,30,10,2862.22
SE-403991,LUM-SAN,PR-3001,2025-03-03,08:00,17:00,20,27,4207
SE-403992,LUM-SAN,PR-3002,2025-03-03,08:00,17:00,30,18,5987
SE-403993,LUM-SAN,PR-3005,03/03/2025,08:00,17:00,20,27,4234
SE-403994,LUM-SAN,PR-3006,2025-03-03,08:00,17:00,30,18,3134
SE-403995,LUM-SAN,PR-3007,03/03/2025,08:00,17:00,45,12,6711
SE-403996,LUM-PTA,PR-3008,2025-03-03,08:00,17:00,20,27,3803
SE-403997,LUM-PTA,PR-3009,03/03/2025,08:00,17:00,25,21,8221
SE-403998,LUM-PTA,PR-3010,2025-03-03,08:00,17:00,30,18,5602
SE-403999,LUM-PTA,PR-3011,2025-03-03,08:00,17:00,20,27,4519
SE-404000,LUM-PTA,PR-3012,2025-03-03,08:00,17:00,20,27,4073
SE-404001,LUM-PTA,PR-3013,2025-03-03,08:00,17:00,30,18,5678
SE-404002,LUM-UMH,PR-3015,2025-03-03,08:00,17:00,30,18,4817
SE-404003,LUM-UMH,PR-3016,03/03/2025,08:00,17:00,30,18,3166
SE-404004,LUM-UMH,PR-3017,2025-03-03,08:00,17:00,25,21,7465
SE-404005,LUM-UMH,PR-3018,2025-03-03,08:00,17:00,20,27,3765
SE-404006,LUM-CLR,PR-3019,2025-03-03,08:00,17:00,20,27,4416
SE-404007,LUM-CLR,PR-3020,2025-03-03,08:00,17:00,30,18,3302
SE-404008,LUM-CLR,PR-3022,2025-03-03,08:00,17:00,20,27,4199
SE-404009,LUM-CLR,PR-3023,2025-03-03,08:00,17:00,20,27,3940
SE-404010,LUM-CLR,PR-3024,2025-03-03,08:00,17:00,20,27,4215
SE-404011,LUM-GQE,PR-3025,2025-03-03,08:00,17:00,20,27,3480
SE-404012,LUM-GQE,PR-3026,2025-03-03,08:00,17:00,20,27,4421
SE-404013,LUM-GQE,PR-3027,2025-03-03,08:00,17:00,30,18,5152
SE-404014,LUM-GQE,PR-3028,03/03/2025,08:00,17:00,20,27,4210
SE-404015,LUM-BFN,PR-3029,03/03/2025,08:00,17:00,30,18,4817
SE-404016,LUM-BFN,PR-3030,2025-03-03,08:00,17:00,30,18,2885
SE-404017,LUM-BFN,PR-3031,2025-03-03,08:00,17:00,30,18,3256
SE-404018,LUM-BFN,PR-3032,2025-03-03,08:00,17:00,30,18,2779
SE-404019,LUM-SAN,PR-3001,04/03/2025,08:00,17:00,20,27,4207
SE-404020,LUM-SAN,PR-3002,2025-03-04,08:00,17:00,30,18,5987
SE-404021,LUM-SAN,PR-3003,2025-03-04,08:00,17:00,20,27,3679
SE-404022,LUM-SAN,PR-3004,2025-03-04,08:00,17:00,20,27,4117
SE-404023,LUM-SAN,PR-3006,04/03/2025,08:00,17:00,30,18,3134
SE-404024,LUM-SAN,PR-3007,2025-03-04,08:00,17:00,45,12,6711
SE-404025,LUM-PTA,PR-3008,2025-03-04,08:00,17:00,20,27,3803
SE-404026,LUM-PTA,PR-3009,2025-03-04,08:00,17:00,25,21,8221
SE-404027,LUM-PTA,PR-3010,2025-03-04,08:00,17:00,30,18,5602
SE-404028,LUM-PTA,PR-3011,2025-03-04,08:00,17:00,20,27,4519
SE-404029,LUM-PTA,PR-3013,04/03/2025,08:00,17:00,30,18,5678
SE-404030,LUM-UMH,PR-3016,2025-03-04,08:00,17:00,30,18,3166
SE-404031,LUM-UMH,PR-3017,2025-03-04,08:00,17:00,25,21,7465
SE-404032,LUM-UMH,PR-3018,2025-03-04,08:00,17:00,20,27,3765
SE-404033,LUM-CLR,PR-3019,2025-03-04,08:00,17:00,20,27,4416
SE-404034,LUM-CLR,PR-3020,2025-03-04,08:00,17:00,30,18,3302
SE-404035,LUM-CLR,PR-3021,2025-03-04,08:00,17:00,20,27,4210
SE-404036,LUM-CLR,PR-3022,04/03/2025,08:00,17:00,20,27,4199
SE-404037,LUM-CLR,PR-3023,04/03/2025,08:00,17:00,20,27,3940
SE-404038,LUM-CLR,PR-3024,2025-03-04,08:00,17:00,20,27,4215
SE-404039,LUM-GQE,PR-3025,04/03/2025,08:00,17:00,20,27,3480
SE-404040,LUM-GQE,PR-3026,04/03/2025,08:00,17:00,20,27,4421
SE-404041,LUM-GQE,PR-3027,2025-03-04,08:00,17:00,30,18,5152
SE-404042,LUM-BFN,PR-3029,2025-03-04,08:00,17:00,30,18,4817
SE-404043,LUM-BFN,PR-3030,04/03/2025,08:00,17:00,30,18,2885
SE-404044,LUM-BFN,PR-3032,2025-03-04,08:00,17:00,30,18,2779
SE-404045,LUM-SAN,PR-3001,2025-03-05,08:00,17:00,20,27,4207
SE-404046,LUM-SAN,PR-3002,2025-03-05,08:00,17:00,30,18,5987
SE-404047,LUM-SAN,PR-3003,2025-03-05,08:00,17:00,20,27,3679
SE-404048,LUM-SAN,PR-3004,05/03/2025,08:00,17:00,20,27,4117
SE-404049,LUM-SAN,PR-3005,2025-03-05,08:00,17:00,20,27,4234
SE-404050,LUM-SAN,PR-3006,2025-03-05,08:00,17:00,30,18,3134
SE-404051,LUM-SAN,PR-3007,05/03/2025,08:00,17:00,45,12,6711
SE-404052,LUM-PTA,PR-3008,2025-03-05,08:00,17:00,20,27,3803
SE-404053,LUM-PTA,PR-3009,05/03/2025,08:00,17:00,25,21,8221
SE-404054,LUM-PTA,PR-3010,2025-03-05,08:00,17:00,30,18,5602
SE-404055,LUM-PTA,PR-3011,05/03/2025,08:00,17:00,20,27,4519
SE-404056,LUM-PTA,PR-3012,2025-03-05,08:00,17:00,20,27,4073
SE-404057,LUM-PTA,PR-3013,2025-03-05,08:00,17:00,30,18,5678
SE-404058,LUM-UMH,PR-3014,2025-03-05,08:00,17:00,20,27,3616
SE-404059,LUM-UMH,PR-3015,05/03/2025,08:00,17:00,30,18,4817
SE-404060,LUM-UMH,PR-3016,2025-03-05,08:00,17:00,30,18,3166
SE-404061,LUM-UMH,PR-3017,2025-03-05,08:00,17:00,25,21,7465
SE-404062,LUM-UMH,PR-3018,05/03/2025,08:00,17:00,20,27,3765
SE-404063,LUM-CLR,PR-3019,2025-03-05,08:00,17:00,20,27,4416
SE-404064,LUM-CLR,PR-3020,2025-03-05,08:00,17:00,30,18,3302
SE-404065,LUM-CLR,PR-3021,2025-03-05,08:00,17:00,20,27,4210
SE-404066,LUM-CLR,PR-3022,2025-03-05,08:00,17:00,20,27,4199
SE-404067,LUM-CLR,PR-3023,2025-03-05,08:00,17:00,20,27,3940
SE-404068,LUM-CLR,PR-3024,2025-03-05,08:00,17:00,20,27,4215
SE-404069,LUM-GQE,PR-3025,2025-03-05,08:00,17:00,20,27,3480
SE-404070,LUM-GQE,PR-3026,2025-03-05,08:00,17:00,20,27,4421
SE-404071,LUM-GQE,PR-3027,2025-03-05,08:00,17:00,30,18,5152
SE-404072,LUM-GQE,PR-3028,05/03/2025,08:00,17:00,20,27,4210
SE-404073,LUM-BFN,PR-3029,2025-03-05,08:00,17:00,30,18,4817
SE-404074,LUM-BFN,PR-3031,05/03/2025,08:00,17:00,30,18,3256
SE-404075,LUM-BFN,PR-3032,2025-03-05,08:00,17:00,30,18,2779
SE-404076,LUM-SAN,PR-3001,2025-03-06,08:00,17:00,20,27,4207
SE-404077,LUM-SAN,PR-3002,2025-03-06,08:00,17:00,30,18,5987
SE-404078,LUM-SAN,PR-3003,2025-03-06,08:00,17:00,20,27,3679
SE-404079,LUM-SAN,PR-3004,2025-03-06,08:00,17:00,20,27,4117
SE-404080,LUM-SAN,PR-3005,06/03/2025,08:00,17:00,20,27,4234
SE-404081,LUM-SAN,PR-3006,2025-03-06,08:00,17:00,30,18,3134
SE-404082,LUM-SAN,PR-3007,2025-03-06,08:00,17:00,45,12,6711
SE-404083,LUM-PTA,PR-3009,2025-03-06,08:00,17:00,25,21,8221
SE-404084,LUM-PTA,PR-3010,2025-03-06,08:00,17:00,30,18,5602
SE-404085,LUM-PTA,PR-3012,2025-03-06,08:00,17:00,20,27,4073
SE-404086,LUM-PTA,PR-3013,2025-03-06,08:00,17:00,30,18,5678
SE-404087,LUM-UMH,PR-3014,2025-03-06,08:00,17:00,20,27,3616
SE-404088,LUM-UMH,PR-3015,2025-03-06,08:00,17:00,30,18,4817
SE-404089,LUM-UMH,PR-3016,06/03/2025,08:00,17:00,30,18,3166
SE-404090,LUM-UMH,PR-3017,2025-03-06,08:00,17:00,25,21,7465
SE-404091,LUM-UMH,PR-3018,06/03/2025,08:00,17:00,20,27,3765
SE-404092,LUM-CLR,PR-3019,06/03/2025,08:00,17:00,20,27,4416
SE-404093,LUM-CLR,PR-3020,2025-03-06,08:00,17:00,30,18,3302
SE-404094,LUM-CLR,PR-3021,2025-03-06,08:00,17:00,20,27,4210
SE-404095,LUM-CLR,PR-3022,06/03/2025,08:00,17:00,20,27,4199
SE-404096,LUM-CLR,PR-3023,2025-03-06,08:00,17:00,20,27,3940
SE-404097,LUM-CLR,PR-3024,2025-03-06,08:00,17:00,20,27,4215
SE-404098,LUM-GQE,PR-3025,06/03/2025,08:00,17:00,20,27,3480
SE-404099,LUM-GQE,PR-3026,2025-03-06,08:00,17:00,20,27,4421
SE-404100,LUM-GQE,PR-3027,2025-03-06,08:00,17:00,30,18,5152
SE-404101,LUM-GQE,PR-3028,2025-03-06,08:00,17:00,20,27,4210
SE-404102,LUM-BFN,PR-3029,2025-03-06,08:00,17:00,30,18,4817
SE-404103,LUM-BFN,PR-3030,2025-03-06,08:00,17:00,30,18,2885
SE-404104,LUM-BFN,PR-3031,06/03/2025,08:00,17:00,30,18,3256
SE-404105,LUM-BFN,PR-3032,2025-03-06,08:00,17:00,30,18,2779
SE-404106,LUM-SAN,PR-3001,2025-03-07,08:00,17:00,20,27,4207
SE-404107,LUM-SAN,PR-3002,07/03/2025,08:00,17:00,30,18,5987
SE-404108,LUM-SAN,PR-3003,2025-03-07,08:00,17:00,20,27,3679
SE-404109,LUM-SAN,PR-3005,07/03/2025,08:00,17:00,20,27,4234
SE-404110,LUM-SAN,PR-3007,2025-03-07,08:00,17:00,45,12,6711
SE-404111,LUM-PTA,PR-3008,2025-03-07,08:00,17:00,20,27,3803
SE-404112,LUM-PTA,PR-3009,2025-03-07,08:00,17:00,25,21,8221
SE-404113,LUM-PTA,PR-3010,2025-03-07,08:00,17:00,30,18,5602
SE-404114,LUM-PTA,PR-3013,2025-03-07,08:00,17:00,30,18,5678
SE-404115,LUM-UMH,PR-3014,07/03/2025,08:00,17:00,20,27,3616
SE-404116,LUM-UMH,PR-3015,2025-03-07,08:00,17:00,30,18,4817
SE-404117,LUM-UMH,PR-3018,07/03/2025,08:00,17:00,20,27,3765
SE-404118,LUM-CLR,PR-3019,2025-03-07,08:00,17:00,20,27,4416
SE-404119,LUM-CLR,PR-3020,2025-03-07,08:00,17:00,30,18,3302
SE-404120,LUM-CLR,PR-3021,07/03/2025,08:00,17:00,20,27,4210
SE-404121,LUM-CLR,PR-3022,2025-03-07,08:00,17:00,20,27,4199
SE-404122,LUM-CLR,PR-3023,07/03/2025,08:00,17:00,20,27,3940
SE-404123,LUM-CLR,PR-3024,2025-03-07,08:00,17:00,20,27,4215
SE-404124,LUM-GQE,PR-3026,2025-03-07,08:00,17:00,20,27,4421
SE-404125,LUM-GQE,PR-3027,2025-03-07,08:00,17:00,30,18,5152
SE-404126,LUM-GQE,PR-3028,07/03/2025,08:00,17:00,20,27,4210
SE-404127,LUM-BFN,PR-3029,2025-03-07,08:00,17:00,30,18,4817
SE-404128,LUM-BFN,PR-3030,2025-03-07,08:00,17:00,30,18,2885
SE-404129,LUM-BFN,PR-3031,07/03/2025,08:00,17:00,30,18,3256
SE-404130,LUM-BFN,PR-3032,2025-03-07,08:00,17:00,30,18,2779
SE-404131,LUM-SAN,PR-3002,2025-03-08,08:00,13:00,30,10,3326.11
SE-404132,LUM-SAN,PR-3003,2025-03-08,08:00,13:00,20,15,2043.89
SE-404133,LUM-SAN,PR-3007,08/03/2025,08:00,13:00,45,6,3728.33
SE-404134,LUM-PTA,PR-3009,2025-03-08,08:00,13:00,25,12,4567.22
SE-404135,LUM-PTA,PR-3010,2025-03-08,08:00,13:00,30,10,3112.22
SE-404136,LUM-PTA,PR-3013,08/03/2025,08:00,13:00,30,10,3154.44
SE-404137,LUM-UMH,PR-3014,2025-03-08,08:00,13:00,20,15,2008.89
SE-404138,LUM-UMH,PR-3016,2025-03-08,08:00,13:00,30,10,1758.89
SE-404139,LUM-CLR,PR-3021,2025-03-08,08:00,13:00,20,15,2338.89
SE-404140,LUM-CLR,PR-3022,2025-03-08,08:00,13:00,20,15,2332.78
SE-404141,LUM-GQE,PR-3025,2025-03-08,08:00,13:00,20,15,1933.33
SE-404142,LUM-GQE,PR-3026,2025-03-08,08:00,13:00,20,15,2456.11
SE-404143,LUM-GQE,PR-3027,2025-03-08,08:00,13:00,30,10,2862.22
SE-404144,LUM-BFN,PR-3029,2025-03-08,08:00,13:00,30,10,2676.11
SE-404145,LUM-SAN,PR-3001,10/03/2025,08:00,17:00,20,27,4207
SE-404146,LUM-SAN,PR-3002,2025-03-10,08:00,17:00,30,18,5987
SE-404147,LUM-SAN,PR-3005,2025-03-10,08:00,17:00,20,27,4234
SE-404148,LUM-SAN,PR-3006,2025-03-10,08:00,17:00,30,18,3134
SE-404149,LUM-SAN,PR-3007,2025-03-10,08:00,17:00,45,12,6711
SE-404150,LUM-PTA,PR-3008,10/03/2025,08:00,17:00,20,27,3803
SE-404151,LUM-PTA,PR-3009,2025-03-10,08:00,17:00,25,21,8221
SE-404152,LUM-PTA,PR-3010,2025-03-10,08:00,17:00,30,18,5602
SE-404153,LUM-PTA,PR-3011,2025-03-10,08:00,17:00,20,27,4519
SE-404154,LUM-PTA,PR-3012,10/03/2025,08:00,17:00,20,27,4073
SE-404155,LUM-PTA,PR-3013,2025-03-10,08:00,17:00,30,18,5678
SE-404156,LUM-UMH,PR-3014,2025-03-10,08:00,17:00,20,27,3616
SE-404157,LUM-UMH,PR-3015,2025-03-10,08:00,17:00,30,18,4817
SE-404158,LUM-UMH,PR-3016,10/03/2025,08:00,17:00,30,18,3166
SE-404159,LUM-UMH,PR-3017,2025-03-10,08:00,17:00,25,21,7465
SE-404160,LUM-UMH,PR-3018,2025-03-10,08:00,17:00,20,27,3765
SE-404161,LUM-CLR,PR-3019,2025-03-10,08:00,17:00,20,27,4416
SE-404162,LUM-CLR,PR-3020,2025-03-10,08:00,17:00,30,18,3302
SE-404163,LUM-CLR,PR-3022,2025-03-10,08:00,17:00,20,27,4199
SE-404164,LUM-CLR,PR-3023,10/03/2025,08:00,17:00,20,27,3940
SE-404165,LUM-CLR,PR-3024,2025-03-10,08:00,17:00,20,27,4215
SE-404166,LUM-GQE,PR-3025,2025-03-10,08:00,17:00,20,27,3480
SE-404167,LUM-GQE,PR-3026,10/03/2025,08:00,17:00,20,27,4421
SE-404168,LUM-GQE,PR-3027,2025-03-10,08:00,17:00,30,18,5152
SE-404169,LUM-BFN,PR-3029,2025-03-10,08:00,17:00,30,18,4817
SE-404170,LUM-BFN,PR-3030,2025-03-10,08:00,17:00,30,18,2885
SE-404171,LUM-BFN,PR-3031,2025-03-10,08:00,17:00,30,18,3256
SE-404172,LUM-BFN,PR-3032,10/03/2025,08:00,17:00,30,18,2779
SE-404173,LUM-SAN,PR-3001,2025-03-11,08:00,17:00,20,27,4207
SE-404174,LUM-SAN,PR-3002,2025-03-11,08:00,17:00,30,18,5987
SE-404175,LUM-SAN,PR-3003,2025-03-11,08:00,17:00,20,27,3679
SE-404176,LUM-SAN,PR-3004,2025-03-11,08:00,17:00,20,27,4117
SE-404177,LUM-SAN,PR-3005,11/03/2025,08:00,17:00,20,27,4234
SE-404178,LUM-SAN,PR-3006,2025-03-11,08:00,17:00,30,18,3134
SE-404179,LUM-SAN,PR-3007,11/03/2025,08:00,17:00,45,12,6711
SE-404180,LUM-PTA,PR-3008,2025-03-11,08:00,17:00,20,27,3803
SE-404181,LUM-PTA,PR-3009,11/03/2025,08:00,17:00,25,21,8221
SE-404182,LUM-PTA,PR-3010,11/03/2025,08:00,17:00,30,18,5602
SE-404183,LUM-PTA,PR-3012,2025-03-11,08:00,17:00,20,27,4073
SE-404184,LUM-PTA,PR-3013,2025-03-11,08:00,17:00,30,18,5678
SE-404185,LUM-UMH,PR-3014,2025-03-11,08:00,17:00,20,27,3616
SE-404186,LUM-UMH,PR-3015,2025-03-11,08:00,17:00,30,18,4817
SE-404187,LUM-UMH,PR-3016,11/03/2025,08:00,17:00,30,18,3166
SE-404188,LUM-UMH,PR-3017,2025-03-11,08:00,17:00,25,21,7465
SE-404189,LUM-CLR,PR-3019,2025-03-11,08:00,17:00,20,27,4416
SE-404190,LUM-CLR,PR-3020,11/03/2025,08:00,17:00,30,18,3302
SE-404191,LUM-CLR,PR-3022,2025-03-11,08:00,17:00,20,27,4199
SE-404192,LUM-CLR,PR-3023,2025-03-11,08:00,17:00,20,27,3940
SE-404193,LUM-GQE,PR-3025,2025-03-11,08:00,17:00,20,27,3480
SE-404194,LUM-GQE,PR-3026,2025-03-11,08:00,17:00,20,27,4421
SE-404195,LUM-GQE,PR-3027,2025-03-11,08:00,17:00,30,18,5152
SE-404196,LUM-GQE,PR-3028,2025-03-11,08:00,17:00,20,27,4210
SE-404197,LUM-BFN,PR-3029,2025-03-11,08:00,17:00,30,18,4817
SE-404198,LUM-BFN,PR-3030,2025-03-11,08:00,17:00,30,18,2885
SE-404199,LUM-BFN,PR-3031,2025-03-11,08:00,17:00,30,18,3256
SE-404200,LUM-SAN,PR-3001,2025-03-12,08:00,17:00,20,27,4207
SE-404201,LUM-SAN,PR-3002,2025-03-12,08:00,17:00,30,18,5987
SE-404202,LUM-SAN,PR-3003,2025-03-12,08:00,17:00,20,27,3679
SE-404203,LUM-SAN,PR-3004,2025-03-12,08:00,17:00,20,27,4117
SE-404204,LUM-SAN,PR-3005,12/03/2025,08:00,17:00,20,27,4234
SE-404205,LUM-SAN,PR-3006,2025-03-12,08:00,17:00,30,18,3134
SE-404206,LUM-SAN,PR-3007,2025-03-12,08:00,17:00,45,12,6711
SE-404207,LUM-PTA,PR-3008,2025-03-12,08:00,17:00,20,27,3803
SE-404208,LUM-PTA,PR-3009,2025-03-12,08:00,17:00,25,21,8221
SE-404209,LUM-PTA,PR-3010,2025-03-12,08:00,17:00,30,18,5602
SE-404210,LUM-PTA,PR-3011,12/03/2025,08:00,17:00,20,27,4519
SE-404211,LUM-PTA,PR-3012,2025-03-12,08:00,17:00,20,27,4073
SE-404212,LUM-PTA,PR-3013,2025-03-12,08:00,17:00,30,18,5678
SE-404213,LUM-UMH,PR-3014,2025-03-12,08:00,17:00,20,27,3616
SE-404214,LUM-UMH,PR-3015,2025-03-12,08:00,17:00,30,18,4817
SE-404215,LUM-UMH,PR-3016,2025-03-12,08:00,17:00,30,18,3166
SE-404216,LUM-UMH,PR-3017,2025-03-12,08:00,17:00,25,21,7465
SE-404217,LUM-UMH,PR-3018,2025-03-12,08:00,17:00,20,27,3765
SE-404218,LUM-CLR,PR-3020,2025-03-12,08:00,17:00,30,18,3302
SE-404219,LUM-CLR,PR-3021,2025-03-12,08:00,17:00,20,27,4210
SE-404220,LUM-CLR,PR-3022,12/03/2025,08:00,17:00,20,27,4199
SE-404221,LUM-CLR,PR-3023,2025-03-12,08:00,17:00,20,27,3940
SE-404222,LUM-CLR,PR-3024,2025-03-12,08:00,17:00,20,27,4215
SE-404223,LUM-GQE,PR-3025,2025-03-12,08:00,17:00,20,27,3480
SE-404224,LUM-GQE,PR-3026,2025-03-12,08:00,17:00,20,27,4421
SE-404225,LUM-GQE,PR-3027,2025-03-12,08:00,17:00,30,18,5152
SE-404226,LUM-GQE,PR-3028,2025-03-12,08:00,17:00,20,27,4210
SE-404227,LUM-BFN,PR-3029,12/03/2025,08:00,17:00,30,18,4817
SE-404228,LUM-BFN,PR-3030,2025-03-12,08:00,17:00,30,18,2885
SE-404229,LUM-BFN,PR-3031,2025-03-12,08:00,17:00,30,18,3256
SE-404230,LUM-BFN,PR-3032,12/03/2025,08:00,17:00,30,18,2779
SE-404231,LUM-SAN,PR-3001,2025-03-13,08:00,17:00,20,27,4207
SE-404232,LUM-SAN,PR-3002,2025-03-13,08:00,17:00,30,18,5987
SE-404233,LUM-SAN,PR-3003,13/03/2025,08:00,17:00,20,27,3679
SE-404234,LUM-SAN,PR-3004,2025-03-13,08:00,17:00,20,27,4117
SE-404235,LUM-SAN,PR-3006,2025-03-13,08:00,17:00,30,18,3134
SE-404236,LUM-SAN,PR-3007,2025-03-13,08:00,17:00,45,12,6711
SE-404237,LUM-PTA,PR-3008,13/03/2025,08:00,17:00,20,27,3803
SE-404238,LUM-PTA,PR-3009,2025-03-13,08:00,17:00,25,21,8221
SE-404239,LUM-PTA,PR-3010,2025-03-13,08:00,17:00,30,18,5602
SE-404240,LUM-PTA,PR-3011,2025-03-13,08:00,17:00,20,27,4519
SE-404241,LUM-PTA,PR-3012,13/03/2025,08:00,17:00,20,27,4073
SE-404242,LUM-PTA,PR-3013,2025-03-13,08:00,17:00,30,18,5678
SE-404243,LUM-UMH,PR-3014,13/03/2025,08:00,17:00,20,27,3616
SE-404244,LUM-UMH,PR-3015,13/03/2025,08:00,17:00,30,18,4817
SE-404245,LUM-UMH,PR-3016,13/03/2025,08:00,17:00,30,18,3166
SE-404246,LUM-UMH,PR-3017,13/03/2025,08:00,17:00,25,21,7465
SE-404247,LUM-UMH,PR-3018,2025-03-13,08:00,17:00,20,27,3765
SE-404248,LUM-CLR,PR-3019,2025-03-13,08:00,17:00,20,27,4416
SE-404249,LUM-CLR,PR-3020,2025-03-13,08:00,17:00,30,18,3302
SE-404250,LUM-CLR,PR-3021,2025-03-13,08:00,17:00,20,27,4210
SE-404251,LUM-CLR,PR-3022,2025-03-13,08:00,17:00,20,27,4199
SE-404252,LUM-CLR,PR-3023,2025-03-13,08:00,17:00,20,27,3940
SE-404253,LUM-CLR,PR-3024,2025-03-13,08:00,17:00,20,27,4215
SE-404254,LUM-GQE,PR-3025,2025-03-13,08:00,17:00,20,27,3480
SE-404255,LUM-GQE,PR-3026,2025-03-13,08:00,17:00,20,27,4421
SE-404256,LUM-GQE,PR-3027,2025-03-13,08:00,17:00,30,18,5152
SE-404257,LUM-GQE,PR-3028,2025-03-13,08:00,17:00,20,27,4210
SE-404258,LUM-BFN,PR-3029,2025-03-13,08:00,17:00,30,18,4817
SE-404259,LUM-BFN,PR-3030,13/03/2025,08:00,17:00,30,18,2885
SE-404260,LUM-BFN,PR-3031,2025-03-13,08:00,17:00,30,18,3256
SE-404261,LUM-BFN,PR-3032,2025-03-13,08:00,17:00,30,18,2779
SE-404262,LUM-SAN,PR-3001,2025-03-14,08:00,17:00,20,27,4207
SE-404263,LUM-SAN,PR-3002,2025-03-14,08:00,17:00,30,18,5987
SE-404264,LUM-SAN,PR-3003,14/03/2025,08:00,17:00,20,27,3679
SE-404265,LUM-SAN,PR-3004,2025-03-14,08:00,17:00,20,27,4117
SE-404266,LUM-SAN,PR-3005,14/03/2025,08:00,17:00,20,27,4234
SE-404267,LUM-SAN,PR-3006,2025-03-14,08:00,17:00,30,18,3134
SE-404268,LUM-SAN,PR-3007,14/03/2025,08:00,17:00,45,12,6711
SE-404269,LUM-PTA,PR-3008,14/03/2025,08:00,17:00,20,27,3803
SE-404270,LUM-PTA,PR-3009,2025-03-14,08:00,17:00,25,21,8221
SE-404271,LUM-PTA,PR-3010,14/03/2025,08:00,17:00,30,18,5602
SE-404272,LUM-PTA,PR-3011,2025-03-14,08:00,17:00,20,27,4519
SE-404273,LUM-PTA,PR-3013,2025-03-14,08:00,17:00,30,18,5678
SE-404274,LUM-UMH,PR-3016,2025-03-14,08:00,17:00,30,18,3166
SE-404275,LUM-UMH,PR-3017,2025-03-14,08:00,17:00,25,21,7465
SE-404276,LUM-UMH,PR-3018,14/03/2025,08:00,17:00,20,27,3765
SE-404277,LUM-CLR,PR-3019,2025-03-14,08:00,17:00,20,27,4416
SE-404278,LUM-CLR,PR-3020,2025-03-14,08:00,17:00,30,18,3302
SE-404279,LUM-CLR,PR-3021,14/03/2025,08:00,17:00,20,27,4210
SE-404280,LUM-CLR,PR-3022,2025-03-14,08:00,17:00,20,27,4199
SE-404281,LUM-CLR,PR-3023,2025-03-14,08:00,17:00,20,27,3940
SE-404282,LUM-CLR,PR-3024,14/03/2025,08:00,17:00,20,27,4215
SE-404283,LUM-GQE,PR-3025,2025-03-14,08:00,17:00,20,27,3480
SE-404284,LUM-GQE,PR-3026,2025-03-14,08:00,17:00,20,27,4421
SE-404285,LUM-GQE,PR-3027,2025-03-14,08:00,17:00,30,18,5152
SE-404286,LUM-BFN,PR-3029,2025-03-14,08:00,17:00,30,18,4817
SE-404287,LUM-BFN,PR-3030,14/03/2025,08:00,17:00,30,18,2885
SE-404288,LUM-BFN,PR-3031,14/03/2025,08:00,17:00,30,18,3256
SE-404289,LUM-BFN,PR-3032,2025-03-14,08:00,17:00,30,18,2779
SE-404290,LUM-SAN,PR-3005,2025-03-15,08:00,13:00,20,15,2352.22
SE-404291,LUM-PTA,PR-3009,2025-03-15,08:00,13:00,25,12,4567.22
SE-404292,LUM-PTA,PR-3010,2025-03-15,08:00,13:00,30,10,3112.22
SE-404293,LUM-PTA,PR-3011,2025-03-15,08:00,13:00,20,15,2510.56
SE-404294,LUM-UMH,PR-3014,2025-03-15,08:00,13:00,20,15,2008.89
SE-404295,LUM-UMH,PR-3016,15/03/2025,08:00,13:00,30,10,1758.89
SE-404296,LUM-UMH,PR-3017,2025-03-15,08:00,13:00,25,12,4147.22
SE-404297,LUM-UMH,PR-3018,2025-03-15,08:00,13:00,20,15,2091.67
SE-404298,LUM-CLR,PR-3024,2025-03-15,08:00,13:00,20,15,2341.67
SE-404299,LUM-GQE,PR-3026,15/03/2025,08:00,13:00,20,15,2456.11
SE-404300,LUM-GQE,PR-3028,2025-03-15,08:00,13:00,20,15,2338.89
SE-404301,LUM-SAN,PR-3001,2025-03-17,08:00,17:00,20,27,4207
SE-404302,LUM-SAN,PR-3002,2025-03-17,08:00,17:00,30,18,5987
SE-404303,LUM-SAN,PR-3003,17/03/2025,08:00,17:00,20,27,3679
SE-404304,LUM-SAN,PR-3004,2025-03-17,08:00,17:00,20,27,4117
SE-404305,LUM-SAN,PR-3005,2025-03-17,08:00,17:00,20,27,4234
SE-404306,LUM-SAN,PR-3006,2025-03-17,08:00,17:00,30,18,3134
SE-404307,LUM-PTA,PR-3008,2025-03-17,08:00,17:00,20,27,3803
SE-404308,LUM-PTA,PR-3009,2025-03-17,08:00,17:00,25,21,8221
SE-404309,LUM-PTA,PR-3010,2025-03-17,08:00,17:00,30,18,5602
SE-404310,LUM-PTA,PR-3011,2025-03-17,08:00,17:00,20,27,4519
SE-404311,LUM-PTA,PR-3012,2025-03-17,08:00,17:00,20,27,4073
SE-404312,LUM-PTA,PR-3013,2025-03-17,08:00,17:00,30,18,5678
SE-404313,LUM-UMH,PR-3015,2025-03-17,08:00,17:00,30,18,4817
SE-404314,LUM-UMH,PR-3016,2025-03-17,08:00,17:00,30,18,3166
SE-404315,LUM-UMH,PR-3017,2025-03-17,08:00,17:00,25,21,7465
SE-404316,LUM-UMH,PR-3018,2025-03-17,08:00,17:00,20,27,3765
SE-404317,LUM-CLR,PR-3019,17/03/2025,08:00,17:00,20,27,4416
SE-404318,LUM-CLR,PR-3020,2025-03-17,08:00,17:00,30,18,3302
SE-404319,LUM-CLR,PR-3021,17/03/2025,08:00,17:00,20,27,4210
SE-404320,LUM-CLR,PR-3022,2025-03-17,08:00,17:00,20,27,4199
SE-404321,LUM-CLR,PR-3023,2025-03-17,08:00,17:00,20,27,3940
SE-404322,LUM-CLR,PR-3024,2025-03-17,08:00,17:00,20,27,4215
SE-404323,LUM-GQE,PR-3025,17/03/2025,08:00,17:00,20,27,3480
SE-404324,LUM-GQE,PR-3026,2025-03-17,08:00,17:00,20,27,4421
SE-404325,LUM-GQE,PR-3027,2025-03-17,08:00,17:00,30,18,5152
SE-404326,LUM-GQE,PR-3028,2025-03-17,08:00,17:00,20,27,4210
SE-404327,LUM-BFN,PR-3029,2025-03-17,08:00,17:00,30,18,4817
SE-404328,LUM-BFN,PR-3031,2025-03-17,08:00,17:00,30,18,3256
SE-404329,LUM-BFN,PR-3032,2025-03-17,08:00,17:00,30,18,2779
SE-404330,LUM-SAN,PR-3001,2025-03-18,08:00,17:00,20,27,4207
SE-404331,LUM-SAN,PR-3002,2025-03-18,08:00,17:00,30,18,5987
SE-404332,LUM-SAN,PR-3004,2025-03-18,08:00,17:00,20,27,4117
SE-404333,LUM-SAN,PR-3006,18/03/2025,08:00,17:00,30,18,3134
SE-404334,LUM-SAN,PR-3007,2025-03-18,08:00,17:00,45,12,6711
SE-404335,LUM-PTA,PR-3008,2025-03-18,08:00,17:00,20,27,3803
SE-404336,LUM-PTA,PR-3012,2025-03-18,08:00,17:00,20,27,4073
SE-404337,LUM-PTA,PR-3013,2025-03-18,08:00,17:00,30,18,5678
SE-404338,LUM-UMH,PR-3014,18/03/2025,08:00,17:00,20,27,3616
SE-404339,LUM-UMH,PR-3015,2025-03-18,08:00,17:00,30,18,4817
SE-404340,LUM-UMH,PR-3017,2025-03-18,08:00,17:00,25,21,7465
SE-404341,LUM-UMH,PR-3018,2025-03-18,08:00,17:00,20,27,3765
SE-404342,LUM-CLR,PR-3019,2025-03-18,08:00,17:00,20,27,4416
SE-404343,LUM-CLR,PR-3020,2025-03-18,08:00,17:00,30,18,3302
SE-404344,LUM-CLR,PR-3021,2025-03-18,08:00,17:00,20,27,4210
SE-404345,LUM-CLR,PR-3022,18/03/2025,08:00,17:00,20,27,4199
SE-404346,LUM-CLR,PR-3023,2025-03-18,08:00,17:00,20,27,3940
SE-404347,LUM-CLR,PR-3024,2025-03-18,08:00,17:00,20,27,4215
SE-404348,LUM-GQE,PR-3025,18/03/2025,08:00,17:00,20,27,3480
SE-404349,LUM-GQE,PR-3026,2025-03-18,08:00,17:00,20,27,4421
SE-404350,LUM-GQE,PR-3027,2025-03-18,08:00,17:00,30,18,5152
SE-404351,LUM-GQE,PR-3028,18/03/2025,08:00,17:00,20,27,4210
SE-404352,LUM-BFN,PR-3029,2025-03-18,08:00,17:00,30,18,4817
SE-404353,LUM-BFN,PR-3030,2025-03-18,08:00,17:00,30,18,2885
SE-404354,LUM-BFN,PR-3031,2025-03-18,08:00,17:00,30,18,3256
SE-404355,LUM-BFN,PR-3032,2025-03-18,08:00,17:00,30,18,2779
SE-404356,LUM-SAN,PR-3001,2025-03-19,08:00,17:00,20,27,4207
SE-404357,LUM-SAN,PR-3002,2025-03-19,08:00,17:00,30,18,5987
SE-404358,LUM-SAN,PR-3003,2025-03-19,08:00,17:00,20,27,3679
SE-404359,LUM-SAN,PR-3004,2025-03-19,08:00,17:00,20,27,4117
SE-404360,LUM-SAN,PR-3005,2025-03-19,08:00,17:00,20,27,4234
SE-404361,LUM-SAN,PR-3006,2025-03-19,08:00,17:00,30,18,3134
SE-404362,LUM-SAN,PR-3007,2025-03-19,08:00,17:00,45,12,6711
SE-404363,LUM-PTA,PR-3008,2025-03-19,08:00,17:00,20,27,3803
SE-404364,LUM-PTA,PR-3009,2025-03-19,08:00,17:00,25,21,8221
SE-404365,LUM-PTA,PR-3010,2025-03-19,08:00,17:00,30,18,5602
SE-404366,LUM-PTA,PR-3012,19/03/2025,08:00,17:00,20,27,4073
SE-404367,LUM-UMH,PR-3014,2025-03-19,08:00,17:00,20,27,3616
SE-404368,LUM-UMH,PR-3015,2025-03-19,08:00,17:00,30,18,4817
SE-404369,LUM-UMH,PR-3016,2025-03-19,08:00,17:00,30,18,3166
SE-404370,LUM-UMH,PR-3017,2025-03-19,08:00,17:00,25,21,7465
SE-404371,LUM-UMH,PR-3018,2025-03-19,08:00,17:00,20,27,3765
SE-404372,LUM-CLR,PR-3019,2025-03-19,08:00,17:00,20,27,4416
SE-404373,LUM-CLR,PR-3020,2025-03-19,08:00,17:00,30,18,3302
SE-404374,LUM-CLR,PR-3021,2025-03-19,08:00,17:00,20,27,4210
SE-404375,LUM-CLR,PR-3022,2025-03-19,08:00,17:00,20,27,4199
SE-404376,LUM-CLR,PR-3023,2025-03-19,08:00,17:00,20,27,3940
SE-404377,LUM-CLR,PR-3024,2025-03-19,08:00,17:00,20,27,4215
SE-404378,LUM-GQE,PR-3025,2025-03-19,08:00,17:00,20,27,3480
SE-404379,LUM-GQE,PR-3026,2025-03-19,08:00,17:00,20,27,4421
SE-404380,LUM-GQE,PR-3027,2025-03-19,08:00,17:00,30,18,5152
SE-404381,LUM-GQE,PR-3028,19/03/2025,08:00,17:00,20,27,4210
SE-404382,LUM-BFN,PR-3029,19/03/2025,08:00,17:00,30,18,4817
SE-404383,LUM-BFN,PR-3030,2025-03-19,08:00,17:00,30,18,2885
SE-404384,LUM-BFN,PR-3031,2025-03-19,08:00,17:00,30,18,3256
SE-404385,LUM-BFN,PR-3032,2025-03-19,08:00,17:00,30,18,2779
SE-404386,LUM-SAN,PR-3001,2025-03-20,08:00,17:00,20,27,4207
SE-404387,LUM-SAN,PR-3003,2025-03-20,08:00,17:00,20,27,3679
SE-404388,LUM-SAN,PR-3004,20/03/2025,08:00,17:00,20,27,4117
SE-404389,LUM-SAN,PR-3005,2025-03-20,08:00,17:00,20,27,4234
SE-404390,LUM-SAN,PR-3006,2025-03-20,08:00,17:00,30,18,3134
SE-404391,LUM-PTA,PR-3008,2025-03-20,08:00,17:00,20,27,3803
SE-404392,LUM-PTA,PR-3009,2025-03-20,08:00,17:00,25,21,8221
SE-404393,LUM-PTA,PR-3010,2025-03-20,08:00,17:00,30,18,5602
SE-404394,LUM-PTA,PR-3011,20/03/2025,08:00,17:00,20,27,4519
SE-404395,LUM-PTA,PR-3012,2025-03-20,08:00,17:00,20,27,4073
SE-404396,LUM-PTA,PR-3013,2025-03-20,08:00,17:00,30,18,5678
SE-404397,LUM-UMH,PR-3014,2025-03-20,08:00,17:00,20,27,3616
SE-404398,LUM-UMH,PR-3015,20/03/2025,08:00,17:00,30,18,4817
SE-404399,LUM-UMH,PR-3017,2025-03-20,08:00,17:00,25,21,7465
SE-404400,LUM-UMH,PR-3018,2025-03-20,08:00,17:00,20,27,3765
SE-404401,LUM-CLR,PR-3019,2025-03-20,08:00,17:00,20,27,4416
SE-404402,LUM-CLR,PR-3020,2025-03-20,08:00,17:00,30,18,3302
SE-404403,LUM-CLR,PR-3021,2025-03-20,08:00,17:00,20,27,4210
SE-404404,LUM-CLR,PR-3022,20/03/2025,08:00,17:00,20,27,4199
SE-404405,LUM-CLR,PR-3023,2025-03-20,08:00,17:00,20,27,3940
SE-404406,LUM-CLR,PR-3024,2025-03-20,08:00,17:00,20,27,4215
SE-404407,LUM-GQE,PR-3025,2025-03-20,08:00,17:00,20,27,3480
SE-404408,LUM-GQE,PR-3026,2025-03-20,08:00,17:00,20,27,4421
SE-404409,LUM-GQE,PR-3027,2025-03-20,08:00,17:00,30,18,5152
SE-404410,LUM-GQE,PR-3028,2025-03-20,08:00,17:00,20,27,4210
SE-404411,LUM-BFN,PR-3031,2025-03-20,08:00,17:00,30,18,3256
SE-404412,LUM-BFN,PR-3032,2025-03-20,08:00,17:00,30,18,2779
SE-404413,LUM-SAN,PR-3001,21/03/2025,08:00,17:00,20,27,4207
SE-404414,LUM-SAN,PR-3002,2025-03-21,08:00,17:00,30,18,5987
SE-404415,LUM-SAN,PR-3003,2025-03-21,08:00,17:00,20,27,3679
SE-404416,LUM-SAN,PR-3004,2025-03-21,08:00,17:00,20,27,4117
SE-404417,LUM-SAN,PR-3006,2025-03-21,08:00,17:00,30,18,3134
SE-404418,LUM-SAN,PR-3007,2025-03-21,08:00,17:00,45,12,6711
SE-404419,LUM-PTA,PR-3008,2025-03-21,08:00,17:00,20,27,3803
SE-404420,LUM-PTA,PR-3009,2025-03-21,08:00,17:00,25,21,8221
SE-404421,LUM-PTA,PR-3010,21/03/2025,08:00,17:00,30,18,5602
SE-404422,LUM-PTA,PR-3011,2025-03-21,08:00,17:00,20,27,4519
SE-404423,LUM-PTA,PR-3012,21/03/2025,08:00,17:00,20,27,4073
SE-404424,LUM-PTA,PR-3013,21/03/2025,08:00,17:00,30,18,5678
SE-404425,LUM-UMH,PR-3014,2025-03-21,08:00,17:00,20,27,3616
SE-404426,LUM-UMH,PR-3015,2025-03-21,08:00,17:00,30,18,4817
SE-404427,LUM-UMH,PR-3016,2025-03-21,08:00,17:00,30,18,3166
SE-404428,LUM-UMH,PR-3017,21/03/2025,08:00,17:00,25,21,7465
SE-404429,LUM-CLR,PR-3019,2025-03-21,08:00,17:00,20,27,4416
SE-404430,LUM-CLR,PR-3020,21/03/2025,08:00,17:00,30,18,3302
SE-404431,LUM-CLR,PR-3021,2025-03-21,08:00,17:00,20,27,4210
SE-404432,LUM-CLR,PR-3022,2025-03-21,08:00,17:00,20,27,4199
SE-404433,LUM-CLR,PR-3023,21/03/2025,08:00,17:00,20,27,3940
SE-404434,LUM-CLR,PR-3024,2025-03-21,08:00,17:00,20,27,4215
SE-404435,LUM-GQE,PR-3025,21/03/2025,08:00,17:00,20,27,3480
SE-404436,LUM-GQE,PR-3026,2025-03-21,08:00,17:00,20,27,4421
SE-404437,LUM-GQE,PR-3027,2025-03-21,08:00,17:00,30,18,5152
SE-404438,LUM-GQE,PR-3028,21/03/2025,08:00,17:00,20,27,4210
SE-404439,LUM-BFN,PR-3029,2025-03-21,08:00,17:00,30,18,4817
SE-404440,LUM-BFN,PR-3030,2025-03-21,08:00,17:00,30,18,2885
SE-404441,LUM-BFN,PR-3032,21/03/2025,08:00,17:00,30,18,2779
SE-404442,LUM-SAN,PR-3002,2025-03-22,08:00,13:00,30,10,3326.11
SE-404443,LUM-PTA,PR-3008,2025-03-22,08:00,13:00,20,15,2112.78
SE-404444,LUM-PTA,PR-3010,2025-03-22,08:00,13:00,30,10,3112.22
SE-404445,LUM-PTA,PR-3011,2025-03-22,08:00,13:00,20,15,2510.56
SE-404446,LUM-PTA,PR-3012,2025-03-22,08:00,13:00,20,15,2262.78
SE-404447,LUM-PTA,PR-3013,2025-03-22,08:00,13:00,30,10,3154.44
SE-404448,LUM-UMH,PR-3014,2025-03-22,08:00,13:00,20,15,2008.89
SE-404449,LUM-CLR,PR-3023,22/03/2025,08:00,13:00,20,15,2188.89
SE-404450,LUM-CLR,PR-3024,22/03/2025,08:00,13:00,20,15,2341.67
SE-404451,LUM-GQE,PR-3026,22/03/2025,08:00,13:00,20,15,2456.11
SE-404452,LUM-GQE,PR-3027,2025-03-22,08:00,13:00,30,10,2862.22
SE-404453,LUM-BFN,PR-3031,2025-03-22,08:00,13:00,30,10,1808.89
SE-404454,LUM-BFN,PR-3032,2025-03-22,08:00,13:00,30,10,1543.89
SE-404455,LUM-SAN,PR-3001,24/03/2025,08:00,17:00,20,27,4207
SE-404456,LUM-SAN,PR-3002,2025-03-24,08:00,17:00,30,18,5987
SE-404457,LUM-SAN,PR-3003,24/03/2025,08:00,17:00,20,27,3679
SE-404458,LUM-SAN,PR-3004,24/03/2025,08:00,17:00,20,27,4117
SE-404459,LUM-SAN,PR-3005,2025-03-24,08:00,17:00,20,27,4234
SE-404460,LUM-SAN,PR-3007,24/03/2025,08:00,17:00,45,12,6711
SE-404461,LUM-PTA,PR-3008,2025-03-24,08:00,17:00,20,27,3803
SE-404462,LUM-PTA,PR-3009,2025-03-24,08:00,17:00,25,21,8221
SE-404463,LUM-PTA,PR-3010,2025-03-24,08:00,17:00,30,18,5602
SE-404464,LUM-PTA,PR-3011,24/03/2025,08:00,17:00,20,27,4519
SE-404465,LUM-PTA,PR-3012,2025-03-24,08:00,17:00,20,27,4073
SE-404466,LUM-PTA,PR-3013,2025-03-24,08:00,17:00,30,18,5678
SE-404467,LUM-UMH,PR-3014,2025-03-24,08:00,17:00,20,27,3616
SE-404468,LUM-UMH,PR-3015,2025-03-24,08:00,17:00,30,18,4817
SE-404469,LUM-UMH,PR-3016,24/03/2025,08:00,17:00,30,18,3166
SE-404470,LUM-UMH,PR-3017,24/03/2025,08:00,17:00,25,21,7465
SE-404471,LUM-UMH,PR-3018,2025-03-24,08:00,17:00,20,27,3765
SE-404472,LUM-CLR,PR-3019,2025-03-24,08:00,17:00,20,27,4416
SE-404473,LUM-CLR,PR-3020,2025-03-24,08:00,17:00,30,18,3302
SE-404474,LUM-CLR,PR-3021,2025-03-24,08:00,17:00,20,27,4210
SE-404475,LUM-CLR,PR-3022,2025-03-24,08:00,17:00,20,27,4199
SE-404476,LUM-CLR,PR-3024,2025-03-24,08:00,17:00,20,27,4215
SE-404477,LUM-GQE,PR-3025,24/03/2025,08:00,17:00,20,27,3480
SE-404478,LUM-GQE,PR-3026,24/03/2025,08:00,17:00,20,27,4421
SE-404479,LUM-GQE,PR-3027,2025-03-24,08:00,17:00,30,18,5152
SE-404480,LUM-GQE,PR-3028,2025-03-24,08:00,17:00,20,27,4210
SE-404481,LUM-BFN,PR-3029,24/03/2025,08:00,17:00,30,18,4817
SE-404482,LUM-BFN,PR-3030,24/03/2025,08:00,17:00,30,18,2885
SE-404483,LUM-BFN,PR-3031,24/03/2025,08:00,17:00,30,18,3256
SE-404484,LUM-BFN,PR-3032,2025-03-24,08:00,17:00,30,18,2779
SE-404485,LUM-SAN,PR-3001,2025-03-25,08:00,17:00,20,27,4207
SE-404486,LUM-SAN,PR-3002,25/03/2025,08:00,17:00,30,18,5987
SE-404487,LUM-SAN,PR-3003,2025-03-25,08:00,17:00,20,27,3679
SE-404488,LUM-SAN,PR-3004,2025-03-25,08:00,17:00,20,27,4117
SE-404489,LUM-SAN,PR-3005,2025-03-25,08:00,17:00,20,27,4234
SE-404490,LUM-SAN,PR-3006,2025-03-25,08:00,17:00,30,18,3134
SE-404491,LUM-PTA,PR-3008,25/03/2025,08:00,17:00,20,27,3803
SE-404492,LUM-PTA,PR-3009,2025-03-25,08:00,17:00,25,21,8221
SE-404493,LUM-PTA,PR-3010,2025-03-25,08:00,17:00,30,18,5602
SE-404494,LUM-PTA,PR-3011,2025-03-25,08:00,17:00,20,27,4519
SE-404495,LUM-PTA,PR-3012,25/03/2025,08:00,17:00,20,27,4073
SE-404496,LUM-PTA,PR-3013,2025-03-25,08:00,17:00,30,18,5678
SE-404497,LUM-UMH,PR-3014,2025-03-25,08:00,17:00,20,27,3616
SE-404498,LUM-UMH,PR-3015,2025-03-25,08:00,17:00,30,18,4817
SE-404499,LUM-UMH,PR-3016,2025-03-25,08:00,17:00,30,18,3166
SE-404500,LUM-UMH,PR-3017,2025-03-25,08:00,17:00,25,21,7465
SE-404501,LUM-UMH,PR-3018,25/03/2025,08:00,17:00,20,27,3765
SE-404502,LUM-CLR,PR-3019,2025-03-25,08:00,17:00,20,27,4416
SE-404503,LUM-CLR,PR-3020,2025-03-25,08:00,17:00,30,18,3302
SE-404504,LUM-CLR,PR-3021,2025-03-25,08:00,17:00,20,27,4210
SE-404505,LUM-CLR,PR-3022,25/03/2025,08:00,17:00,20,27,4199
SE-404506,LUM-CLR,PR-3023,25/03/2025,08:00,17:00,20,27,3940
SE-404507,LUM-CLR,PR-3024,25/03/2025,08:00,17:00,20,27,4215
SE-404508,LUM-GQE,PR-3025,2025-03-25,08:00,17:00,20,27,3480
SE-404509,LUM-GQE,PR-3026,2025-03-25,08:00,17:00,20,27,4421
SE-404510,LUM-GQE,PR-3027,2025-03-25,08:00,17:00,30,18,5152
SE-404511,LUM-GQE,PR-3028,25/03/2025,08:00,17:00,20,27,4210
SE-404512,LUM-BFN,PR-3029,2025-03-25,08:00,17:00,30,18,4817
SE-404513,LUM-BFN,PR-3030,2025-03-25,08:00,17:00,30,18,2885
SE-404514,LUM-BFN,PR-3032,2025-03-25,08:00,17:00,30,18,2779
SE-404515,LUM-SAN,PR-3001,2025-03-26,08:00,17:00,20,27,4207
SE-404516,LUM-SAN,PR-3002,2025-03-26,08:00,17:00,30,18,5987
SE-404517,LUM-SAN,PR-3003,2025-03-26,08:00,17:00,20,27,3679
SE-404518,LUM-SAN,PR-3004,2025-03-26,08:00,17:00,20,27,4117
SE-404519,LUM-SAN,PR-3005,2025-03-26,08:00,17:00,20,27,4234
SE-404520,LUM-SAN,PR-3006,2025-03-26,08:00,17:00,30,18,3134
SE-404521,LUM-SAN,PR-3007,2025-03-26,08:00,17:00,45,12,6711
SE-404522,LUM-PTA,PR-3008,2025-03-26,08:00,17:00,20,27,3803
SE-404523,LUM-PTA,PR-3009,2025-03-26,08:00,17:00,25,21,8221
SE-404524,LUM-PTA,PR-3010,2025-03-26,08:00,17:00,30,18,5602
SE-404525,LUM-PTA,PR-3011,2025-03-26,08:00,17:00,20,27,4519
SE-404526,LUM-PTA,PR-3012,2025-03-26,08:00,17:00,20,27,4073
SE-404527,LUM-PTA,PR-3013,2025-03-26,08:00,17:00,30,18,5678
SE-404528,LUM-UMH,PR-3014,2025-03-26,08:00,17:00,20,27,3616
SE-404529,LUM-UMH,PR-3015,2025-03-26,08:00,17:00,30,18,4817
SE-404530,LUM-UMH,PR-3016,2025-03-26,08:00,17:00,30,18,3166
SE-404531,LUM-UMH,PR-3018,2025-03-26,08:00,17:00,20,27,3765
SE-404532,LUM-CLR,PR-3019,2025-03-26,08:00,17:00,20,27,4416
SE-404533,LUM-CLR,PR-3020,2025-03-26,08:00,17:00,30,18,3302
SE-404534,LUM-CLR,PR-3021,2025-03-26,08:00,17:00,20,27,4210
SE-404535,LUM-CLR,PR-3022,26/03/2025,08:00,17:00,20,27,4199
SE-404536,LUM-CLR,PR-3023,2025-03-26,08:00,17:00,20,27,3940
SE-404537,LUM-GQE,PR-3025,2025-03-26,08:00,17:00,20,27,3480
SE-404538,LUM-GQE,PR-3026,2025-03-26,08:00,17:00,20,27,4421
SE-404539,LUM-GQE,PR-3027,26/03/2025,08:00,17:00,30,18,5152
SE-404540,LUM-BFN,PR-3030,2025-03-26,08:00,17:00,30,18,2885
SE-404541,LUM-BFN,PR-3031,26/03/2025,08:00,17:00,30,18,3256
SE-404542,LUM-BFN,PR-3032,2025-03-26,08:00,17:00,30,18,2779
SE-404543,LUM-SAN,PR-3001,2025-03-27,08:00,17:00,20,27,4207
SE-404544,LUM-SAN,PR-3002,2025-03-27,08:00,17:00,30,18,5987
SE-404545,LUM-SAN,PR-3003,2025-03-27,08:00,17:00,20,27,3679
SE-404546,LUM-SAN,PR-3004,27/03/2025,08:00,17:00,20,27,4117
SE-404547,LUM-SAN,PR-3005,2025-03-27,08:00,17:00,20,27,4234
SE-404548,LUM-SAN,PR-3006,27/03/2025,08:00,17:00,30,18,3134
SE-404549,LUM-SAN,PR-3007,2025-03-27,08:00,17:00,45,12,6711
SE-404550,LUM-PTA,PR-3008,2025-03-27,08:00,17:00,20,27,3803
SE-404551,LUM-PTA,PR-3009,2025-03-27,08:00,17:00,25,21,8221
SE-404552,LUM-PTA,PR-3010,2025-03-27,08:00,17:00,30,18,5602
SE-404553,LUM-PTA,PR-3011,27/03/2025,08:00,17:00,20,27,4519
SE-404554,LUM-PTA,PR-3012,27/03/2025,08:00,17:00,20,27,4073
SE-404555,LUM-PTA,PR-3013,2025-03-27,08:00,17:00,30,18,5678
SE-404556,LUM-UMH,PR-3014,27/03/2025,08:00,17:00,20,27,3616
SE-404557,LUM-UMH,PR-3015,2025-03-27,08:00,17:00,30,18,4817
SE-404558,LUM-UMH,PR-3016,2025-03-27,08:00,17:00,30,18,3166
SE-404559,LUM-UMH,PR-3017,27/03/2025,08:00,17:00,25,21,7465
SE-404560,LUM-UMH,PR-3018,27/03/2025,08:00,17:00,20,27,3765
SE-404561,LUM-CLR,PR-3019,27/03/2025,08:00,17:00,20,27,4416
SE-404562,LUM-CLR,PR-3020,2025-03-27,08:00,17:00,30,18,3302
SE-404563,LUM-CLR,PR-3021,27/03/2025,08:00,17:00,20,27,4210
SE-404564,LUM-CLR,PR-3022,2025-03-27,08:00,17:00,20,27,4199
SE-404565,LUM-CLR,PR-3023,27/03/2025,08:00,17:00,20,27,3940
SE-404566,LUM-CLR,PR-3024,27/03/2025,08:00,17:00,20,27,4215
SE-404567,LUM-GQE,PR-3025,2025-03-27,08:00,17:00,20,27,3480
SE-404568,LUM-GQE,PR-3026,2025-03-27,08:00,17:00,20,27,4421
SE-404569,LUM-GQE,PR-3027,2025-03-27,08:00,17:00,30,18,5152
SE-404570,LUM-BFN,PR-3029,27/03/2025,08:00,17:00,30,18,4817
SE-404571,LUM-BFN,PR-3030,2025-03-27,08:00,17:00,30,18,2885
SE-404572,LUM-BFN,PR-3031,2025-03-27,08:00,17:00,30,18,3256
SE-404573,LUM-BFN,PR-3032,27/03/2025,08:00,17:00,30,18,2779
SE-404574,LUM-SAN,PR-3001,2025-03-28,08:00,17:00,20,27,4207
SE-404575,LUM-SAN,PR-3002,2025-03-28,08:00,17:00,30,18,5987
SE-404576,LUM-SAN,PR-3003,28/03/2025,08:00,17:00,20,27,3679
SE-404577,LUM-SAN,PR-3004,28/03/2025,08:00,17:00,20,27,4117
SE-404578,LUM-SAN,PR-3005,28/03/2025,08:00,17:00,20,27,4234
SE-404579,LUM-SAN,PR-3006,2025-03-28,08:00,17:00,30,18,3134
SE-404580,LUM-SAN,PR-3007,28/03/2025,08:00,17:00,45,12,6711
SE-404581,LUM-PTA,PR-3008,2025-03-28,08:00,17:00,20,27,3803
SE-404582,LUM-PTA,PR-3010,2025-03-28,08:00,17:00,30,18,5602
SE-404583,LUM-PTA,PR-3011,2025-03-28,08:00,17:00,20,27,4519
SE-404584,LUM-PTA,PR-3012,2025-03-28,08:00,17:00,20,27,4073
SE-404585,LUM-PTA,PR-3013,2025-03-28,08:00,17:00,30,18,5678
SE-404586,LUM-UMH,PR-3014,2025-03-28,08:00,17:00,20,27,3616
SE-404587,LUM-UMH,PR-3015,2025-03-28,08:00,17:00,30,18,4817
SE-404588,LUM-UMH,PR-3016,2025-03-28,08:00,17:00,30,18,3166
SE-404589,LUM-UMH,PR-3017,2025-03-28,08:00,17:00,25,21,7465
SE-404590,LUM-UMH,PR-3018,28/03/2025,08:00,17:00,20,27,3765
SE-404591,LUM-CLR,PR-3019,2025-03-28,08:00,17:00,20,27,4416
SE-404592,LUM-CLR,PR-3020,28/03/2025,08:00,17:00,30,18,3302
SE-404593,LUM-CLR,PR-3021,28/03/2025,08:00,17:00,20,27,4210
SE-404594,LUM-CLR,PR-3022,28/03/2025,08:00,17:00,20,27,4199
SE-404595,LUM-CLR,PR-3023,2025-03-28,08:00,17:00,20,27,3940
SE-404596,LUM-CLR,PR-3024,2025-03-28,08:00,17:00,20,27,4215
SE-404597,LUM-GQE,PR-3025,2025-03-28,08:00,17:00,20,27,3480
SE-404598,LUM-GQE,PR-3026,2025-03-28,08:00,17:00,20,27,4421
SE-404599,LUM-GQE,PR-3028,2025-03-28,08:00,17:00,20,27,4210
SE-404600,LUM-BFN,PR-3029,2025-03-28,08:00,17:00,30,18,4817
SE-404601,LUM-BFN,PR-3030,2025-03-28,08:00,17:00,30,18,2885
SE-404602,LUM-BFN,PR-3031,2025-03-28,08:00,17:00,30,18,3256
SE-404603,LUM-BFN,PR-3032,2025-03-28,08:00,17:00,30,18,2779
SE-404604,LUM-SAN,PR-3003,2025-03-29,08:00,13:00,20,15,2043.89
SE-404605,LUM-SAN,PR-3004,2025-03-29,08:00,13:00,20,15,2287.22
SE-404606,LUM-PTA,PR-3011,29/03/2025,08:00,13:00,20,15,2510.56
SE-404607,LUM-PTA,PR-3013,2025-03-29,08:00,13:00,30,10,3154.44
SE-404608,LUM-UMH,PR-3015,2025-03-29,08:00,13:00,30,10,2676.11
SE-404609,LUM-UMH,PR-3018,2025-03-29,08:00,13:00,20,15,2091.67
SE-404610,LUM-CLR,PR-3020,2025-03-29,08:00,13:00,30,10,1834.44
SE-404611,LUM-CLR,PR-3022,2025-03-29,08:00,13:00,20,15,2332.78
SE-404612,LUM-CLR,PR-3023,29/03/2025,08:00,13:00,20,15,2188.89
SE-404613,LUM-CLR,PR-3024,2025-03-29,08:00,13:00,20,15,2341.67
SE-404614,LUM-GQE,PR-3025,2025-03-29,08:00,13:00,20,15,1933.33
SE-404615,LUM-GQE,PR-3028,2025-03-29,08:00,13:00,20,15,2338.89
SE-404616,LUM-BFN,PR-3029,2025-03-29,08:00,13:00,30,10,2676.11
SE-404617,LUM-BFN,PR-3031,2025-03-29,08:00,13:00,30,10,1808.89
SE-404618,LUM-SAN,PR-3001,2025-03-31,08:00,17:00,20,27,4207
SE-404619,LUM-SAN,PR-3002,2025-03-31,08:00,17:00,30,18,5987
SE-404620,LUM-SAN,PR-3003,2025-03-31,08:00,17:00,20,27,3679
SE-404621,LUM-SAN,PR-3004,31/03/2025,08:00,17:00,20,27,4117
SE-404622,LUM-SAN,PR-3005,2025-03-31,08:00,17:00,20,27,4234
SE-404623,LUM-SAN,PR-3007,2025-03-31,08:00,17:00,45,12,6711
SE-404624,LUM-PTA,PR-3008,2025-03-31,08:00,17:00,20,27,3803
SE-404625,LUM-PTA,PR-3009,2025-03-31,08:00,17:00,25,21,8221
SE-404626,LUM-PTA,PR-3010,31/03/2025,08:00,17:00,30,18,5602
SE-404627,LUM-PTA,PR-3011,2025-03-31,08:00,17:00,20,27,4519
SE-404628,LUM-PTA,PR-3012,2025-03-31,08:00,17:00,20,27,4073
SE-404629,LUM-PTA,PR-3013,2025-03-31,08:00,17:00,30,18,5678
SE-404630,LUM-UMH,PR-3014,2025-03-31,08:00,17:00,20,27,3616
SE-404631,LUM-UMH,PR-3015,2025-03-31,08:00,17:00,30,18,4817
SE-404632,LUM-UMH,PR-3016,2025-03-31,08:00,17:00,30,18,3166
SE-404633,LUM-UMH,PR-3017,2025-03-31,08:00,17:00,25,21,7465
SE-404634,LUM-UMH,PR-3018,2025-03-31,08:00,17:00,20,27,3765
SE-404635,LUM-CLR,PR-3019,2025-03-31,08:00,17:00,20,27,4416
SE-404636,LUM-CLR,PR-3020,31/03/2025,08:00,17:00,30,18,3302
SE-404637,LUM-CLR,PR-3021,2025-03-31,08:00,17:00,20,27,4210
SE-404638,LUM-CLR,PR-3022,2025-03-31,08:00,17:00,20,27,4199
SE-404639,LUM-CLR,PR-3023,31/03/2025,08:00,17:00,20,27,3940
SE-404640,LUM-CLR,PR-3024,31/03/2025,08:00,17:00,20,27,4215
SE-404641,LUM-GQE,PR-3026,2025-03-31,08:00,17:00,20,27,4421
SE-404642,LUM-GQE,PR-3027,2025-03-31,08:00,17:00,30,18,5152
SE-404643,LUM-GQE,PR-3028,2025-03-31,08:00,17:00,20,27,4210
SE-404644,LUM-BFN,PR-3029,2025-03-31,08:00,17:00,30,18,4817
SE-404645,LUM-BFN,PR-3030,31/03/2025,08:00,17:00,30,18,2885
SE-404646,LUM-BFN,PR-3031,31/03/2025,08:00,17:00,30,18,3256
SE-404647,LUM-BFN,PR-3032,31/03/2025,08:00,17:00,30,18,2779
SE-404648,LUM-SAN,PR-3001,01/04/2025,08:00,17:00,20,27,4207
SE-404649,LUM-SAN,PR-3002,2025-04-01,08:00,17:00,30,18,5987
SE-404650,LUM-SAN,PR-3003,2025-04-01,08:00,17:00,20,27,3679
SE-404651,LUM-SAN,PR-3004,2025-04-01,08:00,17:00,20,27,4117
SE-404652,LUM-SAN,PR-3005,01/04/2025,08:00,17:00,20,27,4234
SE-404653,LUM-SAN,PR-3006,01/04/2025,08:00,17:00,30,18,3134
SE-404654,LUM-SAN,PR-3007,01/04/2025,08:00,17:00,45,12,6711
SE-404655,LUM-PTA,PR-3008,01/04/2025,08:00,17:00,20,27,3803
SE-404656,LUM-PTA,PR-3009,2025-04-01,08:00,17:00,25,21,8221
SE-404657,LUM-PTA,PR-3010,2025-04-01,08:00,17:00,30,18,5602
SE-404658,LUM-PTA,PR-3011,2025-04-01,08:00,17:00,20,27,4519
SE-404659,LUM-PTA,PR-3012,01/04/2025,08:00,17:00,20,27,4073
SE-404660,LUM-PTA,PR-3013,01/04/2025,08:00,17:00,30,18,5678
SE-404661,LUM-UMH,PR-3014,2025-04-01,08:00,17:00,20,27,3616
SE-404662,LUM-UMH,PR-3015,2025-04-01,08:00,17:00,30,18,4817
SE-404663,LUM-UMH,PR-3016,01/04/2025,08:00,17:00,30,18,3166
SE-404664,LUM-UMH,PR-3017,2025-04-01,08:00,17:00,25,21,7465
SE-404665,LUM-UMH,PR-3018,2025-04-01,08:00,17:00,20,27,3765
SE-404666,LUM-CLR,PR-3019,01/04/2025,08:00,17:00,20,27,4416
SE-404667,LUM-CLR,PR-3020,01/04/2025,08:00,17:00,30,18,3302
SE-404668,LUM-CLR,PR-3022,01/04/2025,08:00,17:00,20,27,4199
SE-404669,LUM-CLR,PR-3023,2025-04-01,08:00,17:00,20,27,3940
SE-404670,LUM-GQE,PR-3025,2025-04-01,08:00,17:00,20,27,3480
SE-404671,LUM-GQE,PR-3026,01/04/2025,08:00,17:00,20,27,4421
SE-404672,LUM-GQE,PR-3027,2025-04-01,08:00,17:00,30,18,5152
SE-404673,LUM-GQE,PR-3028,2025-04-01,08:00,17:00,20,27,4210
SE-404674,LUM-BFN,PR-3029,01/04/2025,08:00,17:00,30,18,4817
SE-404675,LUM-BFN,PR-3030,01/04/2025,08:00,17:00,30,18,2885
SE-404676,LUM-BFN,PR-3031,2025-04-01,08:00,17:00,30,18,3256
SE-404677,LUM-SAN,PR-3001,2025-04-02,08:00,17:00,20,27,4207
SE-404678,LUM-SAN,PR-3002,02/04/2025,08:00,17:00,30,18,5987
SE-404679,LUM-SAN,PR-3003,2025-04-02,08:00,17:00,20,27,3679
SE-404680,LUM-SAN,PR-3004,2025-04-02,08:00,17:00,20,27,4117
SE-404681,LUM-SAN,PR-3005,02/04/2025,08:00,17:00,20,27,4234
SE-404682,LUM-SAN,PR-3006,2025-04-02,08:00,17:00,30,18,3134
SE-404683,LUM-SAN,PR-3007,2025-04-02,08:00,17:00,45,12,6711
SE-404684,LUM-PTA,PR-3008,02/04/2025,08:00,17:00,20,27,3803
SE-404685,LUM-PTA,PR-3009,2025-04-02,08:00,17:00,25,21,8221
SE-404686,LUM-PTA,PR-3010,02/04/2025,08:00,17:00,30,18,5602
SE-404687,LUM-PTA,PR-3011,2025-04-02,08:00,17:00,20,27,4519
SE-404688,LUM-PTA,PR-3012,2025-04-02,08:00,17:00,20,27,4073
SE-404689,LUM-PTA,PR-3013,2025-04-02,08:00,17:00,30,18,5678
SE-404690,LUM-UMH,PR-3014,2025-04-02,08:00,17:00,20,27,3616
SE-404691,LUM-UMH,PR-3016,02/04/2025,08:00,17:00,30,18,3166
SE-404692,LUM-UMH,PR-3017,2025-04-02,08:00,17:00,25,21,7465
SE-404693,LUM-UMH,PR-3018,2025-04-02,08:00,17:00,20,27,3765
SE-404694,LUM-CLR,PR-3019,02/04/2025,08:00,17:00,20,27,4416
SE-404695,LUM-CLR,PR-3020,02/04/2025,08:00,17:00,30,18,3302
SE-404696,LUM-CLR,PR-3021,02/04/2025,08:00,17:00,20,27,4210
SE-404697,LUM-CLR,PR-3022,02/04/2025,08:00,17:00,20,27,4199
SE-404698,LUM-CLR,PR-3023,2025-04-02,08:00,17:00,20,27,3940
SE-404699,LUM-CLR,PR-3024,02/04/2025,08:00,17:00,20,27,4215
SE-404700,LUM-GQE,PR-3025,2025-04-02,08:00,17:00,20,27,3480
SE-404701,LUM-GQE,PR-3026,2025-04-02,08:00,17:00,20,27,4421
SE-404702,LUM-GQE,PR-3027,2025-04-02,08:00,17:00,30,18,5152
SE-404703,LUM-GQE,PR-3028,2025-04-02,08:00,17:00,20,27,4210
SE-404704,LUM-BFN,PR-3029,02/04/2025,08:00,17:00,30,18,4817
SE-404705,LUM-BFN,PR-3030,02/04/2025,08:00,17:00,30,18,2885
SE-404706,LUM-BFN,PR-3031,2025-04-02,08:00,17:00,30,18,3256
SE-404707,LUM-BFN,PR-3032,2025-04-02,08:00,17:00,30,18,2779
SE-404708,LUM-SAN,PR-3001,2025-04-03,08:00,17:00,20,27,4207
SE-404709,LUM-SAN,PR-3002,2025-04-03,08:00,17:00,30,18,5987
SE-404710,LUM-SAN,PR-3006,2025-04-03,08:00,17:00,30,18,3134
SE-404711,LUM-SAN,PR-3007,03/04/2025,08:00,17:00,45,12,6711
SE-404712,LUM-PTA,PR-3008,2025-04-03,08:00,17:00,20,27,3803
SE-404713,LUM-PTA,PR-3009,2025-04-03,08:00,17:00,25,21,8221
SE-404714,LUM-PTA,PR-3011,03/04/2025,08:00,17:00,20,27,4519
SE-404715,LUM-PTA,PR-3012,2025-04-03,08:00,17:00,20,27,4073
SE-404716,LUM-PTA,PR-3013,2025-04-03,08:00,17:00,30,18,5678
SE-404717,LUM-UMH,PR-3014,2025-04-03,08:00,17:00,20,27,3616
SE-404718,LUM-UMH,PR-3015,2025-04-03,08:00,17:00,30,18,4817
SE-404719,LUM-UMH,PR-3016,03/04/2025,08:00,17:00,30,18,3166
SE-404720,LUM-UMH,PR-3017,2025-04-03,08:00,17:00,25,21,7465
SE-404721,LUM-UMH,PR-3018,2025-04-03,08:00,17:00,20,27,3765
SE-404722,LUM-CLR,PR-3019,03/04/2025,08:00,17:00,20,27,4416
SE-404723,LUM-CLR,PR-3020,2025-04-03,08:00,17:00,30,18,3302
SE-404724,LUM-CLR,PR-3021,03/04/2025,08:00,17:00,20,27,4210
SE-404725,LUM-CLR,PR-3022,2025-04-03,08:00,17:00,20,27,4199
SE-404726,LUM-CLR,PR-3023,03/04/2025,08:00,17:00,20,27,3940
SE-404727,LUM-CLR,PR-3024,03/04/2025,08:00,17:00,20,27,4215
SE-404728,LUM-GQE,PR-3025,03/04/2025,08:00,17:00,20,27,3480
SE-404729,LUM-GQE,PR-3026,2025-04-03,08:00,17:00,20,27,4421
SE-404730,LUM-GQE,PR-3027,2025-04-03,08:00,17:00,30,18,5152
SE-404731,LUM-GQE,PR-3028,2025-04-03,08:00,17:00,20,27,4210
SE-404732,LUM-BFN,PR-3029,03/04/2025,08:00,17:00,30,18,4817
SE-404733,LUM-BFN,PR-3030,03/04/2025,08:00,17:00,30,18,2885
SE-404734,LUM-BFN,PR-3031,03/04/2025,08:00,17:00,30,18,3256
SE-404735,LUM-BFN,PR-3032,2025-04-03,08:00,17:00,30,18,2779
SE-404736,LUM-SAN,PR-3001,04/04/2025,08:00,17:00,20,27,4207
SE-404737,LUM-SAN,PR-3002,04/04/2025,08:00,17:00,30,18,5987
SE-404738,LUM-SAN,PR-3003,2025-04-04,08:00,17:00,20,27,3679
SE-404739,LUM-SAN,PR-3004,2025-04-04,08:00,17:00,20,27,4117
SE-404740,LUM-SAN,PR-3005,2025-04-04,08:00,17:00,20,27,4234
SE-404741,LUM-SAN,PR-3006,2025-04-04,08:00,17:00,30,18,3134
SE-404742,LUM-SAN,PR-3007,2025-04-04,08:00,17:00,45,12,6711
SE-404743,LUM-PTA,PR-3008,2025-04-04,08:00,17:00,20,27,3803
SE-404744,LUM-PTA,PR-3009,2025-04-04,08:00,17:00,25,21,8221
SE-404745,LUM-PTA,PR-3010,2025-04-04,08:00,17:00,30,18,5602
SE-404746,LUM-PTA,PR-3011,2025-04-04,08:00,17:00,20,27,4519
SE-404747,LUM-PTA,PR-3012,2025-04-04,08:00,17:00,20,27,4073
SE-404748,LUM-PTA,PR-3013,04/04/2025,08:00,17:00,30,18,5678
SE-404749,LUM-UMH,PR-3014,2025-04-04,08:00,17:00,20,27,3616
SE-404750,LUM-UMH,PR-3015,2025-04-04,08:00,17:00,30,18,4817
SE-404751,LUM-UMH,PR-3017,2025-04-04,08:00,17:00,25,21,7465
SE-404752,LUM-UMH,PR-3018,2025-04-04,08:00,17:00,20,27,3765
SE-404753,LUM-CLR,PR-3020,2025-04-04,08:00,17:00,30,18,3302
SE-404754,LUM-CLR,PR-3022,2025-04-04,08:00,17:00,20,27,4199
SE-404755,LUM-CLR,PR-3023,2025-04-04,08:00,17:00,20,27,3940
SE-404756,LUM-GQE,PR-3025,2025-04-04,08:00,17:00,20,27,3480
SE-404757,LUM-GQE,PR-3026,04/04/2025,08:00,17:00,20,27,4421
SE-404758,LUM-GQE,PR-3027,04/04/2025,08:00,17:00,30,18,5152
SE-404759,LUM-GQE,PR-3028,2025-04-04,08:00,17:00,20,27,4210
SE-404760,LUM-BFN,PR-3029,2025-04-04,08:00,17:00,30,18,4817
SE-404761,LUM-BFN,PR-3030,2025-04-04,08:00,17:00,30,18,2885
SE-404762,LUM-BFN,PR-3031,2025-04-04,08:00,17:00,30,18,3256
SE-404763,LUM-BFN,PR-3032,2025-04-04,08:00,17:00,30,18,2779
SE-404764,LUM-SAN,PR-3002,2025-04-05,08:00,13:00,30,10,3326.11
SE-404765,LUM-PTA,PR-3009,05/04/2025,08:00,13:00,25,12,4567.22
SE-404766,LUM-PTA,PR-3012,05/04/2025,08:00,13:00,20,15,2262.78
SE-404767,LUM-UMH,PR-3017,2025-04-05,08:00,13:00,25,12,4147.22
SE-404768,LUM-CLR,PR-3019,2025-04-05,08:00,13:00,20,15,2453.33
SE-404769,LUM-CLR,PR-3023,05/04/2025,08:00,13:00,20,15,2188.89
SE-404770,LUM-CLR,PR-3024,2025-04-05,08:00,13:00,20,15,2341.67
SE-404771,LUM-GQE,PR-3026,2025-04-05,08:00,13:00,20,15,2456.11
SE-404772,LUM-GQE,PR-3027,2025-04-05,08:00,13:00,30,10,2862.22
SE-404773,LUM-GQE,PR-3028,2025-04-05,08:00,13:00,20,15,2338.89
SE-404774,LUM-BFN,PR-3029,05/04/2025,08:00,13:00,30,10,2676.11
SE-404775,LUM-SAN,PR-3001,2025-04-07,08:00,17:00,20,27,4207
SE-404776,LUM-SAN,PR-3002,2025-04-07,08:00,17:00,30,18,5987
SE-404777,LUM-SAN,PR-3003,2025-04-07,08:00,17:00,20,27,3679
SE-404778,LUM-SAN,PR-3004,07/04/2025,08:00,17:00,20,27,4117
SE-404779,LUM-SAN,PR-3005,07/04/2025,08:00,17:00,20,27,4234
SE-404780,LUM-SAN,PR-3006,2025-04-07,08:00,17:00,30,18,3134
SE-404781,LUM-SAN,PR-3007,2025-04-07,08:00,17:00,45,12,6711
SE-404782,LUM-PTA,PR-3008,07/04/2025,08:00,17:00,20,27,3803
SE-404783,LUM-PTA,PR-3009,2025-04-07,08:00,17:00,25,21,8221
SE-404784,LUM-PTA,PR-3010,2025-04-07,08:00,17:00,30,18,5602
SE-404785,LUM-PTA,PR-3011,2025-04-07,08:00,17:00,20,27,4519
SE-404786,LUM-PTA,PR-3012,2025-04-07,08:00,17:00,20,27,4073
SE-404787,LUM-PTA,PR-3013,2025-04-07,08:00,17:00,30,18,5678
SE-404788,LUM-UMH,PR-3016,07/04/2025,08:00,17:00,30,18,3166
SE-404789,LUM-UMH,PR-3017,2025-04-07,08:00,17:00,25,21,7465
SE-404790,LUM-UMH,PR-3018,07/04/2025,08:00,17:00,20,27,3765
SE-404791,LUM-CLR,PR-3019,2025-04-07,08:00,17:00,20,27,4416
SE-404792,LUM-CLR,PR-3020,2025-04-07,08:00,17:00,30,18,3302
SE-404793,LUM-CLR,PR-3021,07/04/2025,08:00,17:00,20,27,4210
SE-404794,LUM-CLR,PR-3023,2025-04-07,08:00,17:00,20,27,3940
SE-404795,LUM-CLR,PR-3024,2025-04-07,08:00,17:00,20,27,4215
SE-404796,LUM-GQE,PR-3025,2025-04-07,08:00,17:00,20,27,3480
SE-404797,LUM-GQE,PR-3026,2025-04-07,08:00,17:00,20,27,4421
SE-404798,LUM-GQE,PR-3027,2025-04-07,08:00,17:00,30,18,5152
SE-404799,LUM-GQE,PR-3028,07/04/2025,08:00,17:00,20,27,4210
SE-404800,LUM-BFN,PR-3029,2025-04-07,08:00,17:00,30,18,4817
SE-404801,LUM-BFN,PR-3030,2025-04-07,08:00,17:00,30,18,2885
SE-404802,LUM-BFN,PR-3032,2025-04-07,08:00,17:00,30,18,2779
SE-404803,LUM-SAN,PR-3001,2025-04-08,08:00,17:00,20,27,4207
SE-404804,LUM-SAN,PR-3002,2025-04-08,08:00,17:00,30,18,5987
SE-404805,LUM-SAN,PR-3003,2025-04-08,08:00,17:00,20,27,3679
SE-404806,LUM-SAN,PR-3004,08/04/2025,08:00,17:00,20,27,4117
SE-404807,LUM-SAN,PR-3005,2025-04-08,08:00,17:00,20,27,4234
SE-404808,LUM-SAN,PR-3006,2025-04-08,08:00,17:00,30,18,3134
SE-404809,LUM-SAN,PR-3007,2025-04-08,08:00,17:00,45,12,6711
SE-404810,LUM-PTA,PR-3008,2025-04-08,08:00,17:00,20,27,3803
SE-404811,LUM-PTA,PR-3009,2025-04-08,08:00,17:00,25,21,8221
SE-404812,LUM-PTA,PR-3010,08/04/2025,08:00,17:00,30,18,5602
SE-404813,LUM-PTA,PR-3011,2025-04-08,08:00,17:00,20,27,4519
SE-404814,LUM-PTA,PR-3012,2025-04-08,08:00,17:00,20,27,4073
SE-404815,LUM-PTA,PR-3013,2025-04-08,08:00,17:00,30,18,5678
SE-404816,LUM-UMH,PR-3014,08/04/2025,08:00,17:00,20,27,3616
SE-404817,LUM-UMH,PR-3015,2025-04-08,08:00,17:00,30,18,4817
SE-404818,LUM-UMH,PR-3016,08/04/2025,08:00,17:00,30,18,3166
SE-404819,LUM-UMH,PR-3017,08/04/2025,08:00,17:00,25,21,7465
SE-404820,LUM-UMH,PR-3018,08/04/2025,08:00,17:00,20,27,3765
SE-404821,LUM-CLR,PR-3019,08/04/2025,08:00,17:00,20,27,4416
SE-404822,LUM-CLR,PR-3020,08/04/2025,08:00,17:00,30,18,3302
SE-404823,LUM-CLR,PR-3021,2025-04-08,08:00,17:00,20,27,4210
SE-404824,LUM-CLR,PR-3022,08/04/2025,08:00,17:00,20,27,4199
SE-404825,LUM-CLR,PR-3023,08/04/2025,08:00,17:00,20,27,3940
SE-404826,LUM-CLR,PR-3024,2025-04-08,08:00,17:00,20,27,4215
SE-404827,LUM-GQE,PR-3027,2025-04-08,08:00,17:00,30,18,5152
SE-404828,LUM-GQE,PR-3028,08/04/2025,08:00,17:00,20,27,4210
SE-404829,LUM-BFN,PR-3029,08/04/2025,08:00,17:00,30,18,4817
SE-404830,LUM-BFN,PR-3030,2025-04-08,08:00,17:00,30,18,2885
SE-404831,LUM-BFN,PR-3031,08/04/2025,08:00,17:00,30,18,3256
SE-404832,LUM-SAN,PR-3001,2025-04-09,08:00,17:00,20,27,4207
SE-404833,LUM-SAN,PR-3002,09/04/2025,08:00,17:00,30,18,5987
SE-404834,LUM-SAN,PR-3003,09/04/2025,08:00,17:00,20,27,3679
SE-404835,LUM-SAN,PR-3004,2025-04-09,08:00,17:00,20,27,4117
SE-404836,LUM-SAN,PR-3005,2025-04-09,08:00,17:00,20,27,4234
SE-404837,LUM-SAN,PR-3006,2025-04-09,08:00,17:00,30,18,3134
SE-404838,LUM-SAN,PR-3007,2025-04-09,08:00,17:00,45,12,6711
SE-404839,LUM-PTA,PR-3008,09/04/2025,08:00,17:00,20,27,3803
SE-404840,LUM-PTA,PR-3009,2025-04-09,08:00,17:00,25,21,8221
SE-404841,LUM-PTA,PR-3010,2025-04-09,08:00,17:00,30,18,5602
SE-404842,LUM-PTA,PR-3011,2025-04-09,08:00,17:00,20,27,4519
SE-404843,LUM-PTA,PR-3012,2025-04-09,08:00,17:00,20,27,4073
SE-404844,LUM-PTA,PR-3013,2025-04-09,08:00,17:00,30,18,5678
SE-404845,LUM-UMH,PR-3014,2025-04-09,08:00,17:00,20,27,3616
SE-404846,LUM-UMH,PR-3015,2025-04-09,08:00,17:00,30,18,4817
SE-404847,LUM-UMH,PR-3016,2025-04-09,08:00,17:00,30,18,3166
SE-404848,LUM-UMH,PR-3017,2025-04-09,08:00,17:00,25,21,7465
SE-404849,LUM-UMH,PR-3018,09/04/2025,08:00,17:00,20,27,3765
SE-404850,LUM-CLR,PR-3019,2025-04-09,08:00,17:00,20,27,4416
SE-404851,LUM-CLR,PR-3020,09/04/2025,08:00,17:00,30,18,3302
SE-404852,LUM-CLR,PR-3021,2025-04-09,08:00,17:00,20,27,4210
SE-404853,LUM-CLR,PR-3022,09/04/2025,08:00,17:00,20,27,4199
SE-404854,LUM-CLR,PR-3023,2025-04-09,08:00,17:00,20,27,3940
SE-404855,LUM-GQE,PR-3026,09/04/2025,08:00,17:00,20,27,4421
SE-404856,LUM-GQE,PR-3027,2025-04-09,08:00,17:00,30,18,5152
SE-404857,LUM-GQE,PR-3028,2025-04-09,08:00,17:00,20,27,4210
SE-404858,LUM-BFN,PR-3030,2025-04-09,08:00,17:00,30,18,2885
SE-404859,LUM-BFN,PR-3031,2025-04-09,08:00,17:00,30,18,3256
SE-404860,LUM-BFN,PR-3032,2025-04-09,08:00,17:00,30,18,2779
SE-404861,LUM-SAN,PR-3001,2025-04-10,08:00,17:00,20,27,4207
SE-404862,LUM-SAN,PR-3002,2025-04-10,08:00,17:00,30,18,5987
SE-404863,LUM-SAN,PR-3003,2025-04-10,08:00,17:00,20,27,3679
SE-404864,LUM-SAN,PR-3004,2025-04-10,08:00,17:00,20,27,4117
SE-404865,LUM-SAN,PR-3005,2025-04-10,08:00,17:00,20,27,4234
SE-404866,LUM-SAN,PR-3006,2025-04-10,08:00,17:00,30,18,3134
SE-404867,LUM-SAN,PR-3007,2025-04-10,08:00,17:00,45,12,6711
SE-404868,LUM-PTA,PR-3008,2025-04-10,08:00,17:00,20,27,3803
SE-404869,LUM-PTA,PR-3009,2025-04-10,08:00,17:00,25,21,8221
SE-404870,LUM-PTA,PR-3010,2025-04-10,08:00,17:00,30,18,5602
SE-404871,LUM-PTA,PR-3011,10/04/2025,08:00,17:00,20,27,4519
SE-404872,LUM-PTA,PR-3012,2025-04-10,08:00,17:00,20,27,4073
SE-404873,LUM-PTA,PR-3013,2025-04-10,08:00,17:00,30,18,5678
SE-404874,LUM-UMH,PR-3014,10/04/2025,08:00,17:00,20,27,3616
SE-404875,LUM-UMH,PR-3015,2025-04-10,08:00,17:00,30,18,4817
SE-404876,LUM-UMH,PR-3016,2025-04-10,08:00,17:00,30,18,3166
SE-404877,LUM-UMH,PR-3017,2025-04-10,08:00,17:00,25,21,7465
SE-404878,LUM-UMH,PR-3018,2025-04-10,08:00,17:00,20,27,3765
SE-404879,LUM-CLR,PR-3019,2025-04-10,08:00,17:00,20,27,4416
SE-404880,LUM-CLR,PR-3020,2025-04-10,08:00,17:00,30,18,3302
SE-404881,LUM-CLR,PR-3021,2025-04-10,08:00,17:00,20,27,4210
SE-404882,LUM-CLR,PR-3022,2025-04-10,08:00,17:00,20,27,4199
SE-404883,LUM-CLR,PR-3023,10/04/2025,08:00,17:00,20,27,3940
SE-404884,LUM-CLR,PR-3024,2025-04-10,08:00,17:00,20,27,4215
SE-404885,LUM-GQE,PR-3025,2025-04-10,08:00,17:00,20,27,3480
SE-404886,LUM-GQE,PR-3026,10/04/2025,08:00,17:00,20,27,4421
SE-404887,LUM-GQE,PR-3027,10/04/2025,08:00,17:00,30,18,5152
SE-404888,LUM-GQE,PR-3028,10/04/2025,08:00,17:00,20,27,4210
SE-404889,LUM-BFN,PR-3029,10/04/2025,08:00,17:00,30,18,4817
SE-404890,LUM-BFN,PR-3030,2025-04-10,08:00,17:00,30,18,2885
SE-404891,LUM-BFN,PR-3031,2025-04-10,08:00,17:00,30,18,3256
SE-404892,LUM-BFN,PR-3032,2025-04-10,08:00,17:00,30,18,2779
SE-404893,LUM-SAN,PR-3001,2025-04-11,08:00,17:00,20,27,4207
SE-404894,LUM-SAN,PR-3002,2025-04-11,08:00,17:00,30,18,5987
SE-404895,LUM-SAN,PR-3003,2025-04-11,08:00,17:00,20,27,3679
SE-404896,LUM-SAN,PR-3004,2025-04-11,08:00,17:00,20,27,4117
SE-404897,LUM-SAN,PR-3005,2025-04-11,08:00,17:00,20,27,4234
SE-404898,LUM-SAN,PR-3006,2025-04-11,08:00,17:00,30,18,3134
SE-404899,LUM-SAN,PR-3007,2025-04-11,08:00,17:00,45,12,6711
SE-404900,LUM-PTA,PR-3008,2025-04-11,08:00,17:00,20,27,3803
SE-404901,LUM-PTA,PR-3009,11/04/2025,08:00,17:00,25,21,8221
SE-404902,LUM-PTA,PR-3010,11/04/2025,08:00,17:00,30,18,5602
SE-404903,LUM-PTA,PR-3011,2025-04-11,08:00,17:00,20,27,4519
SE-404904,LUM-PTA,PR-3012,2025-04-11,08:00,17:00,20,27,4073
SE-404905,LUM-PTA,PR-3013,2025-04-11,08:00,17:00,30,18,5678
SE-404906,LUM-UMH,PR-3014,2025-04-11,08:00,17:00,20,27,3616
SE-404907,LUM-UMH,PR-3015,2025-04-11,08:00,17:00,30,18,4817
SE-404908,LUM-UMH,PR-3016,11/04/2025,08:00,17:00,30,18,3166
SE-404909,LUM-UMH,PR-3017,11/04/2025,08:00,17:00,25,21,7465
SE-404910,LUM-UMH,PR-3018,2025-04-11,08:00,17:00,20,27,3765
SE-404911,LUM-CLR,PR-3019,11/04/2025,08:00,17:00,20,27,4416
SE-404912,LUM-CLR,PR-3020,11/04/2025,08:00,17:00,30,18,3302
SE-404913,LUM-CLR,PR-3021,2025-04-11,08:00,17:00,20,27,4210
SE-404914,LUM-CLR,PR-3022,11/04/2025,08:00,17:00,20,27,4199
SE-404915,LUM-CLR,PR-3023,2025-04-11,08:00,17:00,20,27,3940
SE-404916,LUM-CLR,PR-3024,2025-04-11,08:00,17:00,20,27,4215
SE-404917,LUM-GQE,PR-3025,2025-04-11,08:00,17:00,20,27,3480
SE-404918,LUM-GQE,PR-3026,2025-04-11,08:00,17:00,20,27,4421
SE-404919,LUM-GQE,PR-3027,2025-04-11,08:00,17:00,30,18,5152
SE-404920,LUM-GQE,PR-3028,2025-04-11,08:00,17:00,20,27,4210
SE-404921,LUM-BFN,PR-3029,2025-04-11,08:00,17:00,30,18,4817
SE-404922,LUM-BFN,PR-3030,2025-04-11,08:00,17:00,30,18,2885
SE-404923,LUM-BFN,PR-3031,2025-04-11,08:00,17:00,30,18,3256
SE-404924,LUM-PTA,PR-3009,2025-04-12,08:00,13:00,25,12,4567.22
SE-404925,LUM-PTA,PR-3012,2025-04-12,08:00,13:00,20,15,2262.78
SE-404926,LUM-UMH,PR-3015,12/04/2025,08:00,13:00,30,10,2676.11
SE-404927,LUM-UMH,PR-3016,2025-04-12,08:00,13:00,30,10,1758.89
SE-404928,LUM-CLR,PR-3019,2025-04-12,08:00,13:00,20,15,2453.33
SE-404929,LUM-CLR,PR-3020,2025-04-12,08:00,13:00,30,10,1834.44
SE-404930,LUM-SAN,PR-3001,14/04/2025,08:00,17:00,20,27,4207
SE-404931,LUM-SAN,PR-3002,2025-04-14,08:00,17:00,30,18,5987
SE-404932,LUM-SAN,PR-3003,2025-04-14,08:00,17:00,20,27,3679
SE-404933,LUM-SAN,PR-3004,2025-04-14,08:00,17:00,20,27,4117
SE-404934,LUM-SAN,PR-3005,2025-04-14,08:00,17:00,20,27,4234
SE-404935,LUM-SAN,PR-3006,2025-04-14,08:00,17:00,30,18,3134
SE-404936,LUM-SAN,PR-3007,14/04/2025,08:00,17:00,45,12,6711
SE-404937,LUM-PTA,PR-3008,2025-04-14,08:00,17:00,20,27,3803
SE-404938,LUM-PTA,PR-3009,14/04/2025,08:00,17:00,25,21,8221
SE-404939,LUM-PTA,PR-3011,2025-04-14,08:00,17:00,20,27,4519
SE-404940,LUM-PTA,PR-3012,2025-04-14,08:00,17:00,20,27,4073
SE-404941,LUM-PTA,PR-3013,14/04/2025,08:00,17:00,30,18,5678
SE-404942,LUM-UMH,PR-3014,14/04/2025,08:00,17:00,20,27,3616
SE-404943,LUM-UMH,PR-3015,2025-04-14,08:00,17:00,30,18,4817
SE-404944,LUM-UMH,PR-3016,14/04/2025,08:00,17:00,30,18,3166
SE-404945,LUM-UMH,PR-3017,14/04/2025,08:00,17:00,25,21,7465
SE-404946,LUM-UMH,PR-3018,14/04/2025,08:00,17:00,20,27,3765
SE-404947,LUM-CLR,PR-3019,14/04/2025,08:00,17:00,20,27,4416
SE-404948,LUM-CLR,PR-3021,14/04/2025,08:00,17:00,20,27,4210
SE-404949,LUM-CLR,PR-3022,2025-04-14,08:00,17:00,20,27,4199
SE-404950,LUM-CLR,PR-3023,14/04/2025,08:00,17:00,20,27,3940
SE-404951,LUM-CLR,PR-3024,14/04/2025,08:00,17:00,20,27,4215
SE-404952,LUM-GQE,PR-3025,2025-04-14,08:00,17:00,20,27,3480
SE-404953,LUM-GQE,PR-3026,2025-04-14,08:00,17:00,20,27,4421
SE-404954,LUM-GQE,PR-3027,14/04/2025,08:00,17:00,30,18,5152
SE-404955,LUM-GQE,PR-3028,2025-04-14,08:00,17:00,20,27,4210
SE-404956,LUM-BFN,PR-3029,2025-04-14,08:00,17:00,30,18,4817
SE-404957,LUM-BFN,PR-3030,2025-04-14,08:00,17:00,30,18,2885
SE-404958,LUM-BFN,PR-3031,2025-04-14,08:00,17:00,30,18,3256
SE-404959,LUM-BFN,PR-3032,2025-04-14,08:00,17:00,30,18,2779
SE-404960,LUM-SAN,PR-3001,2025-04-15,08:00,17:00,20,27,4207
SE-404961,LUM-SAN,PR-3002,2025-04-15,08:00,17:00,30,18,5987
SE-404962,LUM-SAN,PR-3003,2025-04-15,08:00,17:00,20,27,3679
SE-404963,LUM-SAN,PR-3004,2025-04-15,08:00,17:00,20,27,4117
SE-404964,LUM-SAN,PR-3005,2025-04-15,08:00,17:00,20,27,4234
SE-404965,LUM-SAN,PR-3006,2025-04-15,08:00,17:00,30,18,3134
SE-404966,LUM-SAN,PR-3007,2025-04-15,08:00,17:00,45,12,6711
SE-404967,LUM-PTA,PR-3008,2025-04-15,08:00,17:00,20,27,3803
SE-404968,LUM-PTA,PR-3009,2025-04-15,08:00,17:00,25,21,8221
SE-404969,LUM-PTA,PR-3011,2025-04-15,08:00,17:00,20,27,4519
SE-404970,LUM-PTA,PR-3012,15/04/2025,08:00,17:00,20,27,4073
SE-404971,LUM-PTA,PR-3013,15/04/2025,08:00,17:00,30,18,5678
SE-404972,LUM-UMH,PR-3014,2025-04-15,08:00,17:00,20,27,3616
SE-404973,LUM-UMH,PR-3015,15/04/2025,08:00,17:00,30,18,4817
SE-404974,LUM-UMH,PR-3016,15/04/2025,08:00,17:00,30,18,3166
SE-404975,LUM-UMH,PR-3018,2025-04-15,08:00,17:00,20,27,3765
SE-404976,LUM-CLR,PR-3019,2025-04-15,08:00,17:00,20,27,4416
SE-404977,LUM-CLR,PR-3020,2025-04-15,08:00,17:00,30,18,3302
SE-404978,LUM-CLR,PR-3021,2025-04-15,08:00,17:00,20,27,4210
SE-404979,LUM-CLR,PR-3023,2025-04-15,08:00,17:00,20,27,3940
SE-404980,LUM-GQE,PR-3026,2025-04-15,08:00,17:00,20,27,4421
SE-404981,LUM-GQE,PR-3027,2025-04-15,08:00,17:00,30,18,5152
SE-404982,LUM-GQE,PR-3028,2025-04-15,08:00,17:00,20,27,4210
SE-404983,LUM-BFN,PR-3029,2025-04-15,08:00,17:00,30,18,4817
SE-404984,LUM-BFN,PR-3030,2025-04-15,08:00,17:00,30,18,2885
SE-404985,LUM-BFN,PR-3031,2025-04-15,08:00,17:00,30,18,3256
SE-404986,LUM-SAN,PR-3002,2025-04-16,08:00,17:00,30,18,5987
SE-404987,LUM-SAN,PR-3003,2025-04-16,08:00,17:00,20,27,3679
SE-404988,LUM-SAN,PR-3004,2025-04-16,08:00,17:00,20,27,4117
SE-404989,LUM-SAN,PR-3005,2025-04-16,08:00,17:00,20,27,4234
SE-404990,LUM-SAN,PR-3006,2025-04-16,08:00,17:00,30,18,3134
SE-404991,LUM-SAN,PR-3007,2025-04-16,08:00,17:00,45,12,6711
SE-404992,LUM-PTA,PR-3008,2025-04-16,08:00,17:00,20,27,3803
SE-404993,LUM-PTA,PR-3009,2025-04-16,08:00,17:00,25,21,8221
SE-404994,LUM-PTA,PR-3011,2025-04-16,08:00,17:00,20,27,4519
SE-404995,LUM-PTA,PR-3012,2025-04-16,08:00,17:00,20,27,4073
SE-404996,LUM-PTA,PR-3013,2025-04-16,08:00,17:00,30,18,5678
SE-404997,LUM-UMH,PR-3014,16/04/2025,08:00,17:00,20,27,3616
SE-404998,LUM-UMH,PR-3015,2025-04-16,08:00,17:00,30,18,4817
SE-404999,LUM-UMH,PR-3016,2025-04-16,08:00,17:00,30,18,3166
SE-405000,LUM-UMH,PR-3017,2025-04-16,08:00,17:00,25,21,7465
SE-405001,LUM-UMH,PR-3018,2025-04-16,08:00,17:00,20,27,3765
SE-405002,LUM-CLR,PR-3019,2025-04-16,08:00,17:00,20,27,4416
SE-405003,LUM-CLR,PR-3020,2025-04-16,08:00,17:00,30,18,3302
SE-405004,LUM-CLR,PR-3021,16/04/2025,08:00,17:00,20,27,4210
SE-405005,LUM-CLR,PR-3022,2025-04-16,08:00,17:00,20,27,4199
SE-405006,LUM-CLR,PR-3023,2025-04-16,08:00,17:00,20,27,3940
SE-405007,LUM-CLR,PR-3024,2025-04-16,08:00,17:00,20,27,4215
SE-405008,LUM-GQE,PR-3025,2025-04-16,08:00,17:00,20,27,3480
SE-405009,LUM-GQE,PR-3026,2025-04-16,08:00,17:00,20,27,4421
SE-405010,LUM-GQE,PR-3027,2025-04-16,08:00,17:00,30,18,5152
SE-405011,LUM-GQE,PR-3028,2025-04-16,08:00,17:00,20,27,4210
SE-405012,LUM-BFN,PR-3029,16/04/2025,08:00,17:00,30,18,4817
SE-405013,LUM-BFN,PR-3030,2025-04-16,08:00,17:00,30,18,2885
SE-405014,LUM-BFN,PR-3031,2025-04-16,08:00,17:00,30,18,3256
SE-405015,LUM-BFN,PR-3032,2025-04-16,08:00,17:00,30,18,2779
SE-405016,LUM-SAN,PR-3001,17/04/2025,08:00,17:00,20,27,4207
SE-405017,LUM-SAN,PR-3002,2025-04-17,08:00,17:00,30,18,5987
SE-405018,LUM-SAN,PR-3003,2025-04-17,08:00,17:00,20,27,3679
SE-405019,LUM-SAN,PR-3005,2025-04-17,08:00,17:00,20,27,4234
SE-405020,LUM-SAN,PR-3006,2025-04-17,08:00,17:00,30,18,3134
SE-405021,LUM-SAN,PR-3007,2025-04-17,08:00,17:00,45,12,6711
SE-405022,LUM-PTA,PR-3008,17/04/2025,08:00,17:00,20,27,3803
SE-405023,LUM-PTA,PR-3009,2025-04-17,08:00,17:00,25,21,8221
SE-405024,LUM-PTA,PR-3010,2025-04-17,08:00,17:00,30,18,5602
SE-405025,LUM-PTA,PR-3011,2025-04-17,08:00,17:00,20,27,4519
SE-405026,LUM-PTA,PR-3012,17/04/2025,08:00,17:00,20,27,4073
SE-405027,LUM-PTA,PR-3013,2025-04-17,08:00,17:00,30,18,5678
SE-405028,LUM-UMH,PR-3014,17/04/2025,08:00,17:00,20,27,3616
SE-405029,LUM-UMH,PR-3015,2025-04-17,08:00,17:00,30,18,4817
SE-405030,LUM-UMH,PR-3016,17/04/2025,08:00,17:00,30,18,3166
SE-405031,LUM-UMH,PR-3017,2025-04-17,08:00,17:00,25,21,7465
SE-405032,LUM-CLR,PR-3019,2025-04-17,08:00,17:00,20,27,4416
SE-405033,LUM-CLR,PR-3020,17/04/2025,08:00,17:00,30,18,3302
SE-405034,LUM-CLR,PR-3021,2025-04-17,08:00,17:00,20,27,4210
SE-405035,LUM-CLR,PR-3022,2025-04-17,08:00,17:00,20,27,4199
SE-405036,LUM-CLR,PR-3023,2025-04-17,08:00,17:00,20,27,3940
SE-405037,LUM-CLR,PR-3024,2025-04-17,08:00,17:00,20,27,4215
SE-405038,LUM-GQE,PR-3025,2025-04-17,08:00,17:00,20,27,3480
SE-405039,LUM-GQE,PR-3026,17/04/2025,08:00,17:00,20,27,4421
SE-405040,LUM-GQE,PR-3027,2025-04-17,08:00,17:00,30,18,5152
SE-405041,LUM-GQE,PR-3028,17/04/2025,08:00,17:00,20,27,4210
SE-405042,LUM-BFN,PR-3029,2025-04-17,08:00,17:00,30,18,4817
SE-405043,LUM-BFN,PR-3030,2025-04-17,08:00,17:00,30,18,2885
SE-405044,LUM-BFN,PR-3031,2025-04-17,08:00,17:00,30,18,3256
SE-405045,LUM-BFN,PR-3032,2025-04-17,08:00,17:00,30,18,2779
SE-405046,LUM-SAN,PR-3001,2025-04-18,08:00,17:00,20,27,4207
SE-405047,LUM-SAN,PR-3002,2025-04-18,08:00,17:00,30,18,5987
SE-405048,LUM-SAN,PR-3003,2025-04-18,08:00,17:00,20,27,3679
SE-405049,LUM-SAN,PR-3004,2025-04-18,08:00,17:00,20,27,4117
SE-405050,LUM-SAN,PR-3005,18/04/2025,08:00,17:00,20,27,4234
SE-405051,LUM-SAN,PR-3006,2025-04-18,08:00,17:00,30,18,3134
SE-405052,LUM-SAN,PR-3007,18/04/2025,08:00,17:00,45,12,6711
SE-405053,LUM-PTA,PR-3008,18/04/2025,08:00,17:00,20,27,3803
SE-405054,LUM-PTA,PR-3009,2025-04-18,08:00,17:00,25,21,8221
SE-405055,LUM-PTA,PR-3010,18/04/2025,08:00,17:00,30,18,5602
SE-405056,LUM-PTA,PR-3011,2025-04-18,08:00,17:00,20,27,4519
SE-405057,LUM-PTA,PR-3012,2025-04-18,08:00,17:00,20,27,4073
SE-405058,LUM-UMH,PR-3014,2025-04-18,08:00,17:00,20,27,3616
SE-405059,LUM-UMH,PR-3015,2025-04-18,08:00,17:00,30,18,4817
SE-405060,LUM-UMH,PR-3016,18/04/2025,08:00,17:00,30,18,3166
SE-405061,LUM-UMH,PR-3017,2025-04-18,08:00,17:00,25,21,7465
SE-405062,LUM-UMH,PR-3018,2025-04-18,08:00,17:00,20,27,3765
SE-405063,LUM-CLR,PR-3019,2025-04-18,08:00,17:00,20,27,4416
SE-405064,LUM-CLR,PR-3020,18/04/2025,08:00,17:00,30,18,3302
SE-405065,LUM-CLR,PR-3022,18/04/2025,08:00,17:00,20,27,4199
SE-405066,LUM-CLR,PR-3023,2025-04-18,08:00,17:00,20,27,3940
SE-405067,LUM-GQE,PR-3025,2025-04-18,08:00,17:00,20,27,3480
SE-405068,LUM-GQE,PR-3027,18/04/2025,08:00,17:00,30,18,5152
SE-405069,LUM-GQE,PR-3028,18/04/2025,08:00,17:00,20,27,4210
SE-405070,LUM-BFN,PR-3029,18/04/2025,08:00,17:00,30,18,4817
SE-405071,LUM-BFN,PR-3031,2025-04-18,08:00,17:00,30,18,3256
SE-405072,LUM-BFN,PR-3032,18/04/2025,08:00,17:00,30,18,2779
SE-405073,LUM-SAN,PR-3003,19/04/2025,08:00,13:00,20,15,2043.89
SE-405074,LUM-SAN,PR-3005,2025-04-19,08:00,13:00,20,15,2352.22
SE-405075,LUM-SAN,PR-3006,2025-04-19,08:00,13:00,30,10,1741.11
SE-405076,LUM-SAN,PR-3007,2025-04-19,08:00,13:00,45,6,3728.33
SE-405077,LUM-PTA,PR-3010,2025-04-19,08:00,13:00,30,10,3112.22
SE-405078,LUM-PTA,PR-3011,2025-04-19,08:00,13:00,20,15,2510.56
SE-405079,LUM-PTA,PR-3012,2025-04-19,08:00,13:00,20,15,2262.78
SE-405080,LUM-UMH,PR-3018,19/04/2025,08:00,13:00,20,15,2091.67
SE-405081,LUM-CLR,PR-3022,2025-04-19,08:00,13:00,20,15,2332.78
SE-405082,LUM-CLR,PR-3023,2025-04-19,08:00,13:00,20,15,2188.89
SE-405083,LUM-GQE,PR-3025,2025-04-19,08:00,13:00,20,15,1933.33
SE-405084,LUM-GQE,PR-3028,19/04/2025,08:00,13:00,20,15,2338.89
SE-405085,LUM-BFN,PR-3031,2025-04-19,08:00,13:00,30,10,1808.89
SE-405086,LUM-SAN,PR-3001,2025-04-21,08:00,17:00,20,27,4207
SE-405087,LUM-SAN,PR-3002,2025-04-21,08:00,17:00,30,18,5987
SE-405088,LUM-SAN,PR-3003,2025-04-21,08:00,17:00,20,27,3679
SE-405089,LUM-SAN,PR-3005,2025-04-21,08:00,17:00,20,27,4234
SE-405090,LUM-SAN,PR-3006,21/04/2025,08:00,17:00,30,18,3134
SE-405091,LUM-SAN,PR-3007,21/04/2025,08:00,17:00,45,12,6711
SE-405092,LUM-PTA,PR-3008,2025-04-21,08:00,17:00,20,27,3803
SE-405093,LUM-PTA,PR-3009,2025-04-21,08:00,17:00,25,21,8221
SE-405094,LUM-PTA,PR-3010,2025-04-21,08:00,17:00,30,18,5602
SE-405095,LUM-PTA,PR-3011,2025-04-21,08:00,17:00,20,27,4519
SE-405096,LUM-PTA,PR-3012,2025-04-21,08:00,17:00,20,27,4073
SE-405097,LUM-PTA,PR-3013,2025-04-21,08:00,17:00,30,18,5678
SE-405098,LUM-UMH,PR-3014,2025-04-21,08:00,17:00,20,27,3616
SE-405099,LUM-UMH,PR-3015,2025-04-21,08:00,17:00,30,18,4817
SE-405100,LUM-UMH,PR-3016,21/04/2025,08:00,17:00,30,18,3166
SE-405101,LUM-UMH,PR-3017,2025-04-21,08:00,17:00,25,21,7465
SE-405102,LUM-UMH,PR-3018,2025-04-21,08:00,17:00,20,27,3765
SE-405103,LUM-CLR,PR-3019,2025-04-21,08:00,17:00,20,27,4416
SE-405104,LUM-CLR,PR-3020,2025-04-21,08:00,17:00,30,18,3302
SE-405105,LUM-CLR,PR-3021,2025-04-21,08:00,17:00,20,27,4210
SE-405106,LUM-CLR,PR-3022,2025-04-21,08:00,17:00,20,27,4199
SE-405107,LUM-CLR,PR-3023,2025-04-21,08:00,17:00,20,27,3940
SE-405108,LUM-CLR,PR-3024,2025-04-21,08:00,17:00,20,27,4215
SE-405109,LUM-GQE,PR-3025,21/04/2025,08:00,17:00,20,27,3480
SE-405110,LUM-GQE,PR-3027,2025-04-21,08:00,17:00,30,18,5152
SE-405111,LUM-BFN,PR-3029,21/04/2025,08:00,17:00,30,18,4817
SE-405112,LUM-BFN,PR-3030,2025-04-21,08:00,17:00,30,18,2885
SE-405113,LUM-BFN,PR-3031,2025-04-21,08:00,17:00,30,18,3256
SE-405114,LUM-BFN,PR-3032,2025-04-21,08:00,17:00,30,18,2779
SE-405115,LUM-SAN,PR-3001,2025-04-22,08:00,17:00,20,27,4207
SE-405116,LUM-SAN,PR-3002,22/04/2025,08:00,17:00,30,18,5987
SE-405117,LUM-SAN,PR-3003,2025-04-22,08:00,17:00,20,27,3679
SE-405118,LUM-SAN,PR-3004,2025-04-22,08:00,17:00,20,27,4117
SE-405119,LUM-SAN,PR-3005,2025-04-22,08:00,17:00,20,27,4234
SE-405120,LUM-SAN,PR-3006,22/04/2025,08:00,17:00,30,18,3134
SE-405121,LUM-SAN,PR-3007,2025-04-22,08:00,17:00,45,12,6711
SE-405122,LUM-PTA,PR-3008,2025-04-22,08:00,17:00,20,27,3803
SE-405123,LUM-PTA,PR-3009,22/04/2025,08:00,17:00,25,21,8221
SE-405124,LUM-PTA,PR-3010,2025-04-22,08:00,17:00,30,18,5602
SE-405125,LUM-PTA,PR-3011,22/04/2025,08:00,17:00,20,27,4519
SE-405126,LUM-PTA,PR-3012,2025-04-22,08:00,17:00,20,27,4073
SE-405127,LUM-PTA,PR-3013,22/04/2025,08:00,17:00,30,18,5678
SE-405128,LUM-UMH,PR-3014,2025-04-22,08:00,17:00,20,27,3616
SE-405129,LUM-UMH,PR-3015,22/04/2025,08:00,17:00,30,18,4817
SE-405130,LUM-UMH,PR-3016,22/04/2025,08:00,17:00,30,18,3166
SE-405131,LUM-UMH,PR-3017,2025-04-22,08:00,17:00,25,21,7465
SE-405132,LUM-UMH,PR-3018,2025-04-22,08:00,17:00,20,27,3765
SE-405133,LUM-CLR,PR-3019,2025-04-22,08:00,17:00,20,27,4416
SE-405134,LUM-CLR,PR-3020,2025-04-22,08:00,17:00,30,18,3302
SE-405135,LUM-CLR,PR-3021,22/04/2025,08:00,17:00,20,27,4210
SE-405136,LUM-CLR,PR-3023,2025-04-22,08:00,17:00,20,27,3940
SE-405137,LUM-CLR,PR-3024,2025-04-22,08:00,17:00,20,27,4215
SE-405138,LUM-GQE,PR-3025,2025-04-22,08:00,17:00,20,27,3480
SE-405139,LUM-GQE,PR-3027,22/04/2025,08:00,17:00,30,18,5152
SE-405140,LUM-GQE,PR-3028,2025-04-22,08:00,17:00,20,27,4210
SE-405141,LUM-BFN,PR-3029,2025-04-22,08:00,17:00,30,18,4817
SE-405142,LUM-BFN,PR-3030,2025-04-22,08:00,17:00,30,18,2885
SE-405143,LUM-BFN,PR-3032,22/04/2025,08:00,17:00,30,18,2779
SE-405144,LUM-SAN,PR-3001,23/04/2025,08:00,17:00,20,27,4207
SE-405145,LUM-SAN,PR-3002,2025-04-23,08:00,17:00,30,18,5987
SE-405146,LUM-SAN,PR-3003,2025-04-23,08:00,17:00,20,27,3679
SE-405147,LUM-SAN,PR-3004,23/04/2025,08:00,17:00,20,27,4117
SE-405148,LUM-SAN,PR-3005,2025-04-23,08:00,17:00,20,27,4234
SE-405149,LUM-SAN,PR-3006,2025-04-23,08:00,17:00,30,18,3134
SE-405150,LUM-SAN,PR-3007,23/04/2025,08:00,17:00,45,12,6711
SE-405151,LUM-PTA,PR-3008,2025-04-23,08:00,17:00,20,27,3803
SE-405152,LUM-PTA,PR-3009,2025-04-23,08:00,17:00,25,21,8221
SE-405153,LUM-PTA,PR-3010,2025-04-23,08:00,17:00,30,18,5602
SE-405154,LUM-PTA,PR-3011,23/04/2025,08:00,17:00,20,27,4519
SE-405155,LUM-PTA,PR-3012,2025-04-23,08:00,17:00,20,27,4073
SE-405156,LUM-PTA,PR-3013,23/04/2025,08:00,17:00,30,18,5678
SE-405157,LUM-UMH,PR-3014,2025-04-23,08:00,17:00,20,27,3616
SE-405158,LUM-UMH,PR-3015,2025-04-23,08:00,17:00,30,18,4817
SE-405159,LUM-UMH,PR-3016,2025-04-23,08:00,17:00,30,18,3166
SE-405160,LUM-UMH,PR-3017,23/04/2025,08:00,17:00,25,21,7465
SE-405161,LUM-UMH,PR-3018,23/04/2025,08:00,17:00,20,27,3765
SE-405162,LUM-CLR,PR-3019,2025-04-23,08:00,17:00,20,27,4416
SE-405163,LUM-CLR,PR-3020,2025-04-23,08:00,17:00,30,18,3302
SE-405164,LUM-CLR,PR-3022,2025-04-23,08:00,17:00,20,27,4199
SE-405165,LUM-CLR,PR-3023,23/04/2025,08:00,17:00,20,27,3940
SE-405166,LUM-CLR,PR-3024,23/04/2025,08:00,17:00,20,27,4215
SE-405167,LUM-GQE,PR-3025,2025-04-23,08:00,17:00,20,27,3480
SE-405168,LUM-GQE,PR-3026,2025-04-23,08:00,17:00,20,27,4421
SE-405169,LUM-GQE,PR-3027,2025-04-23,08:00,17:00,30,18,5152
SE-405170,LUM-GQE,PR-3028,23/04/2025,08:00,17:00,20,27,4210
SE-405171,LUM-BFN,PR-3029,23/04/2025,08:00,17:00,30,18,4817
SE-405172,LUM-BFN,PR-3030,23/04/2025,08:00,17:00,30,18,2885
SE-405173,LUM-BFN,PR-3031,2025-04-23,08:00,17:00,30,18,3256
SE-405174,LUM-BFN,PR-3032,2025-04-23,08:00,17:00,30,18,2779
SE-405175,LUM-SAN,PR-3001,24/04/2025,08:00,17:00,20,27,4207
SE-405176,LUM-SAN,PR-3002,2025-04-24,08:00,17:00,30,18,5987
SE-405177,LUM-SAN,PR-3003,2025-04-24,08:00,17:00,20,27,3679
SE-405178,LUM-SAN,PR-3005,2025-04-24,08:00,17:00,20,27,4234
SE-405179,LUM-SAN,PR-3006,2025-04-24,08:00,17:00,30,18,3134
SE-405180,LUM-SAN,PR-3007,2025-04-24,08:00,17:00,45,12,6711
SE-405181,LUM-PTA,PR-3008,24/04/2025,08:00,17:00,20,27,3803
SE-405182,LUM-PTA,PR-3009,2025-04-24,08:00,17:00,25,21,8221
SE-405183,LUM-PTA,PR-3010,24/04/2025,08:00,17:00,30,18,5602
SE-405184,LUM-PTA,PR-3011,24/04/2025,08:00,17:00,20,27,4519
SE-405185,LUM-PTA,PR-3012,2025-04-24,08:00,17:00,20,27,4073
SE-405186,LUM-PTA,PR-3013,2025-04-24,08:00,17:00,30,18,5678
SE-405187,LUM-UMH,PR-3014,24/04/2025,08:00,17:00,20,27,3616
SE-405188,LUM-UMH,PR-3015,2025-04-24,08:00,17:00,30,18,4817
SE-405189,LUM-UMH,PR-3016,2025-04-24,08:00,17:00,30,18,3166
SE-405190,LUM-UMH,PR-3017,24/04/2025,08:00,17:00,25,21,7465
SE-405191,LUM-UMH,PR-3018,24/04/2025,08:00,17:00,20,27,3765
SE-405192,LUM-CLR,PR-3019,2025-04-24,08:00,17:00,20,27,4416
SE-405193,LUM-CLR,PR-3020,2025-04-24,08:00,17:00,30,18,3302
SE-405194,LUM-CLR,PR-3021,2025-04-24,08:00,17:00,20,27,4210
SE-405195,LUM-CLR,PR-3022,2025-04-24,08:00,17:00,20,27,4199
SE-405196,LUM-CLR,PR-3023,2025-04-24,08:00,17:00,20,27,3940
SE-405197,LUM-CLR,PR-3024,24/04/2025,08:00,17:00,20,27,4215
SE-405198,LUM-GQE,PR-3027,24/04/2025,08:00,17:00,30,18,5152
SE-405199,LUM-GQE,PR-3028,2025-04-24,08:00,17:00,20,27,4210
SE-405200,LUM-BFN,PR-3029,24/04/2025,08:00,17:00,30,18,4817
SE-405201,LUM-BFN,PR-3032,2025-04-24,08:00,17:00,30,18,2779
SE-405202,LUM-SAN,PR-3001,2025-04-25,08:00,17:00,20,27,4207
SE-405203,LUM-SAN,PR-3003,2025-04-25,08:00,17:00,20,27,3679
SE-405204,LUM-SAN,PR-3005,2025-04-25,08:00,17:00,20,27,4234
SE-405205,LUM-SAN,PR-3006,2025-04-25,08:00,17:00,30,18,3134
SE-405206,LUM-SAN,PR-3007,2025-04-25,08:00,17:00,45,12,6711
SE-405207,LUM-PTA,PR-3008,2025-04-25,08:00,17:00,20,27,3803
SE-405208,LUM-PTA,PR-3009,2025-04-25,08:00,17:00,25,21,8221
SE-405209,LUM-PTA,PR-3010,2025-04-25,08:00,17:00,30,18,5602
SE-405210,LUM-PTA,PR-3011,2025-04-25,08:00,17:00,20,27,4519
SE-405211,LUM-PTA,PR-3012,2025-04-25,08:00,17:00,20,27,4073
SE-405212,LUM-PTA,PR-3013,2025-04-25,08:00,17:00,30,18,5678
SE-405213,LUM-UMH,PR-3014,25/04/2025,08:00,17:00,20,27,3616
SE-405214,LUM-UMH,PR-3015,25/04/2025,08:00,17:00,30,18,4817
SE-405215,LUM-UMH,PR-3016,2025-04-25,08:00,17:00,30,18,3166
SE-405216,LUM-UMH,PR-3017,2025-04-25,08:00,17:00,25,21,7465
SE-405217,LUM-UMH,PR-3018,2025-04-25,08:00,17:00,20,27,3765
SE-405218,LUM-CLR,PR-3019,2025-04-25,08:00,17:00,20,27,4416
SE-405219,LUM-CLR,PR-3021,2025-04-25,08:00,17:00,20,27,4210
SE-405220,LUM-CLR,PR-3022,2025-04-25,08:00,17:00,20,27,4199
SE-405221,LUM-CLR,PR-3023,2025-04-25,08:00,17:00,20,27,3940
SE-405222,LUM-CLR,PR-3024,2025-04-25,08:00,17:00,20,27,4215
SE-405223,LUM-GQE,PR-3025,2025-04-25,08:00,17:00,20,27,3480
SE-405224,LUM-GQE,PR-3026,2025-04-25,08:00,17:00,20,27,4421
SE-405225,LUM-GQE,PR-3027,25/04/2025,08:00,17:00,30,18,5152
SE-405226,LUM-BFN,PR-3029,2025-04-25,08:00,17:00,30,18,4817
SE-405227,LUM-BFN,PR-3030,2025-04-25,08:00,17:00,30,18,2885
SE-405228,LUM-BFN,PR-3031,2025-04-25,08:00,17:00,30,18,3256
SE-405229,LUM-BFN,PR-3032,2025-04-25,08:00,17:00,30,18,2779
SE-405230,LUM-SAN,PR-3003,2025-04-26,08:00,13:00,20,15,2043.89
SE-405231,LUM-SAN,PR-3004,2025-04-26,08:00,13:00,20,15,2287.22
SE-405232,LUM-SAN,PR-3005,2025-04-26,08:00,13:00,20,15,2352.22
SE-405233,LUM-PTA,PR-3009,2025-04-26,08:00,13:00,25,12,4567.22
SE-405234,LUM-UMH,PR-3015,2025-04-26,08:00,13:00,30,10,2676.11
SE-405235,LUM-UMH,PR-3018,2025-04-26,08:00,13:00,20,15,2091.67
SE-405236,LUM-CLR,PR-3020,2025-04-26,08:00,13:00,30,10,1834.44
SE-405237,LUM-CLR,PR-3023,26/04/2025,08:00,13:00,20,15,2188.89
SE-405238,LUM-GQE,PR-3026,2025-04-26,08:00,13:00,20,15,2456.11
SE-405239,LUM-BFN,PR-3030,2025-04-26,08:00,13:00,30,10,1602.78
SE-405240,LUM-SAN,PR-3001,2025-04-28,08:00,17:00,20,27,4207
SE-405241,LUM-SAN,PR-3002,2025-04-28,08:00,17:00,30,18,5987
SE-405242,LUM-SAN,PR-3003,2025-04-28,08:00,17:00,20,27,3679
SE-405243,LUM-SAN,PR-3004,28/04/2025,08:00,17:00,20,27,4117
SE-405244,LUM-SAN,PR-3005,2025-04-28,08:00,17:00,20,27,4234
SE-405245,LUM-SAN,PR-3006,2025-04-28,08:00,17:00,30,18,3134
SE-405246,LUM-SAN,PR-3007,2025-04-28,08:00,17:00,45,12,6711
SE-405247,LUM-PTA,PR-3008,2025-04-28,08:00,17:00,20,27,3803
SE-405248,LUM-PTA,PR-3009,2025-04-28,08:00,17:00,25,21,8221
SE-405249,LUM-PTA,PR-3010,2025-04-28,08:00,17:00,30,18,5602
SE-405250,LUM-PTA,PR-3012,2025-04-28,08:00,17:00,20,27,4073
SE-405251,LUM-PTA,PR-3013,2025-04-28,08:00,17:00,30,18,5678
SE-405252,LUM-UMH,PR-3014,28/04/2025,08:00,17:00,20,27,3616
SE-405253,LUM-UMH,PR-3016,28/04/2025,08:00,17:00,30,18,3166
SE-405254,LUM-UMH,PR-3017,2025-04-28,08:00,17:00,25,21,7465
SE-405255,LUM-UMH,PR-3018,28/04/2025,08:00,17:00,20,27,3765
SE-405256,LUM-CLR,PR-3019,2025-04-28,08:00,17:00,20,27,4416
SE-405257,LUM-CLR,PR-3020,28/04/2025,08:00,17:00,30,18,3302
SE-405258,LUM-CLR,PR-3021,2025-04-28,08:00,17:00,20,27,4210
SE-405259,LUM-CLR,PR-3022,2025-04-28,08:00,17:00,20,27,4199
SE-405260,LUM-CLR,PR-3023,2025-04-28,08:00,17:00,20,27,3940
SE-405261,LUM-CLR,PR-3024,2025-04-28,08:00,17:00,20,27,4215
SE-405262,LUM-GQE,PR-3025,2025-04-28,08:00,17:00,20,27,3480
SE-405263,LUM-GQE,PR-3026,2025-04-28,08:00,17:00,20,27,4421
SE-405264,LUM-GQE,PR-3027,2025-04-28,08:00,17:00,30,18,5152
SE-405265,LUM-GQE,PR-3028,28/04/2025,08:00,17:00,20,27,4210
SE-405266,LUM-BFN,PR-3029,2025-04-28,08:00,17:00,30,18,4817
SE-405267,LUM-BFN,PR-3030,28/04/2025,08:00,17:00,30,18,2885
SE-405268,LUM-BFN,PR-3031,28/04/2025,08:00,17:00,30,18,3256
SE-405269,LUM-BFN,PR-3032,2025-04-28,08:00,17:00,30,18,2779
SE-405270,LUM-SAN,PR-3001,2025-04-29,08:00,17:00,20,27,4207
SE-405271,LUM-SAN,PR-3002,2025-04-29,08:00,17:00,30,18,5987
SE-405272,LUM-SAN,PR-3003,29/04/2025,08:00,17:00,20,27,3679
SE-405273,LUM-SAN,PR-3005,2025-04-29,08:00,17:00,20,27,4234
SE-405274,LUM-SAN,PR-3006,2025-04-29,08:00,17:00,30,18,3134
SE-405275,LUM-SAN,PR-3007,2025-04-29,08:00,17:00,45,12,6711
SE-405276,LUM-PTA,PR-3008,2025-04-29,08:00,17:00,20,27,3803
SE-405277,LUM-PTA,PR-3009,29/04/2025,08:00,17:00,25,21,8221
SE-405278,LUM-PTA,PR-3011,2025-04-29,08:00,17:00,20,27,4519
SE-405279,LUM-PTA,PR-3012,29/04/2025,08:00,17:00,20,27,4073
SE-405280,LUM-PTA,PR-3013,2025-04-29,08:00,17:00,30,18,5678
SE-405281,LUM-UMH,PR-3014,2025-04-29,08:00,17:00,20,27,3616
SE-405282,LUM-UMH,PR-3015,29/04/2025,08:00,17:00,30,18,4817
SE-405283,LUM-UMH,PR-3016,29/04/2025,08:00,17:00,30,18,3166
SE-405284,LUM-UMH,PR-3017,2025-04-29,08:00,17:00,25,21,7465
SE-405285,LUM-UMH,PR-3018,2025-04-29,08:00,17:00,20,27,3765
SE-405286,LUM-CLR,PR-3019,29/04/2025,08:00,17:00,20,27,4416
SE-405287,LUM-CLR,PR-3020,2025-04-29,08:00,17:00,30,18,3302
SE-405288,LUM-CLR,PR-3021,2025-04-29,08:00,17:00,20,27,4210
SE-405289,LUM-CLR,PR-3022,2025-04-29,08:00,17:00,20,27,4199
SE-405290,LUM-CLR,PR-3023,29/04/2025,08:00,17:00,20,27,3940
SE-405291,LUM-CLR,PR-3024,2025-04-29,08:00,17:00,20,27,4215
SE-405292,LUM-GQE,PR-3025,2025-04-29,08:00,17:00,20,27,3480
SE-405293,LUM-GQE,PR-3026,2025-04-29,08:00,17:00,20,27,4421
SE-405294,LUM-GQE,PR-3027,2025-04-29,08:00,17:00,30,18,5152
SE-405295,LUM-GQE,PR-3028,2025-04-29,08:00,17:00,20,27,4210
SE-405296,LUM-BFN,PR-3029,2025-04-29,08:00,17:00,30,18,4817
SE-405297,LUM-BFN,PR-3030,29/04/2025,08:00,17:00,30,18,2885
SE-405298,LUM-BFN,PR-3031,2025-04-29,08:00,17:00,30,18,3256
SE-405299,LUM-BFN,PR-3032,2025-04-29,08:00,17:00,30,18,2779
SE-405300,LUM-SAN,PR-3001,2025-04-30,08:00,17:00,20,27,4207
SE-405301,LUM-SAN,PR-3002,2025-04-30,08:00,17:00,30,18,5987
SE-405302,LUM-SAN,PR-3003,2025-04-30,08:00,17:00,20,27,3679
SE-405303,LUM-SAN,PR-3004,2025-04-30,08:00,17:00,20,27,4117
SE-405304,LUM-SAN,PR-3005,2025-04-30,08:00,17:00,20,27,4234
SE-405305,LUM-SAN,PR-3006,2025-04-30,08:00,17:00,30,18,3134
SE-405306,LUM-PTA,PR-3008,30/04/2025,08:00,17:00,20,27,3803
SE-405307,LUM-PTA,PR-3009,2025-04-30,08:00,17:00,25,21,8221
SE-405308,LUM-PTA,PR-3010,30/04/2025,08:00,17:00,30,18,5602
SE-405309,LUM-PTA,PR-3011,2025-04-30,08:00,17:00,20,27,4519
SE-405310,LUM-PTA,PR-3012,2025-04-30,08:00,17:00,20,27,4073
SE-405311,LUM-UMH,PR-3014,30/04/2025,08:00,17:00,20,27,3616
SE-405312,LUM-UMH,PR-3015,2025-04-30,08:00,17:00,30,18,4817
SE-405313,LUM-UMH,PR-3016,2025-04-30,08:00,17:00,30,18,3166
SE-405314,LUM-UMH,PR-3017,2025-04-30,08:00,17:00,25,21,7465
SE-405315,LUM-UMH,PR-3018,2025-04-30,08:00,17:00,20,27,3765
SE-405316,LUM-CLR,PR-3019,2025-04-30,08:00,17:00,20,27,4416
SE-405317,LUM-CLR,PR-3020,2025-04-30,08:00,17:00,30,18,3302
SE-405318,LUM-CLR,PR-3021,30/04/2025,08:00,17:00,20,27,4210
SE-405319,LUM-CLR,PR-3022,2025-04-30,08:00,17:00,20,27,4199
SE-405320,LUM-CLR,PR-3023,2025-04-30,08:00,17:00,20,27,3940
SE-405321,LUM-CLR,PR-3024,2025-04-30,08:00,17:00,20,27,4215
SE-405322,LUM-GQE,PR-3025,30/04/2025,08:00,17:00,20,27,3480
SE-405323,LUM-GQE,PR-3026,2025-04-30,08:00,17:00,20,27,4421
SE-405324,LUM-GQE,PR-3027,2025-04-30,08:00,17:00,30,18,5152
SE-405325,LUM-GQE,PR-3028,30/04/2025,08:00,17:00,20,27,4210
SE-405326,LUM-BFN,PR-3029,30/04/2025,08:00,17:00,30,18,4817
SE-405327,LUM-BFN,PR-3031,2025-04-30,08:00,17:00,30,18,3256
SE-405328,LUM-SAN,PR-3001,2025-05-01,08:00,17:00,20,27,4207
SE-405329,LUM-SAN,PR-3002,2025-05-01,08:00,17:00,30,18,5987
SE-405330,LUM-SAN,PR-3003,01/05/2025,08:00,17:00,20,27,3679
SE-405331,LUM-SAN,PR-3004,2025-05-01,08:00,17:00,20,27,4117
SE-405332,LUM-SAN,PR-3005,2025-05-01,08:00,17:00,20,27,4234
SE-405333,LUM-SAN,PR-3006,2025-05-01,08:00,17:00,30,18,3134
SE-405334,LUM-SAN,PR-3007,01/05/2025,08:00,17:00,45,12,6711
SE-405335,LUM-PTA,PR-3008,2025-05-01,08:00,17:00,20,27,3803
SE-405336,LUM-PTA,PR-3009,2025-05-01,08:00,17:00,25,21,8221
SE-405337,LUM-PTA,PR-3010,2025-05-01,08:00,17:00,30,18,5602
SE-405338,LUM-PTA,PR-3011,2025-05-01,08:00,17:00,20,27,4519
SE-405339,LUM-PTA,PR-3012,2025-05-01,08:00,17:00,20,27,4073
SE-405340,LUM-PTA,PR-3013,2025-05-01,08:00,17:00,30,18,5678
SE-405341,LUM-UMH,PR-3014,2025-05-01,08:00,17:00,20,27,3616
SE-405342,LUM-UMH,PR-3015,2025-05-01,08:00,17:00,30,18,4817
SE-405343,LUM-UMH,PR-3016,01/05/2025,08:00,17:00,30,18,3166
SE-405344,LUM-UMH,PR-3017,01/05/2025,08:00,17:00,25,21,7465
SE-405345,LUM-UMH,PR-3018,2025-05-01,08:00,17:00,20,27,3765
SE-405346,LUM-CLR,PR-3019,2025-05-01,08:00,17:00,20,27,4416
SE-405347,LUM-CLR,PR-3020,2025-05-01,08:00,17:00,30,18,3302
SE-405348,LUM-CLR,PR-3021,01/05/2025,08:00,17:00,20,27,4210
SE-405349,LUM-CLR,PR-3023,2025-05-01,08:00,17:00,20,27,3940
SE-405350,LUM-CLR,PR-3024,01/05/2025,08:00,17:00,20,27,4215
SE-405351,LUM-GQE,PR-3025,2025-05-01,08:00,17:00,20,27,3480
SE-405352,LUM-GQE,PR-3026,2025-05-01,08:00,17:00,20,27,4421
SE-405353,LUM-GQE,PR-3027,2025-05-01,08:00,17:00,30,18,5152
SE-405354,LUM-GQE,PR-3028,2025-05-01,08:00,17:00,20,27,4210
SE-405355,LUM-BFN,PR-3029,2025-05-01,08:00,17:00,30,18,4817
SE-405356,LUM-BFN,PR-3030,2025-05-01,08:00,17:00,30,18,2885
SE-405357,LUM-BFN,PR-3031,01/05/2025,08:00,17:00,30,18,3256
SE-405358,LUM-SAN,PR-3001,2025-05-02,08:00,17:00,20,27,4207
SE-405359,LUM-SAN,PR-3002,2025-05-02,08:00,17:00,30,18,5987
SE-405360,LUM-SAN,PR-3003,2025-05-02,08:00,17:00,20,27,3679
SE-405361,LUM-SAN,PR-3004,2025-05-02,08:00,17:00,20,27,4117
SE-405362,LUM-SAN,PR-3005,2025-05-02,08:00,17:00,20,27,4234
SE-405363,LUM-SAN,PR-3006,2025-05-02,08:00,17:00,30,18,3134
SE-405364,LUM-SAN,PR-3007,02/05/2025,08:00,17:00,45,12,6711
SE-405365,LUM-PTA,PR-3008,02/05/2025,08:00,17:00,20,27,3803
SE-405366,LUM-PTA,PR-3009,2025-05-02,08:00,17:00,25,21,8221
SE-405367,LUM-PTA,PR-3010,2025-05-02,08:00,17:00,30,18,5602
SE-405368,LUM-PTA,PR-3011,2025-05-02,08:00,17:00,20,27,4519
SE-405369,LUM-PTA,PR-3013,2025-05-02,08:00,17:00,30,18,5678
SE-405370,LUM-UMH,PR-3014,02/05/2025,08:00,17:00,20,27,3616
SE-405371,LUM-UMH,PR-3015,2025-05-02,08:00,17:00,30,18,4817
SE-405372,LUM-UMH,PR-3016,02/05/2025,08:00,17:00,30,18,3166
SE-405373,LUM-UMH,PR-3018,2025-05-02,08:00,17:00,20,27,3765
SE-405374,LUM-CLR,PR-3019,2025-05-02,08:00,17:00,20,27,4416
SE-405375,LUM-CLR,PR-3020,02/05/2025,08:00,17:00,30,18,3302
SE-405376,LUM-CLR,PR-3021,2025-05-02,08:00,17:00,20,27,4210
SE-405377,LUM-CLR,PR-3022,2025-05-02,08:00,17:00,20,27,4199
SE-405378,LUM-CLR,PR-3023,2025-05-02,08:00,17:00,20,27,3940
SE-405379,LUM-CLR,PR-3024,2025-05-02,08:00,17:00,20,27,4215
SE-405380,LUM-GQE,PR-3025,02/05/2025,08:00,17:00,20,27,3480
SE-405381,LUM-GQE,PR-3026,2025-05-02,08:00,17:00,20,27,4421
SE-405382,LUM-GQE,PR-3027,2025-05-02,08:00,17:00,30,18,5152
SE-405383,LUM-GQE,PR-3028,2025-05-02,08:00,17:00,20,27,4210
SE-405384,LUM-BFN,PR-3029,02/05/2025,08:00,17:00,30,18,4817
SE-405385,LUM-BFN,PR-3030,02/05/2025,08:00,17:00,30,18,2885
SE-405386,LUM-BFN,PR-3031,2025-05-02,08:00,17:00,30,18,3256
SE-405387,LUM-BFN,PR-3032,2025-05-02,08:00,17:00,30,18,2779
SE-405388,LUM-SAN,PR-3003,2025-05-03,08:00,13:00,20,15,2043.89
SE-405389,LUM-SAN,PR-3004,2025-05-03,08:00,13:00,20,15,2287.22
SE-405390,LUM-PTA,PR-3008,2025-05-03,08:00,13:00,20,15,2112.78
SE-405391,LUM-UMH,PR-3015,2025-05-03,08:00,13:00,30,10,2676.11
SE-405392,LUM-CLR,PR-3023,2025-05-03,08:00,13:00,20,15,2188.89
SE-405393,LUM-CLR,PR-3024,2025-05-03,08:00,13:00,20,15,2341.67
SE-405394,LUM-SAN,PR-3001,2025-05-05,08:00,17:00,20,27,4207
SE-405395,LUM-SAN,PR-3002,2025-05-05,08:00,17:00,30,18,5987
SE-405396,LUM-SAN,PR-3003,2025-05-05,08:00,17:00,20,27,3679
SE-405397,LUM-SAN,PR-3004,2025-05-05,08:00,17:00,20,27,4117
SE-405398,LUM-SAN,PR-3005,2025-05-05,08:00,17:00,20,27,4234
SE-405399,LUM-SAN,PR-3006,2025-05-05,08:00,17:00,30,18,3134
SE-405400,LUM-SAN,PR-3007,2025-05-05,08:00,17:00,45,12,6711
SE-405401,LUM-PTA,PR-3008,2025-05-05,08:00,17:00,20,27,3803
SE-405402,LUM-PTA,PR-3009,2025-05-05,08:00,17:00,25,21,8221
SE-405403,LUM-PTA,PR-3011,2025-05-05,08:00,17:00,20,27,4519
SE-405404,LUM-PTA,PR-3012,2025-05-05,08:00,17:00,20,27,4073
SE-405405,LUM-PTA,PR-3013,2025-05-05,08:00,17:00,30,18,5678
SE-405406,LUM-UMH,PR-3015,2025-05-05,08:00,17:00,30,18,4817
SE-405407,LUM-UMH,PR-3017,05/05/2025,08:00,17:00,25,21,7465
SE-405408,LUM-UMH,PR-3018,05/05/2025,08:00,17:00,20,27,3765
SE-405409,LUM-CLR,PR-3020,2025-05-05,08:00,17:00,30,18,3302
SE-405410,LUM-CLR,PR-3021,2025-05-05,08:00,17:00,20,27,4210
SE-405411,LUM-CLR,PR-3022,2025-05-05,08:00,17:00,20,27,4199
SE-405412,LUM-CLR,PR-3023,2025-05-05,08:00,17:00,20,27,3940
SE-405413,LUM-CLR,PR-3024,2025-05-05,08:00,17:00,20,27,4215
SE-405414,LUM-GQE,PR-3025,2025-05-05,08:00,17:00,20,27,3480
SE-405415,LUM-GQE,PR-3026,05/05/2025,08:00,17:00,20,27,4421
SE-405416,LUM-GQE,PR-3027,2025-05-05,08:00,17:00,30,18,5152
SE-405417,LUM-GQE,PR-3028,2025-05-05,08:00,17:00,20,27,4210
SE-405418,LUM-BFN,PR-3029,2025-05-05,08:00,17:00,30,18,4817
SE-405419,LUM-BFN,PR-3030,2025-05-05,08:00,17:00,30,18,2885
SE-405420,LUM-BFN,PR-3032,05/05/2025,08:00,17:00,30,18,2779
SE-405421,LUM-SAN,PR-3001,2025-05-06,08:00,17:00,20,27,4207
SE-405422,LUM-SAN,PR-3004,06/05/2025,08:00,17:00,20,27,4117
SE-405423,LUM-SAN,PR-3005,2025-05-06,08:00,17:00,20,27,4234
SE-405424,LUM-SAN,PR-3006,2025-05-06,08:00,17:00,30,18,3134
SE-405425,LUM-SAN,PR-3007,06/05/2025,08:00,17:00,45,12,6711
SE-405426,LUM-PTA,PR-3008,2025-05-06,08:00,17:00,20,27,3803
SE-405427,LUM-PTA,PR-3009,2025-05-06,08:00,17:00,25,21,8221
SE-405428,LUM-PTA,PR-3010,2025-05-06,08:00,17:00,30,18,5602
SE-405429,LUM-PTA,PR-3011,06/05/2025,08:00,17:00,20,27,4519
SE-405430,LUM-PTA,PR-3012,2025-05-06,08:00,17:00,20,27,4073
SE-405431,LUM-PTA,PR-3013,2025-05-06,08:00,17:00,30,18,5678
SE-405432,LUM-UMH,PR-3014,2025-05-06,08:00,17:00,20,27,3616
SE-405433,LUM-UMH,PR-3015,2025-05-06,08:00,17:00,30,18,4817
SE-405434,LUM-UMH,PR-3016,06/05/2025,08:00,17:00,30,18,3166
SE-405435,LUM-UMH,PR-3017,2025-05-06,08:00,17:00,25,21,7465
SE-405436,LUM-UMH,PR-3018,2025-05-06,08:00,17:00,20,27,3765
SE-405437,LUM-CLR,PR-3019,2025-05-06,08:00,17:00,20,27,4416
SE-405438,LUM-CLR,PR-3020,06/05/2025,08:00,17:00,30,18,3302
SE-405439,LUM-CLR,PR-3021,2025-05-06,08:00,17:00,20,27,4210
SE-405440,LUM-CLR,PR-3022,06/05/2025,08:00,17:00,20,27,4199
SE-405441,LUM-CLR,PR-3023,2025-05-06,08:00,17:00,20,27,3940
SE-405442,LUM-CLR,PR-3024,2025-05-06,08:00,17:00,20,27,4215
SE-405443,LUM-GQE,PR-3025,2025-05-06,08:00,17:00,20,27,3480
SE-405444,LUM-GQE,PR-3026,2025-05-06,08:00,17:00,20,27,4421
SE-405445,LUM-GQE,PR-3027,2025-05-06,08:00,17:00,30,18,5152
SE-405446,LUM-GQE,PR-3028,2025-05-06,08:00,17:00,20,27,4210
SE-405447,LUM-BFN,PR-3029,2025-05-06,08:00,17:00,30,18,4817
SE-405448,LUM-BFN,PR-3031,2025-05-06,08:00,17:00,30,18,3256
SE-405449,LUM-BFN,PR-3032,06/05/2025,08:00,17:00,30,18,2779
SE-405450,LUM-SAN,PR-3001,2025-05-07,08:00,17:00,20,27,4207
SE-405451,LUM-SAN,PR-3002,2025-05-07,08:00,17:00,30,18,5987
SE-405452,LUM-SAN,PR-3003,07/05/2025,08:00,17:00,20,27,3679
SE-405453,LUM-SAN,PR-3005,07/05/2025,08:00,17:00,20,27,4234
SE-405454,LUM-SAN,PR-3006,2025-05-07,08:00,17:00,30,18,3134
SE-405455,LUM-SAN,PR-3007,07/05/2025,08:00,17:00,45,12,6711
SE-405456,LUM-PTA,PR-3008,2025-05-07,08:00,17:00,20,27,3803
SE-405457,LUM-PTA,PR-3009,07/05/2025,08:00,17:00,25,21,8221
SE-405458,LUM-PTA,PR-3010,07/05/2025,08:00,17:00,30,18,5602
SE-405459,LUM-PTA,PR-3011,2025-05-07,08:00,17:00,20,27,4519
SE-405460,LUM-PTA,PR-3012,2025-05-07,08:00,17:00,20,27,4073
SE-405461,LUM-PTA,PR-3013,2025-05-07,08:00,17:00,30,18,5678
SE-405462,LUM-UMH,PR-3014,07/05/2025,08:00,17:00,20,27,3616
SE-405463,LUM-UMH,PR-3016,2025-05-07,08:00,17:00,30,18,3166
SE-405464,LUM-UMH,PR-3017,2025-05-07,08:00,17:00,25,21,7465
SE-405465,LUM-UMH,PR-3018,07/05/2025,08:00,17:00,20,27,3765
SE-405466,LUM-CLR,PR-3019,2025-05-07,08:00,17:00,20,27,4416
SE-405467,LUM-CLR,PR-3020,2025-05-07,08:00,17:00,30,18,3302
SE-405468,LUM-CLR,PR-3021,2025-05-07,08:00,17:00,20,27,4210
SE-405469,LUM-CLR,PR-3022,07/05/2025,08:00,17:00,20,27,4199
SE-405470,LUM-CLR,PR-3023,2025-05-07,08:00,17:00,20,27,3940
SE-405471,LUM-CLR,PR-3024,07/05/2025,08:00,17:00,20,27,4215
SE-405472,LUM-GQE,PR-3025,2025-05-07,08:00,17:00,20,27,3480
SE-405473,LUM-GQE,PR-3026,07/05/2025,08:00,17:00,20,27,4421
SE-405474,LUM-GQE,PR-3027,2025-05-07,08:00,17:00,30,18,5152
SE-405475,LUM-BFN,PR-3029,07/05/2025,08:00,17:00,30,18,4817
SE-405476,LUM-BFN,PR-3030,2025-05-07,08:00,17:00,30,18,2885
SE-405477,LUM-BFN,PR-3031,07/05/2025,08:00,17:00,30,18,3256
SE-405478,LUM-BFN,PR-3032,2025-05-07,08:00,17:00,30,18,2779
SE-405479,LUM-SAN,PR-3001,2025-05-08,08:00,17:00,20,27,4207
SE-405480,LUM-SAN,PR-3003,2025-05-08,08:00,17:00,20,27,3679
SE-405481,LUM-SAN,PR-3004,2025-05-08,08:00,17:00,20,27,4117
SE-405482,LUM-SAN,PR-3005,2025-05-08,08:00,17:00,20,27,4234
SE-405483,LUM-SAN,PR-3006,2025-05-08,08:00,17:00,30,18,3134
SE-405484,LUM-SAN,PR-3007,08/05/2025,08:00,17:00,45,12,6711
SE-405485,LUM-PTA,PR-3008,2025-05-08,08:00,17:00,20,27,3803
SE-405486,LUM-PTA,PR-3009,2025-05-08,08:00,17:00,25,21,8221
SE-405487,LUM-PTA,PR-3010,08/05/2025,08:00,17:00,30,18,5602
SE-405488,LUM-PTA,PR-3011,2025-05-08,08:00,17:00,20,27,4519
SE-405489,LUM-PTA,PR-3012,2025-05-08,08:00,17:00,20,27,4073
SE-405490,LUM-PTA,PR-3013,2025-05-08,08:00,17:00,30,18,5678
SE-405491,LUM-UMH,PR-3014,08/05/2025,08:00,17:00,20,27,3616
SE-405492,LUM-UMH,PR-3015,2025-05-08,08:00,17:00,30,18,4817
SE-405493,LUM-UMH,PR-3016,2025-05-08,08:00,17:00,30,18,3166
SE-405494,LUM-UMH,PR-3017,2025-05-08,08:00,17:00,25,21,7465
SE-405495,LUM-UMH,PR-3018,2025-05-08,08:00,17:00,20,27,3765
SE-405496,LUM-CLR,PR-3019,2025-05-08,08:00,17:00,20,27,4416
SE-405497,LUM-CLR,PR-3020,08/05/2025,08:00,17:00,30,18,3302
SE-405498,LUM-CLR,PR-3022,2025-05-08,08:00,17:00,20,27,4199
SE-405499,LUM-CLR,PR-3023,2025-05-08,08:00,17:00,20,27,3940
SE-405500,LUM-CLR,PR-3024,08/05/2025,08:00,17:00,20,27,4215
SE-405501,LUM-GQE,PR-3025,2025-05-08,08:00,17:00,20,27,3480
SE-405502,LUM-GQE,PR-3026,08/05/2025,08:00,17:00,20,27,4421
SE-405503,LUM-GQE,PR-3027,2025-05-08,08:00,17:00,30,18,5152
SE-405504,LUM-GQE,PR-3028,2025-05-08,08:00,17:00,20,27,4210
SE-405505,LUM-BFN,PR-3029,08/05/2025,08:00,17:00,30,18,4817
SE-405506,LUM-BFN,PR-3031,2025-05-08,08:00,17:00,30,18,3256
SE-405507,LUM-BFN,PR-3032,2025-05-08,08:00,17:00,30,18,2779
SE-405508,LUM-SAN,PR-3001,2025-05-09,08:00,17:00,20,27,4207
SE-405509,LUM-SAN,PR-3002,2025-05-09,08:00,17:00,30,18,5987
SE-405510,LUM-SAN,PR-3003,2025-05-09,08:00,17:00,20,27,3679
SE-405511,LUM-SAN,PR-3004,2025-05-09,08:00,17:00,20,27,4117
SE-405512,LUM-SAN,PR-3005,09/05/2025,08:00,17:00,20,27,4234
SE-405513,LUM-SAN,PR-3006,2025-05-09,08:00,17:00,30,18,3134
SE-405514,LUM-SAN,PR-3007,09/05/2025,08:00,17:00,45,12,6711
SE-405515,LUM-PTA,PR-3008,2025-05-09,08:00,17:00,20,27,3803
SE-405516,LUM-PTA,PR-3009,2025-05-09,08:00,17:00,25,21,8221
SE-405517,LUM-PTA,PR-3010,2025-05-09,08:00,17:00,30,18,5602
SE-405518,LUM-PTA,PR-3011,2025-05-09,08:00,17:00,20,27,4519
SE-405519,LUM-PTA,PR-3013,2025-05-09,08:00,17:00,30,18,5678
SE-405520,LUM-UMH,PR-3014,09/05/2025,08:00,17:00,20,27,3616
SE-405521,LUM-UMH,PR-3015,2025-05-09,08:00,17:00,30,18,4817
SE-405522,LUM-UMH,PR-3016,2025-05-09,08:00,17:00,30,18,3166
SE-405523,LUM-UMH,PR-3017,2025-05-09,08:00,17:00,25,21,7465
SE-405524,LUM-CLR,PR-3019,09/05/2025,08:00,17:00,20,27,4416
SE-405525,LUM-CLR,PR-3020,2025-05-09,08:00,17:00,30,18,3302
SE-405526,LUM-CLR,PR-3021,09/05/2025,08:00,17:00,20,27,4210
SE-405527,LUM-CLR,PR-3022,2025-05-09,08:00,17:00,20,27,4199
SE-405528,LUM-CLR,PR-3024,09/05/2025,08:00,17:00,20,27,4215
SE-405529,LUM-GQE,PR-3025,2025-05-09,08:00,17:00,20,27,3480
SE-405530,LUM-GQE,PR-3026,2025-05-09,08:00,17:00,20,27,4421
SE-405531,LUM-GQE,PR-3027,2025-05-09,08:00,17:00,30,18,5152
SE-405532,LUM-GQE,PR-3028,09/05/2025,08:00,17:00,20,27,4210
SE-405533,LUM-BFN,PR-3029,2025-05-09,08:00,17:00,30,18,4817
SE-405534,LUM-BFN,PR-3030,2025-05-09,08:00,17:00,30,18,2885
SE-405535,LUM-BFN,PR-3031,09/05/2025,08:00,17:00,30,18,3256
SE-405536,LUM-BFN,PR-3032,2025-05-09,08:00,17:00,30,18,2779
SE-405537,LUM-SAN,PR-3003,2025-05-10,08:00,13:00,20,15,2043.89
SE-405538,LUM-SAN,PR-3006,2025-05-10,08:00,13:00,30,10,1741.11
SE-405539,LUM-PTA,PR-3008,10/05/2025,08:00,13:00,20,15,2112.78
SE-405540,LUM-PTA,PR-3009,2025-05-10,08:00,13:00,25,12,4567.22
SE-405541,LUM-PTA,PR-3011,2025-05-10,08:00,13:00,20,15,2510.56
SE-405542,LUM-PTA,PR-3012,2025-05-10,08:00,13:00,20,15,2262.78
SE-405543,LUM-UMH,PR-3014,10/05/2025,08:00,13:00,20,15,2008.89
SE-405544,LUM-CLR,PR-3019,2025-05-10,08:00,13:00,20,15,2453.33
SE-405545,LUM-CLR,PR-3020,2025-05-10,08:00,13:00,30,10,1834.44
SE-405546,LUM-CLR,PR-3021,2025-05-10,08:00,13:00,20,15,2338.89
SE-405547,LUM-CLR,PR-3023,10/05/2025,08:00,13:00,20,15,2188.89
SE-405548,LUM-CLR,PR-3024,2025-05-10,08:00,13:00,20,15,2341.67
SE-405549,LUM-GQE,PR-3028,2025-05-10,08:00,13:00,20,15,2338.89
SE-405550,LUM-BFN,PR-3030,2025-05-10,08:00,13:00,30,10,1602.78
SE-405551,LUM-BFN,PR-3031,10/05/2025,08:00,13:00,30,10,1808.89
SE-405552,LUM-SAN,PR-3001,2025-05-12,08:00,17:00,20,27,4207
SE-405553,LUM-SAN,PR-3002,2025-05-12,08:00,17:00,30,18,5987
SE-405554,LUM-SAN,PR-3003,2025-05-12,08:00,17:00,20,27,3679
SE-405555,LUM-SAN,PR-3004,2025-05-12,08:00,17:00,20,27,4117
SE-405556,LUM-SAN,PR-3005,2025-05-12,08:00,17:00,20,27,4234
SE-405557,LUM-SAN,PR-3006,12/05/2025,08:00,17:00,30,18,3134
SE-405558,LUM-SAN,PR-3007,2025-05-12,08:00,17:00,45,12,6711
SE-405559,LUM-PTA,PR-3008,12/05/2025,08:00,17:00,20,27,3803
SE-405560,LUM-PTA,PR-3010,2025-05-12,08:00,17:00,30,18,5602
SE-405561,LUM-PTA,PR-3011,12/05/2025,08:00,17:00,20,27,4519
SE-405562,LUM-PTA,PR-3012,2025-05-12,08:00,17:00,20,27,4073
SE-405563,LUM-PTA,PR-3013,2025-05-12,08:00,17:00,30,18,5678
SE-405564,LUM-UMH,PR-3014,2025-05-12,08:00,17:00,20,27,3616
SE-405565,LUM-UMH,PR-3015,12/05/2025,08:00,17:00,30,18,4817
SE-405566,LUM-UMH,PR-3016,12/05/2025,08:00,17:00,30,18,3166
SE-405567,LUM-UMH,PR-3017,2025-05-12,08:00,17:00,25,21,7465
SE-405568,LUM-UMH,PR-3018,2025-05-12,08:00,17:00,20,27,3765
SE-405569,LUM-CLR,PR-3019,12/05/2025,08:00,17:00,20,27,4416
SE-405570,LUM-CLR,PR-3021,2025-05-12,08:00,17:00,20,27,4210
SE-405571,LUM-CLR,PR-3022,2025-05-12,08:00,17:00,20,27,4199
SE-405572,LUM-CLR,PR-3024,2025-05-12,08:00,17:00,20,27,4215
SE-405573,LUM-GQE,PR-3025,2025-05-12,08:00,17:00,20,27,3480
SE-405574,LUM-GQE,PR-3026,2025-05-12,08:00,17:00,20,27,4421
SE-405575,LUM-GQE,PR-3027,2025-05-12,08:00,17:00,30,18,5152
SE-405576,LUM-GQE,PR-3028,2025-05-12,08:00,17:00,20,27,4210
SE-405577,LUM-BFN,PR-3029,2025-05-12,08:00,17:00,30,18,4817
SE-405578,LUM-BFN,PR-3030,2025-05-12,08:00,17:00,30,18,2885
SE-405579,LUM-BFN,PR-3031,12/05/2025,08:00,17:00,30,18,3256
SE-405580,LUM-BFN,PR-3032,2025-05-12,08:00,17:00,30,18,2779
SE-405581,LUM-SAN,PR-3001,13/05/2025,08:00,17:00,20,27,4207
SE-405582,LUM-SAN,PR-3002,2025-05-13,08:00,17:00,30,18,5987
SE-405583,LUM-SAN,PR-3003,13/05/2025,08:00,17:00,20,27,3679
SE-405584,LUM-SAN,PR-3005,13/05/2025,08:00,17:00,20,27,4234
SE-405585,LUM-SAN,PR-3006,2025-05-13,08:00,17:00,30,18,3134
SE-405586,LUM-SAN,PR-3007,2025-05-13,08:00,17:00,45,12,6711
SE-405587,LUM-PTA,PR-3008,13/05/2025,08:00,17:00,20,27,3803
SE-405588,LUM-PTA,PR-3009,2025-05-13,08:00,17:00,25,21,8221
SE-405589,LUM-PTA,PR-3010,2025-05-13,08:00,17:00,30,18,5602
SE-405590,LUM-PTA,PR-3011,2025-05-13,08:00,17:00,20,27,4519
SE-405591,LUM-UMH,PR-3014,2025-05-13,08:00,17:00,20,27,3616
SE-405592,LUM-UMH,PR-3015,2025-05-13,08:00,17:00,30,18,4817
SE-405593,LUM-UMH,PR-3016,2025-05-13,08:00,17:00,30,18,3166
SE-405594,LUM-UMH,PR-3017,2025-05-13,08:00,17:00,25,21,7465
SE-405595,LUM-UMH,PR-3018,2025-05-13,08:00,17:00,20,27,3765
SE-405596,LUM-CLR,PR-3019,2025-05-13,08:00,17:00,20,27,4416
SE-405597,LUM-CLR,PR-3020,13/05/2025,08:00,17:00,30,18,3302
SE-405598,LUM-CLR,PR-3021,2025-05-13,08:00,17:00,20,27,4210
SE-405599,LUM-CLR,PR-3022,2025-05-13,08:00,17:00,20,27,4199
SE-405600,LUM-CLR,PR-3023,2025-05-13,08:00,17:00,20,27,3940
SE-405601,LUM-CLR,PR-3024,13/05/2025,08:00,17:00,20,27,4215
SE-405602,LUM-GQE,PR-3025,2025-05-13,08:00,17:00,20,27,3480
SE-405603,LUM-GQE,PR-3026,2025-05-13,08:00,17:00,20,27,4421
SE-405604,LUM-GQE,PR-3028,13/05/2025,08:00,17:00,20,27,4210
SE-405605,LUM-BFN,PR-3029,2025-05-13,08:00,17:00,30,18,4817
SE-405606,LUM-BFN,PR-3030,2025-05-13,08:00,17:00,30,18,2885
SE-405607,LUM-BFN,PR-3031,2025-05-13,08:00,17:00,30,18,3256
SE-405608,LUM-BFN,PR-3032,13/05/2025,08:00,17:00,30,18,2779
SE-405609,LUM-SAN,PR-3001,2025-05-14,08:00,17:00,20,27,4207
SE-405610,LUM-SAN,PR-3002,2025-05-14,08:00,17:00,30,18,5987
SE-405611,LUM-SAN,PR-3003,2025-05-14,08:00,17:00,20,27,3679
SE-405612,LUM-SAN,PR-3004,2025-05-14,08:00,17:00,20,27,4117
SE-405613,LUM-SAN,PR-3005,2025-05-14,08:00,17:00,20,27,4234
SE-405614,LUM-SAN,PR-3006,2025-05-14,08:00,17:00,30,18,3134
SE-405615,LUM-SAN,PR-3007,14/05/2025,08:00,17:00,45,12,6711
SE-405616,LUM-PTA,PR-3008,2025-05-14,08:00,17:00,20,27,3803
SE-405617,LUM-PTA,PR-3009,2025-05-14,08:00,17:00,25,21,8221
SE-405618,LUM-PTA,PR-3010,14/05/2025,08:00,17:00,30,18,5602
SE-405619,LUM-PTA,PR-3011,2025-05-14,08:00,17:00,20,27,4519
SE-405620,LUM-PTA,PR-3012,14/05/2025,08:00,17:00,20,27,4073
SE-405621,LUM-PTA,PR-3013,2025-05-14,08:00,17:00,30,18,5678
SE-405622,LUM-UMH,PR-3014,14/05/2025,08:00,17:00,20,27,3616
SE-405623,LUM-UMH,PR-3015,2025-05-14,08:00,17:00,30,18,4817
SE-405624,LUM-UMH,PR-3016,2025-05-14,08:00,17:00,30,18,3166
SE-405625,LUM-UMH,PR-3017,2025-05-14,08:00,17:00,25,21,7465
SE-405626,LUM-UMH,PR-3018,2025-05-14,08:00,17:00,20,27,3765
SE-405627,LUM-CLR,PR-3019,2025-05-14,08:00,17:00,20,27,4416
SE-405628,LUM-CLR,PR-3020,2025-05-14,08:00,17:00,30,18,3302
SE-405629,LUM-CLR,PR-3022,2025-05-14,08:00,17:00,20,27,4199
SE-405630,LUM-CLR,PR-3023,14/05/2025,08:00,17:00,20,27,3940
SE-405631,LUM-CLR,PR-3024,14/05/2025,08:00,17:00,20,27,4215
SE-405632,LUM-GQE,PR-3025,14/05/2025,08:00,17:00,20,27,3480
SE-405633,LUM-GQE,PR-3026,2025-05-14,08:00,17:00,20,27,4421
SE-405634,LUM-GQE,PR-3027,2025-05-14,08:00,17:00,30,18,5152
SE-405635,LUM-GQE,PR-3028,14/05/2025,08:00,17:00,20,27,4210
SE-405636,LUM-BFN,PR-3030,14/05/2025,08:00,17:00,30,18,2885
SE-405637,LUM-BFN,PR-3031,2025-05-14,08:00,17:00,30,18,3256
SE-405638,LUM-SAN,PR-3001,2025-05-15,08:00,17:00,20,27,4207
SE-405639,LUM-SAN,PR-3002,2025-05-15,08:00,17:00,30,18,5987
SE-405640,LUM-SAN,PR-3004,2025-05-15,08:00,17:00,20,27,4117
SE-405641,LUM-SAN,PR-3007,2025-05-15,08:00,17:00,45,12,6711
SE-405642,LUM-PTA,PR-3008,2025-05-15,08:00,17:00,20,27,3803
SE-405643,LUM-PTA,PR-3009,15/05/2025,08:00,17:00,25,21,8221
SE-405644,LUM-PTA,PR-3011,2025-05-15,08:00,17:00,20,27,4519
SE-405645,LUM-PTA,PR-3012,15/05/2025,08:00,17:00,20,27,4073
SE-405646,LUM-UMH,PR-3014,2025-05-15,08:00,17:00,20,27,3616
SE-405647,LUM-UMH,PR-3015,2025-05-15,08:00,17:00,30,18,4817
SE-405648,LUM-UMH,PR-3017,2025-05-15,08:00,17:00,25,21,7465
SE-405649,LUM-UMH,PR-3018,2025-05-15,08:00,17:00,20,27,3765
SE-405650,LUM-CLR,PR-3019,2025-05-15,08:00,17:00,20,27,4416
SE-405651,LUM-CLR,PR-3020,2025-05-15,08:00,17:00,30,18,3302
SE-405652,LUM-CLR,PR-3021,2025-05-15,08:00,17:00,20,27,4210
SE-405653,LUM-CLR,PR-3022,15/05/2025,08:00,17:00,20,27,4199
SE-405654,LUM-CLR,PR-3024,2025-05-15,08:00,17:00,20,27,4215
SE-405655,LUM-GQE,PR-3025,2025-05-15,08:00,17:00,20,27,3480
SE-405656,LUM-GQE,PR-3026,2025-05-15,08:00,17:00,20,27,4421
SE-405657,LUM-GQE,PR-3027,15/05/2025,08:00,17:00,30,18,5152
SE-405658,LUM-GQE,PR-3028,2025-05-15,08:00,17:00,20,27,4210
SE-405659,LUM-BFN,PR-3029,2025-05-15,08:00,17:00,30,18,4817
SE-405660,LUM-BFN,PR-3031,2025-05-15,08:00,17:00,30,18,3256
SE-405661,LUM-BFN,PR-3032,2025-05-15,08:00,17:00,30,18,2779
SE-405662,LUM-SAN,PR-3001,2025-05-16,08:00,17:00,20,27,4207
SE-405663,LUM-SAN,PR-3002,16/05/2025,08:00,17:00,30,18,5987
SE-405664,LUM-SAN,PR-3003,2025-05-16,08:00,17:00,20,27,3679
SE-405665,LUM-SAN,PR-3004,16/05/2025,08:00,17:00,20,27,4117
SE-405666,LUM-SAN,PR-3006,2025-05-16,08:00,17:00,30,18,3134
SE-405667,LUM-SAN,PR-3007,2025-05-16,08:00,17:00,45,12,6711
SE-405668,LUM-PTA,PR-3008,2025-05-16,08:00,17:00,20,27,3803
SE-405669,LUM-PTA,PR-3010,16/05/2025,08:00,17:00,30,18,5602
SE-405670,LUM-PTA,PR-3011,2025-05-16,08:00,17:00,20,27,4519
SE-405671,LUM-PTA,PR-3012,2025-05-16,08:00,17:00,20,27,4073
SE-405672,LUM-PTA,PR-3013,16/05/2025,08:00,17:00,30,18,5678
SE-405673,LUM-UMH,PR-3014,2025-05-16,08:00,17:00,20,27,3616
SE-405674,LUM-UMH,PR-3015,16/05/2025,08:00,17:00,30,18,4817
SE-405675,LUM-UMH,PR-3016,16/05/2025,08:00,17:00,30,18,3166
SE-405676,LUM-UMH,PR-3017,2025-05-16,08:00,17:00,25,21,7465
SE-405677,LUM-UMH,PR-3018,2025-05-16,08:00,17:00,20,27,3765
SE-405678,LUM-CLR,PR-3019,2025-05-16,08:00,17:00,20,27,4416
SE-405679,LUM-CLR,PR-3020,2025-05-16,08:00,17:00,30,18,3302
SE-405680,LUM-CLR,PR-3021,16/05/2025,08:00,17:00,20,27,4210
SE-405681,LUM-CLR,PR-3022,2025-05-16,08:00,17:00,20,27,4199
SE-405682,LUM-CLR,PR-3023,2025-05-16,08:00,17:00,20,27,3940
SE-405683,LUM-CLR,PR-3024,16/05/2025,08:00,17:00,20,27,4215
SE-405684,LUM-GQE,PR-3027,2025-05-16,08:00,17:00,30,18,5152
SE-405685,LUM-GQE,PR-3028,2025-05-16,08:00,17:00,20,27,4210
SE-405686,LUM-BFN,PR-3029,2025-05-16,08:00,17:00,30,18,4817
SE-405687,LUM-BFN,PR-3030,16/05/2025,08:00,17:00,30,18,2885
SE-405688,LUM-BFN,PR-3031,2025-05-16,08:00,17:00,30,18,3256
SE-405689,LUM-BFN,PR-3032,2025-05-16,08:00,17:00,30,18,2779
SE-405690,LUM-SAN,PR-3002,2025-05-17,08:00,13:00,30,10,3326.11
SE-405691,LUM-SAN,PR-3004,2025-05-17,08:00,13:00,20,15,2287.22
SE-405692,LUM-PTA,PR-3009,2025-05-17,08:00,13:00,25,12,4567.22
SE-405693,LUM-UMH,PR-3014,2025-05-17,08:00,13:00,20,15,2008.89
SE-405694,LUM-UMH,PR-3016,17/05/2025,08:00,13:00,30,10,1758.89
SE-405695,LUM-UMH,PR-3017,2025-05-17,08:00,13:00,25,12,4147.22
SE-405696,LUM-UMH,PR-3018,2025-05-17,08:00,13:00,20,15,2091.67
SE-405697,LUM-CLR,PR-3019,2025-05-17,08:00,13:00,20,15,2453.33
SE-405698,LUM-CLR,PR-3022,2025-05-17,08:00,13:00,20,15,2332.78
SE-405699,LUM-GQE,PR-3025,17/05/2025,08:00,13:00,20,15,1933.33
SE-405700,LUM-GQE,PR-3028,2025-05-17,08:00,13:00,20,15,2338.89
SE-405701,LUM-BFN,PR-3030,17/05/2025,08:00,13:00,30,10,1602.78
SE-405702,LUM-SAN,PR-3001,2025-05-19,08:00,17:00,20,27,4207
SE-405703,LUM-SAN,PR-3002,2025-05-19,08:00,17:00,30,18,5987
SE-405704,LUM-SAN,PR-3003,2025-05-19,08:00,17:00,20,27,3679
SE-405705,LUM-SAN,PR-3004,2025-05-19,08:00,17:00,20,27,4117
SE-405706,LUM-SAN,PR-3005,19/05/2025,08:00,17:00,20,27,4234
SE-405707,LUM-SAN,PR-3006,2025-05-19,08:00,17:00,30,18,3134
SE-405708,LUM-SAN,PR-3007,2025-05-19,08:00,17:00,45,12,6711
SE-405709,LUM-PTA,PR-3008,2025-05-19,08:00,17:00,20,27,3803
SE-405710,LUM-PTA,PR-3009,2025-05-19,08:00,17:00,25,21,8221
SE-405711,LUM-PTA,PR-3010,2025-05-19,08:00,17:00,30,18,5602
SE-405712,LUM-PTA,PR-3011,2025-05-19,08:00,17:00,20,27,4519
SE-405713,LUM-PTA,PR-3012,2025-05-19,08:00,17:00,20,27,4073
SE-405714,LUM-PTA,PR-3013,2025-05-19,08:00,17:00,30,18,5678
SE-405715,LUM-UMH,PR-3014,2025-05-19,08:00,17:00,20,27,3616
SE-405716,LUM-UMH,PR-3015,2025-05-19,08:00,17:00,30,18,4817
SE-405717,LUM-UMH,PR-3016,2025-05-19,08:00,17:00,30,18,3166
SE-405718,LUM-UMH,PR-3017,2025-05-19,08:00,17:00,25,21,7465
SE-405719,LUM-UMH,PR-3018,2025-05-19,08:00,17:00,20,27,3765
SE-405720,LUM-CLR,PR-3019,19/05/2025,08:00,17:00,20,27,4416
SE-405721,LUM-CLR,PR-3021,19/05/2025,08:00,17:00,20,27,4210
SE-405722,LUM-CLR,PR-3022,2025-05-19,08:00,17:00,20,27,4199
SE-405723,LUM-CLR,PR-3023,2025-05-19,08:00,17:00,20,27,3940
SE-405724,LUM-CLR,PR-3024,2025-05-19,08:00,17:00,20,27,4215
SE-405725,LUM-GQE,PR-3025,2025-05-19,08:00,17:00,20,27,3480
SE-405726,LUM-GQE,PR-3026,2025-05-19,08:00,17:00,20,27,4421
SE-405727,LUM-GQE,PR-3027,19/05/2025,08:00,17:00,30,18,5152
SE-405728,LUM-GQE,PR-3028,19/05/2025,08:00,17:00,20,27,4210
SE-405729,LUM-BFN,PR-3029,19/05/2025,08:00,17:00,30,18,4817
SE-405730,LUM-BFN,PR-3030,2025-05-19,08:00,17:00,30,18,2885
SE-405731,LUM-BFN,PR-3031,2025-05-19,08:00,17:00,30,18,3256
SE-405732,LUM-BFN,PR-3032,2025-05-19,08:00,17:00,30,18,2779
SE-405733,LUM-SAN,PR-3001,2025-05-20,08:00,17:00,20,27,4207
SE-405734,LUM-SAN,PR-3002,2025-05-20,08:00,17:00,30,18,5987
SE-405735,LUM-SAN,PR-3003,2025-05-20,08:00,17:00,20,27,3679
SE-405736,LUM-SAN,PR-3004,2025-05-20,08:00,17:00,20,27,4117
SE-405737,LUM-SAN,PR-3005,20/05/2025,08:00,17:00,20,27,4234
SE-405738,LUM-SAN,PR-3007,2025-05-20,08:00,17:00,45,12,6711
SE-405739,LUM-PTA,PR-3009,2025-05-20,08:00,17:00,25,21,8221
SE-405740,LUM-PTA,PR-3010,2025-05-20,08:00,17:00,30,18,5602
SE-405741,LUM-PTA,PR-3011,20/05/2025,08:00,17:00,20,27,4519
SE-405742,LUM-PTA,PR-3012,2025-05-20,08:00,17:00,20,27,4073
SE-405743,LUM-PTA,PR-3013,2025-05-20,08:00,17:00,30,18,5678
SE-405744,LUM-UMH,PR-3014,20/05/2025,08:00,17:00,20,27,3616
SE-405745,LUM-UMH,PR-3015,2025-05-20,08:00,17:00,30,18,4817
SE-405746,LUM-UMH,PR-3016,2025-05-20,08:00,17:00,30,18,3166
SE-405747,LUM-UMH,PR-3017,2025-05-20,08:00,17:00,25,21,7465
SE-405748,LUM-UMH,PR-3018,2025-05-20,08:00,17:00,20,27,3765
SE-405749,LUM-CLR,PR-3019,2025-05-20,08:00,17:00,20,27,4416
SE-405750,LUM-CLR,PR-3020,20/05/2025,08:00,17:00,30,18,3302
SE-405751,LUM-CLR,PR-3021,2025-05-20,08:00,17:00,20,27,4210
SE-405752,LUM-CLR,PR-3022,2025-05-20,08:00,17:00,20,27,4199
SE-405753,LUM-CLR,PR-3023,20/05/2025,08:00,17:00,20,27,3940
SE-405754,LUM-CLR,PR-3024,20/05/2025,08:00,17:00,20,27,4215
SE-405755,LUM-GQE,PR-3025,2025-05-20,08:00,17:00,20,27,3480
SE-405756,LUM-GQE,PR-3028,20/05/2025,08:00,17:00,20,27,4210
SE-405757,LUM-BFN,PR-3029,2025-05-20,08:00,17:00,30,18,4817
SE-405758,LUM-BFN,PR-3030,2025-05-20,08:00,17:00,30,18,2885
SE-405759,LUM-BFN,PR-3031,2025-05-20,08:00,17:00,30,18,3256
SE-405760,LUM-BFN,PR-3032,20/05/2025,08:00,17:00,30,18,2779
SE-405761,LUM-SAN,PR-3001,2025-05-21,08:00,17:00,20,27,4207
SE-405762,LUM-SAN,PR-3002,2025-05-21,08:00,17:00,30,18,5987
SE-405763,LUM-SAN,PR-3003,2025-05-21,08:00,17:00,20,27,3679
SE-405764,LUM-SAN,PR-3004,2025-05-21,08:00,17:00,20,27,4117
SE-405765,LUM-SAN,PR-3005,2025-05-21,08:00,17:00,20,27,4234
SE-405766,LUM-SAN,PR-3007,2025-05-21,08:00,17:00,45,12,6711
SE-405767,LUM-PTA,PR-3009,21/05/2025,08:00,17:00,25,21,8221
SE-405768,LUM-PTA,PR-3010,2025-05-21,08:00,17:00,30,18,5602
SE-405769,LUM-PTA,PR-3011,2025-05-21,08:00,17:00,20,27,4519
SE-405770,LUM-PTA,PR-3012,2025-05-21,08:00,17:00,20,27,4073
SE-405771,LUM-PTA,PR-3013,21/05/2025,08:00,17:00,30,18,5678
SE-405772,LUM-UMH,PR-3014,21/05/2025,08:00,17:00,20,27,3616
SE-405773,LUM-UMH,PR-3015,2025-05-21,08:00,17:00,30,18,4817
SE-405774,LUM-UMH,PR-3016,21/05/2025,08:00,17:00,30,18,3166
SE-405775,LUM-UMH,PR-3017,2025-05-21,08:00,17:00,25,21,7465
SE-405776,LUM-CLR,PR-3019,21/05/2025,08:00,17:00,20,27,4416
SE-405777,LUM-CLR,PR-3020,21/05/2025,08:00,17:00,30,18,3302
SE-405778,LUM-CLR,PR-3021,2025-05-21,08:00,17:00,20,27,4210
SE-405779,LUM-CLR,PR-3022,2025-05-21,08:00,17:00,20,27,4199
SE-405780,LUM-CLR,PR-3023,2025-05-21,08:00,17:00,20,27,3940
SE-405781,LUM-CLR,PR-3024,2025-05-21,08:00,17:00,20,27,4215
SE-405782,LUM-GQE,PR-3025,21/05/2025,08:00,17:00,20,27,3480
SE-405783,LUM-GQE,PR-3026,2025-05-21,08:00,17:00,20,27,4421
SE-405784,LUM-GQE,PR-3027,2025-05-21,08:00,17:00,30,18,5152
SE-405785,LUM-GQE,PR-3028,2025-05-21,08:00,17:00,20,27,4210
SE-405786,LUM-BFN,PR-3029,2025-05-21,08:00,17:00,30,18,4817
SE-405787,LUM-BFN,PR-3030,2025-05-21,08:00,17:00,30,18,2885
SE-405788,LUM-BFN,PR-3031,21/05/2025,08:00,17:00,30,18,3256
SE-405789,LUM-BFN,PR-3032,2025-05-21,08:00,17:00,30,18,2779
SE-405790,LUM-SAN,PR-3001,2025-05-22,08:00,17:00,20,27,4207
SE-405791,LUM-SAN,PR-3002,2025-05-22,08:00,17:00,30,18,5987
SE-405792,LUM-SAN,PR-3005,2025-05-22,08:00,17:00,20,27,4234
SE-405793,LUM-SAN,PR-3006,2025-05-22,08:00,17:00,30,18,3134
SE-405794,LUM-PTA,PR-3008,22/05/2025,08:00,17:00,20,27,3803
SE-405795,LUM-PTA,PR-3009,2025-05-22,08:00,17:00,25,21,8221
SE-405796,LUM-PTA,PR-3010,2025-05-22,08:00,17:00,30,18,5602
SE-405797,LUM-PTA,PR-3011,2025-05-22,08:00,17:00,20,27,4519
SE-405798,LUM-PTA,PR-3012,22/05/2025,08:00,17:00,20,27,4073
SE-405799,LUM-UMH,PR-3014,22/05/2025,08:00,17:00,20,27,3616
SE-405800,LUM-UMH,PR-3015,22/05/2025,08:00,17:00,30,18,4817
SE-405801,LUM-UMH,PR-3016,2025-05-22,08:00,17:00,30,18,3166
SE-405802,LUM-UMH,PR-3017,2025-05-22,08:00,17:00,25,21,7465
SE-405803,LUM-UMH,PR-3018,2025-05-22,08:00,17:00,20,27,3765
SE-405804,LUM-CLR,PR-3019,2025-05-22,08:00,17:00,20,27,4416
SE-405805,LUM-CLR,PR-3020,2025-05-22,08:00,17:00,30,18,3302
SE-405806,LUM-CLR,PR-3021,22/05/2025,08:00,17:00,20,27,4210
SE-405807,LUM-CLR,PR-3022,2025-05-22,08:00,17:00,20,27,4199
SE-405808,LUM-CLR,PR-3023,2025-05-22,08:00,17:00,20,27,3940
SE-405809,LUM-CLR,PR-3024,22/05/2025,08:00,17:00,20,27,4215
SE-405810,LUM-GQE,PR-3025,2025-05-22,08:00,17:00,20,27,3480
SE-405811,LUM-GQE,PR-3026,2025-05-22,08:00,17:00,20,27,4421
SE-405812,LUM-GQE,PR-3027,22/05/2025,08:00,17:00,30,18,5152
SE-405813,LUM-GQE,PR-3028,2025-05-22,08:00,17:00,20,27,4210
SE-405814,LUM-BFN,PR-3029,2025-05-22,08:00,17:00,30,18,4817
SE-405815,LUM-BFN,PR-3030,2025-05-22,08:00,17:00,30,18,2885
SE-405816,LUM-BFN,PR-3031,2025-05-22,08:00,17:00,30,18,3256
SE-405817,LUM-BFN,PR-3032,2025-05-22,08:00,17:00,30,18,2779
SE-405818,LUM-SAN,PR-3001,2025-05-23,08:00,17:00,20,27,4207
SE-405819,LUM-SAN,PR-3002,2025-05-23,08:00,17:00,30,18,5987
SE-405820,LUM-SAN,PR-3004,2025-05-23,08:00,17:00,20,27,4117
SE-405821,LUM-SAN,PR-3005,2025-05-23,08:00,17:00,20,27,4234
SE-405822,LUM-SAN,PR-3006,23/05/2025,08:00,17:00,30,18,3134
SE-405823,LUM-PTA,PR-3009,2025-05-23,08:00,17:00,25,21,8221
SE-405824,LUM-PTA,PR-3010,23/05/2025,08:00,17:00,30,18,5602
SE-405825,LUM-PTA,PR-3011,2025-05-23,08:00,17:00,20,27,4519
SE-405826,LUM-PTA,PR-3012,2025-05-23,08:00,17:00,20,27,4073
SE-405827,LUM-PTA,PR-3013,2025-05-23,08:00,17:00,30,18,5678
SE-405828,LUM-UMH,PR-3014,23/05/2025,08:00,17:00,20,27,3616
SE-405829,LUM-UMH,PR-3015,2025-05-23,08:00,17:00,30,18,4817
SE-405830,LUM-UMH,PR-3017,23/05/2025,08:00,17:00,25,21,7465
SE-405831,LUM-UMH,PR-3018,23/05/2025,08:00,17:00,20,27,3765
SE-405832,LUM-CLR,PR-3019,23/05/2025,08:00,17:00,20,27,4416
SE-405833,LUM-CLR,PR-3020,2025-05-23,08:00,17:00,30,18,3302
SE-405834,LUM-CLR,PR-3021,2025-05-23,08:00,17:00,20,27,4210
SE-405835,LUM-CLR,PR-3022,2025-05-23,08:00,17:00,20,27,4199
SE-405836,LUM-CLR,PR-3023,2025-05-23,08:00,17:00,20,27,3940
SE-405837,LUM-GQE,PR-3027,2025-05-23,08:00,17:00,30,18,5152
SE-405838,LUM-GQE,PR-3028,23/05/2025,08:00,17:00,20,27,4210
SE-405839,LUM-BFN,PR-3029,2025-05-23,08:00,17:00,30,18,4817
SE-405840,LUM-BFN,PR-3030,2025-05-23,08:00,17:00,30,18,2885
SE-405841,LUM-BFN,PR-3031,2025-05-23,08:00,17:00,30,18,3256
SE-405842,LUM-BFN,PR-3032,2025-05-23,08:00,17:00,30,18,2779
SE-405843,LUM-SAN,PR-3005,24/05/2025,08:00,13:00,20,15,2352.22
SE-405844,LUM-SAN,PR-3006,2025-05-24,08:00,13:00,30,10,1741.11
SE-405845,LUM-SAN,PR-3007,24/05/2025,08:00,13:00,45,6,3728.33
SE-405846,LUM-PTA,PR-3009,2025-05-24,08:00,13:00,25,12,4567.22
SE-405847,LUM-UMH,PR-3017,2025-05-24,08:00,13:00,25,12,4147.22
SE-405848,LUM-UMH,PR-3018,2025-05-24,08:00,13:00,20,15,2091.67
SE-405849,LUM-CLR,PR-3021,2025-05-24,08:00,13:00,20,15,2338.89
SE-405850,LUM-GQE,PR-3026,2025-05-24,08:00,13:00,20,15,2456.11
SE-405851,LUM-GQE,PR-3027,24/05/2025,08:00,13:00,30,10,2862.22
SE-405852,LUM-GQE,PR-3028,2025-05-24,08:00,13:00,20,15,2338.89
SE-405853,LUM-SAN,PR-3002,26/05/2025,08:00,17:00,30,18,5987
SE-405854,LUM-SAN,PR-3003,2025-05-26,08:00,17:00,20,27,3679
SE-405855,LUM-SAN,PR-3004,26/05/2025,08:00,17:00,20,27,4117
SE-405856,LUM-SAN,PR-3005,26/05/2025,08:00,17:00,20,27,4234
SE-405857,LUM-SAN,PR-3006,2025-05-26,08:00,17:00,30,18,3134
SE-405858,LUM-SAN,PR-3007,2025-05-26,08:00,17:00,45,12,6711
SE-405859,LUM-PTA,PR-3008,2025-05-26,08:00,17:00,20,27,3803
SE-405860,LUM-PTA,PR-3009,26/05/2025,08:00,17:00,25,21,8221
SE-405861,LUM-PTA,PR-3010,2025-05-26,08:00,17:00,30,18,5602
SE-405862,LUM-PTA,PR-3011,26/05/2025,08:00,17:00,20,27,4519
SE-405863,LUM-PTA,PR-3012,2025-05-26,08:00,17:00,20,27,4073
SE-405864,LUM-PTA,PR-3013,2025-05-26,08:00,17:00,30,18,5678
SE-405865,LUM-UMH,PR-3014,2025-05-26,08:00,17:00,20,27,3616
SE-405866,LUM-UMH,PR-3015,2025-05-26,08:00,17:00,30,18,4817
SE-405867,LUM-UMH,PR-3016,26/05/2025,08:00,17:00,30,18,3166
SE-405868,LUM-UMH,PR-3017,2025-05-26,08:00,17:00,25,21,7465
SE-405869,LUM-UMH,PR-3018,26/05/2025,08:00,17:00,20,27,3765
SE-405870,LUM-CLR,PR-3019,2025-05-26,08:00,17:00,20,27,4416
SE-405871,LUM-CLR,PR-3020,2025-05-26,08:00,17:00,30,18,3302
SE-405872,LUM-CLR,PR-3021,2025-05-26,08:00,17:00,20,27,4210
SE-405873,LUM-CLR,PR-3022,26/05/2025,08:00,17:00,20,27,4199
SE-405874,LUM-CLR,PR-3023,26/05/2025,08:00,17:00,20,27,3940
SE-405875,LUM-CLR,PR-3024,2025-05-26,08:00,17:00,20,27,4215
SE-405876,LUM-GQE,PR-3025,2025-05-26,08:00,17:00,20,27,3480
SE-405877,LUM-GQE,PR-3026,2025-05-26,08:00,17:00,20,27,4421
SE-405878,LUM-GQE,PR-3027,2025-05-26,08:00,17:00,30,18,5152
SE-405879,LUM-GQE,PR-3028,26/05/2025,08:00,17:00,20,27,4210
SE-405880,LUM-BFN,PR-3029,26/05/2025,08:00,17:00,30,18,4817
SE-405881,LUM-BFN,PR-3030,2025-05-26,08:00,17:00,30,18,2885
SE-405882,LUM-BFN,PR-3031,2025-05-26,08:00,17:00,30,18,3256
SE-405883,LUM-BFN,PR-3032,26/05/2025,08:00,17:00,30,18,2779
SE-405884,LUM-SAN,PR-3001,2025-05-27,08:00,17:00,20,27,4207
SE-405885,LUM-SAN,PR-3002,27/05/2025,08:00,17:00,30,18,5987
SE-405886,LUM-SAN,PR-3003,2025-05-27,08:00,17:00,20,27,3679
SE-405887,LUM-SAN,PR-3005,2025-05-27,08:00,17:00,20,27,4234
SE-405888,LUM-SAN,PR-3006,27/05/2025,08:00,17:00,30,18,3134
SE-405889,LUM-SAN,PR-3007,2025-05-27,08:00,17:00,45,12,6711
SE-405890,LUM-PTA,PR-3008,2025-05-27,08:00,17:00,20,27,3803
SE-405891,LUM-PTA,PR-3009,2025-05-27,08:00,17:00,25,21,8221
SE-405892,LUM-PTA,PR-3010,2025-05-27,08:00,17:00,30,18,5602
SE-405893,LUM-PTA,PR-3011,2025-05-27,08:00,17:00,20,27,4519
SE-405894,LUM-PTA,PR-3012,2025-05-27,08:00,17:00,20,27,4073
SE-405895,LUM-PTA,PR-3013,2025-05-27,08:00,17:00,30,18,5678
SE-405896,LUM-UMH,PR-3014,2025-05-27,08:00,17:00,20,27,3616
SE-405897,LUM-UMH,PR-3016,2025-05-27,08:00,17:00,30,18,3166
SE-405898,LUM-UMH,PR-3017,27/05/2025,08:00,17:00,25,21,7465
SE-405899,LUM-UMH,PR-3018,2025-05-27,08:00,17:00,20,27,3765
SE-405900,LUM-CLR,PR-3019,27/05/2025,08:00,17:00,20,27,4416
SE-405901,LUM-CLR,PR-3020,27/05/2025,08:00,17:00,30,18,3302
SE-405902,LUM-CLR,PR-3021,2025-05-27,08:00,17:00,20,27,4210
SE-405903,LUM-CLR,PR-3022,2025-05-27,08:00,17:00,20,27,4199
SE-405904,LUM-CLR,PR-3023,27/05/2025,08:00,17:00,20,27,3940
SE-405905,LUM-CLR,PR-3024,2025-05-27,08:00,17:00,20,27,4215
SE-405906,LUM-GQE,PR-3025,2025-05-27,08:00,17:00,20,27,3480
SE-405907,LUM-GQE,PR-3026,27/05/2025,08:00,17:00,20,27,4421
SE-405908,LUM-GQE,PR-3027,2025-05-27,08:00,17:00,30,18,5152
SE-405909,LUM-GQE,PR-3028,27/05/2025,08:00,17:00,20,27,4210
SE-405910,LUM-BFN,PR-3029,27/05/2025,08:00,17:00,30,18,4817
SE-405911,LUM-BFN,PR-3030,2025-05-27,08:00,17:00,30,18,2885
SE-405912,LUM-BFN,PR-3031,2025-05-27,08:00,17:00,30,18,3256
SE-405913,LUM-BFN,PR-3032,2025-05-27,08:00,17:00,30,18,2779
SE-405914,LUM-SAN,PR-3001,2025-05-28,08:00,17:00,20,27,4207
SE-405915,LUM-SAN,PR-3002,28/05/2025,08:00,17:00,30,18,5987
SE-405916,LUM-SAN,PR-3003,2025-05-28,08:00,17:00,20,27,3679
SE-405917,LUM-SAN,PR-3005,2025-05-28,08:00,17:00,20,27,4234
SE-405918,LUM-SAN,PR-3006,2025-05-28,08:00,17:00,30,18,3134
SE-405919,LUM-SAN,PR-3007,2025-05-28,08:00,17:00,45,12,6711
SE-405920,LUM-PTA,PR-3008,2025-05-28,08:00,17:00,20,27,3803
SE-405921,LUM-PTA,PR-3009,2025-05-28,08:00,17:00,25,21,8221
SE-405922,LUM-PTA,PR-3010,28/05/2025,08:00,17:00,30,18,5602
SE-405923,LUM-PTA,PR-3011,2025-05-28,08:00,17:00,20,27,4519
SE-405924,LUM-PTA,PR-3012,2025-05-28,08:00,17:00,20,27,4073
SE-405925,LUM-PTA,PR-3013,28/05/2025,08:00,17:00,30,18,5678
SE-405926,LUM-UMH,PR-3014,2025-05-28,08:00,17:00,20,27,3616
SE-405927,LUM-UMH,PR-3015,2025-05-28,08:00,17:00,30,18,4817
SE-405928,LUM-UMH,PR-3016,2025-05-28,08:00,17:00,30,18,3166
SE-405929,LUM-UMH,PR-3017,2025-05-28,08:00,17:00,25,21,7465
SE-405930,LUM-UMH,PR-3018,2025-05-28,08:00,17:00,20,27,3765
SE-405931,LUM-CLR,PR-3019,28/05/2025,08:00,17:00,20,27,4416
SE-405932,LUM-CLR,PR-3021,2025-05-28,08:00,17:00,20,27,4210
SE-405933,LUM-CLR,PR-3022,28/05/2025,08:00,17:00,20,27,4199
SE-405934,LUM-CLR,PR-3023,28/05/2025,08:00,17:00,20,27,3940
SE-405935,LUM-CLR,PR-3024,2025-05-28,08:00,17:00,20,27,4215
SE-405936,LUM-GQE,PR-3025,2025-05-28,08:00,17:00,20,27,3480
SE-405937,LUM-GQE,PR-3026,2025-05-28,08:00,17:00,20,27,4421
SE-405938,LUM-GQE,PR-3027,2025-05-28,08:00,17:00,30,18,5152
SE-405939,LUM-GQE,PR-3028,28/05/2025,08:00,17:00,20,27,4210
SE-405940,LUM-BFN,PR-3029,2025-05-28,08:00,17:00,30,18,4817
SE-405941,LUM-BFN,PR-3030,2025-05-28,08:00,17:00,30,18,2885
SE-405942,LUM-BFN,PR-3032,28/05/2025,08:00,17:00,30,18,2779
SE-405943,LUM-SAN,PR-3001,29/05/2025,08:00,17:00,20,27,4207
SE-405944,LUM-SAN,PR-3003,2025-05-29,08:00,17:00,20,27,3679
SE-405945,LUM-SAN,PR-3004,2025-05-29,08:00,17:00,20,27,4117
SE-405946,LUM-SAN,PR-3005,2025-05-29,08:00,17:00,20,27,4234
SE-405947,LUM-SAN,PR-3006,2025-05-29,08:00,17:00,30,18,3134
SE-405948,LUM-SAN,PR-3007,29/05/2025,08:00,17:00,45,12,6711
SE-405949,LUM-PTA,PR-3008,2025-05-29,08:00,17:00,20,27,3803
SE-405950,LUM-PTA,PR-3009,2025-05-29,08:00,17:00,25,21,8221
SE-405951,LUM-PTA,PR-3010,2025-05-29,08:00,17:00,30,18,5602
SE-405952,LUM-PTA,PR-3011,2025-05-29,08:00,17:00,20,27,4519
SE-405953,LUM-PTA,PR-3012,2025-05-29,08:00,17:00,20,27,4073
SE-405954,LUM-PTA,PR-3013,2025-05-29,08:00,17:00,30,18,5678
SE-405955,LUM-UMH,PR-3014,2025-05-29,08:00,17:00,20,27,3616
SE-405956,LUM-UMH,PR-3015,2025-05-29,08:00,17:00,30,18,4817
SE-405957,LUM-UMH,PR-3016,29/05/2025,08:00,17:00,30,18,3166
SE-405958,LUM-UMH,PR-3018,29/05/2025,08:00,17:00,20,27,3765
SE-405959,LUM-CLR,PR-3019,2025-05-29,08:00,17:00,20,27,4416
SE-405960,LUM-CLR,PR-3021,2025-05-29,08:00,17:00,20,27,4210
SE-405961,LUM-CLR,PR-3022,2025-05-29,08:00,17:00,20,27,4199
SE-405962,LUM-CLR,PR-3023,2025-05-29,08:00,17:00,20,27,3940
SE-405963,LUM-CLR,PR-3024,2025-05-29,08:00,17:00,20,27,4215
SE-405964,LUM-GQE,PR-3025,2025-05-29,08:00,17:00,20,27,3480
SE-405965,LUM-GQE,PR-3026,2025-05-29,08:00,17:00,20,27,4421
SE-405966,LUM-GQE,PR-3027,2025-05-29,08:00,17:00,30,18,5152
SE-405967,LUM-GQE,PR-3028,2025-05-29,08:00,17:00,20,27,4210
SE-405968,LUM-BFN,PR-3029,2025-05-29,08:00,17:00,30,18,4817
SE-405969,LUM-BFN,PR-3030,2025-05-29,08:00,17:00,30,18,2885
SE-405970,LUM-BFN,PR-3032,29/05/2025,08:00,17:00,30,18,2779
SE-405971,LUM-SAN,PR-3001,2025-05-30,08:00,17:00,20,27,4207
SE-405972,LUM-SAN,PR-3002,30/05/2025,08:00,17:00,30,18,5987
SE-405973,LUM-SAN,PR-3003,2025-05-30,08:00,17:00,20,27,3679
SE-405974,LUM-SAN,PR-3004,2025-05-30,08:00,17:00,20,27,4117
SE-405975,LUM-SAN,PR-3005,2025-05-30,08:00,17:00,20,27,4234
SE-405976,LUM-SAN,PR-3006,30/05/2025,08:00,17:00,30,18,3134
SE-405977,LUM-PTA,PR-3008,2025-05-30,08:00,17:00,20,27,3803
SE-405978,LUM-PTA,PR-3009,2025-05-30,08:00,17:00,25,21,8221
SE-405979,LUM-PTA,PR-3010,2025-05-30,08:00,17:00,30,18,5602
SE-405980,LUM-PTA,PR-3011,2025-05-30,08:00,17:00,20,27,4519
SE-405981,LUM-PTA,PR-3012,2025-05-30,08:00,17:00,20,27,4073
SE-405982,LUM-PTA,PR-3013,2025-05-30,08:00,17:00,30,18,5678
SE-405983,LUM-UMH,PR-3014,30/05/2025,08:00,17:00,20,27,3616
SE-405984,LUM-UMH,PR-3015,2025-05-30,08:00,17:00,30,18,4817
SE-405985,LUM-UMH,PR-3016,2025-05-30,08:00,17:00,30,18,3166
SE-405986,LUM-UMH,PR-3017,30/05/2025,08:00,17:00,25,21,7465
SE-405987,LUM-UMH,PR-3018,2025-05-30,08:00,17:00,20,27,3765
SE-405988,LUM-CLR,PR-3019,2025-05-30,08:00,17:00,20,27,4416
SE-405989,LUM-CLR,PR-3020,30/05/2025,08:00,17:00,30,18,3302
SE-405990,LUM-CLR,PR-3021,30/05/2025,08:00,17:00,20,27,4210
SE-405991,LUM-CLR,PR-3022,30/05/2025,08:00,17:00,20,27,4199
SE-405992,LUM-CLR,PR-3023,2025-05-30,08:00,17:00,20,27,3940
SE-405993,LUM-CLR,PR-3024,2025-05-30,08:00,17:00,20,27,4215
SE-405994,LUM-GQE,PR-3025,30/05/2025,08:00,17:00,20,27,3480
SE-405995,LUM-GQE,PR-3026,30/05/2025,08:00,17:00,20,27,4421
SE-405996,LUM-GQE,PR-3027,2025-05-30,08:00,17:00,30,18,5152
SE-405997,LUM-BFN,PR-3029,30/05/2025,08:00,17:00,30,18,4817
SE-405998,LUM-BFN,PR-3030,2025-05-30,08:00,17:00,30,18,2885
SE-405999,LUM-BFN,PR-3031,2025-05-30,08:00,17:00,30,18,3256
SE-406000,LUM-BFN,PR-3032,2025-05-30,08:00,17:00,30,18,2779
SE-406001,LUM-SAN,PR-3003,31/05/2025,08:00,13:00,20,15,2043.89
SE-406002,LUM-SAN,PR-3004,2025-05-31,08:00,13:00,20,15,2287.22
SE-406003,LUM-SAN,PR-3005,31/05/2025,08:00,13:00,20,15,2352.22
SE-406004,LUM-SAN,PR-3007,2025-05-31,08:00,13:00,45,6,3728.33
SE-406005,LUM-PTA,PR-3008,2025-05-31,08:00,13:00,20,15,2112.78
SE-406006,LUM-PTA,PR-3009,2025-05-31,08:00,13:00,25,12,4567.22
SE-406007,LUM-PTA,PR-3012,31/05/2025,08:00,13:00,20,15,2262.78
SE-406008,LUM-UMH,PR-3014,2025-05-31,08:00,13:00,20,15,2008.89
SE-406009,LUM-UMH,PR-3015,2025-05-31,08:00,13:00,30,10,2676.11
SE-406010,LUM-UMH,PR-3017,2025-05-31,08:00,13:00,25,12,4147.22
SE-406011,LUM-CLR,PR-3020,2025-05-31,08:00,13:00,30,10,1834.44
SE-406012,LUM-CLR,PR-3021,31/05/2025,08:00,13:00,20,15,2338.89
SE-406013,LUM-CLR,PR-3024,31/05/2025,08:00,13:00,20,15,2341.67
SE-406014,LUM-GQE,PR-3026,2025-05-31,08:00,13:00,20,15,2456.11
SE-406015,LUM-BFN,PR-3031,2025-05-31,08:00,13:00,30,10,1808.89
SE-406016,LUM-SAN,PR-3001,2025-06-02,08:00,17:00,20,27,4207
SE-406017,LUM-SAN,PR-3002,2025-06-02,08:00,17:00,30,18,5987
SE-406018,LUM-SAN,PR-3003,2025-06-02,08:00,17:00,20,27,3679
SE-406019,LUM-SAN,PR-3004,02/06/2025,08:00,17:00,20,27,4117
SE-406020,LUM-SAN,PR-3005,2025-06-02,08:00,17:00,20,27,4234
SE-406021,LUM-SAN,PR-3006,2025-06-02,08:00,17:00,30,18,3134
SE-406022,LUM-SAN,PR-3007,2025-06-02,08:00,17:00,45,12,6711
SE-406023,LUM-PTA,PR-3008,02/06/2025,08:00,17:00,20,27,3803
SE-406024,LUM-PTA,PR-3009,2025-06-02,08:00,17:00,25,21,8221
SE-406025,LUM-PTA,PR-3010,2025-06-02,08:00,17:00,30,18,5602
SE-406026,LUM-PTA,PR-3011,2025-06-02,08:00,17:00,20,27,4519
SE-406027,LUM-PTA,PR-3012,2025-06-02,08:00,17:00,20,27,4073
SE-406028,LUM-PTA,PR-3013,02/06/2025,08:00,17:00,30,18,5678
SE-406029,LUM-UMH,PR-3014,2025-06-02,08:00,17:00,20,27,3616
SE-406030,LUM-UMH,PR-3015,02/06/2025,08:00,17:00,30,18,4817
SE-406031,LUM-UMH,PR-3016,2025-06-02,08:00,17:00,30,18,3166
SE-406032,LUM-UMH,PR-3017,2025-06-02,08:00,17:00,25,21,7465
SE-406033,LUM-UMH,PR-3018,2025-06-02,08:00,17:00,20,27,3765
SE-406034,LUM-CLR,PR-3019,02/06/2025,08:00,17:00,20,27,4416
SE-406035,LUM-CLR,PR-3020,02/06/2025,08:00,17:00,30,18,3302
SE-406036,LUM-CLR,PR-3021,2025-06-02,08:00,17:00,20,27,4210
SE-406037,LUM-CLR,PR-3022,02/06/2025,08:00,17:00,20,27,4199
SE-406038,LUM-CLR,PR-3023,2025-06-02,08:00,17:00,20,27,3940
SE-406039,LUM-GQE,PR-3026,2025-06-02,08:00,17:00,20,27,4421
SE-406040,LUM-GQE,PR-3027,02/06/2025,08:00,17:00,30,18,5152
SE-406041,LUM-GQE,PR-3028,2025-06-02,08:00,17:00,20,27,4210
SE-406042,LUM-BFN,PR-3029,2025-06-02,08:00,17:00,30,18,4817
SE-406043,LUM-BFN,PR-3030,2025-06-02,08:00,17:00,30,18,2885
SE-406044,LUM-BFN,PR-3031,2025-06-02,08:00,17:00,30,18,3256
SE-406045,LUM-BFN,PR-3032,2025-06-02,08:00,17:00,30,18,2779
SE-406046,LUM-SAN,PR-3001,03/06/2025,08:00,17:00,20,27,4207
SE-406047,LUM-SAN,PR-3002,2025-06-03,08:00,17:00,30,18,5987
SE-406048,LUM-SAN,PR-3003,2025-06-03,08:00,17:00,20,27,3679
SE-406049,LUM-SAN,PR-3004,03/06/2025,08:00,17:00,20,27,4117
SE-406050,LUM-SAN,PR-3005,03/06/2025,08:00,17:00,20,27,4234
SE-406051,LUM-SAN,PR-3006,2025-06-03,08:00,17:00,30,18,3134
SE-406052,LUM-SAN,PR-3007,03/06/2025,08:00,17:00,45,12,6711
SE-406053,LUM-PTA,PR-3008,2025-06-03,08:00,17:00,20,27,3803
SE-406054,LUM-PTA,PR-3009,2025-06-03,08:00,17:00,25,21,8221
SE-406055,LUM-PTA,PR-3011,2025-06-03,08:00,17:00,20,27,4519
SE-406056,LUM-PTA,PR-3012,2025-06-03,08:00,17:00,20,27,4073
SE-406057,LUM-PTA,PR-3013,2025-06-03,08:00,17:00,30,18,5678
SE-406058,LUM-UMH,PR-3014,03/06/2025,08:00,17:00,20,27,3616
SE-406059,LUM-UMH,PR-3015,2025-06-03,08:00,17:00,30,18,4817
SE-406060,LUM-UMH,PR-3016,03/06/2025,08:00,17:00,30,18,3166
SE-406061,LUM-UMH,PR-3017,03/06/2025,08:00,17:00,25,21,7465
SE-406062,LUM-UMH,PR-3018,2025-06-03,08:00,17:00,20,27,3765
SE-406063,LUM-CLR,PR-3019,2025-06-03,08:00,17:00,20,27,4416
SE-406064,LUM-CLR,PR-3021,2025-06-03,08:00,17:00,20,27,4210
SE-406065,LUM-CLR,PR-3022,03/06/2025,08:00,17:00,20,27,4199
SE-406066,LUM-CLR,PR-3023,2025-06-03,08:00,17:00,20,27,3940
SE-406067,LUM-CLR,PR-3024,2025-06-03,08:00,17:00,20,27,4215
SE-406068,LUM-GQE,PR-3025,2025-06-03,08:00,17:00,20,27,3480
SE-406069,LUM-GQE,PR-3026,2025-06-03,08:00,17:00,20,27,4421
SE-406070,LUM-GQE,PR-3027,2025-06-03,08:00,17:00,30,18,5152
SE-406071,LUM-BFN,PR-3030,2025-06-03,08:00,17:00,30,18,2885
SE-406072,LUM-BFN,PR-3032,2025-06-03,08:00,17:00,30,18,2779
SE-406073,LUM-SAN,PR-3002,2025-06-04,08:00,17:00,30,18,5987
SE-406074,LUM-SAN,PR-3003,2025-06-04,08:00,17:00,20,27,3679
SE-406075,LUM-SAN,PR-3004,2025-06-04,08:00,17:00,20,27,4117
SE-406076,LUM-SAN,PR-3005,2025-06-04,08:00,17:00,20,27,4234
SE-406077,LUM-SAN,PR-3006,04/06/2025,08:00,17:00,30,18,3134
SE-406078,LUM-SAN,PR-3007,2025-06-04,08:00,17:00,45,12,6711
SE-406079,LUM-PTA,PR-3008,2025-06-04,08:00,17:00,20,27,3803
SE-406080,LUM-PTA,PR-3009,2025-06-04,08:00,17:00,25,21,8221
SE-406081,LUM-PTA,PR-3010,2025-06-04,08:00,17:00,30,18,5602
SE-406082,LUM-PTA,PR-3011,2025-06-04,08:00,17:00,20,27,4519
SE-406083,LUM-PTA,PR-3012,2025-06-04,08:00,17:00,20,27,4073
SE-406084,LUM-PTA,PR-3013,2025-06-04,08:00,17:00,30,18,5678
SE-406085,LUM-UMH,PR-3014,2025-06-04,08:00,17:00,20,27,3616
SE-406086,LUM-UMH,PR-3015,2025-06-04,08:00,17:00,30,18,4817
SE-406087,LUM-UMH,PR-3016,2025-06-04,08:00,17:00,30,18,3166
SE-406088,LUM-UMH,PR-3017,2025-06-04,08:00,17:00,25,21,7465
SE-406089,LUM-UMH,PR-3018,2025-06-04,08:00,17:00,20,27,3765
SE-406090,LUM-CLR,PR-3019,04/06/2025,08:00,17:00,20,27,4416
SE-406091,LUM-CLR,PR-3020,2025-06-04,08:00,17:00,30,18,3302
SE-406092,LUM-CLR,PR-3023,2025-06-04,08:00,17:00,20,27,3940
SE-406093,LUM-CLR,PR-3024,2025-06-04,08:00,17:00,20,27,4215
SE-406094,LUM-GQE,PR-3025,04/06/2025,08:00,17:00,20,27,3480
SE-406095,LUM-GQE,PR-3026,04/06/2025,08:00,17:00,20,27,4421
SE-406096,LUM-GQE,PR-3027,2025-06-04,08:00,17:00,30,18,5152
SE-406097,LUM-GQE,PR-3028,2025-06-04,08:00,17:00,20,27,4210
SE-406098,LUM-BFN,PR-3029,2025-06-04,08:00,17:00,30,18,4817
SE-406099,LUM-BFN,PR-3030,04/06/2025,08:00,17:00,30,18,2885
SE-406100,LUM-BFN,PR-3031,2025-06-04,08:00,17:00,30,18,3256
SE-406101,LUM-BFN,PR-3032,2025-06-04,08:00,17:00,30,18,2779
SE-406102,LUM-SAN,PR-3001,2025-06-05,08:00,17:00,20,27,4207
SE-406103,LUM-SAN,PR-3002,2025-06-05,08:00,17:00,30,18,5987
SE-406104,LUM-SAN,PR-3003,2025-06-05,08:00,17:00,20,27,3679
SE-406105,LUM-SAN,PR-3004,05/06/2025,08:00,17:00,20,27,4117
SE-406106,LUM-SAN,PR-3005,2025-06-05,08:00,17:00,20,27,4234
SE-406107,LUM-SAN,PR-3006,2025-06-05,08:00,17:00,30,18,3134
SE-406108,LUM-SAN,PR-3007,2025-06-05,08:00,17:00,45,12,6711
SE-406109,LUM-PTA,PR-3009,2025-06-05,08:00,17:00,25,21,8221
SE-406110,LUM-PTA,PR-3010,2025-06-05,08:00,17:00,30,18,5602
SE-406111,LUM-PTA,PR-3011,05/06/2025,08:00,17:00,20,27,4519
SE-406112,LUM-PTA,PR-3012,05/06/2025,08:00,17:00,20,27,4073
SE-406113,LUM-PTA,PR-3013,2025-06-05,08:00,17:00,30,18,5678
SE-406114,LUM-UMH,PR-3014,05/06/2025,08:00,17:00,20,27,3616
SE-406115,LUM-UMH,PR-3017,2025-06-05,08:00,17:00,25,21,7465
SE-406116,LUM-UMH,PR-3018,05/06/2025,08:00,17:00,20,27,3765
SE-406117,LUM-CLR,PR-3019,2025-06-05,08:00,17:00,20,27,4416
SE-406118,LUM-CLR,PR-3020,2025-06-05,08:00,17:00,30,18,3302
SE-406119,LUM-CLR,PR-3021,05/06/2025,08:00,17:00,20,27,4210
SE-406120,LUM-CLR,PR-3022,2025-06-05,08:00,17:00,20,27,4199
SE-406121,LUM-CLR,PR-3023,05/06/2025,08:00,17:00,20,27,3940
SE-406122,LUM-CLR,PR-3024,2025-06-05,08:00,17:00,20,27,4215
SE-406123,LUM-GQE,PR-3025,2025-06-05,08:00,17:00,20,27,3480
SE-406124,LUM-GQE,PR-3026,2025-06-05,08:00,17:00,20,27,4421
SE-406125,LUM-GQE,PR-3027,2025-06-05,08:00,17:00,30,18,5152
SE-406126,LUM-GQE,PR-3028,2025-06-05,08:00,17:00,20,27,4210
SE-406127,LUM-BFN,PR-3029,2025-06-05,08:00,17:00,30,18,4817
SE-406128,LUM-BFN,PR-3031,05/06/2025,08:00,17:00,30,18,3256
SE-406129,LUM-BFN,PR-3032,2025-06-05,08:00,17:00,30,18,2779
SE-406130,LUM-SAN,PR-3001,2025-06-06,08:00,17:00,20,27,4207
SE-406131,LUM-SAN,PR-3002,2025-06-06,08:00,17:00,30,18,5987
SE-406132,LUM-SAN,PR-3003,2025-06-06,08:00,17:00,20,27,3679
SE-406133,LUM-SAN,PR-3004,2025-06-06,08:00,17:00,20,27,4117
SE-406134,LUM-SAN,PR-3005,2025-06-06,08:00,17:00,20,27,4234
SE-406135,LUM-SAN,PR-3006,2025-06-06,08:00,17:00,30,18,3134
SE-406136,LUM-SAN,PR-3007,06/06/2025,08:00,17:00,45,12,6711
SE-406137,LUM-PTA,PR-3008,06/06/2025,08:00,17:00,20,27,3803
SE-406138,LUM-PTA,PR-3009,2025-06-06,08:00,17:00,25,21,8221
SE-406139,LUM-PTA,PR-3010,2025-06-06,08:00,17:00,30,18,5602
SE-406140,LUM-PTA,PR-3011,06/06/2025,08:00,17:00,20,27,4519
SE-406141,LUM-PTA,PR-3012,2025-06-06,08:00,17:00,20,27,4073
SE-406142,LUM-PTA,PR-3013,2025-06-06,08:00,17:00,30,18,5678
SE-406143,LUM-UMH,PR-3014,06/06/2025,08:00,17:00,20,27,3616
SE-406144,LUM-UMH,PR-3015,2025-06-06,08:00,17:00,30,18,4817
SE-406145,LUM-UMH,PR-3016,2025-06-06,08:00,17:00,30,18,3166
SE-406146,LUM-UMH,PR-3018,2025-06-06,08:00,17:00,20,27,3765
SE-406147,LUM-CLR,PR-3019,2025-06-06,08:00,17:00,20,27,4416
SE-406148,LUM-CLR,PR-3020,06/06/2025,08:00,17:00,30,18,3302
SE-406149,LUM-CLR,PR-3021,2025-06-06,08:00,17:00,20,27,4210
SE-406150,LUM-CLR,PR-3022,06/06/2025,08:00,17:00,20,27,4199
SE-406151,LUM-CLR,PR-3023,2025-06-06,08:00,17:00,20,27,3940
SE-406152,LUM-CLR,PR-3024,2025-06-06,08:00,17:00,20,27,4215
SE-406153,LUM-GQE,PR-3025,2025-06-06,08:00,17:00,20,27,3480
SE-406154,LUM-GQE,PR-3026,2025-06-06,08:00,17:00,20,27,4421
SE-406155,LUM-GQE,PR-3027,2025-06-06,08:00,17:00,30,18,5152
SE-406156,LUM-GQE,PR-3028,2025-06-06,08:00,17:00,20,27,4210
SE-406157,LUM-BFN,PR-3029,2025-06-06,08:00,17:00,30,18,4817
SE-406158,LUM-BFN,PR-3030,2025-06-06,08:00,17:00,30,18,2885
SE-406159,LUM-BFN,PR-3031,2025-06-06,08:00,17:00,30,18,3256
SE-406160,LUM-BFN,PR-3032,2025-06-06,08:00,17:00,30,18,2779
SE-406161,LUM-SAN,PR-3001,07/06/2025,08:00,13:00,20,15,2337.22
SE-406162,LUM-SAN,PR-3003,2025-06-07,08:00,13:00,20,15,2043.89
SE-406163,LUM-PTA,PR-3009,2025-06-07,08:00,13:00,25,12,4567.22
SE-406164,LUM-PTA,PR-3010,07/06/2025,08:00,13:00,30,10,3112.22
SE-406165,LUM-PTA,PR-3011,2025-06-07,08:00,13:00,20,15,2510.56
SE-406166,LUM-PTA,PR-3013,2025-06-07,08:00,13:00,30,10,3154.44
SE-406167,LUM-UMH,PR-3015,2025-06-07,08:00,13:00,30,10,2676.11
SE-406168,LUM-UMH,PR-3017,2025-06-07,08:00,13:00,25,12,4147.22
SE-406169,LUM-UMH,PR-3018,2025-06-07,08:00,13:00,20,15,2091.67
SE-406170,LUM-CLR,PR-3022,07/06/2025,08:00,13:00,20,15,2332.78
SE-406171,LUM-CLR,PR-3023,07/06/2025,08:00,13:00,20,15,2188.89
SE-406172,LUM-GQE,PR-3025,2025-06-07,08:00,13:00,20,15,1933.33
SE-406173,LUM-GQE,PR-3026,2025-06-07,08:00,13:00,20,15,2456.11
SE-406174,LUM-GQE,PR-3028,2025-06-07,08:00,13:00,20,15,2338.89
SE-406175,LUM-BFN,PR-3030,2025-06-07,08:00,13:00,30,10,1602.78
SE-406176,LUM-BFN,PR-3031,07/06/2025,08:00,13:00,30,10,1808.89
SE-406177,LUM-SAN,PR-3001,2025-06-09,08:00,17:00,20,27,4207
SE-406178,LUM-SAN,PR-3002,09/06/2025,08:00,17:00,30,18,5987
SE-406179,LUM-SAN,PR-3003,2025-06-09,08:00,17:00,20,27,3679
SE-406180,LUM-SAN,PR-3004,2025-06-09,08:00,17:00,20,27,4117
SE-406181,LUM-SAN,PR-3005,2025-06-09,08:00,17:00,20,27,4234
SE-406182,LUM-SAN,PR-3007,2025-06-09,08:00,17:00,45,12,6711
SE-406183,LUM-PTA,PR-3008,2025-06-09,08:00,17:00,20,27,3803
SE-406184,LUM-PTA,PR-3009,2025-06-09,08:00,17:00,25,21,8221
SE-406185,LUM-PTA,PR-3010,2025-06-09,08:00,17:00,30,18,5602
SE-406186,LUM-PTA,PR-3011,2025-06-09,08:00,17:00,20,27,4519
SE-406187,LUM-PTA,PR-3012,2025-06-09,08:00,17:00,20,27,4073
SE-406188,LUM-PTA,PR-3013,2025-06-09,08:00,17:00,30,18,5678
SE-406189,LUM-UMH,PR-3014,2025-06-09,08:00,17:00,20,27,3616
SE-406190,LUM-UMH,PR-3015,09/06/2025,08:00,17:00,30,18,4817
SE-406191,LUM-UMH,PR-3017,09/06/2025,08:00,17:00,25,21,7465
SE-406192,LUM-UMH,PR-3018,09/06/2025,08:00,17:00,20,27,3765
SE-406193,LUM-CLR,PR-3019,2025-06-09,08:00,17:00,20,27,4416
SE-406194,LUM-CLR,PR-3021,09/06/2025,08:00,17:00,20,27,4210
SE-406195,LUM-CLR,PR-3023,09/06/2025,08:00,17:00,20,27,3940
SE-406196,LUM-CLR,PR-3024,2025-06-09,08:00,17:00,20,27,4215
SE-406197,LUM-GQE,PR-3025,09/06/2025,08:00,17:00,20,27,3480
SE-406198,LUM-GQE,PR-3026,2025-06-09,08:00,17:00,20,27,4421
SE-406199,LUM-GQE,PR-3027,2025-06-09,08:00,17:00,30,18,5152
SE-406200,LUM-BFN,PR-3029,09/06/2025,08:00,17:00,30,18,4817
SE-406201,LUM-BFN,PR-3030,2025-06-09,08:00,17:00,30,18,2885
SE-406202,LUM-BFN,PR-3031,2025-06-09,08:00,17:00,30,18,3256
SE-406203,LUM-BFN,PR-3032,2025-06-09,08:00,17:00,30,18,2779
SE-406204,LUM-SAN,PR-3002,2025-06-10,08:00,17:00,30,18,5987
SE-406205,LUM-SAN,PR-3003,2025-06-10,08:00,17:00,20,27,3679
SE-406206,LUM-SAN,PR-3004,2025-06-10,08:00,17:00,20,27,4117
SE-406207,LUM-SAN,PR-3006,2025-06-10,08:00,17:00,30,18,3134
SE-406208,LUM-SAN,PR-3007,2025-06-10,08:00,17:00,45,12,6711
SE-406209,LUM-PTA,PR-3008,2025-06-10,08:00,17:00,20,27,3803
SE-406210,LUM-PTA,PR-3009,10/06/2025,08:00,17:00,25,21,8221
SE-406211,LUM-PTA,PR-3010,2025-06-10,08:00,17:00,30,18,5602
SE-406212,LUM-PTA,PR-3011,10/06/2025,08:00,17:00,20,27,4519
SE-406213,LUM-PTA,PR-3012,2025-06-10,08:00,17:00,20,27,4073
SE-406214,LUM-PTA,PR-3013,2025-06-10,08:00,17:00,30,18,5678
SE-406215,LUM-UMH,PR-3014,2025-06-10,08:00,17:00,20,27,3616
SE-406216,LUM-UMH,PR-3015,2025-06-10,08:00,17:00,30,18,4817
SE-406217,LUM-UMH,PR-3017,2025-06-10,08:00,17:00,25,21,7465
SE-406218,LUM-UMH,PR-3018,2025-06-10,08:00,17:00,20,27,3765
SE-406219,LUM-CLR,PR-3019,10/06/2025,08:00,17:00,20,27,4416
SE-406220,LUM-CLR,PR-3020,2025-06-10,08:00,17:00,30,18,3302
SE-406221,LUM-CLR,PR-3022,10/06/2025,08:00,17:00,20,27,4199
SE-406222,LUM-CLR,PR-3023,2025-06-10,08:00,17:00,20,27,3940
SE-406223,LUM-CLR,PR-3024,2025-06-10,08:00,17:00,20,27,4215
SE-406224,LUM-GQE,PR-3025,2025-06-10,08:00,17:00,20,27,3480
SE-406225,LUM-GQE,PR-3026,2025-06-10,08:00,17:00,20,27,4421
SE-406226,LUM-GQE,PR-3027,2025-06-10,08:00,17:00,30,18,5152
SE-406227,LUM-GQE,PR-3028,2025-06-10,08:00,17:00,20,27,4210
SE-406228,LUM-BFN,PR-3029,10/06/2025,08:00,17:00,30,18,4817
SE-406229,LUM-BFN,PR-3030,2025-06-10,08:00,17:00,30,18,2885
SE-406230,LUM-BFN,PR-3031,2025-06-10,08:00,17:00,30,18,3256
SE-406231,LUM-BFN,PR-3032,2025-06-10,08:00,17:00,30,18,2779
SE-406232,LUM-SAN,PR-3004,2025-06-11,08:00,17:00,20,27,4117
SE-406233,LUM-SAN,PR-3005,2025-06-11,08:00,17:00,20,27,4234
SE-406234,LUM-SAN,PR-3006,2025-06-11,08:00,17:00,30,18,3134
SE-406235,LUM-SAN,PR-3007,2025-06-11,08:00,17:00,45,12,6711
SE-406236,LUM-PTA,PR-3008,11/06/2025,08:00,17:00,20,27,3803
SE-406237,LUM-PTA,PR-3009,2025-06-11,08:00,17:00,25,21,8221
SE-406238,LUM-PTA,PR-3010,11/06/2025,08:00,17:00,30,18,5602
SE-406239,LUM-PTA,PR-3011,11/06/2025,08:00,17:00,20,27,4519
SE-406240,LUM-PTA,PR-3012,11/06/2025,08:00,17:00,20,27,4073
SE-406241,LUM-PTA,PR-3013,11/06/2025,08:00,17:00,30,18,5678
SE-406242,LUM-UMH,PR-3014,2025-06-11,08:00,17:00,20,27,3616
SE-406243,LUM-UMH,PR-3015,2025-06-11,08:00,17:00,30,18,4817
SE-406244,LUM-UMH,PR-3016,2025-06-11,08:00,17:00,30,18,3166
SE-406245,LUM-UMH,PR-3018,2025-06-11,08:00,17:00,20,27,3765
SE-406246,LUM-CLR,PR-3019,2025-06-11,08:00,17:00,20,27,4416
SE-406247,LUM-CLR,PR-3020,2025-06-11,08:00,17:00,30,18,3302
SE-406248,LUM-CLR,PR-3021,11/06/2025,08:00,17:00,20,27,4210
SE-406249,LUM-CLR,PR-3022,2025-06-11,08:00,17:00,20,27,4199
SE-406250,LUM-CLR,PR-3023,2025-06-11,08:00,17:00,20,27,3940
SE-406251,LUM-CLR,PR-3024,2025-06-11,08:00,17:00,20,27,4215
SE-406252,LUM-GQE,PR-3025,2025-06-11,08:00,17:00,20,27,3480
SE-406253,LUM-GQE,PR-3026,11/06/2025,08:00,17:00,20,27,4421
SE-406254,LUM-GQE,PR-3027,11/06/2025,08:00,17:00,30,18,5152
SE-406255,LUM-GQE,PR-3028,2025-06-11,08:00,17:00,20,27,4210
SE-406256,LUM-BFN,PR-3029,11/06/2025,08:00,17:00,30,18,4817
SE-406257,LUM-BFN,PR-3030,2025-06-11,08:00,17:00,30,18,2885
SE-406258,LUM-BFN,PR-3031,11/06/2025,08:00,17:00,30,18,3256
SE-406259,LUM-BFN,PR-3032,2025-06-11,08:00,17:00,30,18,2779
SE-406260,LUM-SAN,PR-3001,2025-06-12,08:00,17:00,20,27,4207
SE-406261,LUM-SAN,PR-3002,2025-06-12,08:00,17:00,30,18,5987
SE-406262,LUM-SAN,PR-3003,12/06/2025,08:00,17:00,20,27,3679
SE-406263,LUM-SAN,PR-3004,2025-06-12,08:00,17:00,20,27,4117
SE-406264,LUM-SAN,PR-3005,2025-06-12,08:00,17:00,20,27,4234
SE-406265,LUM-SAN,PR-3006,12/06/2025,08:00,17:00,30,18,3134
SE-406266,LUM-SAN,PR-3007,2025-06-12,08:00,17:00,45,12,6711
SE-406267,LUM-PTA,PR-3009,2025-06-12,08:00,17:00,25,21,8221
SE-406268,LUM-PTA,PR-3010,12/06/2025,08:00,17:00,30,18,5602
SE-406269,LUM-PTA,PR-3011,12/06/2025,08:00,17:00,20,27,4519
SE-406270,LUM-PTA,PR-3012,12/06/2025,08:00,17:00,20,27,4073
SE-406271,LUM-UMH,PR-3014,2025-06-12,08:00,17:00,20,27,3616
SE-406272,LUM-UMH,PR-3015,2025-06-12,08:00,17:00,30,18,4817
SE-406273,LUM-UMH,PR-3016,2025-06-12,08:00,17:00,30,18,3166
SE-406274,LUM-UMH,PR-3017,2025-06-12,08:00,17:00,25,21,7465
SE-406275,LUM-UMH,PR-3018,2025-06-12,08:00,17:00,20,27,3765
SE-406276,LUM-CLR,PR-3019,2025-06-12,08:00,17:00,20,27,4416
SE-406277,LUM-CLR,PR-3020,2025-06-12,08:00,17:00,30,18,3302
SE-406278,LUM-CLR,PR-3021,2025-06-12,08:00,17:00,20,27,4210
SE-406279,LUM-CLR,PR-3023,2025-06-12,08:00,17:00,20,27,3940
SE-406280,LUM-CLR,PR-3024,2025-06-12,08:00,17:00,20,27,4215
SE-406281,LUM-GQE,PR-3025,2025-06-12,08:00,17:00,20,27,3480
SE-406282,LUM-GQE,PR-3026,12/06/2025,08:00,17:00,20,27,4421
SE-406283,LUM-GQE,PR-3027,2025-06-12,08:00,17:00,30,18,5152
SE-406284,LUM-GQE,PR-3028,12/06/2025,08:00,17:00,20,27,4210
SE-406285,LUM-BFN,PR-3029,2025-06-12,08:00,17:00,30,18,4817
SE-406286,LUM-BFN,PR-3030,12/06/2025,08:00,17:00,30,18,2885
SE-406287,LUM-BFN,PR-3032,2025-06-12,08:00,17:00,30,18,2779
SE-406288,LUM-SAN,PR-3001,2025-06-13,08:00,17:00,20,27,4207
SE-406289,LUM-SAN,PR-3002,13/06/2025,08:00,17:00,30,18,5987
SE-406290,LUM-SAN,PR-3003,13/06/2025,08:00,17:00,20,27,3679
SE-406291,LUM-SAN,PR-3004,2025-06-13,08:00,17:00,20,27,4117
SE-406292,LUM-SAN,PR-3005,13/06/2025,08:00,17:00,20,27,4234
SE-406293,LUM-SAN,PR-3007,2025-06-13,08:00,17:00,45,12,6711
SE-406294,LUM-PTA,PR-3008,13/06/2025,08:00,17:00,20,27,3803
SE-406295,LUM-PTA,PR-3010,2025-06-13,08:00,17:00,30,18,5602
SE-406296,LUM-PTA,PR-3011,2025-06-13,08:00,17:00,20,27,4519
SE-406297,LUM-PTA,PR-3012,13/06/2025,08:00,17:00,20,27,4073
SE-406298,LUM-PTA,PR-3013,2025-06-13,08:00,17:00,30,18,5678
SE-406299,LUM-UMH,PR-3014,13/06/2025,08:00,17:00,20,27,3616
SE-406300,LUM-UMH,PR-3015,2025-06-13,08:00,17:00,30,18,4817
SE-406301,LUM-UMH,PR-3016,13/06/2025,08:00,17:00,30,18,3166
SE-406302,LUM-UMH,PR-3017,2025-06-13,08:00,17:00,25,21,7465
SE-406303,LUM-UMH,PR-3018,2025-06-13,08:00,17:00,20,27,3765
SE-406304,LUM-CLR,PR-3019,2025-06-13,08:00,17:00,20,27,4416
SE-406305,LUM-CLR,PR-3020,2025-06-13,08:00,17:00,30,18,3302
SE-406306,LUM-CLR,PR-3021,2025-06-13,08:00,17:00,20,27,4210
SE-406307,LUM-CLR,PR-3022,2025-06-13,08:00,17:00,20,27,4199
SE-406308,LUM-CLR,PR-3023,2025-06-13,08:00,17:00,20,27,3940
SE-406309,LUM-CLR,PR-3024,2025-06-13,08:00,17:00,20,27,4215
SE-406310,LUM-GQE,PR-3025,2025-06-13,08:00,17:00,20,27,3480
SE-406311,LUM-GQE,PR-3026,2025-06-13,08:00,17:00,20,27,4421
SE-406312,LUM-GQE,PR-3027,2025-06-13,08:00,17:00,30,18,5152
SE-406313,LUM-GQE,PR-3028,2025-06-13,08:00,17:00,20,27,4210
SE-406314,LUM-BFN,PR-3029,2025-06-13,08:00,17:00,30,18,4817
SE-406315,LUM-BFN,PR-3030,2025-06-13,08:00,17:00,30,18,2885
SE-406316,LUM-BFN,PR-3031,2025-06-13,08:00,17:00,30,18,3256
SE-406317,LUM-BFN,PR-3032,2025-06-13,08:00,17:00,30,18,2779
SE-406318,LUM-SAN,PR-3003,2025-06-14,08:00,13:00,20,15,2043.89
SE-406319,LUM-SAN,PR-3005,2025-06-14,08:00,13:00,20,15,2352.22
SE-406320,LUM-SAN,PR-3007,2025-06-14,08:00,13:00,45,6,3728.33
SE-406321,LUM-UMH,PR-3015,2025-06-14,08:00,13:00,30,10,2676.11
SE-406322,LUM-UMH,PR-3018,2025-06-14,08:00,13:00,20,15,2091.67
SE-406323,LUM-CLR,PR-3024,2025-06-14,08:00,13:00,20,15,2341.67
SE-406324,LUM-BFN,PR-3029,2025-06-14,08:00,13:00,30,10,2676.11
SE-406325,LUM-SAN,PR-3001,2025-06-16,08:00,17:00,20,27,4207
SE-406326,LUM-SAN,PR-3002,2025-06-16,08:00,17:00,30,18,5987
SE-406327,LUM-SAN,PR-3003,2025-06-16,08:00,17:00,20,27,3679
SE-406328,LUM-SAN,PR-3004,2025-06-16,08:00,17:00,20,27,4117
SE-406329,LUM-SAN,PR-3005,2025-06-16,08:00,17:00,20,27,4234
SE-406330,LUM-SAN,PR-3006,2025-06-16,08:00,17:00,30,18,3134
SE-406331,LUM-SAN,PR-3007,16/06/2025,08:00,17:00,45,12,6711
SE-406332,LUM-PTA,PR-3008,2025-06-16,08:00,17:00,20,27,3803
SE-406333,LUM-PTA,PR-3009,2025-06-16,08:00,17:00,25,21,8221
SE-406334,LUM-PTA,PR-3010,2025-06-16,08:00,17:00,30,18,5602
SE-406335,LUM-PTA,PR-3011,16/06/2025,08:00,17:00,20,27,4519
SE-406336,LUM-PTA,PR-3012,2025-06-16,08:00,17:00,20,27,4073
SE-406337,LUM-PTA,PR-3013,2025-06-16,08:00,17:00,30,18,5678
SE-406338,LUM-UMH,PR-3014,2025-06-16,08:00,17:00,20,27,3616
SE-406339,LUM-UMH,PR-3015,2025-06-16,08:00,17:00,30,18,4817
SE-406340,LUM-UMH,PR-3016,2025-06-16,08:00,17:00,30,18,3166
SE-406341,LUM-UMH,PR-3017,2025-06-16,08:00,17:00,25,21,7465
SE-406342,LUM-UMH,PR-3018,2025-06-16,08:00,17:00,20,27,3765
SE-406343,LUM-CLR,PR-3019,2025-06-16,08:00,17:00,20,27,4416
SE-406344,LUM-CLR,PR-3020,16/06/2025,08:00,17:00,30,18,3302
SE-406345,LUM-CLR,PR-3021,2025-06-16,08:00,17:00,20,27,4210
SE-406346,LUM-CLR,PR-3022,2025-06-16,08:00,17:00,20,27,4199
SE-406347,LUM-CLR,PR-3023,16/06/2025,08:00,17:00,20,27,3940
SE-406348,LUM-CLR,PR-3024,2025-06-16,08:00,17:00,20,27,4215
SE-406349,LUM-GQE,PR-3025,16/06/2025,08:00,17:00,20,27,3480
SE-406350,LUM-GQE,PR-3026,2025-06-16,08:00,17:00,20,27,4421
SE-406351,LUM-GQE,PR-3027,2025-06-16,08:00,17:00,30,18,5152
SE-406352,LUM-GQE,PR-3028,2025-06-16,08:00,17:00,20,27,4210
SE-406353,LUM-BFN,PR-3029,2025-06-16,08:00,17:00,30,18,4817
SE-406354,LUM-BFN,PR-3030,16/06/2025,08:00,17:00,30,18,2885
SE-406355,LUM-BFN,PR-3031,2025-06-16,08:00,17:00,30,18,3256
SE-406356,LUM-BFN,PR-3032,2025-06-16,08:00,17:00,30,18,2779
SE-406357,LUM-SAN,PR-3001,2025-06-17,08:00,17:00,20,27,4207
SE-406358,LUM-SAN,PR-3002,2025-06-17,08:00,17:00,30,18,5987
SE-406359,LUM-SAN,PR-3003,17/06/2025,08:00,17:00,20,27,3679
SE-406360,LUM-SAN,PR-3004,2025-06-17,08:00,17:00,20,27,4117
SE-406361,LUM-SAN,PR-3005,2025-06-17,08:00,17:00,20,27,4234
SE-406362,LUM-SAN,PR-3007,17/06/2025,08:00,17:00,45,12,6711
SE-406363,LUM-PTA,PR-3008,2025-06-17,08:00,17:00,20,27,3803
SE-406364,LUM-PTA,PR-3009,2025-06-17,08:00,17:00,25,21,8221
SE-406365,LUM-PTA,PR-3010,2025-06-17,08:00,17:00,30,18,5602
SE-406366,LUM-PTA,PR-3011,2025-06-17,08:00,17:00,20,27,4519
SE-406367,LUM-PTA,PR-3012,2025-06-17,08:00,17:00,20,27,4073
SE-406368,LUM-PTA,PR-3013,17/06/2025,08:00,17:00,30,18,5678
SE-406369,LUM-UMH,PR-3014,2025-06-17,08:00,17:00,20,27,3616
SE-406370,LUM-UMH,PR-3015,2025-06-17,08:00,17:00,30,18,4817
SE-406371,LUM-UMH,PR-3016,2025-06-17,08:00,17:00,30,18,3166
SE-406372,LUM-UMH,PR-3017,2025-06-17,08:00,17:00,25,21,7465
SE-406373,LUM-CLR,PR-3019,17/06/2025,08:00,17:00,20,27,4416
SE-406374,LUM-CLR,PR-3020,17/06/2025,08:00,17:00,30,18,3302
SE-406375,LUM-CLR,PR-3021,2025-06-17,08:00,17:00,20,27,4210
SE-406376,LUM-CLR,PR-3023,2025-06-17,08:00,17:00,20,27,3940
SE-406377,LUM-GQE,PR-3025,2025-06-17,08:00,17:00,20,27,3480
SE-406378,LUM-GQE,PR-3026,17/06/2025,08:00,17:00,20,27,4421
SE-406379,LUM-GQE,PR-3027,2025-06-17,08:00,17:00,30,18,5152
SE-406380,LUM-GQE,PR-3028,2025-06-17,08:00,17:00,20,27,4210
SE-406381,LUM-BFN,PR-3029,2025-06-17,08:00,17:00,30,18,4817
SE-406382,LUM-BFN,PR-3030,2025-06-17,08:00,17:00,30,18,2885
SE-406383,LUM-BFN,PR-3031,2025-06-17,08:00,17:00,30,18,3256
SE-406384,LUM-BFN,PR-3032,2025-06-17,08:00,17:00,30,18,2779
SE-406385,LUM-SAN,PR-3001,18/06/2025,08:00,17:00,20,27,4207
SE-406386,LUM-SAN,PR-3002,2025-06-18,08:00,17:00,30,18,5987
SE-406387,LUM-SAN,PR-3003,18/06/2025,08:00,17:00,20,27,3679
SE-406388,LUM-SAN,PR-3007,18/06/2025,08:00,17:00,45,12,6711
SE-406389,LUM-PTA,PR-3010,2025-06-18,08:00,17:00,30,18,5602
SE-406390,LUM-PTA,PR-3011,2025-06-18,08:00,17:00,20,27,4519
SE-406391,LUM-PTA,PR-3012,18/06/2025,08:00,17:00,20,27,4073
SE-406392,LUM-PTA,PR-3013,2025-06-18,08:00,17:00,30,18,5678
SE-406393,LUM-UMH,PR-3014,18/06/2025,08:00,17:00,20,27,3616
SE-406394,LUM-UMH,PR-3015,2025-06-18,08:00,17:00,30,18,4817
SE-406395,LUM-UMH,PR-3016,2025-06-18,08:00,17:00,30,18,3166
SE-406396,LUM-UMH,PR-3017,2025-06-18,08:00,17:00,25,21,7465
SE-406397,LUM-UMH,PR-3018,18/06/2025,08:00,17:00,20,27,3765
SE-406398,LUM-CLR,PR-3020,18/06/2025,08:00,17:00,30,18,3302
SE-406399,LUM-CLR,PR-3021,18/06/2025,08:00,17:00,20,27,4210
SE-406400,LUM-CLR,PR-3022,2025-06-18,08:00,17:00,20,27,4199
SE-406401,LUM-CLR,PR-3023,18/06/2025,08:00,17:00,20,27,3940
SE-406402,LUM-CLR,PR-3024,2025-06-18,08:00,17:00,20,27,4215
SE-406403,LUM-GQE,PR-3025,2025-06-18,08:00,17:00,20,27,3480
SE-406404,LUM-GQE,PR-3026,2025-06-18,08:00,17:00,20,27,4421
SE-406405,LUM-GQE,PR-3027,2025-06-18,08:00,17:00,30,18,5152
SE-406406,LUM-GQE,PR-3028,2025-06-18,08:00,17:00,20,27,4210
SE-406407,LUM-BFN,PR-3029,2025-06-18,08:00,17:00,30,18,4817
SE-406408,LUM-BFN,PR-3030,2025-06-18,08:00,17:00,30,18,2885
SE-406409,LUM-BFN,PR-3031,2025-06-18,08:00,17:00,30,18,3256
SE-406410,LUM-BFN,PR-3032,2025-06-18,08:00,17:00,30,18,2779
SE-406411,LUM-SAN,PR-3001,2025-06-19,08:00,17:00,20,27,4207
SE-406412,LUM-SAN,PR-3002,2025-06-19,08:00,17:00,30,18,5987
SE-406413,LUM-SAN,PR-3003,2025-06-19,08:00,17:00,20,27,3679
SE-406414,LUM-SAN,PR-3004,19/06/2025,08:00,17:00,20,27,4117
SE-406415,LUM-SAN,PR-3006,2025-06-19,08:00,17:00,30,18,3134
SE-406416,LUM-SAN,PR-3007,2025-06-19,08:00,17:00,45,12,6711
SE-406417,LUM-PTA,PR-3008,19/06/2025,08:00,17:00,20,27,3803
SE-406418,LUM-PTA,PR-3009,2025-06-19,08:00,17:00,25,21,8221
SE-406419,LUM-PTA,PR-3010,2025-06-19,08:00,17:00,30,18,5602
SE-406420,LUM-PTA,PR-3011,2025-06-19,08:00,17:00,20,27,4519
SE-406421,LUM-PTA,PR-3012,2025-06-19,08:00,17:00,20,27,4073
SE-406422,LUM-PTA,PR-3013,2025-06-19,08:00,17:00,30,18,5678
SE-406423,LUM-UMH,PR-3014,19/06/2025,08:00,17:00,20,27,3616
SE-406424,LUM-UMH,PR-3015,2025-06-19,08:00,17:00,30,18,4817
SE-406425,LUM-UMH,PR-3016,2025-06-19,08:00,17:00,30,18,3166
SE-406426,LUM-UMH,PR-3017,2025-06-19,08:00,17:00,25,21,7465
SE-406427,LUM-UMH,PR-3018,2025-06-19,08:00,17:00,20,27,3765
SE-406428,LUM-CLR,PR-3019,2025-06-19,08:00,17:00,20,27,4416
SE-406429,LUM-CLR,PR-3020,2025-06-19,08:00,17:00,30,18,3302
SE-406430,LUM-CLR,PR-3021,19/06/2025,08:00,17:00,20,27,4210
SE-406431,LUM-CLR,PR-3022,2025-06-19,08:00,17:00,20,27,4199
SE-406432,LUM-CLR,PR-3023,19/06/2025,08:00,17:00,20,27,3940
SE-406433,LUM-CLR,PR-3024,2025-06-19,08:00,17:00,20,27,4215
SE-406434,LUM-GQE,PR-3025,2025-06-19,08:00,17:00,20,27,3480
SE-406435,LUM-GQE,PR-3026,2025-06-19,08:00,17:00,20,27,4421
SE-406436,LUM-GQE,PR-3027,2025-06-19,08:00,17:00,30,18,5152
SE-406437,LUM-GQE,PR-3028,19/06/2025,08:00,17:00,20,27,4210
SE-406438,LUM-BFN,PR-3029,19/06/2025,08:00,17:00,30,18,4817
SE-406439,LUM-BFN,PR-3030,2025-06-19,08:00,17:00,30,18,2885
SE-406440,LUM-BFN,PR-3031,19/06/2025,08:00,17:00,30,18,3256
SE-406441,LUM-SAN,PR-3001,2025-06-20,08:00,17:00,20,27,4207
SE-406442,LUM-SAN,PR-3002,2025-06-20,08:00,17:00,30,18,5987
SE-406443,LUM-SAN,PR-3003,20/06/2025,08:00,17:00,20,27,3679
SE-406444,LUM-SAN,PR-3004,2025-06-20,08:00,17:00,20,27,4117
SE-406445,LUM-SAN,PR-3005,2025-06-20,08:00,17:00,20,27,4234
SE-406446,LUM-SAN,PR-3006,2025-06-20,08:00,17:00,30,18,3134
SE-406447,LUM-SAN,PR-3007,2025-06-20,08:00,17:00,45,12,6711
SE-406448,LUM-PTA,PR-3008,2025-06-20,08:00,17:00,20,27,3803
SE-406449,LUM-PTA,PR-3010,2025-06-20,08:00,17:00,30,18,5602
SE-406450,LUM-PTA,PR-3011,2025-06-20,08:00,17:00,20,27,4519
SE-406451,LUM-PTA,PR-3012,2025-06-20,08:00,17:00,20,27,4073
SE-406452,LUM-PTA,PR-3013,2025-06-20,08:00,17:00,30,18,5678
SE-406453,LUM-UMH,PR-3014,2025-06-20,08:00,17:00,20,27,3616
SE-406454,LUM-UMH,PR-3015,2025-06-20,08:00,17:00,30,18,4817
SE-406455,LUM-UMH,PR-3016,2025-06-20,08:00,17:00,30,18,3166
SE-406456,LUM-UMH,PR-3017,20/06/2025,08:00,17:00,25,21,7465
SE-406457,LUM-UMH,PR-3018,2025-06-20,08:00,17:00,20,27,3765
SE-406458,LUM-CLR,PR-3019,20/06/2025,08:00,17:00,20,27,4416
SE-406459,LUM-CLR,PR-3020,20/06/2025,08:00,17:00,30,18,3302
SE-406460,LUM-CLR,PR-3022,2025-06-20,08:00,17:00,20,27,4199
SE-406461,LUM-CLR,PR-3023,20/06/2025,08:00,17:00,20,27,3940
SE-406462,LUM-CLR,PR-3024,20/06/2025,08:00,17:00,20,27,4215
SE-406463,LUM-GQE,PR-3025,20/06/2025,08:00,17:00,20,27,3480
SE-406464,LUM-GQE,PR-3026,20/06/2025,08:00,17:00,20,27,4421
SE-406465,LUM-GQE,PR-3028,2025-06-20,08:00,17:00,20,27,4210
SE-406466,LUM-BFN,PR-3030,2025-06-20,08:00,17:00,30,18,2885
SE-406467,LUM-BFN,PR-3031,20/06/2025,08:00,17:00,30,18,3256
SE-406468,LUM-SAN,PR-3002,2025-06-21,08:00,13:00,30,10,3326.11
SE-406469,LUM-SAN,PR-3003,21/06/2025,08:00,13:00,20,15,2043.89
SE-406470,LUM-SAN,PR-3006,21/06/2025,08:00,13:00,30,10,1741.11
SE-406471,LUM-SAN,PR-3007,2025-06-21,08:00,13:00,45,6,3728.33
SE-406472,LUM-PTA,PR-3010,2025-06-21,08:00,13:00,30,10,3112.22
SE-406473,LUM-PTA,PR-3011,21/06/2025,08:00,13:00,20,15,2510.56
SE-406474,LUM-PTA,PR-3012,2025-06-21,08:00,13:00,20,15,2262.78
SE-406475,LUM-UMH,PR-3017,21/06/2025,08:00,13:00,25,12,4147.22
SE-406476,LUM-CLR,PR-3019,2025-06-21,08:00,13:00,20,15,2453.33
SE-406477,LUM-CLR,PR-3021,2025-06-21,08:00,13:00,20,15,2338.89
SE-406478,LUM-CLR,PR-3023,2025-06-21,08:00,13:00,20,15,2188.89
SE-406479,LUM-GQE,PR-3025,2025-06-21,08:00,13:00,20,15,1933.33
SE-406480,LUM-BFN,PR-3032,21/06/2025,08:00,13:00,30,10,1543.89
SE-406481,LUM-SAN,PR-3001,2025-06-23,08:00,17:00,20,27,4207
SE-406482,LUM-SAN,PR-3002,2025-06-23,08:00,17:00,30,18,5987
SE-406483,LUM-SAN,PR-3004,2025-06-23,08:00,17:00,20,27,4117
SE-406484,LUM-SAN,PR-3005,2025-06-23,08:00,17:00,20,27,4234
SE-406485,LUM-SAN,PR-3006,2025-06-23,08:00,17:00,30,18,3134
SE-406486,LUM-SAN,PR-3007,23/06/2025,08:00,17:00,45,12,6711
SE-406487,LUM-PTA,PR-3008,2025-06-23,08:00,17:00,20,27,3803
SE-406488,LUM-PTA,PR-3009,2025-06-23,08:00,17:00,25,21,8221
SE-406489,LUM-PTA,PR-3010,2025-06-23,08:00,17:00,30,18,5602
SE-406490,LUM-PTA,PR-3011,23/06/2025,08:00,17:00,20,27,4519
SE-406491,LUM-PTA,PR-3012,2025-06-23,08:00,17:00,20,27,4073
SE-406492,LUM-PTA,PR-3013,2025-06-23,08:00,17:00,30,18,5678
SE-406493,LUM-UMH,PR-3014,23/06/2025,08:00,17:00,20,27,3616
SE-406494,LUM-UMH,PR-3015,2025-06-23,08:00,17:00,30,18,4817
SE-406495,LUM-UMH,PR-3017,23/06/2025,08:00,17:00,25,21,7465
SE-406496,LUM-UMH,PR-3018,2025-06-23,08:00,17:00,20,27,3765
SE-406497,LUM-CLR,PR-3020,2025-06-23,08:00,17:00,30,18,3302
SE-406498,LUM-CLR,PR-3021,23/06/2025,08:00,17:00,20,27,4210
SE-406499,LUM-CLR,PR-3023,2025-06-23,08:00,17:00,20,27,3940
SE-406500,LUM-CLR,PR-3024,23/06/2025,08:00,17:00,20,27,4215
SE-406501,LUM-GQE,PR-3025,2025-06-23,08:00,17:00,20,27,3480
SE-406502,LUM-GQE,PR-3026,2025-06-23,08:00,17:00,20,27,4421
SE-406503,LUM-GQE,PR-3027,2025-06-23,08:00,17:00,30,18,5152
SE-406504,LUM-GQE,PR-3028,2025-06-23,08:00,17:00,20,27,4210
SE-406505,LUM-BFN,PR-3029,23/06/2025,08:00,17:00,30,18,4817
SE-406506,LUM-BFN,PR-3030,2025-06-23,08:00,17:00,30,18,2885
SE-406507,LUM-BFN,PR-3031,2025-06-23,08:00,17:00,30,18,3256
SE-406508,LUM-BFN,PR-3032,2025-06-23,08:00,17:00,30,18,2779
SE-406509,LUM-SAN,PR-3001,2025-06-24,08:00,17:00,20,27,4207
SE-406510,LUM-SAN,PR-3002,2025-06-24,08:00,17:00,30,18,5987
SE-406511,LUM-SAN,PR-3003,2025-06-24,08:00,17:00,20,27,3679
SE-406512,LUM-SAN,PR-3004,2025-06-24,08:00,17:00,20,27,4117
SE-406513,LUM-SAN,PR-3005,2025-06-24,08:00,17:00,20,27,4234
SE-406514,LUM-SAN,PR-3006,2025-06-24,08:00,17:00,30,18,3134
SE-406515,LUM-SAN,PR-3007,2025-06-24,08:00,17:00,45,12,6711
SE-406516,LUM-PTA,PR-3008,2025-06-24,08:00,17:00,20,27,3803
SE-406517,LUM-PTA,PR-3009,2025-06-24,08:00,17:00,25,21,8221
SE-406518,LUM-PTA,PR-3010,2025-06-24,08:00,17:00,30,18,5602
SE-406519,LUM-PTA,PR-3011,2025-06-24,08:00,17:00,20,27,4519
SE-406520,LUM-PTA,PR-3012,2025-06-24,08:00,17:00,20,27,4073
SE-406521,LUM-UMH,PR-3014,2025-06-24,08:00,17:00,20,27,3616
SE-406522,LUM-UMH,PR-3015,24/06/2025,08:00,17:00,30,18,4817
SE-406523,LUM-UMH,PR-3016,24/06/2025,08:00,17:00,30,18,3166
SE-406524,LUM-UMH,PR-3018,2025-06-24,08:00,17:00,20,27,3765
SE-406525,LUM-CLR,PR-3019,2025-06-24,08:00,17:00,20,27,4416
SE-406526,LUM-CLR,PR-3020,2025-06-24,08:00,17:00,30,18,3302
SE-406527,LUM-CLR,PR-3021,2025-06-24,08:00,17:00,20,27,4210
SE-406528,LUM-CLR,PR-3022,2025-06-24,08:00,17:00,20,27,4199
SE-406529,LUM-CLR,PR-3023,2025-06-24,08:00,17:00,20,27,3940
SE-406530,LUM-GQE,PR-3025,2025-06-24,08:00,17:00,20,27,3480
SE-406531,LUM-GQE,PR-3026,2025-06-24,08:00,17:00,20,27,4421
SE-406532,LUM-GQE,PR-3027,24/06/2025,08:00,17:00,30,18,5152
SE-406533,LUM-GQE,PR-3028,2025-06-24,08:00,17:00,20,27,4210
SE-406534,LUM-BFN,PR-3029,2025-06-24,08:00,17:00,30,18,4817
SE-406535,LUM-BFN,PR-3030,2025-06-24,08:00,17:00,30,18,2885
SE-406536,LUM-BFN,PR-3031,24/06/2025,08:00,17:00,30,18,3256
SE-406537,LUM-BFN,PR-3032,2025-06-24,08:00,17:00,30,18,2779
SE-406538,LUM-SAN,PR-3002,2025-06-25,08:00,17:00,30,18,5987
SE-406539,LUM-SAN,PR-3003,2025-06-25,08:00,17:00,20,27,3679
SE-406540,LUM-SAN,PR-3004,2025-06-25,08:00,17:00,20,27,4117
SE-406541,LUM-SAN,PR-3005,2025-06-25,08:00,17:00,20,27,4234
SE-406542,LUM-SAN,PR-3006,2025-06-25,08:00,17:00,30,18,3134
SE-406543,LUM-SAN,PR-3007,2025-06-25,08:00,17:00,45,12,6711
SE-406544,LUM-PTA,PR-3008,25/06/2025,08:00,17:00,20,27,3803
SE-406545,LUM-PTA,PR-3009,25/06/2025,08:00,17:00,25,21,8221
SE-406546,LUM-PTA,PR-3010,25/06/2025,08:00,17:00,30,18,5602
SE-406547,LUM-PTA,PR-3011,2025-06-25,08:00,17:00,20,27,4519
SE-406548,LUM-PTA,PR-3012,2025-06-25,08:00,17:00,20,27,4073
SE-406549,LUM-PTA,PR-3013,2025-06-25,08:00,17:00,30,18,5678
SE-406550,LUM-UMH,PR-3014,2025-06-25,08:00,17:00,20,27,3616
SE-406551,LUM-UMH,PR-3016,2025-06-25,08:00,17:00,30,18,3166
SE-406552,LUM-UMH,PR-3017,2025-06-25,08:00,17:00,25,21,7465
SE-406553,LUM-UMH,PR-3018,25/06/2025,08:00,17:00,20,27,3765
SE-406554,LUM-CLR,PR-3019,2025-06-25,08:00,17:00,20,27,4416
SE-406555,LUM-CLR,PR-3021,2025-06-25,08:00,17:00,20,27,4210
SE-406556,LUM-CLR,PR-3022,2025-06-25,08:00,17:00,20,27,4199
SE-406557,LUM-CLR,PR-3023,2025-06-25,08:00,17:00,20,27,3940
SE-406558,LUM-CLR,PR-3024,25/06/2025,08:00,17:00,20,27,4215
SE-406559,LUM-GQE,PR-3025,25/06/2025,08:00,17:00,20,27,3480
SE-406560,LUM-GQE,PR-3026,2025-06-25,08:00,17:00,20,27,4421
SE-406561,LUM-GQE,PR-3027,25/06/2025,08:00,17:00,30,18,5152
SE-406562,LUM-BFN,PR-3029,2025-06-25,08:00,17:00,30,18,4817
SE-406563,LUM-BFN,PR-3030,25/06/2025,08:00,17:00,30,18,2885
SE-406564,LUM-BFN,PR-3031,2025-06-25,08:00,17:00,30,18,3256
SE-406565,LUM-BFN,PR-3032,2025-06-25,08:00,17:00,30,18,2779
SE-406566,LUM-SAN,PR-3001,2025-06-26,08:00,17:00,20,27,4207
SE-406567,LUM-SAN,PR-3002,2025-06-26,08:00,17:00,30,18,5987
SE-406568,LUM-SAN,PR-3003,2025-06-26,08:00,17:00,20,27,3679
SE-406569,LUM-SAN,PR-3004,2025-06-26,08:00,17:00,20,27,4117
SE-406570,LUM-SAN,PR-3005,2025-06-26,08:00,17:00,20,27,4234
SE-406571,LUM-SAN,PR-3006,2025-06-26,08:00,17:00,30,18,3134
SE-406572,LUM-SAN,PR-3007,2025-06-26,08:00,17:00,45,12,6711
SE-406573,LUM-PTA,PR-3008,2025-06-26,08:00,17:00,20,27,3803
SE-406574,LUM-PTA,PR-3009,2025-06-26,08:00,17:00,25,21,8221
SE-406575,LUM-PTA,PR-3010,2025-06-26,08:00,17:00,30,18,5602
SE-406576,LUM-PTA,PR-3011,2025-06-26,08:00,17:00,20,27,4519
SE-406577,LUM-UMH,PR-3014,2025-06-26,08:00,17:00,20,27,3616
SE-406578,LUM-UMH,PR-3015,2025-06-26,08:00,17:00,30,18,4817
SE-406579,LUM-UMH,PR-3016,2025-06-26,08:00,17:00,30,18,3166
SE-406580,LUM-UMH,PR-3017,2025-06-26,08:00,17:00,25,21,7465
SE-406581,LUM-UMH,PR-3018,2025-06-26,08:00,17:00,20,27,3765
SE-406582,LUM-CLR,PR-3019,2025-06-26,08:00,17:00,20,27,4416
SE-406583,LUM-CLR,PR-3020,2025-06-26,08:00,17:00,30,18,3302
SE-406584,LUM-CLR,PR-3021,2025-06-26,08:00,17:00,20,27,4210
SE-406585,LUM-CLR,PR-3022,2025-06-26,08:00,17:00,20,27,4199
SE-406586,LUM-CLR,PR-3023,26/06/2025,08:00,17:00,20,27,3940
SE-406587,LUM-CLR,PR-3024,2025-06-26,08:00,17:00,20,27,4215
SE-406588,LUM-GQE,PR-3026,26/06/2025,08:00,17:00,20,27,4421
SE-406589,LUM-GQE,PR-3027,2025-06-26,08:00,17:00,30,18,5152
SE-406590,LUM-GQE,PR-3028,2025-06-26,08:00,17:00,20,27,4210
SE-406591,LUM-BFN,PR-3029,2025-06-26,08:00,17:00,30,18,4817
SE-406592,LUM-BFN,PR-3030,2025-06-26,08:00,17:00,30,18,2885
SE-406593,LUM-BFN,PR-3031,2025-06-26,08:00,17:00,30,18,3256
SE-406594,LUM-BFN,PR-3032,2025-06-26,08:00,17:00,30,18,2779
SE-406595,LUM-SAN,PR-3001,2025-06-27,08:00,17:00,20,27,4207
SE-406596,LUM-SAN,PR-3002,2025-06-27,08:00,17:00,30,18,5987
SE-406597,LUM-SAN,PR-3003,27/06/2025,08:00,17:00,20,27,3679
SE-406598,LUM-SAN,PR-3005,2025-06-27,08:00,17:00,20,27,4234
SE-406599,LUM-SAN,PR-3006,2025-06-27,08:00,17:00,30,18,3134
SE-406600,LUM-SAN,PR-3007,2025-06-27,08:00,17:00,45,12,6711
SE-406601,LUM-PTA,PR-3008,2025-06-27,08:00,17:00,20,27,3803
SE-406602,LUM-PTA,PR-3009,2025-06-27,08:00,17:00,25,21,8221
SE-406603,LUM-PTA,PR-3010,2025-06-27,08:00,17:00,30,18,5602
SE-406604,LUM-PTA,PR-3011,2025-06-27,08:00,17:00,20,27,4519
SE-406605,LUM-PTA,PR-3012,2025-06-27,08:00,17:00,20,27,4073
SE-406606,LUM-UMH,PR-3014,2025-06-27,08:00,17:00,20,27,3616
SE-406607,LUM-UMH,PR-3015,2025-06-27,08:00,17:00,30,18,4817
SE-406608,LUM-UMH,PR-3016,2025-06-27,08:00,17:00,30,18,3166
SE-406609,LUM-UMH,PR-3017,2025-06-27,08:00,17:00,25,21,7465
SE-406610,LUM-UMH,PR-3018,27/06/2025,08:00,17:00,20,27,3765
SE-406611,LUM-CLR,PR-3019,2025-06-27,08:00,17:00,20,27,4416
SE-406612,LUM-CLR,PR-3020,2025-06-27,08:00,17:00,30,18,3302
SE-406613,LUM-CLR,PR-3021,2025-06-27,08:00,17:00,20,27,4210
SE-406614,LUM-CLR,PR-3022,2025-06-27,08:00,17:00,20,27,4199
SE-406615,LUM-CLR,PR-3024,27/06/2025,08:00,17:00,20,27,4215
SE-406616,LUM-GQE,PR-3025,2025-06-27,08:00,17:00,20,27,3480
SE-406617,LUM-GQE,PR-3026,2025-06-27,08:00,17:00,20,27,4421
SE-406618,LUM-GQE,PR-3027,2025-06-27,08:00,17:00,30,18,5152
SE-406619,LUM-GQE,PR-3028,2025-06-27,08:00,17:00,20,27,4210
SE-406620,LUM-BFN,PR-3029,27/06/2025,08:00,17:00,30,18,4817
SE-406621,LUM-BFN,PR-3030,27/06/2025,08:00,17:00,30,18,2885
SE-406622,LUM-BFN,PR-3031,27/06/2025,08:00,17:00,30,18,3256
SE-406623,LUM-BFN,PR-3032,27/06/2025,08:00,17:00,30,18,2779
SE-406624,LUM-SAN,PR-3005,2025-06-28,08:00,13:00,20,15,2352.22
SE-406625,LUM-SAN,PR-3006,2025-06-28,08:00,13:00,30,10,1741.11
SE-406626,LUM-PTA,PR-3009,2025-06-28,08:00,13:00,25,12,4567.22
SE-406627,LUM-PTA,PR-3011,2025-06-28,08:00,13:00,20,15,2510.56
SE-406628,LUM-PTA,PR-3012,2025-06-28,08:00,13:00,20,15,2262.78
SE-406629,LUM-UMH,PR-3018,2025-06-28,08:00,13:00,20,15,2091.67
SE-406630,LUM-CLR,PR-3019,2025-06-28,08:00,13:00,20,15,2453.33
SE-406631,LUM-BFN,PR-3029,2025-06-28,08:00,13:00,30,10,2676.11
SE-406632,LUM-BFN,PR-3031,2025-06-28,08:00,13:00,30,10,1808.89
SE-406633,LUM-SAN,PR-3001,2025-06-30,08:00,17:00,20,27,4207
SE-406634,LUM-SAN,PR-3002,30/06/2025,08:00,17:00,30,18,5987
SE-406635,LUM-SAN,PR-3003,2025-06-30,08:00,17:00,20,27,3679
SE-406636,LUM-SAN,PR-3004,2025-06-30,08:00,17:00,20,27,4117
SE-406637,LUM-SAN,PR-3005,2025-06-30,08:00,17:00,20,27,4234
SE-406638,LUM-SAN,PR-3006,2025-06-30,08:00,17:00,30,18,3134
SE-406639,LUM-SAN,PR-3007,2025-06-30,08:00,17:00,45,12,6711
SE-406640,LUM-PTA,PR-3008,30/06/2025,08:00,17:00,20,27,3803
SE-406641,LUM-PTA,PR-3009,2025-06-30,08:00,17:00,25,21,8221
SE-406642,LUM-PTA,PR-3010,30/06/2025,08:00,17:00,30,18,5602
SE-406643,LUM-PTA,PR-3011,2025-06-30,08:00,17:00,20,27,4519
SE-406644,LUM-PTA,PR-3012,30/06/2025,08:00,17:00,20,27,4073
SE-406645,LUM-PTA,PR-3013,30/06/2025,08:00,17:00,30,18,5678
SE-406646,LUM-UMH,PR-3014,2025-06-30,08:00,17:00,20,27,3616
SE-406647,LUM-UMH,PR-3015,2025-06-30,08:00,17:00,30,18,4817
SE-406648,LUM-UMH,PR-3016,2025-06-30,08:00,17:00,30,18,3166
SE-406649,LUM-UMH,PR-3017,2025-06-30,08:00,17:00,25,21,7465
SE-406650,LUM-UMH,PR-3018,2025-06-30,08:00,17:00,20,27,3765
SE-406651,LUM-CLR,PR-3019,2025-06-30,08:00,17:00,20,27,4416
SE-406652,LUM-CLR,PR-3020,2025-06-30,08:00,17:00,30,18,3302
SE-406653,LUM-CLR,PR-3021,2025-06-30,08:00,17:00,20,27,4210
SE-406654,LUM-CLR,PR-3022,2025-06-30,08:00,17:00,20,27,4199
SE-406655,LUM-CLR,PR-3023,30/06/2025,08:00,17:00,20,27,3940
SE-406656,LUM-CLR,PR-3024,2025-06-30,08:00,17:00,20,27,4215
SE-406657,LUM-GQE,PR-3025,2025-06-30,08:00,17:00,20,27,3480
SE-406658,LUM-GQE,PR-3026,2025-06-30,08:00,17:00,20,27,4421
SE-406659,LUM-GQE,PR-3027,2025-06-30,08:00,17:00,30,18,5152
SE-406660,LUM-GQE,PR-3028,2025-06-30,08:00,17:00,20,27,4210
SE-406661,LUM-BFN,PR-3029,2025-06-30,08:00,17:00,30,18,4817
SE-406662,LUM-BFN,PR-3030,2025-06-30,08:00,17:00,30,18,2885
SE-406663,LUM-BFN,PR-3031,2025-06-30,08:00,17:00,30,18,3256
SE-406664,LUM-BFN,PR-3032,30/06/2025,08:00,17:00,30,18,2779
SE-406665,LUM-SAN,PR-3002,2025-07-01,08:00,17:00,30,18,5987
SE-406666,LUM-SAN,PR-3003,2025-07-01,08:00,17:00,20,27,3679
SE-406667,LUM-SAN,PR-3004,2025-07-01,08:00,17:00,20,27,4117
SE-406668,LUM-SAN,PR-3005,2025-07-01,08:00,17:00,20,27,4234
SE-406669,LUM-SAN,PR-3006,2025-07-01,08:00,17:00,30,18,3134
SE-406670,LUM-SAN,PR-3007,2025-07-01,08:00,17:00,45,12,6711
SE-406671,LUM-PTA,PR-3008,2025-07-01,08:00,17:00,20,27,3803
SE-406672,LUM-PTA,PR-3009,2025-07-01,08:00,17:00,25,21,8221
SE-406673,LUM-PTA,PR-3011,2025-07-01,08:00,17:00,20,27,4519
SE-406674,LUM-PTA,PR-3012,01/07/2025,08:00,17:00,20,27,4073
SE-406675,LUM-PTA,PR-3013,2025-07-01,08:00,17:00,30,18,5678
SE-406676,LUM-UMH,PR-3014,2025-07-01,08:00,17:00,20,27,3616
SE-406677,LUM-UMH,PR-3015,01/07/2025,08:00,17:00,30,18,4817
SE-406678,LUM-UMH,PR-3016,01/07/2025,08:00,17:00,30,18,3166
SE-406679,LUM-UMH,PR-3017,2025-07-01,08:00,17:00,25,21,7465
SE-406680,LUM-UMH,PR-3018,2025-07-01,08:00,17:00,20,27,3765
SE-406681,LUM-CLR,PR-3019,2025-07-01,08:00,17:00,20,27,4416
SE-406682,LUM-CLR,PR-3020,01/07/2025,08:00,17:00,30,18,3302
SE-406683,LUM-CLR,PR-3021,01/07/2025,08:00,17:00,20,27,4210
SE-406684,LUM-CLR,PR-3022,2025-07-01,08:00,17:00,20,27,4199
SE-406685,LUM-CLR,PR-3023,01/07/2025,08:00,17:00,20,27,3940
SE-406686,LUM-CLR,PR-3024,2025-07-01,08:00,17:00,20,27,4215
SE-406687,LUM-GQE,PR-3025,2025-07-01,08:00,17:00,20,27,3480
SE-406688,LUM-GQE,PR-3026,01/07/2025,08:00,17:00,20,27,4421
SE-406689,LUM-GQE,PR-3027,2025-07-01,08:00,17:00,30,18,5152
SE-406690,LUM-GQE,PR-3028,2025-07-01,08:00,17:00,20,27,4210
SE-406691,LUM-BFN,PR-3029,01/07/2025,08:00,17:00,30,18,4817
SE-406692,LUM-BFN,PR-3030,01/07/2025,08:00,17:00,30,18,2885
SE-406693,LUM-BFN,PR-3031,2025-07-01,08:00,17:00,30,18,3256
SE-406694,LUM-BFN,PR-3032,01/07/2025,08:00,17:00,30,18,2779
SE-406695,LUM-SAN,PR-3001,2025-07-02,08:00,17:00,20,27,4207
SE-406696,LUM-SAN,PR-3002,02/07/2025,08:00,17:00,30,18,5987
SE-406697,LUM-SAN,PR-3003,2025-07-02,08:00,17:00,20,27,3679
SE-406698,LUM-SAN,PR-3004,2025-07-02,08:00,17:00,20,27,4117
SE-406699,LUM-SAN,PR-3005,2025-07-02,08:00,17:00,20,27,4234
SE-406700,LUM-SAN,PR-3006,2025-07-02,08:00,17:00,30,18,3134
SE-406701,LUM-SAN,PR-3007,2025-07-02,08:00,17:00,45,12,6711
SE-406702,LUM-PTA,PR-3008,2025-07-02,08:00,17:00,20,27,3803
SE-406703,LUM-PTA,PR-3010,2025-07-02,08:00,17:00,30,18,5602
SE-406704,LUM-PTA,PR-3011,2025-07-02,08:00,17:00,20,27,4519
SE-406705,LUM-PTA,PR-3012,02/07/2025,08:00,17:00,20,27,4073
SE-406706,LUM-PTA,PR-3013,02/07/2025,08:00,17:00,30,18,5678
SE-406707,LUM-UMH,PR-3014,2025-07-02,08:00,17:00,20,27,3616
SE-406708,LUM-UMH,PR-3015,2025-07-02,08:00,17:00,30,18,4817
SE-406709,LUM-UMH,PR-3016,2025-07-02,08:00,17:00,30,18,3166
SE-406710,LUM-UMH,PR-3017,02/07/2025,08:00,17:00,25,21,7465
SE-406711,LUM-UMH,PR-3018,2025-07-02,08:00,17:00,20,27,3765
SE-406712,LUM-CLR,PR-3019,02/07/2025,08:00,17:00,20,27,4416
SE-406713,LUM-CLR,PR-3020,2025-07-02,08:00,17:00,30,18,3302
SE-406714,LUM-CLR,PR-3021,2025-07-02,08:00,17:00,20,27,4210
SE-406715,LUM-CLR,PR-3023,2025-07-02,08:00,17:00,20,27,3940
SE-406716,LUM-CLR,PR-3024,2025-07-02,08:00,17:00,20,27,4215
SE-406717,LUM-GQE,PR-3025,2025-07-02,08:00,17:00,20,27,3480
SE-406718,LUM-GQE,PR-3026,2025-07-02,08:00,17:00,20,27,4421
SE-406719,LUM-GQE,PR-3027,02/07/2025,08:00,17:00,30,18,5152
SE-406720,LUM-GQE,PR-3028,02/07/2025,08:00,17:00,20,27,4210
SE-406721,LUM-BFN,PR-3029,02/07/2025,08:00,17:00,30,18,4817
SE-406722,LUM-BFN,PR-3030,2025-07-02,08:00,17:00,30,18,2885
SE-406723,LUM-BFN,PR-3031,2025-07-02,08:00,17:00,30,18,3256
SE-406724,LUM-BFN,PR-3032,02/07/2025,08:00,17:00,30,18,2779
SE-406725,LUM-SAN,PR-3001,2025-07-03,08:00,17:00,20,27,4207
SE-406726,LUM-SAN,PR-3002,2025-07-03,08:00,17:00,30,18,5987
SE-406727,LUM-SAN,PR-3004,03/07/2025,08:00,17:00,20,27,4117
SE-406728,LUM-SAN,PR-3005,03/07/2025,08:00,17:00,20,27,4234
SE-406729,LUM-SAN,PR-3006,03/07/2025,08:00,17:00,30,18,3134
SE-406730,LUM-SAN,PR-3007,2025-07-03,08:00,17:00,45,12,6711
SE-406731,LUM-PTA,PR-3008,2025-07-03,08:00,17:00,20,27,3803
SE-406732,LUM-PTA,PR-3009,2025-07-03,08:00,17:00,25,21,8221
SE-406733,LUM-PTA,PR-3010,03/07/2025,08:00,17:00,30,18,5602
SE-406734,LUM-PTA,PR-3011,03/07/2025,08:00,17:00,20,27,4519
SE-406735,LUM-PTA,PR-3012,2025-07-03,08:00,17:00,20,27,4073
SE-406736,LUM-PTA,PR-3013,2025-07-03,08:00,17:00,30,18,5678
SE-406737,LUM-UMH,PR-3014,03/07/2025,08:00,17:00,20,27,3616
SE-406738,LUM-UMH,PR-3015,03/07/2025,08:00,17:00,30,18,4817
SE-406739,LUM-UMH,PR-3016,2025-07-03,08:00,17:00,30,18,3166
SE-406740,LUM-UMH,PR-3017,2025-07-03,08:00,17:00,25,21,7465
SE-406741,LUM-CLR,PR-3019,2025-07-03,08:00,17:00,20,27,4416
SE-406742,LUM-CLR,PR-3020,2025-07-03,08:00,17:00,30,18,3302
SE-406743,LUM-CLR,PR-3021,2025-07-03,08:00,17:00,20,27,4210
SE-406744,LUM-CLR,PR-3022,2025-07-03,08:00,17:00,20,27,4199
SE-406745,LUM-CLR,PR-3023,2025-07-03,08:00,17:00,20,27,3940
SE-406746,LUM-CLR,PR-3024,03/07/2025,08:00,17:00,20,27,4215
SE-406747,LUM-GQE,PR-3025,2025-07-03,08:00,17:00,20,27,3480
SE-406748,LUM-GQE,PR-3026,2025-07-03,08:00,17:00,20,27,4421
SE-406749,LUM-GQE,PR-3027,2025-07-03,08:00,17:00,30,18,5152
SE-406750,LUM-GQE,PR-3028,2025-07-03,08:00,17:00,20,27,4210
SE-406751,LUM-BFN,PR-3029,2025-07-03,08:00,17:00,30,18,4817
SE-406752,LUM-BFN,PR-3030,2025-07-03,08:00,17:00,30,18,2885
SE-406753,LUM-BFN,PR-3032,2025-07-03,08:00,17:00,30,18,2779
SE-406754,LUM-SAN,PR-3002,2025-07-04,08:00,17:00,30,18,5987
SE-406755,LUM-SAN,PR-3003,04/07/2025,08:00,17:00,20,27,3679
SE-406756,LUM-SAN,PR-3005,04/07/2025,08:00,17:00,20,27,4234
SE-406757,LUM-SAN,PR-3006,2025-07-04,08:00,17:00,30,18,3134
SE-406758,LUM-SAN,PR-3007,2025-07-04,08:00,17:00,45,12,6711
SE-406759,LUM-PTA,PR-3008,2025-07-04,08:00,17:00,20,27,3803
SE-406760,LUM-PTA,PR-3009,2025-07-04,08:00,17:00,25,21,8221
SE-406761,LUM-PTA,PR-3010,2025-07-04,08:00,17:00,30,18,5602
SE-406762,LUM-PTA,PR-3012,2025-07-04,08:00,17:00,20,27,4073
SE-406763,LUM-UMH,PR-3014,2025-07-04,08:00,17:00,20,27,3616
SE-406764,LUM-UMH,PR-3015,04/07/2025,08:00,17:00,30,18,4817
SE-406765,LUM-UMH,PR-3016,2025-07-04,08:00,17:00,30,18,3166
SE-406766,LUM-UMH,PR-3017,2025-07-04,08:00,17:00,25,21,7465
SE-406767,LUM-UMH,PR-3018,2025-07-04,08:00,17:00,20,27,3765
SE-406768,LUM-CLR,PR-3019,04/07/2025,08:00,17:00,20,27,4416
SE-406769,LUM-CLR,PR-3020,04/07/2025,08:00,17:00,30,18,3302
SE-406770,LUM-CLR,PR-3021,04/07/2025,08:00,17:00,20,27,4210
SE-406771,LUM-CLR,PR-3022,2025-07-04,08:00,17:00,20,27,4199
SE-406772,LUM-CLR,PR-3024,2025-07-04,08:00,17:00,20,27,4215
SE-406773,LUM-GQE,PR-3025,2025-07-04,08:00,17:00,20,27,3480
SE-406774,LUM-GQE,PR-3028,2025-07-04,08:00,17:00,20,27,4210
SE-406775,LUM-BFN,PR-3029,2025-07-04,08:00,17:00,30,18,4817
SE-406776,LUM-BFN,PR-3030,2025-07-04,08:00,17:00,30,18,2885
SE-406777,LUM-BFN,PR-3031,2025-07-04,08:00,17:00,30,18,3256
SE-406778,LUM-BFN,PR-3032,2025-07-04,08:00,17:00,30,18,2779
SE-406779,LUM-SAN,PR-3002,2025-07-05,08:00,13:00,30,10,3326.11
SE-406780,LUM-SAN,PR-3003,05/07/2025,08:00,13:00,20,15,2043.89
SE-406781,LUM-PTA,PR-3008,2025-07-05,08:00,13:00,20,15,2112.78
SE-406782,LUM-PTA,PR-3011,2025-07-05,08:00,13:00,20,15,2510.56
SE-406783,LUM-UMH,PR-3014,2025-07-05,08:00,13:00,20,15,2008.89
SE-406784,LUM-UMH,PR-3015,2025-07-05,08:00,13:00,30,10,2676.11
SE-406785,LUM-UMH,PR-3016,2025-07-05,08:00,13:00,30,10,1758.89
SE-406786,LUM-UMH,PR-3017,2025-07-05,08:00,13:00,25,12,4147.22
SE-406787,LUM-CLR,PR-3023,2025-07-05,08:00,13:00,20,15,2188.89
SE-406788,LUM-CLR,PR-3024,05/07/2025,08:00,13:00,20,15,2341.67
SE-406789,LUM-GQE,PR-3025,2025-07-05,08:00,13:00,20,15,1933.33
SE-406790,LUM-BFN,PR-3030,2025-07-05,08:00,13:00,30,10,1602.78
SE-406791,LUM-SAN,PR-3001,2025-07-07,08:00,17:00,20,27,4207
SE-406792,LUM-SAN,PR-3002,2025-07-07,08:00,17:00,30,18,5987
SE-406793,LUM-SAN,PR-3003,2025-07-07,08:00,17:00,20,27,3679
SE-406794,LUM-SAN,PR-3004,2025-07-07,08:00,17:00,20,27,4117
SE-406795,LUM-SAN,PR-3005,2025-07-07,08:00,17:00,20,27,4234
SE-406796,LUM-SAN,PR-3006,07/07/2025,08:00,17:00,30,18,3134
SE-406797,LUM-SAN,PR-3007,2025-07-07,08:00,17:00,45,12,6711
SE-406798,LUM-PTA,PR-3008,07/07/2025,08:00,17:00,20,27,3803
SE-406799,LUM-PTA,PR-3009,07/07/2025,08:00,17:00,25,21,8221
SE-406800,LUM-PTA,PR-3010,2025-07-07,08:00,17:00,30,18,5602
SE-406801,LUM-PTA,PR-3011,2025-07-07,08:00,17:00,20,27,4519
SE-406802,LUM-PTA,PR-3012,2025-07-07,08:00,17:00,20,27,4073
SE-406803,LUM-PTA,PR-3013,07/07/2025,08:00,17:00,30,18,5678
SE-406804,LUM-UMH,PR-3014,2025-07-07,08:00,17:00,20,27,3616
SE-406805,LUM-UMH,PR-3015,2025-07-07,08:00,17:00,30,18,4817
SE-406806,LUM-UMH,PR-3016,07/07/2025,08:00,17:00,30,18,3166
SE-406807,LUM-UMH,PR-3017,07/07/2025,08:00,17:00,25,21,7465
SE-406808,LUM-CLR,PR-3019,2025-07-07,08:00,17:00,20,27,4416
SE-406809,LUM-CLR,PR-3020,2025-07-07,08:00,17:00,30,18,3302
SE-406810,LUM-CLR,PR-3021,2025-07-07,08:00,17:00,20,27,4210
SE-406811,LUM-CLR,PR-3022,2025-07-07,08:00,17:00,20,27,4199
SE-406812,LUM-CLR,PR-3023,2025-07-07,08:00,17:00,20,27,3940
SE-406813,LUM-CLR,PR-3024,2025-07-07,08:00,17:00,20,27,4215
SE-406814,LUM-GQE,PR-3025,2025-07-07,08:00,17:00,20,27,3480
SE-406815,LUM-GQE,PR-3026,07/07/2025,08:00,17:00,20,27,4421
SE-406816,LUM-GQE,PR-3027,2025-07-07,08:00,17:00,30,18,5152
SE-406817,LUM-GQE,PR-3028,2025-07-07,08:00,17:00,20,27,4210
SE-406818,LUM-BFN,PR-3029,07/07/2025,08:00,17:00,30,18,4817
SE-406819,LUM-BFN,PR-3030,2025-07-07,08:00,17:00,30,18,2885
SE-406820,LUM-BFN,PR-3031,2025-07-07,08:00,17:00,30,18,3256
SE-406821,LUM-BFN,PR-3032,2025-07-07,08:00,17:00,30,18,2779
SE-406822,LUM-SAN,PR-3001,2025-07-08,08:00,17:00,20,27,4207
SE-406823,LUM-SAN,PR-3002,08/07/2025,08:00,17:00,30,18,5987
SE-406824,LUM-SAN,PR-3003,2025-07-08,08:00,17:00,20,27,3679
SE-406825,LUM-SAN,PR-3004,2025-07-08,08:00,17:00,20,27,4117
SE-406826,LUM-SAN,PR-3005,2025-07-08,08:00,17:00,20,27,4234
SE-406827,LUM-SAN,PR-3006,2025-07-08,08:00,17:00,30,18,3134
SE-406828,LUM-SAN,PR-3007,2025-07-08,08:00,17:00,45,12,6711
SE-406829,LUM-PTA,PR-3008,2025-07-08,08:00,17:00,20,27,3803
SE-406830,LUM-PTA,PR-3009,08/07/2025,08:00,17:00,25,21,8221
SE-406831,LUM-PTA,PR-3010,2025-07-08,08:00,17:00,30,18,5602
SE-406832,LUM-PTA,PR-3011,2025-07-08,08:00,17:00,20,27,4519
SE-406833,LUM-PTA,PR-3012,2025-07-08,08:00,17:00,20,27,4073
SE-406834,LUM-PTA,PR-3013,08/07/2025,08:00,17:00,30,18,5678
SE-406835,LUM-UMH,PR-3014,2025-07-08,08:00,17:00,20,27,3616
SE-406836,LUM-UMH,PR-3015,2025-07-08,08:00,17:00,30,18,4817
SE-406837,LUM-UMH,PR-3016,2025-07-08,08:00,17:00,30,18,3166
SE-406838,LUM-UMH,PR-3017,2025-07-08,08:00,17:00,25,21,7465
SE-406839,LUM-UMH,PR-3018,08/07/2025,08:00,17:00,20,27,3765
SE-406840,LUM-CLR,PR-3019,2025-07-08,08:00,17:00,20,27,4416
SE-406841,LUM-CLR,PR-3020,2025-07-08,08:00,17:00,30,18,3302
SE-406842,LUM-CLR,PR-3021,08/07/2025,08:00,17:00,20,27,4210
SE-406843,LUM-CLR,PR-3022,2025-07-08,08:00,17:00,20,27,4199
SE-406844,LUM-CLR,PR-3023,08/07/2025,08:00,17:00,20,27,3940
SE-406845,LUM-CLR,PR-3024,2025-07-08,08:00,17:00,20,27,4215
SE-406846,LUM-GQE,PR-3025,08/07/2025,08:00,17:00,20,27,3480
SE-406847,LUM-GQE,PR-3026,08/07/2025,08:00,17:00,20,27,4421
SE-406848,LUM-GQE,PR-3027,2025-07-08,08:00,17:00,30,18,5152
SE-406849,LUM-GQE,PR-3028,2025-07-08,08:00,17:00,20,27,4210
SE-406850,LUM-BFN,PR-3029,2025-07-08,08:00,17:00,30,18,4817
SE-406851,LUM-BFN,PR-3030,08/07/2025,08:00,17:00,30,18,2885
SE-406852,LUM-BFN,PR-3031,2025-07-08,08:00,17:00,30,18,3256
SE-406853,LUM-BFN,PR-3032,2025-07-08,08:00,17:00,30,18,2779
SE-406854,LUM-SAN,PR-3001,2025-07-09,08:00,17:00,20,27,4207
SE-406855,LUM-SAN,PR-3002,2025-07-09,08:00,17:00,30,18,5987
SE-406856,LUM-SAN,PR-3003,09/07/2025,08:00,17:00,20,27,3679
SE-406857,LUM-SAN,PR-3004,2025-07-09,08:00,17:00,20,27,4117
SE-406858,LUM-SAN,PR-3005,2025-07-09,08:00,17:00,20,27,4234
SE-406859,LUM-SAN,PR-3006,09/07/2025,08:00,17:00,30,18,3134
SE-406860,LUM-SAN,PR-3007,09/07/2025,08:00,17:00,45,12,6711
SE-406861,LUM-PTA,PR-3008,2025-07-09,08:00,17:00,20,27,3803
SE-406862,LUM-PTA,PR-3009,2025-07-09,08:00,17:00,25,21,8221
SE-406863,LUM-PTA,PR-3010,2025-07-09,08:00,17:00,30,18,5602
SE-406864,LUM-PTA,PR-3011,2025-07-09,08:00,17:00,20,27,4519
SE-406865,LUM-PTA,PR-3012,2025-07-09,08:00,17:00,20,27,4073
SE-406866,LUM-PTA,PR-3013,09/07/2025,08:00,17:00,30,18,5678
SE-406867,LUM-UMH,PR-3015,09/07/2025,08:00,17:00,30,18,4817
SE-406868,LUM-UMH,PR-3016,2025-07-09,08:00,17:00,30,18,3166
SE-406869,LUM-UMH,PR-3017,2025-07-09,08:00,17:00,25,21,7465
SE-406870,LUM-UMH,PR-3018,2025-07-09,08:00,17:00,20,27,3765
SE-406871,LUM-CLR,PR-3019,2025-07-09,08:00,17:00,20,27,4416
SE-406872,LUM-CLR,PR-3020,2025-07-09,08:00,17:00,30,18,3302
SE-406873,LUM-CLR,PR-3022,2025-07-09,08:00,17:00,20,27,4199
SE-406874,LUM-CLR,PR-3023,2025-07-09,08:00,17:00,20,27,3940
SE-406875,LUM-CLR,PR-3024,2025-07-09,08:00,17:00,20,27,4215
SE-406876,LUM-GQE,PR-3026,2025-07-09,08:00,17:00,20,27,4421
SE-406877,LUM-GQE,PR-3027,2025-07-09,08:00,17:00,30,18,5152
SE-406878,LUM-GQE,PR-3028,09/07/2025,08:00,17:00,20,27,4210
SE-406879,LUM-BFN,PR-3029,2025-07-09,08:00,17:00,30,18,4817
SE-406880,LUM-BFN,PR-3030,2025-07-09,08:00,17:00,30,18,2885
SE-406881,LUM-BFN,PR-3031,2025-07-09,08:00,17:00,30,18,3256
SE-406882,LUM-SAN,PR-3001,2025-07-10,08:00,17:00,20,27,4207
SE-406883,LUM-SAN,PR-3002,2025-07-10,08:00,17:00,30,18,5987
SE-406884,LUM-SAN,PR-3003,10/07/2025,08:00,17:00,20,27,3679
SE-406885,LUM-SAN,PR-3004,2025-07-10,08:00,17:00,20,27,4117
SE-406886,LUM-SAN,PR-3005,2025-07-10,08:00,17:00,20,27,4234
SE-406887,LUM-SAN,PR-3006,2025-07-10,08:00,17:00,30,18,3134
SE-406888,LUM-SAN,PR-3007,10/07/2025,08:00,17:00,45,12,6711
SE-406889,LUM-PTA,PR-3008,10/07/2025,08:00,17:00,20,27,3803
SE-406890,LUM-PTA,PR-3009,2025-07-10,08:00,17:00,25,21,8221
SE-406891,LUM-PTA,PR-3010,2025-07-10,08:00,17:00,30,18,5602
SE-406892,LUM-PTA,PR-3011,2025-07-10,08:00,17:00,20,27,4519
SE-406893,LUM-PTA,PR-3012,2025-07-10,08:00,17:00,20,27,4073
SE-406894,LUM-UMH,PR-3014,2025-07-10,08:00,17:00,20,27,3616
SE-406895,LUM-UMH,PR-3015,10/07/2025,08:00,17:00,30,18,4817
SE-406896,LUM-UMH,PR-3017,2025-07-10,08:00,17:00,25,21,7465
SE-406897,LUM-UMH,PR-3018,10/07/2025,08:00,17:00,20,27,3765
SE-406898,LUM-CLR,PR-3019,10/07/2025,08:00,17:00,20,27,4416
SE-406899,LUM-CLR,PR-3020,2025-07-10,08:00,17:00,30,18,3302
SE-406900,LUM-CLR,PR-3021,2025-07-10,08:00,17:00,20,27,4210
SE-406901,LUM-CLR,PR-3022,2025-07-10,08:00,17:00,20,27,4199
SE-406902,LUM-CLR,PR-3023,2025-07-10,08:00,17:00,20,27,3940
SE-406903,LUM-CLR,PR-3024,10/07/2025,08:00,17:00,20,27,4215
SE-406904,LUM-GQE,PR-3025,10/07/2025,08:00,17:00,20,27,3480
SE-406905,LUM-GQE,PR-3027,10/07/2025,08:00,17:00,30,18,5152
SE-406906,LUM-GQE,PR-3028,2025-07-10,08:00,17:00,20,27,4210
SE-406907,LUM-BFN,PR-3029,10/07/2025,08:00,17:00,30,18,4817
SE-406908,LUM-BFN,PR-3030,2025-07-10,08:00,17:00,30,18,2885
SE-406909,LUM-BFN,PR-3031,2025-07-10,08:00,17:00,30,18,3256
SE-406910,LUM-BFN,PR-3032,2025-07-10,08:00,17:00,30,18,2779
SE-406911,LUM-SAN,PR-3001,2025-07-11,08:00,17:00,20,27,4207
SE-406912,LUM-SAN,PR-3002,2025-07-11,08:00,17:00,30,18,5987
SE-406913,LUM-SAN,PR-3003,2025-07-11,08:00,17:00,20,27,3679
SE-406914,LUM-SAN,PR-3004,2025-07-11,08:00,17:00,20,27,4117
SE-406915,LUM-SAN,PR-3005,2025-07-11,08:00,17:00,20,27,4234
SE-406916,LUM-SAN,PR-3006,2025-07-11,08:00,17:00,30,18,3134
SE-406917,LUM-SAN,PR-3007,2025-07-11,08:00,17:00,45,12,6711
SE-406918,LUM-PTA,PR-3008,2025-07-11,08:00,17:00,20,27,3803
SE-406919,LUM-PTA,PR-3009,2025-07-11,08:00,17:00,25,21,8221
SE-406920,LUM-PTA,PR-3010,2025-07-11,08:00,17:00,30,18,5602
SE-406921,LUM-PTA,PR-3011,2025-07-11,08:00,17:00,20,27,4519
SE-406922,LUM-PTA,PR-3012,2025-07-11,08:00,17:00,20,27,4073
SE-406923,LUM-PTA,PR-3013,11/07/2025,08:00,17:00,30,18,5678
SE-406924,LUM-UMH,PR-3014,2025-07-11,08:00,17:00,20,27,3616
SE-406925,LUM-UMH,PR-3015,2025-07-11,08:00,17:00,30,18,4817
SE-406926,LUM-UMH,PR-3016,2025-07-11,08:00,17:00,30,18,3166
SE-406927,LUM-UMH,PR-3017,2025-07-11,08:00,17:00,25,21,7465
SE-406928,LUM-UMH,PR-3018,11/07/2025,08:00,17:00,20,27,3765
SE-406929,LUM-CLR,PR-3019,2025-07-11,08:00,17:00,20,27,4416
SE-406930,LUM-CLR,PR-3020,2025-07-11,08:00,17:00,30,18,3302
SE-406931,LUM-CLR,PR-3021,2025-07-11,08:00,17:00,20,27,4210
SE-406932,LUM-CLR,PR-3022,2025-07-11,08:00,17:00,20,27,4199
SE-406933,LUM-CLR,PR-3023,2025-07-11,08:00,17:00,20,27,3940
SE-406934,LUM-CLR,PR-3024,2025-07-11,08:00,17:00,20,27,4215
SE-406935,LUM-GQE,PR-3026,2025-07-11,08:00,17:00,20,27,4421
SE-406936,LUM-GQE,PR-3027,2025-07-11,08:00,17:00,30,18,5152
SE-406937,LUM-GQE,PR-3028,11/07/2025,08:00,17:00,20,27,4210
SE-406938,LUM-BFN,PR-3029,2025-07-11,08:00,17:00,30,18,4817
SE-406939,LUM-BFN,PR-3030,2025-07-11,08:00,17:00,30,18,2885
SE-406940,LUM-BFN,PR-3031,2025-07-11,08:00,17:00,30,18,3256
SE-406941,LUM-BFN,PR-3032,2025-07-11,08:00,17:00,30,18,2779
SE-406942,LUM-SAN,PR-3002,2025-07-12,08:00,13:00,30,10,3326.11
SE-406943,LUM-SAN,PR-3005,2025-07-12,08:00,13:00,20,15,2352.22
SE-406944,LUM-SAN,PR-3006,2025-07-12,08:00,13:00,30,10,1741.11
SE-406945,LUM-PTA,PR-3009,2025-07-12,08:00,13:00,25,12,4567.22
SE-406946,LUM-PTA,PR-3011,2025-07-12,08:00,13:00,20,15,2510.56
SE-406947,LUM-PTA,PR-3012,2025-07-12,08:00,13:00,20,15,2262.78
SE-406948,LUM-UMH,PR-3015,2025-07-12,08:00,13:00,30,10,2676.11
SE-406949,LUM-UMH,PR-3016,2025-07-12,08:00,13:00,30,10,1758.89
SE-406950,LUM-CLR,PR-3019,12/07/2025,08:00,13:00,20,15,2453.33
SE-406951,LUM-CLR,PR-3020,2025-07-12,08:00,13:00,30,10,1834.44
SE-406952,LUM-CLR,PR-3022,12/07/2025,08:00,13:00,20,15,2332.78
SE-406953,LUM-GQE,PR-3026,2025-07-12,08:00,13:00,20,15,2456.11
SE-406954,LUM-GQE,PR-3028,12/07/2025,08:00,13:00,20,15,2338.89
SE-406955,LUM-BFN,PR-3029,2025-07-12,08:00,13:00,30,10,2676.11
SE-406956,LUM-BFN,PR-3031,12/07/2025,08:00,13:00,30,10,1808.89
SE-406957,LUM-SAN,PR-3001,2025-07-14,08:00,17:00,20,27,4207
SE-406958,LUM-SAN,PR-3002,2025-07-14,08:00,17:00,30,18,5987
SE-406959,LUM-SAN,PR-3003,14/07/2025,08:00,17:00,20,27,3679
SE-406960,LUM-SAN,PR-3004,14/07/2025,08:00,17:00,20,27,4117
SE-406961,LUM-SAN,PR-3005,14/07/2025,08:00,17:00,20,27,4234
SE-406962,LUM-SAN,PR-3006,2025-07-14,08:00,17:00,30,18,3134
SE-406963,LUM-SAN,PR-3007,14/07/2025,08:00,17:00,45,12,6711
SE-406964,LUM-PTA,PR-3008,2025-07-14,08:00,17:00,20,27,3803
SE-406965,LUM-PTA,PR-3010,2025-07-14,08:00,17:00,30,18,5602
SE-406966,LUM-PTA,PR-3011,14/07/2025,08:00,17:00,20,27,4519
SE-406967,LUM-PTA,PR-3012,14/07/2025,08:00,17:00,20,27,4073
SE-406968,LUM-PTA,PR-3013,14/07/2025,08:00,17:00,30,18,5678
SE-406969,LUM-UMH,PR-3014,14/07/2025,08:00,17:00,20,27,3616
SE-406970,LUM-UMH,PR-3015,2025-07-14,08:00,17:00,30,18,4817
SE-406971,LUM-UMH,PR-3016,2025-07-14,08:00,17:00,30,18,3166
SE-406972,LUM-UMH,PR-3017,2025-07-14,08:00,17:00,25,21,7465
SE-406973,LUM-CLR,PR-3019,2025-07-14,08:00,17:00,20,27,4416
SE-406974,LUM-CLR,PR-3020,2025-07-14,08:00,17:00,30,18,3302
SE-406975,LUM-CLR,PR-3022,2025-07-14,08:00,17:00,20,27,4199
SE-406976,LUM-CLR,PR-3024,2025-07-14,08:00,17:00,20,27,4215
SE-406977,LUM-GQE,PR-3025,2025-07-14,08:00,17:00,20,27,3480
SE-406978,LUM-GQE,PR-3026,2025-07-14,08:00,17:00,20,27,4421
SE-406979,LUM-GQE,PR-3027,2025-07-14,08:00,17:00,30,18,5152
SE-406980,LUM-BFN,PR-3029,14/07/2025,08:00,17:00,30,18,4817
SE-406981,LUM-BFN,PR-3030,2025-07-14,08:00,17:00,30,18,2885
SE-406982,LUM-BFN,PR-3031,2025-07-14,08:00,17:00,30,18,3256
SE-406983,LUM-BFN,PR-3032,2025-07-14,08:00,17:00,30,18,2779
SE-406984,LUM-SAN,PR-3002,2025-07-15,08:00,17:00,30,18,5987
SE-406985,LUM-SAN,PR-3003,2025-07-15,08:00,17:00,20,27,3679
SE-406986,LUM-SAN,PR-3004,2025-07-15,08:00,17:00,20,27,4117
SE-406987,LUM-SAN,PR-3005,15/07/2025,08:00,17:00,20,27,4234
SE-406988,LUM-SAN,PR-3006,15/07/2025,08:00,17:00,30,18,3134
SE-406989,LUM-SAN,PR-3007,2025-07-15,08:00,17:00,45,12,6711
SE-406990,LUM-PTA,PR-3008,15/07/2025,08:00,17:00,20,27,3803
SE-406991,LUM-PTA,PR-3009,2025-07-15,08:00,17:00,25,21,8221
SE-406992,LUM-PTA,PR-3010,2025-07-15,08:00,17:00,30,18,5602
SE-406993,LUM-PTA,PR-3011,2025-07-15,08:00,17:00,20,27,4519
SE-406994,LUM-PTA,PR-3012,2025-07-15,08:00,17:00,20,27,4073
SE-406995,LUM-PTA,PR-3013,2025-07-15,08:00,17:00,30,18,5678
SE-406996,LUM-UMH,PR-3014,2025-07-15,08:00,17:00,20,27,3616
SE-406997,LUM-UMH,PR-3015,2025-07-15,08:00,17:00,30,18,4817
SE-406998,LUM-UMH,PR-3017,2025-07-15,08:00,17:00,25,21,7465
SE-406999,LUM-CLR,PR-3019,15/07/2025,08:00,17:00,20,27,4416
SE-407000,LUM-CLR,PR-3020,2025-07-15,08:00,17:00,30,18,3302
SE-407001,LUM-CLR,PR-3021,15/07/2025,08:00,17:00,20,27,4210
SE-407002,LUM-CLR,PR-3022,15/07/2025,08:00,17:00,20,27,4199
SE-407003,LUM-CLR,PR-3023,2025-07-15,08:00,17:00,20,27,3940
SE-407004,LUM-CLR,PR-3024,2025-07-15,08:00,17:00,20,27,4215
SE-407005,LUM-GQE,PR-3025,2025-07-15,08:00,17:00,20,27,3480
SE-407006,LUM-GQE,PR-3026,2025-07-15,08:00,17:00,20,27,4421
SE-407007,LUM-GQE,PR-3027,2025-07-15,08:00,17:00,30,18,5152
SE-407008,LUM-GQE,PR-3028,2025-07-15,08:00,17:00,20,27,4210
SE-407009,LUM-BFN,PR-3029,2025-07-15,08:00,17:00,30,18,4817
SE-407010,LUM-BFN,PR-3030,2025-07-15,08:00,17:00,30,18,2885
SE-407011,LUM-BFN,PR-3031,2025-07-15,08:00,17:00,30,18,3256
SE-407012,LUM-BFN,PR-3032,15/07/2025,08:00,17:00,30,18,2779
SE-407013,LUM-SAN,PR-3001,2025-07-16,08:00,17:00,20,27,4207
SE-407014,LUM-SAN,PR-3002,2025-07-16,08:00,17:00,30,18,5987
SE-407015,LUM-SAN,PR-3003,2025-07-16,08:00,17:00,20,27,3679
SE-407016,LUM-SAN,PR-3004,2025-07-16,08:00,17:00,20,27,4117
SE-407017,LUM-SAN,PR-3005,2025-07-16,08:00,17:00,20,27,4234
SE-407018,LUM-SAN,PR-3006,16/07/2025,08:00,17:00,30,18,3134
SE-407019,LUM-SAN,PR-3007,2025-07-16,08:00,17:00,45,12,6711
SE-407020,LUM-PTA,PR-3008,2025-07-16,08:00,17:00,20,27,3803
SE-407021,LUM-PTA,PR-3010,2025-07-16,08:00,17:00,30,18,5602
SE-407022,LUM-PTA,PR-3011,2025-07-16,08:00,17:00,20,27,4519
SE-407023,LUM-PTA,PR-3012,2025-07-16,08:00,17:00,20,27,4073
SE-407024,LUM-PTA,PR-3013,16/07/2025,08:00,17:00,30,18,5678
SE-407025,LUM-UMH,PR-3016,2025-07-16,08:00,17:00,30,18,3166
SE-407026,LUM-UMH,PR-3017,2025-07-16,08:00,17:00,25,21,7465
SE-407027,LUM-UMH,PR-3018,2025-07-16,08:00,17:00,20,27,3765
SE-407028,LUM-CLR,PR-3020,16/07/2025,08:00,17:00,30,18,3302
SE-407029,LUM-CLR,PR-3021,16/07/2025,08:00,17:00,20,27,4210
SE-407030,LUM-CLR,PR-3022,2025-07-16,08:00,17:00,20,27,4199
SE-407031,LUM-CLR,PR-3023,2025-07-16,08:00,17:00,20,27,3940
SE-407032,LUM-GQE,PR-3025,2025-07-16,08:00,17:00,20,27,3480
SE-407033,LUM-GQE,PR-3026,2025-07-16,08:00,17:00,20,27,4421
SE-407034,LUM-GQE,PR-3027,2025-07-16,08:00,17:00,30,18,5152
SE-407035,LUM-GQE,PR-3028,16/07/2025,08:00,17:00,20,27,4210
SE-407036,LUM-BFN,PR-3029,16/07/2025,08:00,17:00,30,18,4817
SE-407037,LUM-BFN,PR-3031,2025-07-16,08:00,17:00,30,18,3256
SE-407038,LUM-BFN,PR-3032,2025-07-16,08:00,17:00,30,18,2779
SE-407039,LUM-SAN,PR-3002,2025-07-17,08:00,17:00,30,18,5987
SE-407040,LUM-SAN,PR-3003,2025-07-17,08:00,17:00,20,27,3679
SE-407041,LUM-SAN,PR-3004,2025-07-17,08:00,17:00,20,27,4117
SE-407042,LUM-SAN,PR-3005,17/07/2025,08:00,17:00,20,27,4234
SE-407043,LUM-SAN,PR-3006,2025-07-17,08:00,17:00,30,18,3134
SE-407044,LUM-SAN,PR-3007,2025-07-17,08:00,17:00,45,12,6711
SE-407045,LUM-PTA,PR-3008,2025-07-17,08:00,17:00,20,27,3803
SE-407046,LUM-PTA,PR-3009,17/07/2025,08:00,17:00,25,21,8221
SE-407047,LUM-PTA,PR-3010,2025-07-17,08:00,17:00,30,18,5602
SE-407048,LUM-PTA,PR-3011,17/07/2025,08:00,17:00,20,27,4519
SE-407049,LUM-PTA,PR-3012,2025-07-17,08:00,17:00,20,27,4073
SE-407050,LUM-PTA,PR-3013,17/07/2025,08:00,17:00,30,18,5678
SE-407051,LUM-UMH,PR-3015,2025-07-17,08:00,17:00,30,18,4817
SE-407052,LUM-UMH,PR-3016,2025-07-17,08:00,17:00,30,18,3166
SE-407053,LUM-UMH,PR-3017,17/07/2025,08:00,17:00,25,21,7465
SE-407054,LUM-UMH,PR-3018,17/07/2025,08:00,17:00,20,27,3765
SE-407055,LUM-CLR,PR-3019,2025-07-17,08:00,17:00,20,27,4416
SE-407056,LUM-CLR,PR-3020,2025-07-17,08:00,17:00,30,18,3302
SE-407057,LUM-CLR,PR-3021,2025-07-17,08:00,17:00,20,27,4210
SE-407058,LUM-CLR,PR-3022,2025-07-17,08:00,17:00,20,27,4199
SE-407059,LUM-CLR,PR-3023,17/07/2025,08:00,17:00,20,27,3940
SE-407060,LUM-CLR,PR-3024,17/07/2025,08:00,17:00,20,27,4215
SE-407061,LUM-GQE,PR-3025,2025-07-17,08:00,17:00,20,27,3480
SE-407062,LUM-GQE,PR-3026,2025-07-17,08:00,17:00,20,27,4421
SE-407063,LUM-GQE,PR-3027,2025-07-17,08:00,17:00,30,18,5152
SE-407064,LUM-GQE,PR-3028,2025-07-17,08:00,17:00,20,27,4210
SE-407065,LUM-BFN,PR-3029,2025-07-17,08:00,17:00,30,18,4817
SE-407066,LUM-BFN,PR-3031,2025-07-17,08:00,17:00,30,18,3256
SE-407067,LUM-BFN,PR-3032,17/07/2025,08:00,17:00,30,18,2779
SE-407068,LUM-SAN,PR-3001,2025-07-18,08:00,17:00,20,27,4207
SE-407069,LUM-SAN,PR-3002,2025-07-18,08:00,17:00,30,18,5987
SE-407070,LUM-SAN,PR-3003,2025-07-18,08:00,17:00,20,27,3679
SE-407071,LUM-SAN,PR-3004,18/07/2025,08:00,17:00,20,27,4117
SE-407072,LUM-SAN,PR-3005,18/07/2025,08:00,17:00,20,27,4234
SE-407073,LUM-SAN,PR-3006,18/07/2025,08:00,17:00,30,18,3134
SE-407074,LUM-SAN,PR-3007,2025-07-18,08:00,17:00,45,12,6711
SE-407075,LUM-PTA,PR-3010,18/07/2025,08:00,17:00,30,18,5602
SE-407076,LUM-PTA,PR-3011,2025-07-18,08:00,17:00,20,27,4519
SE-407077,LUM-PTA,PR-3012,2025-07-18,08:00,17:00,20,27,4073
SE-407078,LUM-PTA,PR-3013,2025-07-18,08:00,17:00,30,18,5678
SE-407079,LUM-UMH,PR-3014,2025-07-18,08:00,17:00,20,27,3616
SE-407080,LUM-UMH,PR-3015,18/07/2025,08:00,17:00,30,18,4817
SE-407081,LUM-UMH,PR-3016,2025-07-18,08:00,17:00,30,18,3166
SE-407082,LUM-UMH,PR-3017,2025-07-18,08:00,17:00,25,21,7465
SE-407083,LUM-UMH,PR-3018,2025-07-18,08:00,17:00,20,27,3765
SE-407084,LUM-CLR,PR-3019,18/07/2025,08:00,17:00,20,27,4416
SE-407085,LUM-CLR,PR-3021,2025-07-18,08:00,17:00,20,27,4210
SE-407086,LUM-CLR,PR-3022,2025-07-18,08:00,17:00,20,27,4199
SE-407087,LUM-CLR,PR-3023,2025-07-18,08:00,17:00,20,27,3940
SE-407088,LUM-GQE,PR-3025,18/07/2025,08:00,17:00,20,27,3480
SE-407089,LUM-GQE,PR-3027,2025-07-18,08:00,17:00,30,18,5152
SE-407090,LUM-GQE,PR-3028,18/07/2025,08:00,17:00,20,27,4210
SE-407091,LUM-BFN,PR-3030,2025-07-18,08:00,17:00,30,18,2885
SE-407092,LUM-BFN,PR-3031,2025-07-18,08:00,17:00,30,18,3256
SE-407093,LUM-BFN,PR-3032,18/07/2025,08:00,17:00,30,18,2779
SE-407094,LUM-SAN,PR-3001,2025-07-19,08:00,13:00,20,15,2337.22
SE-407095,LUM-SAN,PR-3002,19/07/2025,08:00,13:00,30,10,3326.11
SE-407096,LUM-SAN,PR-3004,2025-07-19,08:00,13:00,20,15,2287.22
SE-407097,LUM-SAN,PR-3005,19/07/2025,08:00,13:00,20,15,2352.22
SE-407098,LUM-SAN,PR-3007,2025-07-19,08:00,13:00,45,6,3728.33
SE-407099,LUM-PTA,PR-3008,2025-07-19,08:00,13:00,20,15,2112.78
SE-407100,LUM-PTA,PR-3010,2025-07-19,08:00,13:00,30,10,3112.22
SE-407101,LUM-PTA,PR-3011,2025-07-19,08:00,13:00,20,15,2510.56
SE-407102,LUM-PTA,PR-3013,2025-07-19,08:00,13:00,30,10,3154.44
SE-407103,LUM-UMH,PR-3014,2025-07-19,08:00,13:00,20,15,2008.89
SE-407104,LUM-UMH,PR-3017,2025-07-19,08:00,13:00,25,12,4147.22
SE-407105,LUM-UMH,PR-3018,2025-07-19,08:00,13:00,20,15,2091.67
SE-407106,LUM-CLR,PR-3024,2025-07-19,08:00,13:00,20,15,2341.67
SE-407107,LUM-GQE,PR-3025,2025-07-19,08:00,13:00,20,15,1933.33
SE-407108,LUM-GQE,PR-3028,2025-07-19,08:00,13:00,20,15,2338.89
SE-407109,LUM-BFN,PR-3032,2025-07-19,08:00,13:00,30,10,1543.89
SE-407110,LUM-SAN,PR-3001,21/07/2025,08:00,17:00,20,27,4207
SE-407111,LUM-SAN,PR-3003,2025-07-21,08:00,17:00,20,27,3679
SE-407112,LUM-SAN,PR-3004,2025-07-21,08:00,17:00,20,27,4117
SE-407113,LUM-SAN,PR-3005,2025-07-21,08:00,17:00,20,27,4234
SE-407114,LUM-SAN,PR-3006,21/07/2025,08:00,17:00,30,18,3134
SE-407115,LUM-SAN,PR-3007,2025-07-21,08:00,17:00,45,12,6711
SE-407116,LUM-PTA,PR-3008,2025-07-21,08:00,17:00,20,27,3803
SE-407117,LUM-PTA,PR-3009,2025-07-21,08:00,17:00,25,21,8221
SE-407118,LUM-PTA,PR-3010,21/07/2025,08:00,17:00,30,18,5602
SE-407119,LUM-PTA,PR-3011,2025-07-21,08:00,17:00,20,27,4519
SE-407120,LUM-PTA,PR-3012,2025-07-21,08:00,17:00,20,27,4073
SE-407121,LUM-PTA,PR-3013,2025-07-21,08:00,17:00,30,18,5678
SE-407122,LUM-UMH,PR-3014,21/07/2025,08:00,17:00,20,27,3616
SE-407123,LUM-UMH,PR-3015,2025-07-21,08:00,17:00,30,18,4817
SE-407124,LUM-UMH,PR-3016,2025-07-21,08:00,17:00,30,18,3166
SE-407125,LUM-UMH,PR-3017,21/07/2025,08:00,17:00,25,21,7465
SE-407126,LUM-UMH,PR-3018,2025-07-21,08:00,17:00,20,27,3765
SE-407127,LUM-CLR,PR-3019,2025-07-21,08:00,17:00,20,27,4416
SE-407128,LUM-CLR,PR-3021,2025-07-21,08:00,17:00,20,27,4210
SE-407129,LUM-CLR,PR-3022,21/07/2025,08:00,17:00,20,27,4199
SE-407130,LUM-CLR,PR-3023,2025-07-21,08:00,17:00,20,27,3940
SE-407131,LUM-CLR,PR-3024,2025-07-21,08:00,17:00,20,27,4215
SE-407132,LUM-GQE,PR-3025,2025-07-21,08:00,17:00,20,27,3480
SE-407133,LUM-GQE,PR-3026,2025-07-21,08:00,17:00,20,27,4421
SE-407134,LUM-GQE,PR-3027,21/07/2025,08:00,17:00,30,18,5152
SE-407135,LUM-GQE,PR-3028,2025-07-21,08:00,17:00,20,27,4210
SE-407136,LUM-BFN,PR-3029,2025-07-21,08:00,17:00,30,18,4817
SE-407137,LUM-BFN,PR-3031,21/07/2025,08:00,17:00,30,18,3256
SE-407138,LUM-BFN,PR-3032,2025-07-21,08:00,17:00,30,18,2779
SE-407139,LUM-SAN,PR-3001,2025-07-22,08:00,17:00,20,27,4207
SE-407140,LUM-SAN,PR-3002,22/07/2025,08:00,17:00,30,18,5987
SE-407141,LUM-SAN,PR-3004,2025-07-22,08:00,17:00,20,27,4117
SE-407142,LUM-SAN,PR-3005,2025-07-22,08:00,17:00,20,27,4234
SE-407143,LUM-SAN,PR-3006,2025-07-22,08:00,17:00,30,18,3134
SE-407144,LUM-SAN,PR-3007,22/07/2025,08:00,17:00,45,12,6711
SE-407145,LUM-PTA,PR-3008,2025-07-22,08:00,17:00,20,27,3803
SE-407146,LUM-PTA,PR-3009,2025-07-22,08:00,17:00,25,21,8221
SE-407147,LUM-PTA,PR-3010,2025-07-22,08:00,17:00,30,18,5602
SE-407148,LUM-PTA,PR-3011,2025-07-22,08:00,17:00,20,27,4519
SE-407149,LUM-PTA,PR-3013,2025-07-22,08:00,17:00,30,18,5678
SE-407150,LUM-UMH,PR-3014,2025-07-22,08:00,17:00,20,27,3616
SE-407151,LUM-UMH,PR-3015,2025-07-22,08:00,17:00,30,18,4817
SE-407152,LUM-UMH,PR-3017,22/07/2025,08:00,17:00,25,21,7465
SE-407153,LUM-UMH,PR-3018,2025-07-22,08:00,17:00,20,27,3765
SE-407154,LUM-CLR,PR-3019,22/07/2025,08:00,17:00,20,27,4416
SE-407155,LUM-CLR,PR-3020,2025-07-22,08:00,17:00,30,18,3302
SE-407156,LUM-CLR,PR-3021,2025-07-22,08:00,17:00,20,27,4210
SE-407157,LUM-CLR,PR-3022,2025-07-22,08:00,17:00,20,27,4199
SE-407158,LUM-CLR,PR-3023,2025-07-22,08:00,17:00,20,27,3940
SE-407159,LUM-CLR,PR-3024,2025-07-22,08:00,17:00,20,27,4215
SE-407160,LUM-GQE,PR-3025,2025-07-22,08:00,17:00,20,27,3480
SE-407161,LUM-GQE,PR-3026,2025-07-22,08:00,17:00,20,27,4421
SE-407162,LUM-GQE,PR-3027,2025-07-22,08:00,17:00,30,18,5152
SE-407163,LUM-BFN,PR-3029,2025-07-22,08:00,17:00,30,18,4817
SE-407164,LUM-BFN,PR-3030,2025-07-22,08:00,17:00,30,18,2885
SE-407165,LUM-BFN,PR-3031,2025-07-22,08:00,17:00,30,18,3256
SE-407166,LUM-BFN,PR-3032,2025-07-22,08:00,17:00,30,18,2779
SE-407167,LUM-SAN,PR-3001,2025-07-23,08:00,17:00,20,27,4207
SE-407168,LUM-SAN,PR-3002,23/07/2025,08:00,17:00,30,18,5987
SE-407169,LUM-SAN,PR-3003,2025-07-23,08:00,17:00,20,27,3679
SE-407170,LUM-SAN,PR-3004,2025-07-23,08:00,17:00,20,27,4117
SE-407171,LUM-SAN,PR-3005,23/07/2025,08:00,17:00,20,27,4234
SE-407172,LUM-SAN,PR-3006,2025-07-23,08:00,17:00,30,18,3134
SE-407173,LUM-SAN,PR-3007,23/07/2025,08:00,17:00,45,12,6711
SE-407174,LUM-PTA,PR-3008,2025-07-23,08:00,17:00,20,27,3803
SE-407175,LUM-PTA,PR-3009,2025-07-23,08:00,17:00,25,21,8221
SE-407176,LUM-PTA,PR-3010,23/07/2025,08:00,17:00,30,18,5602
SE-407177,LUM-PTA,PR-3011,2025-07-23,08:00,17:00,20,27,4519
SE-407178,LUM-PTA,PR-3013,2025-07-23,08:00,17:00,30,18,5678
SE-407179,LUM-UMH,PR-3014,2025-07-23,08:00,17:00,20,27,3616
SE-407180,LUM-UMH,PR-3015,2025-07-23,08:00,17:00,30,18,4817
SE-407181,LUM-UMH,PR-3016,2025-07-23,08:00,17:00,30,18,3166
SE-407182,LUM-UMH,PR-3017,23/07/2025,08:00,17:00,25,21,7465
SE-407183,LUM-UMH,PR-3018,2025-07-23,08:00,17:00,20,27,3765
SE-407184,LUM-CLR,PR-3019,23/07/2025,08:00,17:00,20,27,4416
SE-407185,LUM-CLR,PR-3021,2025-07-23,08:00,17:00,20,27,4210
SE-407186,LUM-CLR,PR-3022,23/07/2025,08:00,17:00,20,27,4199
SE-407187,LUM-CLR,PR-3023,2025-07-23,08:00,17:00,20,27,3940
SE-407188,LUM-GQE,PR-3025,2025-07-23,08:00,17:00,20,27,3480
SE-407189,LUM-GQE,PR-3026,2025-07-23,08:00,17:00,20,27,4421
SE-407190,LUM-GQE,PR-3027,2025-07-23,08:00,17:00,30,18,5152
SE-407191,LUM-GQE,PR-3028,2025-07-23,08:00,17:00,20,27,4210
SE-407192,LUM-BFN,PR-3031,2025-07-23,08:00,17:00,30,18,3256
SE-407193,LUM-SAN,PR-3001,2025-07-24,08:00,17:00,20,27,4207
SE-407194,LUM-SAN,PR-3002,2025-07-24,08:00,17:00,30,18,5987
SE-407195,LUM-SAN,PR-3003,2025-07-24,08:00,17:00,20,27,3679
SE-407196,LUM-SAN,PR-3004,24/07/2025,08:00,17:00,20,27,4117
SE-407197,LUM-SAN,PR-3005,24/07/2025,08:00,17:00,20,27,4234
SE-407198,LUM-SAN,PR-3006,2025-07-24,08:00,17:00,30,18,3134
SE-407199,LUM-SAN,PR-3007,24/07/2025,08:00,17:00,45,12,6711
SE-407200,LUM-PTA,PR-3008,2025-07-24,08:00,17:00,20,27,3803
SE-407201,LUM-PTA,PR-3009,2025-07-24,08:00,17:00,25,21,8221
SE-407202,LUM-PTA,PR-3010,2025-07-24,08:00,17:00,30,18,5602
SE-407203,LUM-PTA,PR-3011,24/07/2025,08:00,17:00,20,27,4519
SE-407204,LUM-PTA,PR-3012,2025-07-24,08:00,17:00,20,27,4073
SE-407205,LUM-PTA,PR-3013,2025-07-24,08:00,17:00,30,18,5678
SE-407206,LUM-UMH,PR-3014,2025-07-24,08:00,17:00,20,27,3616
SE-407207,LUM-UMH,PR-3016,2025-07-24,08:00,17:00,30,18,3166
SE-407208,LUM-UMH,PR-3017,2025-07-24,08:00,17:00,25,21,7465
SE-407209,LUM-UMH,PR-3018,24/07/2025,08:00,17:00,20,27,3765
SE-407210,LUM-CLR,PR-3019,2025-07-24,08:00,17:00,20,27,4416
SE-407211,LUM-CLR,PR-3020,2025-07-24,08:00,17:00,30,18,3302
SE-407212,LUM-CLR,PR-3021,2025-07-24,08:00,17:00,20,27,4210
SE-407213,LUM-CLR,PR-3022,24/07/2025,08:00,17:00,20,27,4199
SE-407214,LUM-CLR,PR-3023,2025-07-24,08:00,17:00,20,27,3940
SE-407215,LUM-CLR,PR-3024,2025-07-24,08:00,17:00,20,27,4215
SE-407216,LUM-GQE,PR-3025,2025-07-24,08:00,17:00,20,27,3480
SE-407217,LUM-GQE,PR-3026,2025-07-24,08:00,17:00,20,27,4421
SE-407218,LUM-GQE,PR-3027,24/07/2025,08:00,17:00,30,18,5152
SE-407219,LUM-GQE,PR-3028,2025-07-24,08:00,17:00,20,27,4210
SE-407220,LUM-BFN,PR-3029,2025-07-24,08:00,17:00,30,18,4817
SE-407221,LUM-BFN,PR-3030,2025-07-24,08:00,17:00,30,18,2885
SE-407222,LUM-BFN,PR-3031,2025-07-24,08:00,17:00,30,18,3256
SE-407223,LUM-BFN,PR-3032,2025-07-24,08:00,17:00,30,18,2779
SE-407224,LUM-SAN,PR-3002,2025-07-25,08:00,17:00,30,18,5987
SE-407225,LUM-SAN,PR-3003,2025-07-25,08:00,17:00,20,27,3679
SE-407226,LUM-SAN,PR-3004,25/07/2025,08:00,17:00,20,27,4117
SE-407227,LUM-SAN,PR-3005,2025-07-25,08:00,17:00,20,27,4234
SE-407228,LUM-SAN,PR-3006,25/07/2025,08:00,17:00,30,18,3134
SE-407229,LUM-SAN,PR-3007,2025-07-25,08:00,17:00,45,12,6711
SE-407230,LUM-PTA,PR-3008,2025-07-25,08:00,17:00,20,27,3803
SE-407231,LUM-PTA,PR-3011,25/07/2025,08:00,17:00,20,27,4519
SE-407232,LUM-PTA,PR-3012,2025-07-25,08:00,17:00,20,27,4073
SE-407233,LUM-PTA,PR-3013,2025-07-25,08:00,17:00,30,18,5678
SE-407234,LUM-UMH,PR-3014,25/07/2025,08:00,17:00,20,27,3616
SE-407235,LUM-UMH,PR-3015,2025-07-25,08:00,17:00,30,18,4817
SE-407236,LUM-UMH,PR-3016,2025-07-25,08:00,17:00,30,18,3166
SE-407237,LUM-UMH,PR-3017,2025-07-25,08:00,17:00,25,21,7465
SE-407238,LUM-UMH,PR-3018,25/07/2025,08:00,17:00,20,27,3765
SE-407239,LUM-CLR,PR-3019,25/07/2025,08:00,17:00,20,27,4416
SE-407240,LUM-CLR,PR-3020,2025-07-25,08:00,17:00,30,18,3302
SE-407241,LUM-CLR,PR-3021,25/07/2025,08:00,17:00,20,27,4210
SE-407242,LUM-CLR,PR-3022,2025-07-25,08:00,17:00,20,27,4199
SE-407243,LUM-CLR,PR-3023,2025-07-25,08:00,17:00,20,27,3940
SE-407244,LUM-CLR,PR-3024,2025-07-25,08:00,17:00,20,27,4215
SE-407245,LUM-GQE,PR-3025,25/07/2025,08:00,17:00,20,27,3480
SE-407246,LUM-GQE,PR-3026,2025-07-25,08:00,17:00,20,27,4421
SE-407247,LUM-GQE,PR-3027,2025-07-25,08:00,17:00,30,18,5152
SE-407248,LUM-GQE,PR-3028,2025-07-25,08:00,17:00,20,27,4210
SE-407249,LUM-BFN,PR-3029,2025-07-25,08:00,17:00,30,18,4817
SE-407250,LUM-BFN,PR-3030,25/07/2025,08:00,17:00,30,18,2885
SE-407251,LUM-BFN,PR-3031,2025-07-25,08:00,17:00,30,18,3256
SE-407252,LUM-BFN,PR-3032,25/07/2025,08:00,17:00,30,18,2779
SE-407253,LUM-SAN,PR-3005,26/07/2025,08:00,13:00,20,15,2352.22
SE-407254,LUM-SAN,PR-3006,2025-07-26,08:00,13:00,30,10,1741.11
SE-407255,LUM-SAN,PR-3007,2025-07-26,08:00,13:00,45,6,3728.33
SE-407256,LUM-PTA,PR-3010,2025-07-26,08:00,13:00,30,10,3112.22
SE-407257,LUM-PTA,PR-3011,26/07/2025,08:00,13:00,20,15,2510.56
SE-407258,LUM-UMH,PR-3017,2025-07-26,08:00,13:00,25,12,4147.22
SE-407259,LUM-CLR,PR-3024,2025-07-26,08:00,13:00,20,15,2341.67
SE-407260,LUM-BFN,PR-3030,2025-07-26,08:00,13:00,30,10,1602.78
SE-407261,LUM-BFN,PR-3032,2025-07-26,08:00,13:00,30,10,1543.89
SE-407262,LUM-SAN,PR-3001,28/07/2025,08:00,17:00,20,27,4207
SE-407263,LUM-SAN,PR-3002,2025-07-28,08:00,17:00,30,18,5987
SE-407264,LUM-SAN,PR-3003,28/07/2025,08:00,17:00,20,27,3679
SE-407265,LUM-SAN,PR-3004,28/07/2025,08:00,17:00,20,27,4117
SE-407266,LUM-SAN,PR-3005,28/07/2025,08:00,17:00,20,27,4234
SE-407267,LUM-SAN,PR-3006,2025-07-28,08:00,17:00,30,18,3134
SE-407268,LUM-PTA,PR-3008,2025-07-28,08:00,17:00,20,27,3803
SE-407269,LUM-PTA,PR-3009,28/07/2025,08:00,17:00,25,21,8221
SE-407270,LUM-PTA,PR-3010,2025-07-28,08:00,17:00,30,18,5602
SE-407271,LUM-PTA,PR-3011,28/07/2025,08:00,17:00,20,27,4519
SE-407272,LUM-PTA,PR-3012,2025-07-28,08:00,17:00,20,27,4073
SE-407273,LUM-UMH,PR-3014,2025-07-28,08:00,17:00,20,27,3616
SE-407274,LUM-UMH,PR-3015,2025-07-28,08:00,17:00,30,18,4817
SE-407275,LUM-UMH,PR-3016,2025-07-28,08:00,17:00,30,18,3166
SE-407276,LUM-UMH,PR-3017,2025-07-28,08:00,17:00,25,21,7465
SE-407277,LUM-UMH,PR-3018,2025-07-28,08:00,17:00,20,27,3765
SE-407278,LUM-CLR,PR-3019,2025-07-28,08:00,17:00,20,27,4416
SE-407279,LUM-CLR,PR-3020,28/07/2025,08:00,17:00,30,18,3302
SE-407280,LUM-CLR,PR-3021,2025-07-28,08:00,17:00,20,27,4210
SE-407281,LUM-CLR,PR-3023,2025-07-28,08:00,17:00,20,27,3940
SE-407282,LUM-CLR,PR-3024,2025-07-28,08:00,17:00,20,27,4215
SE-407283,LUM-GQE,PR-3025,2025-07-28,08:00,17:00,20,27,3480
SE-407284,LUM-GQE,PR-3026,2025-07-28,08:00,17:00,20,27,4421
SE-407285,LUM-GQE,PR-3027,2025-07-28,08:00,17:00,30,18,5152
SE-407286,LUM-GQE,PR-3028,2025-07-28,08:00,17:00,20,27,4210
SE-407287,LUM-BFN,PR-3029,2025-07-28,08:00,17:00,30,18,4817
SE-407288,LUM-BFN,PR-3030,2025-07-28,08:00,17:00,30,18,2885
SE-407289,LUM-BFN,PR-3031,2025-07-28,08:00,17:00,30,18,3256
SE-407290,LUM-BFN,PR-3032,2025-07-28,08:00,17:00,30,18,2779
SE-407291,LUM-SAN,PR-3001,29/07/2025,08:00,17:00,20,27,4207
SE-407292,LUM-SAN,PR-3002,2025-07-29,08:00,17:00,30,18,5987
SE-407293,LUM-SAN,PR-3003,2025-07-29,08:00,17:00,20,27,3679
SE-407294,LUM-SAN,PR-3004,29/07/2025,08:00,17:00,20,27,4117
SE-407295,LUM-SAN,PR-3005,29/07/2025,08:00,17:00,20,27,4234
SE-407296,LUM-SAN,PR-3006,29/07/2025,08:00,17:00,30,18,3134
SE-407297,LUM-SAN,PR-3007,29/07/2025,08:00,17:00,45,12,6711
SE-407298,LUM-PTA,PR-3008,2025-07-29,08:00,17:00,20,27,3803
SE-407299,LUM-PTA,PR-3009,2025-07-29,08:00,17:00,25,21,8221
SE-407300,LUM-PTA,PR-3010,29/07/2025,08:00,17:00,30,18,5602
SE-407301,LUM-PTA,PR-3011,2025-07-29,08:00,17:00,20,27,4519
SE-407302,LUM-PTA,PR-3012,2025-07-29,08:00,17:00,20,27,4073
SE-407303,LUM-PTA,PR-3013,2025-07-29,08:00,17:00,30,18,5678
SE-407304,LUM-UMH,PR-3014,29/07/2025,08:00,17:00,20,27,3616
SE-407305,LUM-UMH,PR-3015,29/07/2025,08:00,17:00,30,18,4817
SE-407306,LUM-UMH,PR-3016,2025-07-29,08:00,17:00,30,18,3166
SE-407307,LUM-UMH,PR-3017,2025-07-29,08:00,17:00,25,21,7465
SE-407308,LUM-UMH,PR-3018,2025-07-29,08:00,17:00,20,27,3765
SE-407309,LUM-CLR,PR-3019,2025-07-29,08:00,17:00,20,27,4416
SE-407310,LUM-CLR,PR-3020,29/07/2025,08:00,17:00,30,18,3302
SE-407311,LUM-CLR,PR-3021,29/07/2025,08:00,17:00,20,27,4210
SE-407312,LUM-CLR,PR-3022,29/07/2025,08:00,17:00,20,27,4199
SE-407313,LUM-CLR,PR-3023,2025-07-29,08:00,17:00,20,27,3940
SE-407314,LUM-CLR,PR-3024,29/07/2025,08:00,17:00,20,27,4215
SE-407315,LUM-GQE,PR-3025,2025-07-29,08:00,17:00,20,27,3480
SE-407316,LUM-GQE,PR-3026,2025-07-29,08:00,17:00,20,27,4421
SE-407317,LUM-GQE,PR-3028,2025-07-29,08:00,17:00,20,27,4210
SE-407318,LUM-BFN,PR-3029,29/07/2025,08:00,17:00,30,18,4817
SE-407319,LUM-BFN,PR-3030,29/07/2025,08:00,17:00,30,18,2885
SE-407320,LUM-BFN,PR-3031,2025-07-29,08:00,17:00,30,18,3256
SE-407321,LUM-BFN,PR-3032,2025-07-29,08:00,17:00,30,18,2779
SE-407322,LUM-SAN,PR-3001,2025-07-30,08:00,17:00,20,27,4207
SE-407323,LUM-SAN,PR-3003,2025-07-30,08:00,17:00,20,27,3679
SE-407324,LUM-SAN,PR-3004,30/07/2025,08:00,17:00,20,27,4117
SE-407325,LUM-SAN,PR-3005,2025-07-30,08:00,17:00,20,27,4234
SE-407326,LUM-SAN,PR-3006,2025-07-30,08:00,17:00,30,18,3134
SE-407327,LUM-SAN,PR-3007,2025-07-30,08:00,17:00,45,12,6711
SE-407328,LUM-PTA,PR-3008,2025-07-30,08:00,17:00,20,27,3803
SE-407329,LUM-PTA,PR-3009,2025-07-30,08:00,17:00,25,21,8221
SE-407330,LUM-PTA,PR-3010,2025-07-30,08:00,17:00,30,18,5602
SE-407331,LUM-PTA,PR-3011,30/07/2025,08:00,17:00,20,27,4519
SE-407332,LUM-PTA,PR-3012,30/07/2025,08:00,17:00,20,27,4073
SE-407333,LUM-PTA,PR-3013,2025-07-30,08:00,17:00,30,18,5678
SE-407334,LUM-UMH,PR-3014,2025-07-30,08:00,17:00,20,27,3616
SE-407335,LUM-UMH,PR-3015,2025-07-30,08:00,17:00,30,18,4817
SE-407336,LUM-UMH,PR-3016,2025-07-30,08:00,17:00,30,18,3166
SE-407337,LUM-UMH,PR-3017,2025-07-30,08:00,17:00,25,21,7465
SE-407338,LUM-UMH,PR-3018,30/07/2025,08:00,17:00,20,27,3765
SE-407339,LUM-CLR,PR-3019,2025-07-30,08:00,17:00,20,27,4416
SE-407340,LUM-CLR,PR-3020,2025-07-30,08:00,17:00,30,18,3302
SE-407341,LUM-CLR,PR-3021,2025-07-30,08:00,17:00,20,27,4210
SE-407342,LUM-CLR,PR-3022,2025-07-30,08:00,17:00,20,27,4199
SE-407343,LUM-CLR,PR-3023,2025-07-30,08:00,17:00,20,27,3940
SE-407344,LUM-CLR,PR-3024,2025-07-30,08:00,17:00,20,27,4215
SE-407345,LUM-GQE,PR-3026,2025-07-30,08:00,17:00,20,27,4421
SE-407346,LUM-GQE,PR-3027,30/07/2025,08:00,17:00,30,18,5152
SE-407347,LUM-GQE,PR-3028,2025-07-30,08:00,17:00,20,27,4210
SE-407348,LUM-BFN,PR-3029,30/07/2025,08:00,17:00,30,18,4817
SE-407349,LUM-BFN,PR-3030,30/07/2025,08:00,17:00,30,18,2885
SE-407350,LUM-BFN,PR-3031,2025-07-30,08:00,17:00,30,18,3256
SE-407351,LUM-SAN,PR-3001,31/07/2025,08:00,17:00,20,27,4207
SE-407352,LUM-SAN,PR-3002,2025-07-31,08:00,17:00,30,18,5987
SE-407353,LUM-SAN,PR-3003,31/07/2025,08:00,17:00,20,27,3679
SE-407354,LUM-SAN,PR-3004,31/07/2025,08:00,17:00,20,27,4117
SE-407355,LUM-SAN,PR-3005,2025-07-31,08:00,17:00,20,27,4234
SE-407356,LUM-SAN,PR-3006,31/07/2025,08:00,17:00,30,18,3134
SE-407357,LUM-SAN,PR-3007,2025-07-31,08:00,17:00,45,12,6711
SE-407358,LUM-PTA,PR-3008,2025-07-31,08:00,17:00,20,27,3803
SE-407359,LUM-PTA,PR-3009,2025-07-31,08:00,17:00,25,21,8221
SE-407360,LUM-PTA,PR-3010,31/07/2025,08:00,17:00,30,18,5602
SE-407361,LUM-PTA,PR-3012,31/07/2025,08:00,17:00,20,27,4073
SE-407362,LUM-PTA,PR-3013,2025-07-31,08:00,17:00,30,18,5678
SE-407363,LUM-UMH,PR-3014,2025-07-31,08:00,17:00,20,27,3616
SE-407364,LUM-UMH,PR-3015,2025-07-31,08:00,17:00,30,18,4817
SE-407365,LUM-UMH,PR-3016,2025-07-31,08:00,17:00,30,18,3166
SE-407366,LUM-UMH,PR-3017,2025-07-31,08:00,17:00,25,21,7465
SE-407367,LUM-UMH,PR-3018,2025-07-31,08:00,17:00,20,27,3765
SE-407368,LUM-CLR,PR-3020,2025-07-31,08:00,17:00,30,18,3302
SE-407369,LUM-CLR,PR-3023,2025-07-31,08:00,17:00,20,27,3940
SE-407370,LUM-CLR,PR-3024,2025-07-31,08:00,17:00,20,27,4215
SE-407371,LUM-GQE,PR-3025,31/07/2025,08:00,17:00,20,27,3480
SE-407372,LUM-GQE,PR-3026,2025-07-31,08:00,17:00,20,27,4421
SE-407373,LUM-GQE,PR-3028,2025-07-31,08:00,17:00,20,27,4210
SE-407374,LUM-BFN,PR-3029,2025-07-31,08:00,17:00,30,18,4817
SE-407375,LUM-BFN,PR-3030,2025-07-31,08:00,17:00,30,18,2885
SE-407376,LUM-BFN,PR-3031,2025-07-31,08:00,17:00,30,18,3256
SE-407377,LUM-BFN,PR-3032,2025-07-31,08:00,17:00,30,18,2779
SE-407378,LUM-SAN,PR-3001,2025-08-01,08:00,17:00,20,27,4207
SE-407379,LUM-SAN,PR-3002,2025-08-01,08:00,17:00,30,18,5987
SE-407380,LUM-SAN,PR-3003,2025-08-01,08:00,17:00,20,27,3679
SE-407381,LUM-SAN,PR-3004,2025-08-01,08:00,17:00,20,27,4117
SE-407382,LUM-SAN,PR-3005,01/08/2025,08:00,17:00,20,27,4234
SE-407383,LUM-SAN,PR-3006,2025-08-01,08:00,17:00,30,18,3134
SE-407384,LUM-SAN,PR-3007,01/08/2025,08:00,17:00,45,12,6711
SE-407385,LUM-PTA,PR-3008,2025-08-01,08:00,17:00,20,27,3803
SE-407386,LUM-PTA,PR-3009,01/08/2025,08:00,17:00,25,21,8221
SE-407387,LUM-PTA,PR-3010,2025-08-01,08:00,17:00,30,18,5602
SE-407388,LUM-PTA,PR-3011,2025-08-01,08:00,17:00,20,27,4519
SE-407389,LUM-PTA,PR-3013,2025-08-01,08:00,17:00,30,18,5678
SE-407390,LUM-UMH,PR-3014,01/08/2025,08:00,17:00,20,27,3616
SE-407391,LUM-UMH,PR-3015,2025-08-01,08:00,17:00,30,18,4817
SE-407392,LUM-UMH,PR-3016,2025-08-01,08:00,17:00,30,18,3166
SE-407393,LUM-UMH,PR-3017,2025-08-01,08:00,17:00,25,21,7465
SE-407394,LUM-UMH,PR-3018,01/08/2025,08:00,17:00,20,27,3765
SE-407395,LUM-CLR,PR-3019,2025-08-01,08:00,17:00,20,27,4416
SE-407396,LUM-CLR,PR-3020,01/08/2025,08:00,17:00,30,18,3302
SE-407397,LUM-CLR,PR-3021,2025-08-01,08:00,17:00,20,27,4210
SE-407398,LUM-CLR,PR-3022,01/08/2025,08:00,17:00,20,27,4199
SE-407399,LUM-CLR,PR-3023,2025-08-01,08:00,17:00,20,27,3940
SE-407400,LUM-CLR,PR-3024,2025-08-01,08:00,17:00,20,27,4215
SE-407401,LUM-GQE,PR-3025,2025-08-01,08:00,17:00,20,27,3480
SE-407402,LUM-GQE,PR-3026,2025-08-01,08:00,17:00,20,27,4421
SE-407403,LUM-GQE,PR-3027,2025-08-01,08:00,17:00,30,18,5152
SE-407404,LUM-GQE,PR-3028,2025-08-01,08:00,17:00,20,27,4210
SE-407405,LUM-BFN,PR-3029,2025-08-01,08:00,17:00,30,18,4817
SE-407406,LUM-BFN,PR-3030,2025-08-01,08:00,17:00,30,18,2885
SE-407407,LUM-BFN,PR-3031,2025-08-01,08:00,17:00,30,18,3256
SE-407408,LUM-BFN,PR-3032,2025-08-01,08:00,17:00,30,18,2779
SE-407409,LUM-PTA,PR-3009,2025-08-02,08:00,13:00,25,12,4567.22
SE-407410,LUM-PTA,PR-3013,2025-08-02,08:00,13:00,30,10,3154.44
SE-407411,LUM-UMH,PR-3014,2025-08-02,08:00,13:00,20,15,2008.89
SE-407412,LUM-CLR,PR-3021,2025-08-02,08:00,13:00,20,15,2338.89
SE-407413,LUM-GQE,PR-3025,02/08/2025,08:00,13:00,20,15,1933.33
SE-407414,LUM-SAN,PR-3002,04/08/2025,08:00,17:00,30,18,5987
SE-407415,LUM-SAN,PR-3003,2025-08-04,08:00,17:00,20,27,3679
SE-407416,LUM-SAN,PR-3004,2025-08-04,08:00,17:00,20,27,4117
SE-407417,LUM-SAN,PR-3005,2025-08-04,08:00,17:00,20,27,4234
SE-407418,LUM-SAN,PR-3007,04/08/2025,08:00,17:00,45,12,6711
SE-407419,LUM-PTA,PR-3008,2025-08-04,08:00,17:00,20,27,3803
SE-407420,LUM-PTA,PR-3009,04/08/2025,08:00,17:00,25,21,8221
SE-407421,LUM-PTA,PR-3010,04/08/2025,08:00,17:00,30,18,5602
SE-407422,LUM-PTA,PR-3011,2025-08-04,08:00,17:00,20,27,4519
SE-407423,LUM-PTA,PR-3012,2025-08-04,08:00,17:00,20,27,4073
SE-407424,LUM-PTA,PR-3013,2025-08-04,08:00,17:00,30,18,5678
SE-407425,LUM-UMH,PR-3014,2025-08-04,08:00,17:00,20,27,3616
SE-407426,LUM-UMH,PR-3015,2025-08-04,08:00,17:00,30,18,4817
SE-407427,LUM-UMH,PR-3016,04/08/2025,08:00,17:00,30,18,3166
SE-407428,LUM-UMH,PR-3017,2025-08-04,08:00,17:00,25,21,7465
SE-407429,LUM-UMH,PR-3018,2025-08-04,08:00,17:00,20,27,3765
SE-407430,LUM-CLR,PR-3019,2025-08-04,08:00,17:00,20,27,4416
SE-407431,LUM-CLR,PR-3020,2025-08-04,08:00,17:00,30,18,3302
SE-407432,LUM-CLR,PR-3021,2025-08-04,08:00,17:00,20,27,4210
SE-407433,LUM-CLR,PR-3022,2025-08-04,08:00,17:00,20,27,4199
SE-407434,LUM-CLR,PR-3023,2025-08-04,08:00,17:00,20,27,3940
SE-407435,LUM-GQE,PR-3025,2025-08-04,08:00,17:00,20,27,3480
SE-407436,LUM-GQE,PR-3026,2025-08-04,08:00,17:00,20,27,4421
SE-407437,LUM-GQE,PR-3027,2025-08-04,08:00,17:00,30,18,5152
SE-407438,LUM-BFN,PR-3029,2025-08-04,08:00,17:00,30,18,4817
SE-407439,LUM-BFN,PR-3031,2025-08-04,08:00,17:00,30,18,3256
SE-407440,LUM-BFN,PR-3032,2025-08-04,08:00,17:00,30,18,2779
SE-407441,LUM-SAN,PR-3001,2025-08-05,08:00,17:00,20,27,4207
SE-407442,LUM-SAN,PR-3002,2025-08-05,08:00,17:00,30,18,5987
SE-407443,LUM-SAN,PR-3003,2025-08-05,08:00,17:00,20,27,3679
SE-407444,LUM-SAN,PR-3004,2025-08-05,08:00,17:00,20,27,4117
SE-407445,LUM-SAN,PR-3005,2025-08-05,08:00,17:00,20,27,4234
SE-407446,LUM-SAN,PR-3006,2025-08-05,08:00,17:00,30,18,3134
SE-407447,LUM-SAN,PR-3007,2025-08-05,08:00,17:00,45,12,6711
SE-407448,LUM-PTA,PR-3008,2025-08-05,08:00,17:00,20,27,3803
SE-407449,LUM-PTA,PR-3010,2025-08-05,08:00,17:00,30,18,5602
SE-407450,LUM-PTA,PR-3011,2025-08-05,08:00,17:00,20,27,4519
SE-407451,LUM-PTA,PR-3012,2025-08-05,08:00,17:00,20,27,4073
SE-407452,LUM-PTA,PR-3013,05/08/2025,08:00,17:00,30,18,5678
SE-407453,LUM-UMH,PR-3015,2025-08-05,08:00,17:00,30,18,4817
SE-407454,LUM-UMH,PR-3016,2025-08-05,08:00,17:00,30,18,3166
SE-407455,LUM-UMH,PR-3018,05/08/2025,08:00,17:00,20,27,3765
SE-407456,LUM-CLR,PR-3019,2025-08-05,08:00,17:00,20,27,4416
SE-407457,LUM-CLR,PR-3020,05/08/2025,08:00,17:00,30,18,3302
SE-407458,LUM-CLR,PR-3021,05/08/2025,08:00,17:00,20,27,4210
SE-407459,LUM-CLR,PR-3022,2025-08-05,08:00,17:00,20,27,4199
SE-407460,LUM-CLR,PR-3023,05/08/2025,08:00,17:00,20,27,3940
SE-407461,LUM-CLR,PR-3024,2025-08-05,08:00,17:00,20,27,4215
SE-407462,LUM-GQE,PR-3026,2025-08-05,08:00,17:00,20,27,4421
SE-407463,LUM-GQE,PR-3027,2025-08-05,08:00,17:00,30,18,5152
SE-407464,LUM-GQE,PR-3028,2025-08-05,08:00,17:00,20,27,4210
SE-407465,LUM-BFN,PR-3029,05/08/2025,08:00,17:00,30,18,4817
SE-407466,LUM-BFN,PR-3030,2025-08-05,08:00,17:00,30,18,2885
SE-407467,LUM-BFN,PR-3031,05/08/2025,08:00,17:00,30,18,3256
SE-407468,LUM-BFN,PR-3032,05/08/2025,08:00,17:00,30,18,2779
SE-407469,LUM-SAN,PR-3001,2025-08-06,08:00,17:00,20,27,4207
SE-407470,LUM-SAN,PR-3002,2025-08-06,08:00,17:00,30,18,5987
SE-407471,LUM-SAN,PR-3003,2025-08-06,08:00,17:00,20,27,3679
SE-407472,LUM-SAN,PR-3004,2025-08-06,08:00,17:00,20,27,4117
SE-407473,LUM-SAN,PR-3005,2025-08-06,08:00,17:00,20,27,4234
SE-407474,LUM-SAN,PR-3006,2025-08-06,08:00,17:00,30,18,3134
SE-407475,LUM-PTA,PR-3008,2025-08-06,08:00,17:00,20,27,3803
SE-407476,LUM-PTA,PR-3009,06/08/2025,08:00,17:00,25,21,8221
SE-407477,LUM-PTA,PR-3010,2025-08-06,08:00,17:00,30,18,5602
SE-407478,LUM-PTA,PR-3011,06/08/2025,08:00,17:00,20,27,4519
SE-407479,LUM-PTA,PR-3012,2025-08-06,08:00,17:00,20,27,4073
SE-407480,LUM-PTA,PR-3013,2025-08-06,08:00,17:00,30,18,5678
SE-407481,LUM-UMH,PR-3015,2025-08-06,08:00,17:00,30,18,4817
SE-407482,LUM-UMH,PR-3016,2025-08-06,08:00,17:00,30,18,3166
SE-407483,LUM-UMH,PR-3017,06/08/2025,08:00,17:00,25,21,7465
SE-407484,LUM-UMH,PR-3018,2025-08-06,08:00,17:00,20,27,3765
SE-407485,LUM-CLR,PR-3019,2025-08-06,08:00,17:00,20,27,4416
SE-407486,LUM-CLR,PR-3020,2025-08-06,08:00,17:00,30,18,3302
SE-407487,LUM-CLR,PR-3021,2025-08-06,08:00,17:00,20,27,4210
SE-407488,LUM-CLR,PR-3022,2025-08-06,08:00,17:00,20,27,4199
SE-407489,LUM-CLR,PR-3023,2025-08-06,08:00,17:00,20,27,3940
SE-407490,LUM-CLR,PR-3024,2025-08-06,08:00,17:00,20,27,4215
SE-407491,LUM-GQE,PR-3026,06/08/2025,08:00,17:00,20,27,4421
SE-407492,LUM-GQE,PR-3027,2025-08-06,08:00,17:00,30,18,5152
SE-407493,LUM-GQE,PR-3028,06/08/2025,08:00,17:00,20,27,4210
SE-407494,LUM-BFN,PR-3029,2025-08-06,08:00,17:00,30,18,4817
SE-407495,LUM-BFN,PR-3030,2025-08-06,08:00,17:00,30,18,2885
SE-407496,LUM-BFN,PR-3031,2025-08-06,08:00,17:00,30,18,3256
SE-407497,LUM-BFN,PR-3032,2025-08-06,08:00,17:00,30,18,2779
SE-407498,LUM-SAN,PR-3001,2025-08-07,08:00,17:00,20,27,4207
SE-407499,LUM-SAN,PR-3003,07/08/2025,08:00,17:00,20,27,3679
SE-407500,LUM-SAN,PR-3004,2025-08-07,08:00,17:00,20,27,4117
SE-407501,LUM-SAN,PR-3005,2025-08-07,08:00,17:00,20,27,4234
SE-407502,LUM-SAN,PR-3006,2025-08-07,08:00,17:00,30,18,3134
SE-407503,LUM-SAN,PR-3007,2025-08-07,08:00,17:00,45,12,6711
SE-407504,LUM-PTA,PR-3008,2025-08-07,08:00,17:00,20,27,3803
SE-407505,LUM-PTA,PR-3009,2025-08-07,08:00,17:00,25,21,8221
SE-407506,LUM-PTA,PR-3010,2025-08-07,08:00,17:00,30,18,5602
SE-407507,LUM-PTA,PR-3011,2025-08-07,08:00,17:00,20,27,4519
SE-407508,LUM-PTA,PR-3013,07/08/2025,08:00,17:00,30,18,5678
SE-407509,LUM-UMH,PR-3014,07/08/2025,08:00,17:00,20,27,3616
SE-407510,LUM-UMH,PR-3017,2025-08-07,08:00,17:00,25,21,7465
SE-407511,LUM-UMH,PR-3018,07/08/2025,08:00,17:00,20,27,3765
SE-407512,LUM-CLR,PR-3019,07/08/2025,08:00,17:00,20,27,4416
SE-407513,LUM-CLR,PR-3020,2025-08-07,08:00,17:00,30,18,3302
SE-407514,LUM-CLR,PR-3022,2025-08-07,08:00,17:00,20,27,4199
SE-407515,LUM-CLR,PR-3024,2025-08-07,08:00,17:00,20,27,4215
SE-407516,LUM-GQE,PR-3025,2025-08-07,08:00,17:00,20,27,3480
SE-407517,LUM-GQE,PR-3026,07/08/2025,08:00,17:00,20,27,4421
SE-407518,LUM-GQE,PR-3027,2025-08-07,08:00,17:00,30,18,5152
SE-407519,LUM-GQE,PR-3028,2025-08-07,08:00,17:00,20,27,4210
SE-407520,LUM-BFN,PR-3029,2025-08-07,08:00,17:00,30,18,4817
SE-407521,LUM-BFN,PR-3030,2025-08-07,08:00,17:00,30,18,2885
SE-407522,LUM-BFN,PR-3031,2025-08-07,08:00,17:00,30,18,3256
SE-407523,LUM-BFN,PR-3032,2025-08-07,08:00,17:00,30,18,2779
SE-407524,LUM-SAN,PR-3001,08/08/2025,08:00,17:00,20,27,4207
SE-407525,LUM-SAN,PR-3002,08/08/2025,08:00,17:00,30,18,5987
SE-407526,LUM-SAN,PR-3003,2025-08-08,08:00,17:00,20,27,3679
SE-407527,LUM-SAN,PR-3004,2025-08-08,08:00,17:00,20,27,4117
SE-407528,LUM-SAN,PR-3005,2025-08-08,08:00,17:00,20,27,4234
SE-407529,LUM-SAN,PR-3006,2025-08-08,08:00,17:00,30,18,3134
SE-407530,LUM-SAN,PR-3007,2025-08-08,08:00,17:00,45,12,6711
SE-407531,LUM-PTA,PR-3008,2025-08-08,08:00,17:00,20,27,3803
SE-407532,LUM-PTA,PR-3009,2025-08-08,08:00,17:00,25,21,8221
SE-407533,LUM-PTA,PR-3010,08/08/2025,08:00,17:00,30,18,5602
SE-407534,LUM-PTA,PR-3011,2025-08-08,08:00,17:00,20,27,4519
SE-407535,LUM-PTA,PR-3012,2025-08-08,08:00,17:00,20,27,4073
SE-407536,LUM-PTA,PR-3013,2025-08-08,08:00,17:00,30,18,5678
SE-407537,LUM-UMH,PR-3014,2025-08-08,08:00,17:00,20,27,3616
SE-407538,LUM-UMH,PR-3015,2025-08-08,08:00,17:00,30,18,4817
SE-407539,LUM-UMH,PR-3016,2025-08-08,08:00,17:00,30,18,3166
SE-407540,LUM-UMH,PR-3017,2025-08-08,08:00,17:00,25,21,7465
SE-407541,LUM-UMH,PR-3018,2025-08-08,08:00,17:00,20,27,3765
SE-407542,LUM-CLR,PR-3019,2025-08-08,08:00,17:00,20,27,4416
SE-407543,LUM-CLR,PR-3020,08/08/2025,08:00,17:00,30,18,3302
SE-407544,LUM-CLR,PR-3021,08/08/2025,08:00,17:00,20,27,4210
SE-407545,LUM-CLR,PR-3022,08/08/2025,08:00,17:00,20,27,4199
SE-407546,LUM-CLR,PR-3023,2025-08-08,08:00,17:00,20,27,3940
SE-407547,LUM-GQE,PR-3025,2025-08-08,08:00,17:00,20,27,3480
SE-407548,LUM-GQE,PR-3026,2025-08-08,08:00,17:00,20,27,4421
SE-407549,LUM-GQE,PR-3028,08/08/2025,08:00,17:00,20,27,4210
SE-407550,LUM-BFN,PR-3029,2025-08-08,08:00,17:00,30,18,4817
SE-407551,LUM-BFN,PR-3030,2025-08-08,08:00,17:00,30,18,2885
SE-407552,LUM-BFN,PR-3031,2025-08-08,08:00,17:00,30,18,3256
SE-407553,LUM-BFN,PR-3032,2025-08-08,08:00,17:00,30,18,2779
SE-407554,LUM-SAN,PR-3003,2025-08-09,08:00,13:00,20,15,2043.89
SE-407555,LUM-PTA,PR-3009,2025-08-09,08:00,13:00,25,12,4567.22
SE-407556,LUM-UMH,PR-3018,09/08/2025,08:00,13:00,20,15,2091.67
SE-407557,LUM-BFN,PR-3032,2025-08-09,08:00,13:00,30,10,1543.89
SE-407558,LUM-SAN,PR-3001,2025-08-11,08:00,17:00,20,27,4207
SE-407559,LUM-SAN,PR-3002,2025-08-11,08:00,17:00,30,18,5987
SE-407560,LUM-SAN,PR-3004,2025-08-11,08:00,17:00,20,27,4117
SE-407561,LUM-SAN,PR-3005,2025-08-11,08:00,17:00,20,27,4234
SE-407562,LUM-SAN,PR-3006,2025-08-11,08:00,17:00,30,18,3134
SE-407563,LUM-SAN,PR-3007,11/08/2025,08:00,17:00,45,12,6711
SE-407564,LUM-PTA,PR-3008,2025-08-11,08:00,17:00,20,27,3803
SE-407565,LUM-PTA,PR-3009,2025-08-11,08:00,17:00,25,21,8221
SE-407566,LUM-PTA,PR-3010,2025-08-11,08:00,17:00,30,18,5602
SE-407567,LUM-PTA,PR-3011,2025-08-11,08:00,17:00,20,27,4519
SE-407568,LUM-PTA,PR-3012,2025-08-11,08:00,17:00,20,27,4073
SE-407569,LUM-PTA,PR-3013,2025-08-11,08:00,17:00,30,18,5678
SE-407570,LUM-UMH,PR-3014,11/08/2025,08:00,17:00,20,27,3616
SE-407571,LUM-UMH,PR-3015,2025-08-11,08:00,17:00,30,18,4817
SE-407572,LUM-UMH,PR-3016,11/08/2025,08:00,17:00,30,18,3166
SE-407573,LUM-UMH,PR-3017,2025-08-11,08:00,17:00,25,21,7465
SE-407574,LUM-UMH,PR-3018,2025-08-11,08:00,17:00,20,27,3765
SE-407575,LUM-CLR,PR-3019,11/08/2025,08:00,17:00,20,27,4416
SE-407576,LUM-CLR,PR-3020,2025-08-11,08:00,17:00,30,18,3302
SE-407577,LUM-CLR,PR-3021,11/08/2025,08:00,17:00,20,27,4210
SE-407578,LUM-CLR,PR-3022,2025-08-11,08:00,17:00,20,27,4199
SE-407579,LUM-CLR,PR-3023,2025-08-11,08:00,17:00,20,27,3940
SE-407580,LUM-CLR,PR-3024,11/08/2025,08:00,17:00,20,27,4215
SE-407581,LUM-GQE,PR-3025,11/08/2025,08:00,17:00,20,27,3480
SE-407582,LUM-GQE,PR-3026,11/08/2025,08:00,17:00,20,27,4421
SE-407583,LUM-GQE,PR-3027,11/08/2025,08:00,17:00,30,18,5152
SE-407584,LUM-GQE,PR-3028,2025-08-11,08:00,17:00,20,27,4210
SE-407585,LUM-BFN,PR-3029,11/08/2025,08:00,17:00,30,18,4817
SE-407586,LUM-BFN,PR-3030,11/08/2025,08:00,17:00,30,18,2885
SE-407587,LUM-BFN,PR-3031,2025-08-11,08:00,17:00,30,18,3256
SE-407588,LUM-SAN,PR-3001,2025-08-12,08:00,17:00,20,27,4207
SE-407589,LUM-SAN,PR-3002,2025-08-12,08:00,17:00,30,18,5987
SE-407590,LUM-SAN,PR-3003,2025-08-12,08:00,17:00,20,27,3679
SE-407591,LUM-SAN,PR-3004,2025-08-12,08:00,17:00,20,27,4117
SE-407592,LUM-SAN,PR-3005,2025-08-12,08:00,17:00,20,27,4234
SE-407593,LUM-SAN,PR-3006,2025-08-12,08:00,17:00,30,18,3134
SE-407594,LUM-SAN,PR-3007,2025-08-12,08:00,17:00,45,12,6711
SE-407595,LUM-PTA,PR-3008,2025-08-12,08:00,17:00,20,27,3803
SE-407596,LUM-PTA,PR-3009,2025-08-12,08:00,17:00,25,21,8221
SE-407597,LUM-PTA,PR-3010,2025-08-12,08:00,17:00,30,18,5602
SE-407598,LUM-PTA,PR-3013,12/08/2025,08:00,17:00,30,18,5678
SE-407599,LUM-UMH,PR-3014,2025-08-12,08:00,17:00,20,27,3616
SE-407600,LUM-UMH,PR-3015,2025-08-12,08:00,17:00,30,18,4817
SE-407601,LUM-UMH,PR-3017,2025-08-12,08:00,17:00,25,21,7465
SE-407602,LUM-CLR,PR-3019,2025-08-12,08:00,17:00,20,27,4416
SE-407603,LUM-CLR,PR-3021,12/08/2025,08:00,17:00,20,27,4210
SE-407604,LUM-CLR,PR-3022,12/08/2025,08:00,17:00,20,27,4199
SE-407605,LUM-CLR,PR-3023,2025-08-12,08:00,17:00,20,27,3940
SE-407606,LUM-CLR,PR-3024,12/08/2025,08:00,17:00,20,27,4215
SE-407607,LUM-GQE,PR-3025,2025-08-12,08:00,17:00,20,27,3480
SE-407608,LUM-GQE,PR-3027,2025-08-12,08:00,17:00,30,18,5152
SE-407609,LUM-GQE,PR-3028,12/08/2025,08:00,17:00,20,27,4210
SE-407610,LUM-BFN,PR-3030,2025-08-12,08:00,17:00,30,18,2885
SE-407611,LUM-BFN,PR-3031,12/08/2025,08:00,17:00,30,18,3256
SE-407612,LUM-BFN,PR-3032,2025-08-12,08:00,17:00,30,18,2779
SE-407613,LUM-SAN,PR-3001,2025-08-13,08:00,17:00,20,27,4207
SE-407614,LUM-SAN,PR-3002,2025-08-13,08:00,17:00,30,18,5987
SE-407615,LUM-SAN,PR-3003,2025-08-13,08:00,17:00,20,27,3679
SE-407616,LUM-SAN,PR-3005,2025-08-13,08:00,17:00,20,27,4234
SE-407617,LUM-SAN,PR-3006,2025-08-13,08:00,17:00,30,18,3134
SE-407618,LUM-SAN,PR-3007,13/08/2025,08:00,17:00,45,12,6711
SE-407619,LUM-PTA,PR-3008,2025-08-13,08:00,17:00,20,27,3803
SE-407620,LUM-PTA,PR-3009,2025-08-13,08:00,17:00,25,21,8221
SE-407621,LUM-PTA,PR-3010,2025-08-13,08:00,17:00,30,18,5602
SE-407622,LUM-PTA,PR-3011,2025-08-13,08:00,17:00,20,27,4519
SE-407623,LUM-PTA,PR-3012,2025-08-13,08:00,17:00,20,27,4073
SE-407624,LUM-PTA,PR-3013,2025-08-13,08:00,17:00,30,18,5678
SE-407625,LUM-UMH,PR-3014,13/08/2025,08:00,17:00,20,27,3616
SE-407626,LUM-UMH,PR-3015,2025-08-13,08:00,17:00,30,18,4817
SE-407627,LUM-UMH,PR-3016,2025-08-13,08:00,17:00,30,18,3166
SE-407628,LUM-UMH,PR-3017,2025-08-13,08:00,17:00,25,21,7465
SE-407629,LUM-UMH,PR-3018,2025-08-13,08:00,17:00,20,27,3765
SE-407630,LUM-CLR,PR-3019,13/08/2025,08:00,17:00,20,27,4416
SE-407631,LUM-CLR,PR-3020,2025-08-13,08:00,17:00,30,18,3302
SE-407632,LUM-CLR,PR-3021,2025-08-13,08:00,17:00,20,27,4210
SE-407633,LUM-CLR,PR-3022,13/08/2025,08:00,17:00,20,27,4199
SE-407634,LUM-CLR,PR-3023,2025-08-13,08:00,17:00,20,27,3940
SE-407635,LUM-CLR,PR-3024,2025-08-13,08:00,17:00,20,27,4215
SE-407636,LUM-GQE,PR-3025,2025-08-13,08:00,17:00,20,27,3480
SE-407637,LUM-GQE,PR-3026,2025-08-13,08:00,17:00,20,27,4421
SE-407638,LUM-GQE,PR-3027,2025-08-13,08:00,17:00,30,18,5152
SE-407639,LUM-GQE,PR-3028,13/08/2025,08:00,17:00,20,27,4210
SE-407640,LUM-BFN,PR-3029,2025-08-13,08:00,17:00,30,18,4817
SE-407641,LUM-BFN,PR-3030,13/08/2025,08:00,17:00,30,18,2885
SE-407642,LUM-BFN,PR-3031,2025-08-13,08:00,17:00,30,18,3256
SE-407643,LUM-BFN,PR-3032,13/08/2025,08:00,17:00,30,18,2779
SE-407644,LUM-SAN,PR-3001,2025-08-14,08:00,17:00,20,27,4207
SE-407645,LUM-SAN,PR-3002,2025-08-14,08:00,17:00,30,18,5987
SE-407646,LUM-SAN,PR-3003,14/08/2025,08:00,17:00,20,27,3679
SE-407647,LUM-SAN,PR-3004,2025-08-14,08:00,17:00,20,27,4117
SE-407648,LUM-SAN,PR-3005,14/08/2025,08:00,17:00,20,27,4234
SE-407649,LUM-SAN,PR-3006,2025-08-14,08:00,17:00,30,18,3134
SE-407650,LUM-SAN,PR-3007,14/08/2025,08:00,17:00,45,12,6711
SE-407651,LUM-PTA,PR-3008,2025-08-14,08:00,17:00,20,27,3803
SE-407652,LUM-PTA,PR-3009,14/08/2025,08:00,17:00,25,21,8221
SE-407653,LUM-PTA,PR-3010,14/08/2025,08:00,17:00,30,18,5602
SE-407654,LUM-PTA,PR-3011,2025-08-14,08:00,17:00,20,27,4519
SE-407655,LUM-PTA,PR-3013,14/08/2025,08:00,17:00,30,18,5678
SE-407656,LUM-UMH,PR-3015,14/08/2025,08:00,17:00,30,18,4817
SE-407657,LUM-UMH,PR-3016,14/08/2025,08:00,17:00,30,18,3166
SE-407658,LUM-UMH,PR-3017,2025-08-14,08:00,17:00,25,21,7465
SE-407659,LUM-UMH,PR-3018,2025-08-14,08:00,17:00,20,27,3765
SE-407660,LUM-CLR,PR-3019,14/08/2025,08:00,17:00,20,27,4416
SE-407661,LUM-CLR,PR-3020,14/08/2025,08:00,17:00,30,18,3302
SE-407662,LUM-CLR,PR-3021,14/08/2025,08:00,17:00,20,27,4210
SE-407663,LUM-CLR,PR-3022,14/08/2025,08:00,17:00,20,27,4199
SE-407664,LUM-CLR,PR-3023,2025-08-14,08:00,17:00,20,27,3940
SE-407665,LUM-CLR,PR-3024,2025-08-14,08:00,17:00,20,27,4215
SE-407666,LUM-GQE,PR-3025,14/08/2025,08:00,17:00,20,27,3480
SE-407667,LUM-GQE,PR-3026,2025-08-14,08:00,17:00,20,27,4421
SE-407668,LUM-GQE,PR-3027,2025-08-14,08:00,17:00,30,18,5152
SE-407669,LUM-GQE,PR-3028,14/08/2025,08:00,17:00,20,27,4210
SE-407670,LUM-BFN,PR-3029,14/08/2025,08:00,17:00,30,18,4817
SE-407671,LUM-BFN,PR-3030,2025-08-14,08:00,17:00,30,18,2885
SE-407672,LUM-BFN,PR-3031,2025-08-14,08:00,17:00,30,18,3256
SE-407673,LUM-BFN,PR-3032,2025-08-14,08:00,17:00,30,18,2779
SE-407674,LUM-SAN,PR-3001,2025-08-15,08:00,17:00,20,27,4207
SE-407675,LUM-SAN,PR-3002,15/08/2025,08:00,17:00,30,18,5987
SE-407676,LUM-SAN,PR-3003,15/08/2025,08:00,17:00,20,27,3679
SE-407677,LUM-SAN,PR-3004,15/08/2025,08:00,17:00,20,27,4117
SE-407678,LUM-SAN,PR-3005,2025-08-15,08:00,17:00,20,27,4234
SE-407679,LUM-SAN,PR-3006,2025-08-15,08:00,17:00,30,18,3134
SE-407680,LUM-PTA,PR-3008,2025-08-15,08:00,17:00,20,27,3803
SE-407681,LUM-PTA,PR-3009,15/08/2025,08:00,17:00,25,21,8221
SE-407682,LUM-PTA,PR-3010,15/08/2025,08:00,17:00,30,18,5602
SE-407683,LUM-PTA,PR-3011,2025-08-15,08:00,17:00,20,27,4519
SE-407684,LUM-PTA,PR-3012,2025-08-15,08:00,17:00,20,27,4073
SE-407685,LUM-UMH,PR-3014,2025-08-15,08:00,17:00,20,27,3616
SE-407686,LUM-UMH,PR-3016,2025-08-15,08:00,17:00,30,18,3166
SE-407687,LUM-UMH,PR-3017,2025-08-15,08:00,17:00,25,21,7465
SE-407688,LUM-UMH,PR-3018,2025-08-15,08:00,17:00,20,27,3765
SE-407689,LUM-CLR,PR-3019,2025-08-15,08:00,17:00,20,27,4416
SE-407690,LUM-CLR,PR-3020,2025-08-15,08:00,17:00,30,18,3302
SE-407691,LUM-CLR,PR-3021,15/08/2025,08:00,17:00,20,27,4210
SE-407692,LUM-CLR,PR-3022,2025-08-15,08:00,17:00,20,27,4199
SE-407693,LUM-CLR,PR-3023,2025-08-15,08:00,17:00,20,27,3940
SE-407694,LUM-CLR,PR-3024,15/08/2025,08:00,17:00,20,27,4215
SE-407695,LUM-GQE,PR-3025,2025-08-15,08:00,17:00,20,27,3480
SE-407696,LUM-GQE,PR-3026,2025-08-15,08:00,17:00,20,27,4421
SE-407697,LUM-GQE,PR-3028,15/08/2025,08:00,17:00,20,27,4210
SE-407698,LUM-BFN,PR-3029,2025-08-15,08:00,17:00,30,18,4817
SE-407699,LUM-BFN,PR-3030,2025-08-15,08:00,17:00,30,18,2885
SE-407700,LUM-BFN,PR-3031,2025-08-15,08:00,17:00,30,18,3256
SE-407701,LUM-SAN,PR-3001,2025-08-16,08:00,13:00,20,15,2337.22
SE-407702,LUM-SAN,PR-3004,2025-08-16,08:00,13:00,20,15,2287.22
SE-407703,LUM-SAN,PR-3006,2025-08-16,08:00,13:00,30,10,1741.11
SE-407704,LUM-SAN,PR-3007,2025-08-16,08:00,13:00,45,6,3728.33
SE-407705,LUM-PTA,PR-3013,16/08/2025,08:00,13:00,30,10,3154.44
SE-407706,LUM-UMH,PR-3017,16/08/2025,08:00,13:00,25,12,4147.22
SE-407707,LUM-CLR,PR-3020,2025-08-16,08:00,13:00,30,10,1834.44
SE-407708,LUM-CLR,PR-3024,2025-08-16,08:00,13:00,20,15,2341.67
SE-407709,LUM-GQE,PR-3026,2025-08-16,08:00,13:00,20,15,2456.11
SE-407710,LUM-BFN,PR-3029,2025-08-16,08:00,13:00,30,10,2676.11
SE-407711,LUM-BFN,PR-3030,2025-08-16,08:00,13:00,30,10,1602.78
SE-407712,LUM-BFN,PR-3031,16/08/2025,08:00,13:00,30,10,1808.89
SE-407713,LUM-BFN,PR-3032,2025-08-16,08:00,13:00,30,10,1543.89
SE-407714,LUM-SAN,PR-3002,2025-08-18,08:00,17:00,30,18,5987
SE-407715,LUM-SAN,PR-3003,2025-08-18,08:00,17:00,20,27,3679
SE-407716,LUM-SAN,PR-3004,2025-08-18,08:00,17:00,20,27,4117
SE-407717,LUM-SAN,PR-3005,2025-08-18,08:00,17:00,20,27,4234
SE-407718,LUM-SAN,PR-3006,2025-08-18,08:00,17:00,30,18,3134
SE-407719,LUM-SAN,PR-3007,2025-08-18,08:00,17:00,45,12,6711
SE-407720,LUM-PTA,PR-3008,2025-08-18,08:00,17:00,20,27,3803
SE-407721,LUM-PTA,PR-3009,18/08/2025,08:00,17:00,25,21,8221
SE-407722,LUM-PTA,PR-3011,2025-08-18,08:00,17:00,20,27,4519
SE-407723,LUM-PTA,PR-3012,2025-08-18,08:00,17:00,20,27,4073
SE-407724,LUM-PTA,PR-3013,18/08/2025,08:00,17:00,30,18,5678
SE-407725,LUM-UMH,PR-3015,2025-08-18,08:00,17:00,30,18,4817
SE-407726,LUM-UMH,PR-3016,2025-08-18,08:00,17:00,30,18,3166
SE-407727,LUM-UMH,PR-3017,2025-08-18,08:00,17:00,25,21,7465
SE-407728,LUM-UMH,PR-3018,2025-08-18,08:00,17:00,20,27,3765
SE-407729,LUM-CLR,PR-3019,18/08/2025,08:00,17:00,20,27,4416
SE-407730,LUM-CLR,PR-3020,2025-08-18,08:00,17:00,30,18,3302
SE-407731,LUM-CLR,PR-3021,18/08/2025,08:00,17:00,20,27,4210
SE-407732,LUM-CLR,PR-3022,18/08/2025,08:00,17:00,20,27,4199
SE-407733,LUM-CLR,PR-3023,18/08/2025,08:00,17:00,20,27,3940
SE-407734,LUM-CLR,PR-3024,2025-08-18,08:00,17:00,20,27,4215
SE-407735,LUM-GQE,PR-3026,2025-08-18,08:00,17:00,20,27,4421
SE-407736,LUM-GQE,PR-3027,2025-08-18,08:00,17:00,30,18,5152
SE-407737,LUM-GQE,PR-3028,18/08/2025,08:00,17:00,20,27,4210
SE-407738,LUM-BFN,PR-3029,18/08/2025,08:00,17:00,30,18,4817
SE-407739,LUM-BFN,PR-3030,2025-08-18,08:00,17:00,30,18,2885
SE-407740,LUM-BFN,PR-3031,18/08/2025,08:00,17:00,30,18,3256
SE-407741,LUM-SAN,PR-3001,2025-08-19,08:00,17:00,20,27,4207
SE-407742,LUM-SAN,PR-3002,2025-08-19,08:00,17:00,30,18,5987
SE-407743,LUM-SAN,PR-3003,2025-08-19,08:00,17:00,20,27,3679
SE-407744,LUM-SAN,PR-3004,2025-08-19,08:00,17:00,20,27,4117
SE-407745,LUM-SAN,PR-3005,2025-08-19,08:00,17:00,20,27,4234
SE-407746,LUM-SAN,PR-3006,19/08/2025,08:00,17:00,30,18,3134
SE-407747,LUM-PTA,PR-3008,2025-08-19,08:00,17:00,20,27,3803
SE-407748,LUM-PTA,PR-3010,2025-08-19,08:00,17:00,30,18,5602
SE-407749,LUM-PTA,PR-3011,2025-08-19,08:00,17:00,20,27,4519
SE-407750,LUM-PTA,PR-3012,2025-08-19,08:00,17:00,20,27,4073
SE-407751,LUM-PTA,PR-3013,19/08/2025,08:00,17:00,30,18,5678
SE-407752,LUM-UMH,PR-3014,2025-08-19,08:00,17:00,20,27,3616
SE-407753,LUM-UMH,PR-3015,2025-08-19,08:00,17:00,30,18,4817
SE-407754,LUM-UMH,PR-3016,19/08/2025,08:00,17:00,30,18,3166
SE-407755,LUM-UMH,PR-3017,19/08/2025,08:00,17:00,25,21,7465
SE-407756,LUM-UMH,PR-3018,19/08/2025,08:00,17:00,20,27,3765
SE-407757,LUM-CLR,PR-3019,19/08/2025,08:00,17:00,20,27,4416
SE-407758,LUM-CLR,PR-3020,19/08/2025,08:00,17:00,30,18,3302
SE-407759,LUM-CLR,PR-3021,2025-08-19,08:00,17:00,20,27,4210
SE-407760,LUM-CLR,PR-3022,2025-08-19,08:00,17:00,20,27,4199
SE-407761,LUM-CLR,PR-3023,19/08/2025,08:00,17:00,20,27,3940
SE-407762,LUM-CLR,PR-3024,2025-08-19,08:00,17:00,20,27,4215
SE-407763,LUM-GQE,PR-3025,2025-08-19,08:00,17:00,20,27,3480
SE-407764,LUM-GQE,PR-3026,2025-08-19,08:00,17:00,20,27,4421
SE-407765,LUM-GQE,PR-3027,2025-08-19,08:00,17:00,30,18,5152
SE-407766,LUM-GQE,PR-3028,2025-08-19,08:00,17:00,20,27,4210
SE-407767,LUM-BFN,PR-3030,2025-08-19,08:00,17:00,30,18,2885
SE-407768,LUM-BFN,PR-3031,2025-08-19,08:00,17:00,30,18,3256
SE-407769,LUM-BFN,PR-3032,2025-08-19,08:00,17:00,30,18,2779
SE-407770,LUM-SAN,PR-3001,2025-08-20,08:00,17:00,20,27,4207
SE-407771,LUM-SAN,PR-3003,2025-08-20,08:00,17:00,20,27,3679
SE-407772,LUM-SAN,PR-3004,20/08/2025,08:00,17:00,20,27,4117
SE-407773,LUM-SAN,PR-3005,2025-08-20,08:00,17:00,20,27,4234
SE-407774,LUM-SAN,PR-3006,2025-08-20,08:00,17:00,30,18,3134
SE-407775,LUM-SAN,PR-3007,20/08/2025,08:00,17:00,45,12,6711
SE-407776,LUM-PTA,PR-3008,2025-08-20,08:00,17:00,20,27,3803
SE-407777,LUM-PTA,PR-3010,2025-08-20,08:00,17:00,30,18,5602
SE-407778,LUM-PTA,PR-3011,2025-08-20,08:00,17:00,20,27,4519
SE-407779,LUM-PTA,PR-3012,2025-08-20,08:00,17:00,20,27,4073
SE-407780,LUM-PTA,PR-3013,2025-08-20,08:00,17:00,30,18,5678
SE-407781,LUM-UMH,PR-3014,20/08/2025,08:00,17:00,20,27,3616
SE-407782,LUM-UMH,PR-3015,2025-08-20,08:00,17:00,30,18,4817
SE-407783,LUM-UMH,PR-3016,2025-08-20,08:00,17:00,30,18,3166
SE-407784,LUM-UMH,PR-3017,20/08/2025,08:00,17:00,25,21,7465
SE-407785,LUM-UMH,PR-3018,2025-08-20,08:00,17:00,20,27,3765
SE-407786,LUM-CLR,PR-3019,2025-08-20,08:00,17:00,20,27,4416
SE-407787,LUM-CLR,PR-3020,2025-08-20,08:00,17:00,30,18,3302
SE-407788,LUM-CLR,PR-3021,2025-08-20,08:00,17:00,20,27,4210
SE-407789,LUM-CLR,PR-3022,20/08/2025,08:00,17:00,20,27,4199
SE-407790,LUM-CLR,PR-3023,2025-08-20,08:00,17:00,20,27,3940
SE-407791,LUM-CLR,PR-3024,2025-08-20,08:00,17:00,20,27,4215
SE-407792,LUM-GQE,PR-3025,20/08/2025,08:00,17:00,20,27,3480
SE-407793,LUM-GQE,PR-3026,2025-08-20,08:00,17:00,20,27,4421
SE-407794,LUM-GQE,PR-3027,2025-08-20,08:00,17:00,30,18,5152
SE-407795,LUM-GQE,PR-3028,2025-08-20,08:00,17:00,20,27,4210
SE-407796,LUM-BFN,PR-3029,2025-08-20,08:00,17:00,30,18,4817
SE-407797,LUM-BFN,PR-3030,2025-08-20,08:00,17:00,30,18,2885
SE-407798,LUM-BFN,PR-3031,2025-08-20,08:00,17:00,30,18,3256
SE-407799,LUM-BFN,PR-3032,20/08/2025,08:00,17:00,30,18,2779
SE-407800,LUM-SAN,PR-3001,2025-08-21,08:00,17:00,20,27,4207
SE-407801,LUM-SAN,PR-3002,2025-08-21,08:00,17:00,30,18,5987
SE-407802,LUM-SAN,PR-3003,21/08/2025,08:00,17:00,20,27,3679
SE-407803,LUM-SAN,PR-3004,2025-08-21,08:00,17:00,20,27,4117
SE-407804,LUM-SAN,PR-3005,21/08/2025,08:00,17:00,20,27,4234
SE-407805,LUM-SAN,PR-3006,21/08/2025,08:00,17:00,30,18,3134
SE-407806,LUM-SAN,PR-3007,2025-08-21,08:00,17:00,45,12,6711
SE-407807,LUM-PTA,PR-3008,2025-08-21,08:00,17:00,20,27,3803
SE-407808,LUM-PTA,PR-3009,2025-08-21,08:00,17:00,25,21,8221
SE-407809,LUM-PTA,PR-3010,2025-08-21,08:00,17:00,30,18,5602
SE-407810,LUM-PTA,PR-3011,2025-08-21,08:00,17:00,20,27,4519
SE-407811,LUM-PTA,PR-3012,2025-08-21,08:00,17:00,20,27,4073
SE-407812,LUM-PTA,PR-3013,2025-08-21,08:00,17:00,30,18,5678
SE-407813,LUM-UMH,PR-3014,2025-08-21,08:00,17:00,20,27,3616
SE-407814,LUM-UMH,PR-3015,2025-08-21,08:00,17:00,30,18,4817
SE-407815,LUM-UMH,PR-3016,2025-08-21,08:00,17:00,30,18,3166
SE-407816,LUM-UMH,PR-3017,21/08/2025,08:00,17:00,25,21,7465
SE-407817,LUM-UMH,PR-3018,2025-08-21,08:00,17:00,20,27,3765
SE-407818,LUM-CLR,PR-3019,21/08/2025,08:00,17:00,20,27,4416
SE-407819,LUM-CLR,PR-3020,21/08/2025,08:00,17:00,30,18,3302
SE-407820,LUM-CLR,PR-3021,21/08/2025,08:00,17:00,20,27,4210
SE-407821,LUM-CLR,PR-3022,2025-08-21,08:00,17:00,20,27,4199
SE-407822,LUM-CLR,PR-3023,2025-08-21,08:00,17:00,20,27,3940
SE-407823,LUM-CLR,PR-3024,2025-08-21,08:00,17:00,20,27,4215
SE-407824,LUM-GQE,PR-3025,2025-08-21,08:00,17:00,20,27,3480
SE-407825,LUM-GQE,PR-3026,2025-08-21,08:00,17:00,20,27,4421
SE-407826,LUM-GQE,PR-3027,2025-08-21,08:00,17:00,30,18,5152
SE-407827,LUM-GQE,PR-3028,2025-08-21,08:00,17:00,20,27,4210
SE-407828,LUM-BFN,PR-3029,21/08/2025,08:00,17:00,30,18,4817
SE-407829,LUM-BFN,PR-3030,2025-08-21,08:00,17:00,30,18,2885
SE-407830,LUM-BFN,PR-3031,21/08/2025,08:00,17:00,30,18,3256
SE-407831,LUM-BFN,PR-3032,21/08/2025,08:00,17:00,30,18,2779
SE-407832,LUM-SAN,PR-3001,2025-08-22,08:00,17:00,20,27,4207
SE-407833,LUM-SAN,PR-3002,2025-08-22,08:00,17:00,30,18,5987
SE-407834,LUM-SAN,PR-3003,22/08/2025,08:00,17:00,20,27,3679
SE-407835,LUM-SAN,PR-3004,2025-08-22,08:00,17:00,20,27,4117
SE-407836,LUM-SAN,PR-3005,2025-08-22,08:00,17:00,20,27,4234
SE-407837,LUM-SAN,PR-3006,22/08/2025,08:00,17:00,30,18,3134
SE-407838,LUM-SAN,PR-3007,22/08/2025,08:00,17:00,45,12,6711
SE-407839,LUM-PTA,PR-3008,22/08/2025,08:00,17:00,20,27,3803
SE-407840,LUM-PTA,PR-3009,22/08/2025,08:00,17:00,25,21,8221
SE-407841,LUM-PTA,PR-3010,22/08/2025,08:00,17:00,30,18,5602
SE-407842,LUM-PTA,PR-3013,22/08/2025,08:00,17:00,30,18,5678
SE-407843,LUM-UMH,PR-3014,2025-08-22,08:00,17:00,20,27,3616
SE-407844,LUM-UMH,PR-3015,2025-08-22,08:00,17:00,30,18,4817
SE-407845,LUM-UMH,PR-3016,2025-08-22,08:00,17:00,30,18,3166
SE-407846,LUM-UMH,PR-3017,2025-08-22,08:00,17:00,25,21,7465
SE-407847,LUM-CLR,PR-3019,22/08/2025,08:00,17:00,20,27,4416
SE-407848,LUM-CLR,PR-3020,2025-08-22,08:00,17:00,30,18,3302
SE-407849,LUM-CLR,PR-3022,22/08/2025,08:00,17:00,20,27,4199
SE-407850,LUM-CLR,PR-3023,2025-08-22,08:00,17:00,20,27,3940
SE-407851,LUM-CLR,PR-3024,22/08/2025,08:00,17:00,20,27,4215
SE-407852,LUM-GQE,PR-3025,22/08/2025,08:00,17:00,20,27,3480
SE-407853,LUM-GQE,PR-3026,2025-08-22,08:00,17:00,20,27,4421
SE-407854,LUM-GQE,PR-3027,2025-08-22,08:00,17:00,30,18,5152
SE-407855,LUM-GQE,PR-3028,2025-08-22,08:00,17:00,20,27,4210
SE-407856,LUM-BFN,PR-3029,2025-08-22,08:00,17:00,30,18,4817
SE-407857,LUM-BFN,PR-3030,2025-08-22,08:00,17:00,30,18,2885
SE-407858,LUM-BFN,PR-3032,2025-08-22,08:00,17:00,30,18,2779
SE-407859,LUM-SAN,PR-3004,2025-08-23,08:00,13:00,20,15,2287.22
SE-407860,LUM-SAN,PR-3007,2025-08-23,08:00,13:00,45,6,3728.33
SE-407861,LUM-PTA,PR-3008,2025-08-23,08:00,13:00,20,15,2112.78
SE-407862,LUM-PTA,PR-3009,2025-08-23,08:00,13:00,25,12,4567.22
SE-407863,LUM-PTA,PR-3011,2025-08-23,08:00,13:00,20,15,2510.56
SE-407864,LUM-UMH,PR-3018,23/08/2025,08:00,13:00,20,15,2091.67
SE-407865,LUM-CLR,PR-3019,2025-08-23,08:00,13:00,20,15,2453.33
SE-407866,LUM-CLR,PR-3020,2025-08-23,08:00,13:00,30,10,1834.44
SE-407867,LUM-CLR,PR-3021,23/08/2025,08:00,13:00,20,15,2338.89
SE-407868,LUM-CLR,PR-3022,2025-08-23,08:00,13:00,20,15,2332.78
SE-407869,LUM-GQE,PR-3026,2025-08-23,08:00,13:00,20,15,2456.11
SE-407870,LUM-GQE,PR-3027,2025-08-23,08:00,13:00,30,10,2862.22
SE-407871,LUM-GQE,PR-3028,2025-08-23,08:00,13:00,20,15,2338.89
SE-407872,LUM-BFN,PR-3030,2025-08-23,08:00,13:00,30,10,1602.78
SE-407873,LUM-SAN,PR-3001,2025-08-25,08:00,17:00,20,27,4207
SE-407874,LUM-SAN,PR-3002,2025-08-25,08:00,17:00,30,18,5987
SE-407875,LUM-SAN,PR-3003,25/08/2025,08:00,17:00,20,27,3679
SE-407876,LUM-SAN,PR-3004,2025-08-25,08:00,17:00,20,27,4117
SE-407877,LUM-SAN,PR-3005,2025-08-25,08:00,17:00,20,27,4234
SE-407878,LUM-SAN,PR-3006,25/08/2025,08:00,17:00,30,18,3134
SE-407879,LUM-SAN,PR-3007,2025-08-25,08:00,17:00,45,12,6711
SE-407880,LUM-PTA,PR-3008,2025-08-25,08:00,17:00,20,27,3803
SE-407881,LUM-PTA,PR-3009,2025-08-25,08:00,17:00,25,21,8221
SE-407882,LUM-PTA,PR-3010,25/08/2025,08:00,17:00,30,18,5602
SE-407883,LUM-PTA,PR-3011,2025-08-25,08:00,17:00,20,27,4519
SE-407884,LUM-PTA,PR-3012,2025-08-25,08:00,17:00,20,27,4073
SE-407885,LUM-PTA,PR-3013,25/08/2025,08:00,17:00,30,18,5678
SE-407886,LUM-UMH,PR-3015,2025-08-25,08:00,17:00,30,18,4817
SE-407887,LUM-UMH,PR-3016,2025-08-25,08:00,17:00,30,18,3166
SE-407888,LUM-UMH,PR-3017,2025-08-25,08:00,17:00,25,21,7465
SE-407889,LUM-UMH,PR-3018,2025-08-25,08:00,17:00,20,27,3765
SE-407890,LUM-CLR,PR-3019,2025-08-25,08:00,17:00,20,27,4416
SE-407891,LUM-CLR,PR-3020,2025-08-25,08:00,17:00,30,18,3302
SE-407892,LUM-CLR,PR-3021,2025-08-25,08:00,17:00,20,27,4210
SE-407893,LUM-CLR,PR-3022,2025-08-25,08:00,17:00,20,27,4199
SE-407894,LUM-CLR,PR-3023,25/08/2025,08:00,17:00,20,27,3940
SE-407895,LUM-CLR,PR-3024,2025-08-25,08:00,17:00,20,27,4215
SE-407896,LUM-GQE,PR-3025,25/08/2025,08:00,17:00,20,27,3480
SE-407897,LUM-GQE,PR-3026,2025-08-25,08:00,17:00,20,27,4421
SE-407898,LUM-GQE,PR-3027,2025-08-25,08:00,17:00,30,18,5152
SE-407899,LUM-GQE,PR-3028,2025-08-25,08:00,17:00,20,27,4210
SE-407900,LUM-BFN,PR-3029,2025-08-25,08:00,17:00,30,18,4817
SE-407901,LUM-BFN,PR-3030,2025-08-25,08:00,17:00,30,18,2885
SE-407902,LUM-BFN,PR-3032,2025-08-25,08:00,17:00,30,18,2779
SE-407903,LUM-SAN,PR-3001,2025-08-26,08:00,17:00,20,27,4207
SE-407904,LUM-SAN,PR-3002,2025-08-26,08:00,17:00,30,18,5987
SE-407905,LUM-SAN,PR-3003,2025-08-26,08:00,17:00,20,27,3679
SE-407906,LUM-SAN,PR-3004,2025-08-26,08:00,17:00,20,27,4117
SE-407907,LUM-SAN,PR-3005,2025-08-26,08:00,17:00,20,27,4234
SE-407908,LUM-SAN,PR-3006,2025-08-26,08:00,17:00,30,18,3134
SE-407909,LUM-SAN,PR-3007,2025-08-26,08:00,17:00,45,12,6711
SE-407910,LUM-PTA,PR-3008,2025-08-26,08:00,17:00,20,27,3803
SE-407911,LUM-PTA,PR-3010,2025-08-26,08:00,17:00,30,18,5602
SE-407912,LUM-PTA,PR-3011,2025-08-26,08:00,17:00,20,27,4519
SE-407913,LUM-PTA,PR-3012,2025-08-26,08:00,17:00,20,27,4073
SE-407914,LUM-PTA,PR-3013,2025-08-26,08:00,17:00,30,18,5678
SE-407915,LUM-UMH,PR-3014,2025-08-26,08:00,17:00,20,27,3616
SE-407916,LUM-UMH,PR-3015,2025-08-26,08:00,17:00,30,18,4817
SE-407917,LUM-UMH,PR-3016,2025-08-26,08:00,17:00,30,18,3166
SE-407918,LUM-UMH,PR-3017,2025-08-26,08:00,17:00,25,21,7465
SE-407919,LUM-UMH,PR-3018,2025-08-26,08:00,17:00,20,27,3765
SE-407920,LUM-CLR,PR-3019,2025-08-26,08:00,17:00,20,27,4416
SE-407921,LUM-CLR,PR-3020,2025-08-26,08:00,17:00,30,18,3302
SE-407922,LUM-CLR,PR-3021,2025-08-26,08:00,17:00,20,27,4210
SE-407923,LUM-CLR,PR-3022,2025-08-26,08:00,17:00,20,27,4199
SE-407924,LUM-CLR,PR-3023,2025-08-26,08:00,17:00,20,27,3940
SE-407925,LUM-CLR,PR-3024,2025-08-26,08:00,17:00,20,27,4215
SE-407926,LUM-GQE,PR-3025,2025-08-26,08:00,17:00,20,27,3480
SE-407927,LUM-GQE,PR-3026,2025-08-26,08:00,17:00,20,27,4421
SE-407928,LUM-GQE,PR-3027,2025-08-26,08:00,17:00,30,18,5152
SE-407929,LUM-GQE,PR-3028,2025-08-26,08:00,17:00,20,27,4210
SE-407930,LUM-BFN,PR-3029,2025-08-26,08:00,17:00,30,18,4817
SE-407931,LUM-BFN,PR-3030,2025-08-26,08:00,17:00,30,18,2885
SE-407932,LUM-SAN,PR-3001,27/08/2025,08:00,17:00,20,27,4207
SE-407933,LUM-SAN,PR-3002,27/08/2025,08:00,17:00,30,18,5987
SE-407934,LUM-SAN,PR-3003,2025-08-27,08:00,17:00,20,27,3679
SE-407935,LUM-SAN,PR-3005,27/08/2025,08:00,17:00,20,27,4234
SE-407936,LUM-SAN,PR-3006,2025-08-27,08:00,17:00,30,18,3134
SE-407937,LUM-SAN,PR-3007,2025-08-27,08:00,17:00,45,12,6711
SE-407938,LUM-PTA,PR-3008,2025-08-27,08:00,17:00,20,27,3803
SE-407939,LUM-PTA,PR-3009,2025-08-27,08:00,17:00,25,21,8221
SE-407940,LUM-PTA,PR-3010,2025-08-27,08:00,17:00,30,18,5602
SE-407941,LUM-PTA,PR-3011,2025-08-27,08:00,17:00,20,27,4519
SE-407942,LUM-PTA,PR-3012,27/08/2025,08:00,17:00,20,27,4073
SE-407943,LUM-PTA,PR-3013,27/08/2025,08:00,17:00,30,18,5678
SE-407944,LUM-UMH,PR-3014,2025-08-27,08:00,17:00,20,27,3616
SE-407945,LUM-UMH,PR-3016,27/08/2025,08:00,17:00,30,18,3166
SE-407946,LUM-UMH,PR-3017,27/08/2025,08:00,17:00,25,21,7465
SE-407947,LUM-UMH,PR-3018,2025-08-27,08:00,17:00,20,27,3765
SE-407948,LUM-CLR,PR-3019,2025-08-27,08:00,17:00,20,27,4416
SE-407949,LUM-CLR,PR-3020,27/08/2025,08:00,17:00,30,18,3302
SE-407950,LUM-CLR,PR-3021,27/08/2025,08:00,17:00,20,27,4210
SE-407951,LUM-CLR,PR-3022,2025-08-27,08:00,17:00,20,27,4199
SE-407952,LUM-CLR,PR-3024,2025-08-27,08:00,17:00,20,27,4215
SE-407953,LUM-GQE,PR-3025,27/08/2025,08:00,17:00,20,27,3480
SE-407954,LUM-GQE,PR-3026,2025-08-27,08:00,17:00,20,27,4421
SE-407955,LUM-GQE,PR-3027,2025-08-27,08:00,17:00,30,18,5152
SE-407956,LUM-GQE,PR-3028,27/08/2025,08:00,17:00,20,27,4210
SE-407957,LUM-BFN,PR-3029,27/08/2025,08:00,17:00,30,18,4817
SE-407958,LUM-BFN,PR-3030,2025-08-27,08:00,17:00,30,18,2885
SE-407959,LUM-BFN,PR-3031,2025-08-27,08:00,17:00,30,18,3256
SE-407960,LUM-BFN,PR-3032,2025-08-27,08:00,17:00,30,18,2779
SE-407961,LUM-SAN,PR-3001,28/08/2025,08:00,17:00,20,27,4207
SE-407962,LUM-SAN,PR-3002,2025-08-28,08:00,17:00,30,18,5987
SE-407963,LUM-SAN,PR-3003,28/08/2025,08:00,17:00,20,27,3679
SE-407964,LUM-SAN,PR-3004,2025-08-28,08:00,17:00,20,27,4117
SE-407965,LUM-SAN,PR-3005,2025-08-28,08:00,17:00,20,27,4234
SE-407966,LUM-SAN,PR-3007,2025-08-28,08:00,17:00,45,12,6711
SE-407967,LUM-PTA,PR-3008,2025-08-28,08:00,17:00,20,27,3803
SE-407968,LUM-PTA,PR-3009,2025-08-28,08:00,17:00,25,21,8221
SE-407969,LUM-PTA,PR-3010,2025-08-28,08:00,17:00,30,18,5602
SE-407970,LUM-PTA,PR-3011,2025-08-28,08:00,17:00,20,27,4519
SE-407971,LUM-PTA,PR-3012,2025-08-28,08:00,17:00,20,27,4073
SE-407972,LUM-PTA,PR-3013,28/08/2025,08:00,17:00,30,18,5678
SE-407973,LUM-UMH,PR-3014,28/08/2025,08:00,17:00,20,27,3616
SE-407974,LUM-UMH,PR-3015,2025-08-28,08:00,17:00,30,18,4817
SE-407975,LUM-UMH,PR-3016,2025-08-28,08:00,17:00,30,18,3166
SE-407976,LUM-UMH,PR-3017,2025-08-28,08:00,17:00,25,21,7465
SE-407977,LUM-UMH,PR-3018,28/08/2025,08:00,17:00,20,27,3765
SE-407978,LUM-CLR,PR-3019,28/08/2025,08:00,17:00,20,27,4416
SE-407979,LUM-CLR,PR-3020,2025-08-28,08:00,17:00,30,18,3302
SE-407980,LUM-CLR,PR-3021,2025-08-28,08:00,17:00,20,27,4210
SE-407981,LUM-CLR,PR-3022,2025-08-28,08:00,17:00,20,27,4199
SE-407982,LUM-CLR,PR-3023,2025-08-28,08:00,17:00,20,27,3940
SE-407983,LUM-CLR,PR-3024,2025-08-28,08:00,17:00,20,27,4215
SE-407984,LUM-GQE,PR-3025,2025-08-28,08:00,17:00,20,27,3480
SE-407985,LUM-GQE,PR-3026,2025-08-28,08:00,17:00,20,27,4421
SE-407986,LUM-GQE,PR-3027,2025-08-28,08:00,17:00,30,18,5152
SE-407987,LUM-GQE,PR-3028,2025-08-28,08:00,17:00,20,27,4210
SE-407988,LUM-BFN,PR-3029,2025-08-28,08:00,17:00,30,18,4817
SE-407989,LUM-BFN,PR-3030,2025-08-28,08:00,17:00,30,18,2885
SE-407990,LUM-BFN,PR-3031,2025-08-28,08:00,17:00,30,18,3256
SE-407991,LUM-BFN,PR-3032,2025-08-28,08:00,17:00,30,18,2779
SE-407992,LUM-SAN,PR-3001,2025-08-29,08:00,17:00,20,27,4207
SE-407993,LUM-SAN,PR-3002,2025-08-29,08:00,17:00,30,18,5987
SE-407994,LUM-SAN,PR-3003,2025-08-29,08:00,17:00,20,27,3679
SE-407995,LUM-SAN,PR-3004,2025-08-29,08:00,17:00,20,27,4117
SE-407996,LUM-SAN,PR-3005,2025-08-29,08:00,17:00,20,27,4234
SE-407997,LUM-SAN,PR-3006,29/08/2025,08:00,17:00,30,18,3134
SE-407998,LUM-SAN,PR-3007,2025-08-29,08:00,17:00,45,12,6711
SE-407999,LUM-PTA,PR-3008,2025-08-29,08:00,17:00,20,27,3803
SE-408000,LUM-PTA,PR-3009,2025-08-29,08:00,17:00,25,21,8221
SE-408001,LUM-PTA,PR-3010,2025-08-29,08:00,17:00,30,18,5602
SE-408002,LUM-PTA,PR-3011,2025-08-29,08:00,17:00,20,27,4519
SE-408003,LUM-PTA,PR-3012,29/08/2025,08:00,17:00,20,27,4073
SE-408004,LUM-PTA,PR-3013,2025-08-29,08:00,17:00,30,18,5678
SE-408005,LUM-UMH,PR-3014,2025-08-29,08:00,17:00,20,27,3616
SE-408006,LUM-UMH,PR-3015,2025-08-29,08:00,17:00,30,18,4817
SE-408007,LUM-UMH,PR-3016,2025-08-29,08:00,17:00,30,18,3166
SE-408008,LUM-UMH,PR-3017,2025-08-29,08:00,17:00,25,21,7465
SE-408009,LUM-UMH,PR-3018,2025-08-29,08:00,17:00,20,27,3765
SE-408010,LUM-CLR,PR-3020,2025-08-29,08:00,17:00,30,18,3302
SE-408011,LUM-CLR,PR-3021,29/08/2025,08:00,17:00,20,27,4210
SE-408012,LUM-CLR,PR-3023,2025-08-29,08:00,17:00,20,27,3940
SE-408013,LUM-CLR,PR-3024,2025-08-29,08:00,17:00,20,27,4215
SE-408014,LUM-GQE,PR-3025,2025-08-29,08:00,17:00,20,27,3480
SE-408015,LUM-GQE,PR-3026,2025-08-29,08:00,17:00,20,27,4421
SE-408016,LUM-GQE,PR-3027,2025-08-29,08:00,17:00,30,18,5152
SE-408017,LUM-GQE,PR-3028,2025-08-29,08:00,17:00,20,27,4210
SE-408018,LUM-BFN,PR-3029,2025-08-29,08:00,17:00,30,18,4817
SE-408019,LUM-BFN,PR-3030,29/08/2025,08:00,17:00,30,18,2885
SE-408020,LUM-BFN,PR-3031,2025-08-29,08:00,17:00,30,18,3256
SE-408021,LUM-BFN,PR-3032,2025-08-29,08:00,17:00,30,18,2779
SE-408022,LUM-SAN,PR-3002,2025-08-30,08:00,13:00,30,10,3326.11
SE-408023,LUM-SAN,PR-3004,2025-08-30,08:00,13:00,20,15,2287.22
SE-408024,LUM-SAN,PR-3005,2025-08-30,08:00,13:00,20,15,2352.22
SE-408025,LUM-PTA,PR-3011,2025-08-30,08:00,13:00,20,15,2510.56
SE-408026,LUM-UMH,PR-3017,2025-08-30,08:00,13:00,25,12,4147.22
SE-408027,LUM-GQE,PR-3025,2025-08-30,08:00,13:00,20,15,1933.33
SE-408028,LUM-GQE,PR-3027,30/08/2025,08:00,13:00,30,10,2862.22
SE-408029,LUM-BFN,PR-3030,2025-08-30,08:00,13:00,30,10,1602.78
SE-408030,LUM-BFN,PR-3031,30/08/2025,08:00,13:00,30,10,1808.89
SE-408031,LUM-SAN,PR-3001,2025-09-01,08:00,17:00,20,27,4207
SE-408032,LUM-SAN,PR-3002,2025-09-01,08:00,17:00,30,18,5987
SE-408033,LUM-SAN,PR-3003,01/09/2025,08:00,17:00,20,27,3679
SE-408034,LUM-SAN,PR-3004,2025-09-01,08:00,17:00,20,27,4117
SE-408035,LUM-SAN,PR-3005,2025-09-01,08:00,17:00,20,27,4234
SE-408036,LUM-SAN,PR-3006,2025-09-01,08:00,17:00,30,18,3134
SE-408037,LUM-PTA,PR-3008,2025-09-01,08:00,17:00,20,27,3803
SE-408038,LUM-PTA,PR-3009,2025-09-01,08:00,17:00,25,21,8221
SE-408039,LUM-PTA,PR-3010,2025-09-01,08:00,17:00,30,18,5602
SE-408040,LUM-PTA,PR-3011,2025-09-01,08:00,17:00,20,27,4519
SE-408041,LUM-PTA,PR-3012,2025-09-01,08:00,17:00,20,27,4073
SE-408042,LUM-PTA,PR-3013,2025-09-01,08:00,17:00,30,18,5678
SE-408043,LUM-UMH,PR-3014,2025-09-01,08:00,17:00,20,27,3616
SE-408044,LUM-UMH,PR-3015,2025-09-01,08:00,17:00,30,18,4817
SE-408045,LUM-UMH,PR-3016,2025-09-01,08:00,17:00,30,18,3166
SE-408046,LUM-UMH,PR-3017,2025-09-01,08:00,17:00,25,21,7465
SE-408047,LUM-CLR,PR-3019,01/09/2025,08:00,17:00,20,27,4416
SE-408048,LUM-CLR,PR-3020,2025-09-01,08:00,17:00,30,18,3302
SE-408049,LUM-CLR,PR-3021,2025-09-01,08:00,17:00,20,27,4210
SE-408050,LUM-CLR,PR-3022,2025-09-01,08:00,17:00,20,27,4199
SE-408051,LUM-CLR,PR-3023,01/09/2025,08:00,17:00,20,27,3940
SE-408052,LUM-CLR,PR-3024,01/09/2025,08:00,17:00,20,27,4215
SE-408053,LUM-GQE,PR-3025,01/09/2025,08:00,17:00,20,27,3480
SE-408054,LUM-GQE,PR-3026,01/09/2025,08:00,17:00,20,27,4421
SE-408055,LUM-GQE,PR-3027,2025-09-01,08:00,17:00,30,18,5152
SE-408056,LUM-GQE,PR-3028,01/09/2025,08:00,17:00,20,27,4210
SE-408057,LUM-BFN,PR-3031,2025-09-01,08:00,17:00,30,18,3256
SE-408058,LUM-BFN,PR-3032,2025-09-01,08:00,17:00,30,18,2779
SE-408059,LUM-SAN,PR-3001,2025-09-02,08:00,17:00,20,27,4207
SE-408060,LUM-SAN,PR-3002,2025-09-02,08:00,17:00,30,18,5987
SE-408061,LUM-SAN,PR-3003,2025-09-02,08:00,17:00,20,27,3679
SE-408062,LUM-SAN,PR-3004,02/09/2025,08:00,17:00,20,27,4117
SE-408063,LUM-SAN,PR-3005,02/09/2025,08:00,17:00,20,27,4234
SE-408064,LUM-SAN,PR-3006,2025-09-02,08:00,17:00,30,18,3134
SE-408065,LUM-SAN,PR-3007,2025-09-02,08:00,17:00,45,12,6711
SE-408066,LUM-PTA,PR-3008,2025-09-02,08:00,17:00,20,27,3803
SE-408067,LUM-PTA,PR-3009,2025-09-02,08:00,17:00,25,21,8221
SE-408068,LUM-PTA,PR-3010,2025-09-02,08:00,17:00,30,18,5602
SE-408069,LUM-PTA,PR-3011,2025-09-02,08:00,17:00,20,27,4519
SE-408070,LUM-PTA,PR-3012,2025-09-02,08:00,17:00,20,27,4073
SE-408071,LUM-PTA,PR-3013,02/09/2025,08:00,17:00,30,18,5678
SE-408072,LUM-UMH,PR-3014,2025-09-02,08:00,17:00,20,27,3616
SE-408073,LUM-UMH,PR-3015,2025-09-02,08:00,17:00,30,18,4817
SE-408074,LUM-UMH,PR-3018,02/09/2025,08:00,17:00,20,27,3765
SE-408075,LUM-CLR,PR-3019,2025-09-02,08:00,17:00,20,27,4416
SE-408076,LUM-CLR,PR-3020,02/09/2025,08:00,17:00,30,18,3302
SE-408077,LUM-CLR,PR-3021,02/09/2025,08:00,17:00,20,27,4210
SE-408078,LUM-CLR,PR-3022,02/09/2025,08:00,17:00,20,27,4199
SE-408079,LUM-CLR,PR-3023,2025-09-02,08:00,17:00,20,27,3940
SE-408080,LUM-CLR,PR-3024,02/09/2025,08:00,17:00,20,27,4215
SE-408081,LUM-GQE,PR-3025,2025-09-02,08:00,17:00,20,27,3480
SE-408082,LUM-GQE,PR-3026,2025-09-02,08:00,17:00,20,27,4421
SE-408083,LUM-GQE,PR-3027,02/09/2025,08:00,17:00,30,18,5152
SE-408084,LUM-GQE,PR-3028,2025-09-02,08:00,17:00,20,27,4210
SE-408085,LUM-BFN,PR-3029,02/09/2025,08:00,17:00,30,18,4817
SE-408086,LUM-BFN,PR-3030,2025-09-02,08:00,17:00,30,18,2885
SE-408087,LUM-BFN,PR-3031,2025-09-02,08:00,17:00,30,18,3256
SE-408088,LUM-BFN,PR-3032,02/09/2025,08:00,17:00,30,18,2779
SE-408089,LUM-SAN,PR-3001,03/09/2025,08:00,17:00,20,27,4207
SE-408090,LUM-SAN,PR-3002,03/09/2025,08:00,17:00,30,18,5987
SE-408091,LUM-SAN,PR-3003,2025-09-03,08:00,17:00,20,27,3679
SE-408092,LUM-SAN,PR-3005,2025-09-03,08:00,17:00,20,27,4234
SE-408093,LUM-SAN,PR-3007,2025-09-03,08:00,17:00,45,12,6711
SE-408094,LUM-PTA,PR-3008,2025-09-03,08:00,17:00,20,27,3803
SE-408095,LUM-PTA,PR-3010,2025-09-03,08:00,17:00,30,18,5602
SE-408096,LUM-PTA,PR-3011,2025-09-03,08:00,17:00,20,27,4519
SE-408097,LUM-PTA,PR-3012,03/09/2025,08:00,17:00,20,27,4073
SE-408098,LUM-PTA,PR-3013,2025-09-03,08:00,17:00,30,18,5678
SE-408099,LUM-UMH,PR-3014,2025-09-03,08:00,17:00,20,27,3616
SE-408100,LUM-UMH,PR-3015,2025-09-03,08:00,17:00,30,18,4817
SE-408101,LUM-UMH,PR-3016,2025-09-03,08:00,17:00,30,18,3166
SE-408102,LUM-UMH,PR-3017,2025-09-03,08:00,17:00,25,21,7465
SE-408103,LUM-UMH,PR-3018,2025-09-03,08:00,17:00,20,27,3765
SE-408104,LUM-CLR,PR-3019,2025-09-03,08:00,17:00,20,27,4416
SE-408105,LUM-CLR,PR-3020,2025-09-03,08:00,17:00,30,18,3302
SE-408106,LUM-CLR,PR-3021,03/09/2025,08:00,17:00,20,27,4210
SE-408107,LUM-CLR,PR-3022,2025-09-03,08:00,17:00,20,27,4199
SE-408108,LUM-CLR,PR-3023,2025-09-03,08:00,17:00,20,27,3940
SE-408109,LUM-CLR,PR-3024,2025-09-03,08:00,17:00,20,27,4215
SE-408110,LUM-GQE,PR-3025,2025-09-03,08:00,17:00,20,27,3480
SE-408111,LUM-GQE,PR-3026,2025-09-03,08:00,17:00,20,27,4421
SE-408112,LUM-GQE,PR-3027,03/09/2025,08:00,17:00,30,18,5152
SE-408113,LUM-GQE,PR-3028,2025-09-03,08:00,17:00,20,27,4210
SE-408114,LUM-BFN,PR-3030,2025-09-03,08:00,17:00,30,18,2885
SE-408115,LUM-BFN,PR-3031,2025-09-03,08:00,17:00,30,18,3256
SE-408116,LUM-BFN,PR-3032,2025-09-03,08:00,17:00,30,18,2779
SE-408117,LUM-SAN,PR-3001,2025-09-04,08:00,17:00,20,27,4207
SE-408118,LUM-SAN,PR-3002,04/09/2025,08:00,17:00,30,18,5987
SE-408119,LUM-SAN,PR-3004,2025-09-04,08:00,17:00,20,27,4117
SE-408120,LUM-SAN,PR-3005,2025-09-04,08:00,17:00,20,27,4234
SE-408121,LUM-SAN,PR-3006,04/09/2025,08:00,17:00,30,18,3134
SE-408122,LUM-PTA,PR-3008,04/09/2025,08:00,17:00,20,27,3803
SE-408123,LUM-PTA,PR-3009,2025-09-04,08:00,17:00,25,21,8221
SE-408124,LUM-PTA,PR-3010,04/09/2025,08:00,17:00,30,18,5602
SE-408125,LUM-PTA,PR-3011,04/09/2025,08:00,17:00,20,27,4519
SE-408126,LUM-PTA,PR-3012,2025-09-04,08:00,17:00,20,27,4073
SE-408127,LUM-PTA,PR-3013,2025-09-04,08:00,17:00,30,18,5678
SE-408128,LUM-UMH,PR-3014,04/09/2025,08:00,17:00,20,27,3616
SE-408129,LUM-UMH,PR-3015,04/09/2025,08:00,17:00,30,18,4817
SE-408130,LUM-UMH,PR-3016,04/09/2025,08:00,17:00,30,18,3166
SE-408131,LUM-UMH,PR-3017,2025-09-04,08:00,17:00,25,21,7465
SE-408132,LUM-UMH,PR-3018,2025-09-04,08:00,17:00,20,27,3765
SE-408133,LUM-CLR,PR-3019,2025-09-04,08:00,17:00,20,27,4416
SE-408134,LUM-CLR,PR-3020,2025-09-04,08:00,17:00,30,18,3302
SE-408135,LUM-CLR,PR-3021,2025-09-04,08:00,17:00,20,27,4210
SE-408136,LUM-CLR,PR-3023,2025-09-04,08:00,17:00,20,27,3940
SE-408137,LUM-CLR,PR-3024,2025-09-04,08:00,17:00,20,27,4215
SE-408138,LUM-GQE,PR-3025,2025-09-04,08:00,17:00,20,27,3480
SE-408139,LUM-GQE,PR-3026,2025-09-04,08:00,17:00,20,27,4421
SE-408140,LUM-GQE,PR-3027,2025-09-04,08:00,17:00,30,18,5152
SE-408141,LUM-BFN,PR-3029,04/09/2025,08:00,17:00,30,18,4817
SE-408142,LUM-BFN,PR-3030,04/09/2025,08:00,17:00,30,18,2885
SE-408143,LUM-BFN,PR-3031,2025-09-04,08:00,17:00,30,18,3256
SE-408144,LUM-BFN,PR-3032,04/09/2025,08:00,17:00,30,18,2779
SE-408145,LUM-SAN,PR-3001,2025-09-05,08:00,17:00,20,27,4207
SE-408146,LUM-SAN,PR-3002,2025-09-05,08:00,17:00,30,18,5987
SE-408147,LUM-SAN,PR-3003,05/09/2025,08:00,17:00,20,27,3679
SE-408148,LUM-SAN,PR-3004,2025-09-05,08:00,17:00,20,27,4117
SE-408149,LUM-SAN,PR-3005,05/09/2025,08:00,17:00,20,27,4234
SE-408150,LUM-SAN,PR-3006,2025-09-05,08:00,17:00,30,18,3134
SE-408151,LUM-SAN,PR-3007,05/09/2025,08:00,17:00,45,12,6711
SE-408152,LUM-PTA,PR-3010,2025-09-05,08:00,17:00,30,18,5602
SE-408153,LUM-PTA,PR-3012,05/09/2025,08:00,17:00,20,27,4073
SE-408154,LUM-PTA,PR-3013,2025-09-05,08:00,17:00,30,18,5678
SE-408155,LUM-UMH,PR-3015,2025-09-05,08:00,17:00,30,18,4817
SE-408156,LUM-UMH,PR-3016,05/09/2025,08:00,17:00,30,18,3166
SE-408157,LUM-UMH,PR-3017,2025-09-05,08:00,17:00,25,21,7465
SE-408158,LUM-UMH,PR-3018,05/09/2025,08:00,17:00,20,27,3765
SE-408159,LUM-CLR,PR-3019,2025-09-05,08:00,17:00,20,27,4416
SE-408160,LUM-CLR,PR-3020,2025-09-05,08:00,17:00,30,18,3302
SE-408161,LUM-CLR,PR-3021,05/09/2025,08:00,17:00,20,27,4210
SE-408162,LUM-CLR,PR-3022,2025-09-05,08:00,17:00,20,27,4199
SE-408163,LUM-CLR,PR-3023,2025-09-05,08:00,17:00,20,27,3940
SE-408164,LUM-GQE,PR-3025,05/09/2025,08:00,17:00,20,27,3480
SE-408165,LUM-GQE,PR-3026,05/09/2025,08:00,17:00,20,27,4421
SE-408166,LUM-GQE,PR-3027,2025-09-05,08:00,17:00,30,18,5152
SE-408167,LUM-GQE,PR-3028,2025-09-05,08:00,17:00,20,27,4210
SE-408168,LUM-BFN,PR-3031,2025-09-05,08:00,17:00,30,18,3256
SE-408169,LUM-BFN,PR-3032,2025-09-05,08:00,17:00,30,18,2779
SE-408170,LUM-SAN,PR-3004,2025-09-06,08:00,13:00,20,15,2287.22
SE-408171,LUM-PTA,PR-3008,2025-09-06,08:00,13:00,20,15,2112.78
SE-408172,LUM-PTA,PR-3009,2025-09-06,08:00,13:00,25,12,4567.22
SE-408173,LUM-PTA,PR-3010,06/09/2025,08:00,13:00,30,10,3112.22
SE-408174,LUM-PTA,PR-3012,2025-09-06,08:00,13:00,20,15,2262.78
SE-408175,LUM-UMH,PR-3017,2025-09-06,08:00,13:00,25,12,4147.22
SE-408176,LUM-CLR,PR-3023,2025-09-06,08:00,13:00,20,15,2188.89
SE-408177,LUM-GQE,PR-3028,2025-09-06,08:00,13:00,20,15,2338.89
SE-408178,LUM-BFN,PR-3030,2025-09-06,08:00,13:00,30,10,1602.78
SE-408179,LUM-SAN,PR-3001,2025-09-08,08:00,17:00,20,27,4207
SE-408180,LUM-SAN,PR-3002,2025-09-08,08:00,17:00,30,18,5987
SE-408181,LUM-SAN,PR-3003,2025-09-08,08:00,17:00,20,27,3679
SE-408182,LUM-SAN,PR-3004,2025-09-08,08:00,17:00,20,27,4117
SE-408183,LUM-SAN,PR-3005,2025-09-08,08:00,17:00,20,27,4234
SE-408184,LUM-SAN,PR-3006,08/09/2025,08:00,17:00,30,18,3134
SE-408185,LUM-SAN,PR-3007,2025-09-08,08:00,17:00,45,12,6711
SE-408186,LUM-PTA,PR-3008,2025-09-08,08:00,17:00,20,27,3803
SE-408187,LUM-PTA,PR-3010,08/09/2025,08:00,17:00,30,18,5602
SE-408188,LUM-PTA,PR-3012,08/09/2025,08:00,17:00,20,27,4073
SE-408189,LUM-PTA,PR-3013,08/09/2025,08:00,17:00,30,18,5678
SE-408190,LUM-UMH,PR-3014,2025-09-08,08:00,17:00,20,27,3616
SE-408191,LUM-UMH,PR-3015,2025-09-08,08:00,17:00,30,18,4817
SE-408192,LUM-UMH,PR-3016,2025-09-08,08:00,17:00,30,18,3166
SE-408193,LUM-UMH,PR-3017,2025-09-08,08:00,17:00,25,21,7465
SE-408194,LUM-UMH,PR-3018,2025-09-08,08:00,17:00,20,27,3765
SE-408195,LUM-CLR,PR-3019,2025-09-08,08:00,17:00,20,27,4416
SE-408196,LUM-CLR,PR-3020,2025-09-08,08:00,17:00,30,18,3302
SE-408197,LUM-CLR,PR-3021,08/09/2025,08:00,17:00,20,27,4210
SE-408198,LUM-CLR,PR-3022,2025-09-08,08:00,17:00,20,27,4199
SE-408199,LUM-CLR,PR-3023,2025-09-08,08:00,17:00,20,27,3940
SE-408200,LUM-GQE,PR-3025,2025-09-08,08:00,17:00,20,27,3480
SE-408201,LUM-GQE,PR-3026,2025-09-08,08:00,17:00,20,27,4421
SE-408202,LUM-GQE,PR-3027,2025-09-08,08:00,17:00,30,18,5152
SE-408203,LUM-GQE,PR-3028,2025-09-08,08:00,17:00,20,27,4210
SE-408204,LUM-BFN,PR-3029,2025-09-08,08:00,17:00,30,18,4817
SE-408205,LUM-BFN,PR-3030,08/09/2025,08:00,17:00,30,18,2885
SE-408206,LUM-BFN,PR-3031,2025-09-08,08:00,17:00,30,18,3256
SE-408207,LUM-BFN,PR-3032,08/09/2025,08:00,17:00,30,18,2779
SE-408208,LUM-SAN,PR-3001,2025-09-09,08:00,17:00,20,27,4207
SE-408209,LUM-SAN,PR-3002,2025-09-09,08:00,17:00,30,18,5987
SE-408210,LUM-SAN,PR-3003,09/09/2025,08:00,17:00,20,27,3679
SE-408211,LUM-SAN,PR-3004,2025-09-09,08:00,17:00,20,27,4117
SE-408212,LUM-SAN,PR-3005,2025-09-09,08:00,17:00,20,27,4234
SE-408213,LUM-SAN,PR-3006,2025-09-09,08:00,17:00,30,18,3134
SE-408214,LUM-SAN,PR-3007,2025-09-09,08:00,17:00,45,12,6711
SE-408215,LUM-PTA,PR-3008,2025-09-09,08:00,17:00,20,27,3803
SE-408216,LUM-PTA,PR-3009,2025-09-09,08:00,17:00,25,21,8221
SE-408217,LUM-PTA,PR-3010,2025-09-09,08:00,17:00,30,18,5602
SE-408218,LUM-PTA,PR-3011,2025-09-09,08:00,17:00,20,27,4519
SE-408219,LUM-PTA,PR-3012,2025-09-09,08:00,17:00,20,27,4073
SE-408220,LUM-PTA,PR-3013,2025-09-09,08:00,17:00,30,18,5678
SE-408221,LUM-UMH,PR-3014,2025-09-09,08:00,17:00,20,27,3616
SE-408222,LUM-UMH,PR-3015,2025-09-09,08:00,17:00,30,18,4817
SE-408223,LUM-UMH,PR-3016,09/09/2025,08:00,17:00,30,18,3166
SE-408224,LUM-UMH,PR-3017,2025-09-09,08:00,17:00,25,21,7465
SE-408225,LUM-CLR,PR-3020,2025-09-09,08:00,17:00,30,18,3302
SE-408226,LUM-CLR,PR-3022,2025-09-09,08:00,17:00,20,27,4199
SE-408227,LUM-CLR,PR-3023,2025-09-09,08:00,17:00,20,27,3940
SE-408228,LUM-CLR,PR-3024,2025-09-09,08:00,17:00,20,27,4215
SE-408229,LUM-GQE,PR-3025,09/09/2025,08:00,17:00,20,27,3480
SE-408230,LUM-GQE,PR-3026,2025-09-09,08:00,17:00,20,27,4421
SE-408231,LUM-GQE,PR-3027,2025-09-09,08:00,17:00,30,18,5152
SE-408232,LUM-GQE,PR-3028,09/09/2025,08:00,17:00,20,27,4210
SE-408233,LUM-BFN,PR-3029,2025-09-09,08:00,17:00,30,18,4817
SE-408234,LUM-BFN,PR-3031,2025-09-09,08:00,17:00,30,18,3256
SE-408235,LUM-BFN,PR-3032,2025-09-09,08:00,17:00,30,18,2779
SE-408236,LUM-SAN,PR-3001,10/09/2025,08:00,17:00,20,27,4207
SE-408237,LUM-SAN,PR-3002,2025-09-10,08:00,17:00,30,18,5987
SE-408238,LUM-SAN,PR-3003,2025-09-10,08:00,17:00,20,27,3679
SE-408239,LUM-SAN,PR-3004,2025-09-10,08:00,17:00,20,27,4117
SE-408240,LUM-SAN,PR-3005,2025-09-10,08:00,17:00,20,27,4234
SE-408241,LUM-SAN,PR-3006,2025-09-10,08:00,17:00,30,18,3134
SE-408242,LUM-SAN,PR-3007,2025-09-10,08:00,17:00,45,12,6711
SE-408243,LUM-PTA,PR-3008,2025-09-10,08:00,17:00,20,27,3803
SE-408244,LUM-PTA,PR-3009,10/09/2025,08:00,17:00,25,21,8221
SE-408245,LUM-PTA,PR-3010,10/09/2025,08:00,17:00,30,18,5602
SE-408246,LUM-PTA,PR-3011,2025-09-10,08:00,17:00,20,27,4519
SE-408247,LUM-PTA,PR-3012,2025-09-10,08:00,17:00,20,27,4073
SE-408248,LUM-PTA,PR-3013,2025-09-10,08:00,17:00,30,18,5678
SE-408249,LUM-UMH,PR-3014,2025-09-10,08:00,17:00,20,27,3616
SE-408250,LUM-UMH,PR-3015,2025-09-10,08:00,17:00,30,18,4817
SE-408251,LUM-UMH,PR-3016,2025-09-10,08:00,17:00,30,18,3166
SE-408252,LUM-UMH,PR-3017,2025-09-10,08:00,17:00,25,21,7465
SE-408253,LUM-UMH,PR-3018,10/09/2025,08:00,17:00,20,27,3765
SE-408254,LUM-CLR,PR-3019,2025-09-10,08:00,17:00,20,27,4416
SE-408255,LUM-CLR,PR-3020,2025-09-10,08:00,17:00,30,18,3302
SE-408256,LUM-CLR,PR-3022,10/09/2025,08:00,17:00,20,27,4199
SE-408257,LUM-CLR,PR-3023,2025-09-10,08:00,17:00,20,27,3940
SE-408258,LUM-CLR,PR-3024,2025-09-10,08:00,17:00,20,27,4215
SE-408259,LUM-GQE,PR-3025,10/09/2025,08:00,17:00,20,27,3480
SE-408260,LUM-GQE,PR-3027,10/09/2025,08:00,17:00,30,18,5152
SE-408261,LUM-GQE,PR-3028,2025-09-10,08:00,17:00,20,27,4210
SE-408262,LUM-BFN,PR-3029,10/09/2025,08:00,17:00,30,18,4817
SE-408263,LUM-BFN,PR-3030,2025-09-10,08:00,17:00,30,18,2885
SE-408264,LUM-BFN,PR-3031,2025-09-10,08:00,17:00,30,18,3256
SE-408265,LUM-BFN,PR-3032,10/09/2025,08:00,17:00,30,18,2779
SE-408266,LUM-SAN,PR-3001,11/09/2025,08:00,17:00,20,27,4207
SE-408267,LUM-SAN,PR-3002,2025-09-11,08:00,17:00,30,18,5987
SE-408268,LUM-SAN,PR-3003,11/09/2025,08:00,17:00,20,27,3679
SE-408269,LUM-SAN,PR-3004,11/09/2025,08:00,17:00,20,27,4117
SE-408270,LUM-SAN,PR-3005,2025-09-11,08:00,17:00,20,27,4234
SE-408271,LUM-SAN,PR-3006,2025-09-11,08:00,17:00,30,18,3134
SE-408272,LUM-SAN,PR-3007,2025-09-11,08:00,17:00,45,12,6711
SE-408273,LUM-PTA,PR-3010,2025-09-11,08:00,17:00,30,18,5602
SE-408274,LUM-PTA,PR-3011,11/09/2025,08:00,17:00,20,27,4519
SE-408275,LUM-PTA,PR-3012,2025-09-11,08:00,17:00,20,27,4073
SE-408276,LUM-PTA,PR-3013,2025-09-11,08:00,17:00,30,18,5678
SE-408277,LUM-UMH,PR-3014,2025-09-11,08:00,17:00,20,27,3616
SE-408278,LUM-UMH,PR-3015,2025-09-11,08:00,17:00,30,18,4817
SE-408279,LUM-UMH,PR-3016,2025-09-11,08:00,17:00,30,18,3166
SE-408280,LUM-UMH,PR-3017,11/09/2025,08:00,17:00,25,21,7465
SE-408281,LUM-CLR,PR-3019,11/09/2025,08:00,17:00,20,27,4416
SE-408282,LUM-CLR,PR-3020,2025-09-11,08:00,17:00,30,18,3302
SE-408283,LUM-CLR,PR-3021,2025-09-11,08:00,17:00,20,27,4210
SE-408284,LUM-CLR,PR-3022,2025-09-11,08:00,17:00,20,27,4199
SE-408285,LUM-CLR,PR-3023,2025-09-11,08:00,17:00,20,27,3940
SE-408286,LUM-CLR,PR-3024,11/09/2025,08:00,17:00,20,27,4215
SE-408287,LUM-GQE,PR-3025,2025-09-11,08:00,17:00,20,27,3480
SE-408288,LUM-GQE,PR-3026,2025-09-11,08:00,17:00,20,27,4421
SE-408289,LUM-GQE,PR-3027,2025-09-11,08:00,17:00,30,18,5152
SE-408290,LUM-GQE,PR-3028,11/09/2025,08:00,17:00,20,27,4210
SE-408291,LUM-BFN,PR-3029,2025-09-11,08:00,17:00,30,18,4817
SE-408292,LUM-BFN,PR-3030,11/09/2025,08:00,17:00,30,18,2885
SE-408293,LUM-BFN,PR-3031,11/09/2025,08:00,17:00,30,18,3256
SE-408294,LUM-BFN,PR-3032,2025-09-11,08:00,17:00,30,18,2779
SE-408295,LUM-SAN,PR-3001,12/09/2025,08:00,17:00,20,27,4207
SE-408296,LUM-SAN,PR-3002,12/09/2025,08:00,17:00,30,18,5987
SE-408297,LUM-SAN,PR-3003,2025-09-12,08:00,17:00,20,27,3679
SE-408298,LUM-SAN,PR-3004,2025-09-12,08:00,17:00,20,27,4117
SE-408299,LUM-SAN,PR-3005,2025-09-12,08:00,17:00,20,27,4234
SE-408300,LUM-SAN,PR-3006,2025-09-12,08:00,17:00,30,18,3134
SE-408301,LUM-SAN,PR-3007,12/09/2025,08:00,17:00,45,12,6711
SE-408302,LUM-PTA,PR-3008,2025-09-12,08:00,17:00,20,27,3803
SE-408303,LUM-PTA,PR-3009,2025-09-12,08:00,17:00,25,21,8221
SE-408304,LUM-PTA,PR-3010,12/09/2025,08:00,17:00,30,18,5602
SE-408305,LUM-PTA,PR-3011,2025-09-12,08:00,17:00,20,27,4519
SE-408306,LUM-PTA,PR-3012,12/09/2025,08:00,17:00,20,27,4073
SE-408307,LUM-PTA,PR-3013,12/09/2025,08:00,17:00,30,18,5678
SE-408308,LUM-UMH,PR-3014,2025-09-12,08:00,17:00,20,27,3616
SE-408309,LUM-UMH,PR-3015,2025-09-12,08:00,17:00,30,18,4817
SE-408310,LUM-UMH,PR-3016,12/09/2025,08:00,17:00,30,18,3166
SE-408311,LUM-UMH,PR-3017,12/09/2025,08:00,17:00,25,21,7465
SE-408312,LUM-UMH,PR-3018,12/09/2025,08:00,17:00,20,27,3765
SE-408313,LUM-CLR,PR-3019,2025-09-12,08:00,17:00,20,27,4416
SE-408314,LUM-CLR,PR-3020,2025-09-12,08:00,17:00,30,18,3302
SE-408315,LUM-CLR,PR-3021,12/09/2025,08:00,17:00,20,27,4210
SE-408316,LUM-CLR,PR-3022,2025-09-12,08:00,17:00,20,27,4199
SE-408317,LUM-CLR,PR-3023,2025-09-12,08:00,17:00,20,27,3940
SE-408318,LUM-CLR,PR-3024,12/09/2025,08:00,17:00,20,27,4215
SE-408319,LUM-GQE,PR-3025,2025-09-12,08:00,17:00,20,27,3480
SE-408320,LUM-GQE,PR-3026,2025-09-12,08:00,17:00,20,27,4421
SE-408321,LUM-GQE,PR-3027,12/09/2025,08:00,17:00,30,18,5152
SE-408322,LUM-GQE,PR-3028,2025-09-12,08:00,17:00,20,27,4210
SE-408323,LUM-BFN,PR-3029,2025-09-12,08:00,17:00,30,18,4817
SE-408324,LUM-BFN,PR-3030,2025-09-12,08:00,17:00,30,18,2885
SE-408325,LUM-BFN,PR-3031,2025-09-12,08:00,17:00,30,18,3256
SE-408326,LUM-BFN,PR-3032,2025-09-12,08:00,17:00,30,18,2779
SE-408327,LUM-SAN,PR-3005,13/09/2025,08:00,13:00,20,15,2352.22
SE-408328,LUM-SAN,PR-3007,2025-09-13,08:00,13:00,45,6,3728.33
SE-408329,LUM-PTA,PR-3013,13/09/2025,08:00,13:00,30,10,3154.44
SE-408330,LUM-UMH,PR-3014,2025-09-13,08:00,13:00,20,15,2008.89
SE-408331,LUM-UMH,PR-3015,2025-09-13,08:00,13:00,30,10,2676.11
SE-408332,LUM-UMH,PR-3016,2025-09-13,08:00,13:00,30,10,1758.89
SE-408333,LUM-UMH,PR-3017,2025-09-13,08:00,13:00,25,12,4147.22
SE-408334,LUM-GQE,PR-3025,2025-09-13,08:00,13:00,20,15,1933.33
SE-408335,LUM-BFN,PR-3029,13/09/2025,08:00,13:00,30,10,2676.11
SE-408336,LUM-BFN,PR-3032,2025-09-13,08:00,13:00,30,10,1543.89
SE-408337,LUM-SAN,PR-3001,2025-09-15,08:00,17:00,20,27,4207
SE-408338,LUM-SAN,PR-3002,2025-09-15,08:00,17:00,30,18,5987
SE-408339,LUM-SAN,PR-3003,2025-09-15,08:00,17:00,20,27,3679
SE-408340,LUM-SAN,PR-3004,15/09/2025,08:00,17:00,20,27,4117
SE-408341,LUM-SAN,PR-3005,2025-09-15,08:00,17:00,20,27,4234
SE-408342,LUM-SAN,PR-3006,2025-09-15,08:00,17:00,30,18,3134
SE-408343,LUM-SAN,PR-3007,2025-09-15,08:00,17:00,45,12,6711
SE-408344,LUM-PTA,PR-3008,2025-09-15,08:00,17:00,20,27,3803
SE-408345,LUM-PTA,PR-3009,2025-09-15,08:00,17:00,25,21,8221
SE-408346,LUM-PTA,PR-3010,2025-09-15,08:00,17:00,30,18,5602
SE-408347,LUM-PTA,PR-3011,2025-09-15,08:00,17:00,20,27,4519
SE-408348,LUM-PTA,PR-3012,2025-09-15,08:00,17:00,20,27,4073
SE-408349,LUM-PTA,PR-3013,2025-09-15,08:00,17:00,30,18,5678
SE-408350,LUM-UMH,PR-3014,2025-09-15,08:00,17:00,20,27,3616
SE-408351,LUM-UMH,PR-3015,2025-09-15,08:00,17:00,30,18,4817
SE-408352,LUM-UMH,PR-3016,2025-09-15,08:00,17:00,30,18,3166
SE-408353,LUM-UMH,PR-3017,2025-09-15,08:00,17:00,25,21,7465
SE-408354,LUM-UMH,PR-3018,2025-09-15,08:00,17:00,20,27,3765
SE-408355,LUM-CLR,PR-3019,2025-09-15,08:00,17:00,20,27,4416
SE-408356,LUM-CLR,PR-3020,15/09/2025,08:00,17:00,30,18,3302
SE-408357,LUM-CLR,PR-3021,2025-09-15,08:00,17:00,20,27,4210
SE-408358,LUM-CLR,PR-3023,2025-09-15,08:00,17:00,20,27,3940
SE-408359,LUM-CLR,PR-3024,2025-09-15,08:00,17:00,20,27,4215
SE-408360,LUM-GQE,PR-3026,2025-09-15,08:00,17:00,20,27,4421
SE-408361,LUM-GQE,PR-3027,2025-09-15,08:00,17:00,30,18,5152
SE-408362,LUM-BFN,PR-3029,2025-09-15,08:00,17:00,30,18,4817
SE-408363,LUM-BFN,PR-3030,15/09/2025,08:00,17:00,30,18,2885
SE-408364,LUM-BFN,PR-3031,2025-09-15,08:00,17:00,30,18,3256
SE-408365,LUM-BFN,PR-3032,2025-09-15,08:00,17:00,30,18,2779
SE-408366,LUM-SAN,PR-3001,2025-09-16,08:00,17:00,20,27,4207
SE-408367,LUM-SAN,PR-3002,2025-09-16,08:00,17:00,30,18,5987
SE-408368,LUM-SAN,PR-3003,2025-09-16,08:00,17:00,20,27,3679
SE-408369,LUM-SAN,PR-3004,2025-09-16,08:00,17:00,20,27,4117
SE-408370,LUM-SAN,PR-3005,2025-09-16,08:00,17:00,20,27,4234
SE-408371,LUM-SAN,PR-3006,16/09/2025,08:00,17:00,30,18,3134
SE-408372,LUM-PTA,PR-3008,16/09/2025,08:00,17:00,20,27,3803
SE-408373,LUM-PTA,PR-3009,2025-09-16,08:00,17:00,25,21,8221
SE-408374,LUM-PTA,PR-3010,16/09/2025,08:00,17:00,30,18,5602
SE-408375,LUM-PTA,PR-3011,2025-09-16,08:00,17:00,20,27,4519
SE-408376,LUM-PTA,PR-3012,2025-09-16,08:00,17:00,20,27,4073
SE-408377,LUM-UMH,PR-3014,16/09/2025,08:00,17:00,20,27,3616
SE-408378,LUM-UMH,PR-3015,2025-09-16,08:00,17:00,30,18,4817
SE-408379,LUM-UMH,PR-3016,2025-09-16,08:00,17:00,30,18,3166
SE-408380,LUM-UMH,PR-3017,2025-09-16,08:00,17:00,25,21,7465
SE-408381,LUM-UMH,PR-3018,16/09/2025,08:00,17:00,20,27,3765
SE-408382,LUM-CLR,PR-3019,2025-09-16,08:00,17:00,20,27,4416
SE-408383,LUM-CLR,PR-3020,16/09/2025,08:00,17:00,30,18,3302
SE-408384,LUM-CLR,PR-3021,2025-09-16,08:00,17:00,20,27,4210
SE-408385,LUM-CLR,PR-3022,2025-09-16,08:00,17:00,20,27,4199
SE-408386,LUM-CLR,PR-3023,16/09/2025,08:00,17:00,20,27,3940
SE-408387,LUM-CLR,PR-3024,2025-09-16,08:00,17:00,20,27,4215
SE-408388,LUM-GQE,PR-3025,2025-09-16,08:00,17:00,20,27,3480
SE-408389,LUM-GQE,PR-3026,2025-09-16,08:00,17:00,20,27,4421
SE-408390,LUM-GQE,PR-3028,16/09/2025,08:00,17:00,20,27,4210
SE-408391,LUM-BFN,PR-3029,2025-09-16,08:00,17:00,30,18,4817
SE-408392,LUM-BFN,PR-3030,2025-09-16,08:00,17:00,30,18,2885
SE-408393,LUM-BFN,PR-3032,2025-09-16,08:00,17:00,30,18,2779
SE-408394,LUM-SAN,PR-3001,2025-09-17,08:00,17:00,20,27,4207
SE-408395,LUM-SAN,PR-3002,2025-09-17,08:00,17:00,30,18,5987
SE-408396,LUM-SAN,PR-3003,2025-09-17,08:00,17:00,20,27,3679
SE-408397,LUM-SAN,PR-3004,17/09/2025,08:00,17:00,20,27,4117
SE-408398,LUM-SAN,PR-3005,2025-09-17,08:00,17:00,20,27,4234
SE-408399,LUM-SAN,PR-3007,2025-09-17,08:00,17:00,45,12,6711
SE-408400,LUM-PTA,PR-3008,2025-09-17,08:00,17:00,20,27,3803
SE-408401,LUM-PTA,PR-3009,2025-09-17,08:00,17:00,25,21,8221
SE-408402,LUM-PTA,PR-3010,2025-09-17,08:00,17:00,30,18,5602
SE-408403,LUM-PTA,PR-3011,2025-09-17,08:00,17:00,20,27,4519
SE-408404,LUM-PTA,PR-3013,17/09/2025,08:00,17:00,30,18,5678
SE-408405,LUM-UMH,PR-3014,17/09/2025,08:00,17:00,20,27,3616
SE-408406,LUM-UMH,PR-3015,2025-09-17,08:00,17:00,30,18,4817
SE-408407,LUM-UMH,PR-3016,2025-09-17,08:00,17:00,30,18,3166
SE-408408,LUM-UMH,PR-3017,2025-09-17,08:00,17:00,25,21,7465
SE-408409,LUM-UMH,PR-3018,17/09/2025,08:00,17:00,20,27,3765
SE-408410,LUM-CLR,PR-3019,2025-09-17,08:00,17:00,20,27,4416
SE-408411,LUM-CLR,PR-3020,2025-09-17,08:00,17:00,30,18,3302
SE-408412,LUM-CLR,PR-3021,2025-09-17,08:00,17:00,20,27,4210
SE-408413,LUM-CLR,PR-3022,2025-09-17,08:00,17:00,20,27,4199
SE-408414,LUM-CLR,PR-3023,2025-09-17,08:00,17:00,20,27,3940
SE-408415,LUM-CLR,PR-3024,17/09/2025,08:00,17:00,20,27,4215
SE-408416,LUM-GQE,PR-3025,2025-09-17,08:00,17:00,20,27,3480
SE-408417,LUM-GQE,PR-3026,2025-09-17,08:00,17:00,20,27,4421
SE-408418,LUM-GQE,PR-3027,2025-09-17,08:00,17:00,30,18,5152
SE-408419,LUM-GQE,PR-3028,2025-09-17,08:00,17:00,20,27,4210
SE-408420,LUM-BFN,PR-3029,2025-09-17,08:00,17:00,30,18,4817
SE-408421,LUM-BFN,PR-3030,2025-09-17,08:00,17:00,30,18,2885
SE-408422,LUM-BFN,PR-3031,2025-09-17,08:00,17:00,30,18,3256
SE-408423,LUM-BFN,PR-3032,2025-09-17,08:00,17:00,30,18,2779
SE-408424,LUM-SAN,PR-3001,2025-09-18,08:00,17:00,20,27,4207
SE-408425,LUM-SAN,PR-3002,2025-09-18,08:00,17:00,30,18,5987
SE-408426,LUM-SAN,PR-3003,2025-09-18,08:00,17:00,20,27,3679
SE-408427,LUM-SAN,PR-3004,2025-09-18,08:00,17:00,20,27,4117
SE-408428,LUM-SAN,PR-3005,2025-09-18,08:00,17:00,20,27,4234
SE-408429,LUM-SAN,PR-3006,2025-09-18,08:00,17:00,30,18,3134
SE-408430,LUM-SAN,PR-3007,2025-09-18,08:00,17:00,45,12,6711
SE-408431,LUM-PTA,PR-3008,2025-09-18,08:00,17:00,20,27,3803
SE-408432,LUM-PTA,PR-3009,2025-09-18,08:00,17:00,25,21,8221
SE-408433,LUM-PTA,PR-3010,2025-09-18,08:00,17:00,30,18,5602
SE-408434,LUM-PTA,PR-3011,18/09/2025,08:00,17:00,20,27,4519
SE-408435,LUM-PTA,PR-3012,2025-09-18,08:00,17:00,20,27,4073
SE-408436,LUM-UMH,PR-3014,2025-09-18,08:00,17:00,20,27,3616
SE-408437,LUM-UMH,PR-3015,2025-09-18,08:00,17:00,30,18,4817
SE-408438,LUM-UMH,PR-3016,2025-09-18,08:00,17:00,30,18,3166
SE-408439,LUM-UMH,PR-3018,2025-09-18,08:00,17:00,20,27,3765
SE-408440,LUM-CLR,PR-3019,2025-09-18,08:00,17:00,20,27,4416
SE-408441,LUM-CLR,PR-3021,2025-09-18,08:00,17:00,20,27,4210
SE-408442,LUM-CLR,PR-3022,2025-09-18,08:00,17:00,20,27,4199
SE-408443,LUM-CLR,PR-3023,2025-09-18,08:00,17:00,20,27,3940
SE-408444,LUM-CLR,PR-3024,2025-09-18,08:00,17:00,20,27,4215
SE-408445,LUM-GQE,PR-3025,2025-09-18,08:00,17:00,20,27,3480
SE-408446,LUM-GQE,PR-3026,2025-09-18,08:00,17:00,20,27,4421
SE-408447,LUM-GQE,PR-3027,2025-09-18,08:00,17:00,30,18,5152
SE-408448,LUM-BFN,PR-3029,2025-09-18,08:00,17:00,30,18,4817
SE-408449,LUM-BFN,PR-3030,2025-09-18,08:00,17:00,30,18,2885
SE-408450,LUM-BFN,PR-3031,18/09/2025,08:00,17:00,30,18,3256
SE-408451,LUM-SAN,PR-3001,2025-09-19,08:00,17:00,20,27,4207
SE-408452,LUM-SAN,PR-3002,19/09/2025,08:00,17:00,30,18,5987
SE-408453,LUM-SAN,PR-3003,19/09/2025,08:00,17:00,20,27,3679
SE-408454,LUM-SAN,PR-3004,2025-09-19,08:00,17:00,20,27,4117
SE-408455,LUM-SAN,PR-3005,2025-09-19,08:00,17:00,20,27,4234
SE-408456,LUM-SAN,PR-3007,2025-09-19,08:00,17:00,45,12,6711
SE-408457,LUM-PTA,PR-3008,2025-09-19,08:00,17:00,20,27,3803
SE-408458,LUM-PTA,PR-3009,19/09/2025,08:00,17:00,25,21,8221
SE-408459,LUM-PTA,PR-3010,2025-09-19,08:00,17:00,30,18,5602
SE-408460,LUM-PTA,PR-3011,2025-09-19,08:00,17:00,20,27,4519
SE-408461,LUM-PTA,PR-3012,2025-09-19,08:00,17:00,20,27,4073
SE-408462,LUM-PTA,PR-3013,19/09/2025,08:00,17:00,30,18,5678
SE-408463,LUM-UMH,PR-3014,2025-09-19,08:00,17:00,20,27,3616
SE-408464,LUM-UMH,PR-3015,19/09/2025,08:00,17:00,30,18,4817
SE-408465,LUM-UMH,PR-3016,2025-09-19,08:00,17:00,30,18,3166
SE-408466,LUM-UMH,PR-3017,2025-09-19,08:00,17:00,25,21,7465
SE-408467,LUM-CLR,PR-3020,19/09/2025,08:00,17:00,30,18,3302
SE-408468,LUM-CLR,PR-3023,2025-09-19,08:00,17:00,20,27,3940
SE-408469,LUM-CLR,PR-3024,2025-09-19,08:00,17:00,20,27,4215
SE-408470,LUM-GQE,PR-3026,2025-09-19,08:00,17:00,20,27,4421
SE-408471,LUM-GQE,PR-3027,2025-09-19,08:00,17:00,30,18,5152
SE-408472,LUM-GQE,PR-3028,2025-09-19,08:00,17:00,20,27,4210
SE-408473,LUM-BFN,PR-3029,2025-09-19,08:00,17:00,30,18,4817
SE-408474,LUM-BFN,PR-3030,2025-09-19,08:00,17:00,30,18,2885
SE-408475,LUM-BFN,PR-3031,2025-09-19,08:00,17:00,30,18,3256
SE-408476,LUM-BFN,PR-3032,2025-09-19,08:00,17:00,30,18,2779
SE-408477,LUM-SAN,PR-3001,20/09/2025,08:00,13:00,20,15,2337.22
SE-408478,LUM-SAN,PR-3002,20/09/2025,08:00,13:00,30,10,3326.11
SE-408479,LUM-SAN,PR-3004,2025-09-20,08:00,13:00,20,15,2287.22
SE-408480,LUM-UMH,PR-3015,2025-09-20,08:00,13:00,30,10,2676.11
SE-408481,LUM-CLR,PR-3021,2025-09-20,08:00,13:00,20,15,2338.89
SE-408482,LUM-CLR,PR-3023,2025-09-20,08:00,13:00,20,15,2188.89
SE-408483,LUM-GQE,PR-3026,2025-09-20,08:00,13:00,20,15,2456.11
SE-408484,LUM-GQE,PR-3028,2025-09-20,08:00,13:00,20,15,2338.89
SE-408485,LUM-BFN,PR-3031,2025-09-20,08:00,13:00,30,10,1808.89
SE-408486,LUM-SAN,PR-3001,22/09/2025,08:00,17:00,20,27,4207
SE-408487,LUM-SAN,PR-3002,2025-09-22,08:00,17:00,30,18,5987
SE-408488,LUM-SAN,PR-3003,2025-09-22,08:00,17:00,20,27,3679
SE-408489,LUM-SAN,PR-3004,22/09/2025,08:00,17:00,20,27,4117
SE-408490,LUM-SAN,PR-3005,22/09/2025,08:00,17:00,20,27,4234
SE-408491,LUM-SAN,PR-3006,2025-09-22,08:00,17:00,30,18,3134
SE-408492,LUM-SAN,PR-3007,2025-09-22,08:00,17:00,45,12,6711
SE-408493,LUM-PTA,PR-3009,2025-09-22,08:00,17:00,25,21,8221
SE-408494,LUM-PTA,PR-3010,2025-09-22,08:00,17:00,30,18,5602
SE-408495,LUM-PTA,PR-3011,2025-09-22,08:00,17:00,20,27,4519
SE-408496,LUM-PTA,PR-3012,22/09/2025,08:00,17:00,20,27,4073
SE-408497,LUM-PTA,PR-3013,2025-09-22,08:00,17:00,30,18,5678
SE-408498,LUM-UMH,PR-3015,2025-09-22,08:00,17:00,30,18,4817
SE-408499,LUM-UMH,PR-3016,22/09/2025,08:00,17:00,30,18,3166
SE-408500,LUM-UMH,PR-3017,2025-09-22,08:00,17:00,25,21,7465
SE-408501,LUM-UMH,PR-3018,2025-09-22,08:00,17:00,20,27,3765
SE-408502,LUM-CLR,PR-3020,2025-09-22,08:00,17:00,30,18,3302
SE-408503,LUM-CLR,PR-3021,2025-09-22,08:00,17:00,20,27,4210
SE-408504,LUM-CLR,PR-3022,2025-09-22,08:00,17:00,20,27,4199
SE-408505,LUM-CLR,PR-3024,22/09/2025,08:00,17:00,20,27,4215
SE-408506,LUM-GQE,PR-3025,2025-09-22,08:00,17:00,20,27,3480
SE-408507,LUM-GQE,PR-3026,2025-09-22,08:00,17:00,20,27,4421
SE-408508,LUM-GQE,PR-3027,2025-09-22,08:00,17:00,30,18,5152
SE-408509,LUM-GQE,PR-3028,2025-09-22,08:00,17:00,20,27,4210
SE-408510,LUM-BFN,PR-3029,2025-09-22,08:00,17:00,30,18,4817
SE-408511,LUM-BFN,PR-3030,22/09/2025,08:00,17:00,30,18,2885
SE-408512,LUM-BFN,PR-3031,22/09/2025,08:00,17:00,30,18,3256
SE-408513,LUM-BFN,PR-3032,2025-09-22,08:00,17:00,30,18,2779
SE-408514,LUM-SAN,PR-3001,2025-09-23,08:00,17:00,20,27,4207
SE-408515,LUM-SAN,PR-3002,2025-09-23,08:00,17:00,30,18,5987
SE-408516,LUM-SAN,PR-3003,23/09/2025,08:00,17:00,20,27,3679
SE-408517,LUM-SAN,PR-3004,2025-09-23,08:00,17:00,20,27,4117
SE-408518,LUM-SAN,PR-3005,2025-09-23,08:00,17:00,20,27,4234
SE-408519,LUM-SAN,PR-3006,23/09/2025,08:00,17:00,30,18,3134
SE-408520,LUM-SAN,PR-3007,2025-09-23,08:00,17:00,45,12,6711
SE-408521,LUM-PTA,PR-3008,2025-09-23,08:00,17:00,20,27,3803
SE-408522,LUM-PTA,PR-3009,2025-09-23,08:00,17:00,25,21,8221
SE-408523,LUM-PTA,PR-3010,2025-09-23,08:00,17:00,30,18,5602
SE-408524,LUM-PTA,PR-3012,2025-09-23,08:00,17:00,20,27,4073
SE-408525,LUM-PTA,PR-3013,2025-09-23,08:00,17:00,30,18,5678
SE-408526,LUM-UMH,PR-3014,2025-09-23,08:00,17:00,20,27,3616
SE-408527,LUM-UMH,PR-3015,23/09/2025,08:00,17:00,30,18,4817
SE-408528,LUM-UMH,PR-3016,2025-09-23,08:00,17:00,30,18,3166
SE-408529,LUM-UMH,PR-3017,2025-09-23,08:00,17:00,25,21,7465
SE-408530,LUM-CLR,PR-3019,2025-09-23,08:00,17:00,20,27,4416
SE-408531,LUM-CLR,PR-3020,2025-09-23,08:00,17:00,30,18,3302
SE-408532,LUM-CLR,PR-3021,2025-09-23,08:00,17:00,20,27,4210
SE-408533,LUM-CLR,PR-3022,2025-09-23,08:00,17:00,20,27,4199
SE-408534,LUM-CLR,PR-3023,23/09/2025,08:00,17:00,20,27,3940
SE-408535,LUM-CLR,PR-3024,23/09/2025,08:00,17:00,20,27,4215
SE-408536,LUM-GQE,PR-3025,2025-09-23,08:00,17:00,20,27,3480
SE-408537,LUM-GQE,PR-3026,23/09/2025,08:00,17:00,20,27,4421
SE-408538,LUM-GQE,PR-3027,2025-09-23,08:00,17:00,30,18,5152
SE-408539,LUM-GQE,PR-3028,2025-09-23,08:00,17:00,20,27,4210
SE-408540,LUM-BFN,PR-3029,2025-09-23,08:00,17:00,30,18,4817
SE-408541,LUM-BFN,PR-3030,2025-09-23,08:00,17:00,30,18,2885
SE-408542,LUM-BFN,PR-3031,2025-09-23,08:00,17:00,30,18,3256
SE-408543,LUM-BFN,PR-3032,2025-09-23,08:00,17:00,30,18,2779
SE-408544,LUM-SAN,PR-3002,2025-09-24,08:00,17:00,30,18,5987
SE-408545,LUM-SAN,PR-3003,2025-09-24,08:00,17:00,20,27,3679
SE-408546,LUM-SAN,PR-3004,2025-09-24,08:00,17:00,20,27,4117
SE-408547,LUM-SAN,PR-3005,24/09/2025,08:00,17:00,20,27,4234
SE-408548,LUM-SAN,PR-3006,2025-09-24,08:00,17:00,30,18,3134
SE-408549,LUM-PTA,PR-3008,2025-09-24,08:00,17:00,20,27,3803
SE-408550,LUM-PTA,PR-3009,2025-09-24,08:00,17:00,25,21,8221
SE-408551,LUM-PTA,PR-3010,2025-09-24,08:00,17:00,30,18,5602
SE-408552,LUM-PTA,PR-3011,2025-09-24,08:00,17:00,20,27,4519
SE-408553,LUM-PTA,PR-3012,2025-09-24,08:00,17:00,20,27,4073
SE-408554,LUM-PTA,PR-3013,2025-09-24,08:00,17:00,30,18,5678
SE-408555,LUM-UMH,PR-3014,24/09/2025,08:00,17:00,20,27,3616
SE-408556,LUM-UMH,PR-3015,24/09/2025,08:00,17:00,30,18,4817
SE-408557,LUM-UMH,PR-3016,2025-09-24,08:00,17:00,30,18,3166
SE-408558,LUM-UMH,PR-3017,2025-09-24,08:00,17:00,25,21,7465
SE-408559,LUM-UMH,PR-3018,2025-09-24,08:00,17:00,20,27,3765
SE-408560,LUM-CLR,PR-3020,2025-09-24,08:00,17:00,30,18,3302
SE-408561,LUM-CLR,PR-3021,24/09/2025,08:00,17:00,20,27,4210
SE-408562,LUM-CLR,PR-3022,2025-09-24,08:00,17:00,20,27,4199
SE-408563,LUM-CLR,PR-3023,2025-09-24,08:00,17:00,20,27,3940
SE-408564,LUM-GQE,PR-3025,2025-09-24,08:00,17:00,20,27,3480
SE-408565,LUM-GQE,PR-3026,2025-09-24,08:00,17:00,20,27,4421
SE-408566,LUM-GQE,PR-3027,2025-09-24,08:00,17:00,30,18,5152
SE-408567,LUM-GQE,PR-3028,24/09/2025,08:00,17:00,20,27,4210
SE-408568,LUM-BFN,PR-3029,24/09/2025,08:00,17:00,30,18,4817
SE-408569,LUM-BFN,PR-3030,2025-09-24,08:00,17:00,30,18,2885
SE-408570,LUM-BFN,PR-3031,2025-09-24,08:00,17:00,30,18,3256
SE-408571,LUM-SAN,PR-3001,2025-09-25,08:00,17:00,20,27,4207
SE-408572,LUM-SAN,PR-3002,25/09/2025,08:00,17:00,30,18,5987
SE-408573,LUM-SAN,PR-3003,25/09/2025,08:00,17:00,20,27,3679
SE-408574,LUM-SAN,PR-3004,2025-09-25,08:00,17:00,20,27,4117
SE-408575,LUM-SAN,PR-3005,25/09/2025,08:00,17:00,20,27,4234
SE-408576,LUM-SAN,PR-3007,25/09/2025,08:00,17:00,45,12,6711
SE-408577,LUM-PTA,PR-3008,2025-09-25,08:00,17:00,20,27,3803
SE-408578,LUM-PTA,PR-3009,2025-09-25,08:00,17:00,25,21,8221
SE-408579,LUM-PTA,PR-3010,2025-09-25,08:00,17:00,30,18,5602
SE-408580,LUM-PTA,PR-3011,2025-09-25,08:00,17:00,20,27,4519
SE-408581,LUM-PTA,PR-3013,2025-09-25,08:00,17:00,30,18,5678
SE-408582,LUM-UMH,PR-3014,2025-09-25,08:00,17:00,20,27,3616
SE-408583,LUM-UMH,PR-3015,2025-09-25,08:00,17:00,30,18,4817
SE-408584,LUM-UMH,PR-3016,2025-09-25,08:00,17:00,30,18,3166
SE-408585,LUM-UMH,PR-3017,2025-09-25,08:00,17:00,25,21,7465
SE-408586,LUM-UMH,PR-3018,2025-09-25,08:00,17:00,20,27,3765
SE-408587,LUM-CLR,PR-3019,2025-09-25,08:00,17:00,20,27,4416
SE-408588,LUM-CLR,PR-3020,2025-09-25,08:00,17:00,30,18,3302
SE-408589,LUM-CLR,PR-3021,2025-09-25,08:00,17:00,20,27,4210
SE-408590,LUM-CLR,PR-3022,25/09/2025,08:00,17:00,20,27,4199
SE-408591,LUM-CLR,PR-3023,2025-09-25,08:00,17:00,20,27,3940
SE-408592,LUM-CLR,PR-3024,2025-09-25,08:00,17:00,20,27,4215
SE-408593,LUM-GQE,PR-3025,2025-09-25,08:00,17:00,20,27,3480
SE-408594,LUM-GQE,PR-3026,2025-09-25,08:00,17:00,20,27,4421
SE-408595,LUM-GQE,PR-3027,2025-09-25,08:00,17:00,30,18,5152
SE-408596,LUM-GQE,PR-3028,25/09/2025,08:00,17:00,20,27,4210
SE-408597,LUM-BFN,PR-3029,25/09/2025,08:00,17:00,30,18,4817
SE-408598,LUM-BFN,PR-3030,2025-09-25,08:00,17:00,30,18,2885
SE-408599,LUM-BFN,PR-3031,2025-09-25,08:00,17:00,30,18,3256
SE-408600,LUM-BFN,PR-3032,2025-09-25,08:00,17:00,30,18,2779
SE-408601,LUM-SAN,PR-3001,26/09/2025,08:00,17:00,20,27,4207
SE-408602,LUM-SAN,PR-3002,26/09/2025,08:00,17:00,30,18,5987
SE-408603,LUM-SAN,PR-3003,26/09/2025,08:00,17:00,20,27,3679
SE-408604,LUM-SAN,PR-3004,26/09/2025,08:00,17:00,20,27,4117
SE-408605,LUM-SAN,PR-3005,26/09/2025,08:00,17:00,20,27,4234
SE-408606,LUM-SAN,PR-3006,26/09/2025,08:00,17:00,30,18,3134
SE-408607,LUM-SAN,PR-3007,2025-09-26,08:00,17:00,45,12,6711
SE-408608,LUM-PTA,PR-3008,2025-09-26,08:00,17:00,20,27,3803
SE-408609,LUM-PTA,PR-3009,2025-09-26,08:00,17:00,25,21,8221
SE-408610,LUM-PTA,PR-3010,2025-09-26,08:00,17:00,30,18,5602
SE-408611,LUM-PTA,PR-3011,2025-09-26,08:00,17:00,20,27,4519
SE-408612,LUM-PTA,PR-3012,26/09/2025,08:00,17:00,20,27,4073
SE-408613,LUM-PTA,PR-3013,2025-09-26,08:00,17:00,30,18,5678
SE-408614,LUM-UMH,PR-3014,26/09/2025,08:00,17:00,20,27,3616
SE-408615,LUM-UMH,PR-3015,2025-09-26,08:00,17:00,30,18,4817
SE-408616,LUM-UMH,PR-3016,26/09/2025,08:00,17:00,30,18,3166
SE-408617,LUM-UMH,PR-3017,2025-09-26,08:00,17:00,25,21,7465
SE-408618,LUM-UMH,PR-3018,2025-09-26,08:00,17:00,20,27,3765
SE-408619,LUM-CLR,PR-3019,2025-09-26,08:00,17:00,20,27,4416
SE-408620,LUM-CLR,PR-3021,2025-09-26,08:00,17:00,20,27,4210
SE-408621,LUM-CLR,PR-3022,2025-09-26,08:00,17:00,20,27,4199
SE-408622,LUM-CLR,PR-3023,2025-09-26,08:00,17:00,20,27,3940
SE-408623,LUM-CLR,PR-3024,2025-09-26,08:00,17:00,20,27,4215
SE-408624,LUM-GQE,PR-3026,26/09/2025,08:00,17:00,20,27,4421
SE-408625,LUM-GQE,PR-3027,26/09/2025,08:00,17:00,30,18,5152
SE-408626,LUM-GQE,PR-3028,26/09/2025,08:00,17:00,20,27,4210
SE-408627,LUM-BFN,PR-3029,2025-09-26,08:00,17:00,30,18,4817
SE-408628,LUM-BFN,PR-3030,2025-09-26,08:00,17:00,30,18,2885
SE-408629,LUM-BFN,PR-3032,2025-09-26,08:00,17:00,30,18,2779
SE-408630,LUM-SAN,PR-3002,2025-09-27,08:00,13:00,30,10,3326.11
SE-408631,LUM-PTA,PR-3012,2025-09-27,08:00,13:00,20,15,2262.78
SE-408632,LUM-CLR,PR-3019,2025-09-27,08:00,13:00,20,15,2453.33
SE-408633,LUM-CLR,PR-3020,27/09/2025,08:00,13:00,30,10,1834.44
SE-408634,LUM-CLR,PR-3021,2025-09-27,08:00,13:00,20,15,2338.89
SE-408635,LUM-BFN,PR-3029,2025-09-27,08:00,13:00,30,10,2676.11
SE-408636,LUM-SAN,PR-3001,29/09/2025,08:00,17:00,20,27,4207
SE-408637,LUM-SAN,PR-3002,29/09/2025,08:00,17:00,30,18,5987
SE-408638,LUM-SAN,PR-3003,29/09/2025,08:00,17:00,20,27,3679
SE-408639,LUM-SAN,PR-3004,29/09/2025,08:00,17:00,20,27,4117
SE-408640,LUM-SAN,PR-3005,29/09/2025,08:00,17:00,20,27,4234
SE-408641,LUM-SAN,PR-3007,2025-09-29,08:00,17:00,45,12,6711
SE-408642,LUM-PTA,PR-3008,2025-09-29,08:00,17:00,20,27,3803
SE-408643,LUM-PTA,PR-3009,2025-09-29,08:00,17:00,25,21,8221
SE-408644,LUM-PTA,PR-3010,29/09/2025,08:00,17:00,30,18,5602
SE-408645,LUM-PTA,PR-3011,2025-09-29,08:00,17:00,20,27,4519
SE-408646,LUM-PTA,PR-3012,29/09/2025,08:00,17:00,20,27,4073
SE-408647,LUM-PTA,PR-3013,2025-09-29,08:00,17:00,30,18,5678
SE-408648,LUM-UMH,PR-3014,29/09/2025,08:00,17:00,20,27,3616
SE-408649,LUM-UMH,PR-3015,2025-09-29,08:00,17:00,30,18,4817
SE-408650,LUM-UMH,PR-3016,2025-09-29,08:00,17:00,30,18,3166
SE-408651,LUM-UMH,PR-3017,2025-09-29,08:00,17:00,25,21,7465
SE-408652,LUM-UMH,PR-3018,2025-09-29,08:00,17:00,20,27,3765
SE-408653,LUM-CLR,PR-3019,2025-09-29,08:00,17:00,20,27,4416
SE-408654,LUM-CLR,PR-3020,2025-09-29,08:00,17:00,30,18,3302
SE-408655,LUM-CLR,PR-3021,29/09/2025,08:00,17:00,20,27,4210
SE-408656,LUM-CLR,PR-3022,2025-09-29,08:00,17:00,20,27,4199
SE-408657,LUM-CLR,PR-3023,2025-09-29,08:00,17:00,20,27,3940
SE-408658,LUM-CLR,PR-3024,2025-09-29,08:00,17:00,20,27,4215
SE-408659,LUM-GQE,PR-3025,2025-09-29,08:00,17:00,20,27,3480
SE-408660,LUM-GQE,PR-3026,2025-09-29,08:00,17:00,20,27,4421
SE-408661,LUM-GQE,PR-3027,29/09/2025,08:00,17:00,30,18,5152
SE-408662,LUM-GQE,PR-3028,2025-09-29,08:00,17:00,20,27,4210
SE-408663,LUM-BFN,PR-3029,2025-09-29,08:00,17:00,30,18,4817
SE-408664,LUM-BFN,PR-3030,29/09/2025,08:00,17:00,30,18,2885
SE-408665,LUM-BFN,PR-3031,2025-09-29,08:00,17:00,30,18,3256
SE-408666,LUM-BFN,PR-3032,2025-09-29,08:00,17:00,30,18,2779
SE-408667,LUM-SAN,PR-3001,2025-09-30,08:00,17:00,20,27,4207
SE-408668,LUM-SAN,PR-3002,30/09/2025,08:00,17:00,30,18,5987
SE-408669,LUM-SAN,PR-3003,2025-09-30,08:00,17:00,20,27,3679
SE-408670,LUM-SAN,PR-3004,30/09/2025,08:00,17:00,20,27,4117
SE-408671,LUM-SAN,PR-3005,2025-09-30,08:00,17:00,20,27,4234
SE-408672,LUM-SAN,PR-3006,2025-09-30,08:00,17:00,30,18,3134
SE-408673,LUM-SAN,PR-3007,2025-09-30,08:00,17:00,45,12,6711
SE-408674,LUM-PTA,PR-3008,2025-09-30,08:00,17:00,20,27,3803
SE-408675,LUM-PTA,PR-3009,2025-09-30,08:00,17:00,25,21,8221
SE-408676,LUM-PTA,PR-3010,2025-09-30,08:00,17:00,30,18,5602
SE-408677,LUM-PTA,PR-3011,30/09/2025,08:00,17:00,20,27,4519
SE-408678,LUM-PTA,PR-3012,2025-09-30,08:00,17:00,20,27,4073
SE-408679,LUM-PTA,PR-3013,30/09/2025,08:00,17:00,30,18,5678
SE-408680,LUM-UMH,PR-3014,2025-09-30,08:00,17:00,20,27,3616
SE-408681,LUM-UMH,PR-3015,2025-09-30,08:00,17:00,30,18,4817
SE-408682,LUM-UMH,PR-3016,30/09/2025,08:00,17:00,30,18,3166
SE-408683,LUM-UMH,PR-3017,30/09/2025,08:00,17:00,25,21,7465
SE-408684,LUM-UMH,PR-3018,30/09/2025,08:00,17:00,20,27,3765
SE-408685,LUM-CLR,PR-3019,30/09/2025,08:00,17:00,20,27,4416
SE-408686,LUM-CLR,PR-3020,2025-09-30,08:00,17:00,30,18,3302
SE-408687,LUM-CLR,PR-3021,2025-09-30,08:00,17:00,20,27,4210
SE-408688,LUM-CLR,PR-3022,30/09/2025,08:00,17:00,20,27,4199
SE-408689,LUM-CLR,PR-3023,2025-09-30,08:00,17:00,20,27,3940
SE-408690,LUM-CLR,PR-3024,2025-09-30,08:00,17:00,20,27,4215
SE-408691,LUM-GQE,PR-3025,2025-09-30,08:00,17:00,20,27,3480
SE-408692,LUM-GQE,PR-3026,30/09/2025,08:00,17:00,20,27,4421
SE-408693,LUM-GQE,PR-3028,2025-09-30,08:00,17:00,20,27,4210
SE-408694,LUM-BFN,PR-3029,2025-09-30,08:00,17:00,30,18,4817
SE-408695,LUM-BFN,PR-3030,2025-09-30,08:00,17:00,30,18,2885
SE-408696,LUM-BFN,PR-3031,2025-09-30,08:00,17:00,30,18,3256
SE-408697,LUM-BFN,PR-3032,2025-09-30,08:00,17:00,30,18,2779
SE-408698,LUM-SAN,PR-3001,2025-10-01,08:00,17:00,20,27,4207
SE-408699,LUM-SAN,PR-3002,01/10/2025,08:00,17:00,30,18,5987
SE-408700,LUM-SAN,PR-3003,2025-10-01,08:00,17:00,20,27,3679
SE-408701,LUM-SAN,PR-3004,2025-10-01,08:00,17:00,20,27,4117
SE-408702,LUM-SAN,PR-3006,2025-10-01,08:00,17:00,30,18,3134
SE-408703,LUM-SAN,PR-3007,2025-10-01,08:00,17:00,45,12,6711
SE-408704,LUM-PTA,PR-3008,2025-10-01,08:00,17:00,20,27,3803
SE-408705,LUM-PTA,PR-3009,01/10/2025,08:00,17:00,25,21,8221
SE-408706,LUM-PTA,PR-3010,2025-10-01,08:00,17:00,30,18,5602
SE-408707,LUM-PTA,PR-3011,01/10/2025,08:00,17:00,20,27,4519
SE-408708,LUM-PTA,PR-3013,2025-10-01,08:00,17:00,30,18,5678
SE-408709,LUM-UMH,PR-3014,2025-10-01,08:00,17:00,20,27,3616
SE-408710,LUM-UMH,PR-3015,2025-10-01,08:00,17:00,30,18,4817
SE-408711,LUM-UMH,PR-3016,01/10/2025,08:00,17:00,30,18,3166
SE-408712,LUM-UMH,PR-3018,2025-10-01,08:00,17:00,20,27,3765
SE-408713,LUM-CLR,PR-3019,2025-10-01,08:00,17:00,20,27,4416
SE-408714,LUM-CLR,PR-3021,2025-10-01,08:00,17:00,20,27,4210
SE-408715,LUM-CLR,PR-3022,01/10/2025,08:00,17:00,20,27,4199
SE-408716,LUM-CLR,PR-3023,01/10/2025,08:00,17:00,20,27,3940
SE-408717,LUM-CLR,PR-3024,2025-10-01,08:00,17:00,20,27,4215
SE-408718,LUM-GQE,PR-3025,01/10/2025,08:00,17:00,20,27,3480
SE-408719,LUM-GQE,PR-3026,2025-10-01,08:00,17:00,20,27,4421
SE-408720,LUM-GQE,PR-3027,01/10/2025,08:00,17:00,30,18,5152
SE-408721,LUM-BFN,PR-3029,2025-10-01,08:00,17:00,30,18,4817
SE-408722,LUM-BFN,PR-3030,2025-10-01,08:00,17:00,30,18,2885
SE-408723,LUM-BFN,PR-3031,01/10/2025,08:00,17:00,30,18,3256
SE-408724,LUM-BFN,PR-3032,01/10/2025,08:00,17:00,30,18,2779
SE-408725,LUM-SAN,PR-3001,2025-10-02,08:00,17:00,20,27,4207
SE-408726,LUM-SAN,PR-3003,2025-10-02,08:00,17:00,20,27,3679
SE-408727,LUM-SAN,PR-3005,2025-10-02,08:00,17:00,20,27,4234
SE-408728,LUM-SAN,PR-3006,2025-10-02,08:00,17:00,30,18,3134
SE-408729,LUM-SAN,PR-3007,2025-10-02,08:00,17:00,45,12,6711
SE-408730,LUM-PTA,PR-3009,02/10/2025,08:00,17:00,25,21,8221
SE-408731,LUM-PTA,PR-3010,02/10/2025,08:00,17:00,30,18,5602
SE-408732,LUM-PTA,PR-3011,2025-10-02,08:00,17:00,20,27,4519
SE-408733,LUM-PTA,PR-3012,2025-10-02,08:00,17:00,20,27,4073
SE-408734,LUM-PTA,PR-3013,2025-10-02,08:00,17:00,30,18,5678
SE-408735,LUM-UMH,PR-3014,2025-10-02,08:00,17:00,20,27,3616
SE-408736,LUM-UMH,PR-3015,2025-10-02,08:00,17:00,30,18,4817
SE-408737,LUM-UMH,PR-3016,02/10/2025,08:00,17:00,30,18,3166
SE-408738,LUM-UMH,PR-3017,02/10/2025,08:00,17:00,25,21,7465
SE-408739,LUM-UMH,PR-3018,2025-10-02,08:00,17:00,20,27,3765
SE-408740,LUM-CLR,PR-3019,02/10/2025,08:00,17:00,20,27,4416
SE-408741,LUM-CLR,PR-3021,2025-10-02,08:00,17:00,20,27,4210
SE-408742,LUM-CLR,PR-3022,02/10/2025,08:00,17:00,20,27,4199
SE-408743,LUM-CLR,PR-3024,2025-10-02,08:00,17:00,20,27,4215
SE-408744,LUM-GQE,PR-3025,2025-10-02,08:00,17:00,20,27,3480
SE-408745,LUM-GQE,PR-3026,2025-10-02,08:00,17:00,20,27,4421
SE-408746,LUM-GQE,PR-3027,2025-10-02,08:00,17:00,30,18,5152
SE-408747,LUM-GQE,PR-3028,2025-10-02,08:00,17:00,20,27,4210
SE-408748,LUM-BFN,PR-3029,2025-10-02,08:00,17:00,30,18,4817
SE-408749,LUM-BFN,PR-3030,02/10/2025,08:00,17:00,30,18,2885
SE-408750,LUM-BFN,PR-3031,2025-10-02,08:00,17:00,30,18,3256
SE-408751,LUM-BFN,PR-3032,2025-10-02,08:00,17:00,30,18,2779
SE-408752,LUM-SAN,PR-3001,2025-10-03,08:00,17:00,20,27,4207
SE-408753,LUM-SAN,PR-3002,2025-10-03,08:00,17:00,30,18,5987
SE-408754,LUM-SAN,PR-3003,2025-10-03,08:00,17:00,20,27,3679
SE-408755,LUM-SAN,PR-3004,03/10/2025,08:00,17:00,20,27,4117
SE-408756,LUM-SAN,PR-3005,03/10/2025,08:00,17:00,20,27,4234
SE-408757,LUM-SAN,PR-3006,2025-10-03,08:00,17:00,30,18,3134
SE-408758,LUM-SAN,PR-3007,2025-10-03,08:00,17:00,45,12,6711
SE-408759,LUM-PTA,PR-3008,2025-10-03,08:00,17:00,20,27,3803
SE-408760,LUM-PTA,PR-3009,03/10/2025,08:00,17:00,25,21,8221
SE-408761,LUM-PTA,PR-3010,2025-10-03,08:00,17:00,30,18,5602
SE-408762,LUM-PTA,PR-3011,03/10/2025,08:00,17:00,20,27,4519
SE-408763,LUM-PTA,PR-3012,03/10/2025,08:00,17:00,20,27,4073
SE-408764,LUM-PTA,PR-3013,2025-10-03,08:00,17:00,30,18,5678
SE-408765,LUM-UMH,PR-3015,2025-10-03,08:00,17:00,30,18,4817
SE-408766,LUM-UMH,PR-3016,2025-10-03,08:00,17:00,30,18,3166
SE-408767,LUM-UMH,PR-3017,2025-10-03,08:00,17:00,25,21,7465
SE-408768,LUM-UMH,PR-3018,03/10/2025,08:00,17:00,20,27,3765
SE-408769,LUM-CLR,PR-3019,2025-10-03,08:00,17:00,20,27,4416
SE-408770,LUM-CLR,PR-3020,2025-10-03,08:00,17:00,30,18,3302
SE-408771,LUM-CLR,PR-3022,2025-10-03,08:00,17:00,20,27,4199
SE-408772,LUM-CLR,PR-3023,03/10/2025,08:00,17:00,20,27,3940
SE-408773,LUM-CLR,PR-3024,03/10/2025,08:00,17:00,20,27,4215
SE-408774,LUM-GQE,PR-3025,03/10/2025,08:00,17:00,20,27,3480
SE-408775,LUM-GQE,PR-3026,2025-10-03,08:00,17:00,20,27,4421
SE-408776,LUM-GQE,PR-3027,03/10/2025,08:00,17:00,30,18,5152
SE-408777,LUM-GQE,PR-3028,2025-10-03,08:00,17:00,20,27,4210
SE-408778,LUM-BFN,PR-3029,2025-10-03,08:00,17:00,30,18,4817
SE-408779,LUM-BFN,PR-3030,2025-10-03,08:00,17:00,30,18,2885
SE-408780,LUM-BFN,PR-3031,03/10/2025,08:00,17:00,30,18,3256
SE-408781,LUM-SAN,PR-3002,2025-10-04,08:00,13:00,30,10,3326.11
SE-408782,LUM-SAN,PR-3004,2025-10-04,08:00,13:00,20,15,2287.22
SE-408783,LUM-SAN,PR-3005,2025-10-04,08:00,13:00,20,15,2352.22
SE-408784,LUM-PTA,PR-3010,2025-10-04,08:00,13:00,30,10,3112.22
SE-408785,LUM-PTA,PR-3011,04/10/2025,08:00,13:00,20,15,2510.56
SE-408786,LUM-PTA,PR-3013,2025-10-04,08:00,13:00,30,10,3154.44
SE-408787,LUM-UMH,PR-3015,2025-10-04,08:00,13:00,30,10,2676.11
SE-408788,LUM-UMH,PR-3018,2025-10-04,08:00,13:00,20,15,2091.67
SE-408789,LUM-CLR,PR-3020,04/10/2025,08:00,13:00,30,10,1834.44
SE-408790,LUM-CLR,PR-3021,04/10/2025,08:00,13:00,20,15,2338.89
SE-408791,LUM-CLR,PR-3022,2025-10-04,08:00,13:00,20,15,2332.78
SE-408792,LUM-CLR,PR-3023,04/10/2025,08:00,13:00,20,15,2188.89
SE-408793,LUM-GQE,PR-3026,2025-10-04,08:00,13:00,20,15,2456.11
SE-408794,LUM-BFN,PR-3032,2025-10-04,08:00,13:00,30,10,1543.89
SE-408795,LUM-SAN,PR-3001,2025-10-06,08:00,17:00,20,27,4207
SE-408796,LUM-SAN,PR-3002,2025-10-06,08:00,17:00,30,18,5987
SE-408797,LUM-SAN,PR-3004,2025-10-06,08:00,17:00,20,27,4117
SE-408798,LUM-SAN,PR-3005,2025-10-06,08:00,17:00,20,27,4234
SE-408799,LUM-SAN,PR-3006,2025-10-06,08:00,17:00,30,18,3134
SE-408800,LUM-SAN,PR-3007,06/10/2025,08:00,17:00,45,12,6711
SE-408801,LUM-PTA,PR-3008,2025-10-06,08:00,17:00,20,27,3803
SE-408802,LUM-PTA,PR-3009,06/10/2025,08:00,17:00,25,21,8221
SE-408803,LUM-PTA,PR-3010,2025-10-06,08:00,17:00,30,18,5602
SE-408804,LUM-PTA,PR-3011,2025-10-06,08:00,17:00,20,27,4519
SE-408805,LUM-PTA,PR-3012,2025-10-06,08:00,17:00,20,27,4073
SE-408806,LUM-PTA,PR-3013,2025-10-06,08:00,17:00,30,18,5678
SE-408807,LUM-UMH,PR-3014,2025-10-06,08:00,17:00,20,27,3616
SE-408808,LUM-UMH,PR-3015,06/10/2025,08:00,17:00,30,18,4817
SE-408809,LUM-UMH,PR-3016,06/10/2025,08:00,17:00,30,18,3166
SE-408810,LUM-UMH,PR-3017,2025-10-06,08:00,17:00,25,21,7465
SE-408811,LUM-UMH,PR-3018,2025-10-06,08:00,17:00,20,27,3765
SE-408812,LUM-CLR,PR-3019,06/10/2025,08:00,17:00,20,27,4416
SE-408813,LUM-CLR,PR-3020,2025-10-06,08:00,17:00,30,18,3302
SE-408814,LUM-CLR,PR-3021,2025-10-06,08:00,17:00,20,27,4210
SE-408815,LUM-CLR,PR-3023,2025-10-06,08:00,17:00,20,27,3940
SE-408816,LUM-CLR,PR-3024,06/10/2025,08:00,17:00,20,27,4215
SE-408817,LUM-GQE,PR-3025,2025-10-06,08:00,17:00,20,27,3480
SE-408818,LUM-GQE,PR-3026,2025-10-06,08:00,17:00,20,27,4421
SE-408819,LUM-GQE,PR-3027,06/10/2025,08:00,17:00,30,18,5152
SE-408820,LUM-GQE,PR-3028,06/10/2025,08:00,17:00,20,27,4210
SE-408821,LUM-BFN,PR-3029,06/10/2025,08:00,17:00,30,18,4817
SE-408822,LUM-BFN,PR-3030,2025-10-06,08:00,17:00,30,18,2885
SE-408823,LUM-BFN,PR-3031,06/10/2025,08:00,17:00,30,18,3256
SE-408824,LUM-BFN,PR-3032,2025-10-06,08:00,17:00,30,18,2779
SE-408825,LUM-SAN,PR-3002,2025-10-07,08:00,17:00,30,18,5987
SE-408826,LUM-SAN,PR-3003,2025-10-07,08:00,17:00,20,27,3679
SE-408827,LUM-SAN,PR-3004,07/10/2025,08:00,17:00,20,27,4117
SE-408828,LUM-SAN,PR-3005,07/10/2025,08:00,17:00,20,27,4234
SE-408829,LUM-SAN,PR-3006,2025-10-07,08:00,17:00,30,18,3134
SE-408830,LUM-SAN,PR-3007,2025-10-07,08:00,17:00,45,12,6711
SE-408831,LUM-PTA,PR-3008,2025-10-07,08:00,17:00,20,27,3803
SE-408832,LUM-PTA,PR-3009,2025-10-07,08:00,17:00,25,21,8221
SE-408833,LUM-PTA,PR-3010,2025-10-07,08:00,17:00,30,18,5602
SE-408834,LUM-PTA,PR-3012,2025-10-07,08:00,17:00,20,27,4073
SE-408835,LUM-UMH,PR-3014,2025-10-07,08:00,17:00,20,27,3616
SE-408836,LUM-UMH,PR-3015,2025-10-07,08:00,17:00,30,18,4817
SE-408837,LUM-UMH,PR-3016,2025-10-07,08:00,17:00,30,18,3166
SE-408838,LUM-UMH,PR-3017,07/10/2025,08:00,17:00,25,21,7465
SE-408839,LUM-UMH,PR-3018,2025-10-07,08:00,17:00,20,27,3765
SE-408840,LUM-CLR,PR-3020,07/10/2025,08:00,17:00,30,18,3302
SE-408841,LUM-CLR,PR-3021,2025-10-07,08:00,17:00,20,27,4210
SE-408842,LUM-CLR,PR-3022,2025-10-07,08:00,17:00,20,27,4199
SE-408843,LUM-CLR,PR-3023,2025-10-07,08:00,17:00,20,27,3940
SE-408844,LUM-CLR,PR-3024,07/10/2025,08:00,17:00,20,27,4215
SE-408845,LUM-GQE,PR-3025,2025-10-07,08:00,17:00,20,27,3480
SE-408846,LUM-GQE,PR-3026,2025-10-07,08:00,17:00,20,27,4421
SE-408847,LUM-GQE,PR-3027,2025-10-07,08:00,17:00,30,18,5152
SE-408848,LUM-GQE,PR-3028,2025-10-07,08:00,17:00,20,27,4210
SE-408849,LUM-BFN,PR-3029,2025-10-07,08:00,17:00,30,18,4817
SE-408850,LUM-BFN,PR-3030,07/10/2025,08:00,17:00,30,18,2885
SE-408851,LUM-BFN,PR-3031,2025-10-07,08:00,17:00,30,18,3256
SE-408852,LUM-BFN,PR-3032,2025-10-07,08:00,17:00,30,18,2779
SE-408853,LUM-SAN,PR-3001,08/10/2025,08:00,17:00,20,27,4207
SE-408854,LUM-SAN,PR-3002,2025-10-08,08:00,17:00,30,18,5987
SE-408855,LUM-SAN,PR-3003,08/10/2025,08:00,17:00,20,27,3679
SE-408856,LUM-SAN,PR-3004,2025-10-08,08:00,17:00,20,27,4117
SE-408857,LUM-SAN,PR-3005,2025-10-08,08:00,17:00,20,27,4234
SE-408858,LUM-SAN,PR-3006,08/10/2025,08:00,17:00,30,18,3134
SE-408859,LUM-PTA,PR-3008,08/10/2025,08:00,17:00,20,27,3803
SE-408860,LUM-PTA,PR-3009,2025-10-08,08:00,17:00,25,21,8221
SE-408861,LUM-PTA,PR-3010,2025-10-08,08:00,17:00,30,18,5602
SE-408862,LUM-PTA,PR-3011,08/10/2025,08:00,17:00,20,27,4519
SE-408863,LUM-PTA,PR-3012,2025-10-08,08:00,17:00,20,27,4073
SE-408864,LUM-PTA,PR-3013,2025-10-08,08:00,17:00,30,18,5678
SE-408865,LUM-UMH,PR-3015,2025-10-08,08:00,17:00,30,18,4817
SE-408866,LUM-UMH,PR-3016,2025-10-08,08:00,17:00,30,18,3166
SE-408867,LUM-UMH,PR-3017,2025-10-08,08:00,17:00,25,21,7465
SE-408868,LUM-UMH,PR-3018,2025-10-08,08:00,17:00,20,27,3765
SE-408869,LUM-CLR,PR-3019,2025-10-08,08:00,17:00,20,27,4416
SE-408870,LUM-CLR,PR-3020,2025-10-08,08:00,17:00,30,18,3302
SE-408871,LUM-CLR,PR-3021,08/10/2025,08:00,17:00,20,27,4210
SE-408872,LUM-CLR,PR-3022,2025-10-08,08:00,17:00,20,27,4199
SE-408873,LUM-CLR,PR-3024,2025-10-08,08:00,17:00,20,27,4215
SE-408874,LUM-GQE,PR-3025,08/10/2025,08:00,17:00,20,27,3480
SE-408875,LUM-GQE,PR-3026,08/10/2025,08:00,17:00,20,27,4421
SE-408876,LUM-GQE,PR-3027,2025-10-08,08:00,17:00,30,18,5152
SE-408877,LUM-GQE,PR-3028,08/10/2025,08:00,17:00,20,27,4210
SE-408878,LUM-BFN,PR-3029,2025-10-08,08:00,17:00,30,18,4817
SE-408879,LUM-BFN,PR-3030,08/10/2025,08:00,17:00,30,18,2885
SE-408880,LUM-BFN,PR-3031,2025-10-08,08:00,17:00,30,18,3256
SE-408881,LUM-SAN,PR-3001,2025-10-09,08:00,17:00,20,27,4207
SE-408882,LUM-SAN,PR-3002,2025-10-09,08:00,17:00,30,18,5987
SE-408883,LUM-SAN,PR-3003,09/10/2025,08:00,17:00,20,27,3679
SE-408884,LUM-SAN,PR-3005,2025-10-09,08:00,17:00,20,27,4234
SE-408885,LUM-SAN,PR-3006,2025-10-09,08:00,17:00,30,18,3134
SE-408886,LUM-SAN,PR-3007,2025-10-09,08:00,17:00,45,12,6711
SE-408887,LUM-PTA,PR-3008,2025-10-09,08:00,17:00,20,27,3803
SE-408888,LUM-PTA,PR-3009,09/10/2025,08:00,17:00,25,21,8221
SE-408889,LUM-PTA,PR-3010,2025-10-09,08:00,17:00,30,18,5602
SE-408890,LUM-PTA,PR-3011,2025-10-09,08:00,17:00,20,27,4519
SE-408891,LUM-PTA,PR-3012,2025-10-09,08:00,17:00,20,27,4073
SE-408892,LUM-PTA,PR-3013,2025-10-09,08:00,17:00,30,18,5678
SE-408893,LUM-UMH,PR-3014,09/10/2025,08:00,17:00,20,27,3616
SE-408894,LUM-UMH,PR-3015,2025-10-09,08:00,17:00,30,18,4817
SE-408895,LUM-UMH,PR-3016,2025-10-09,08:00,17:00,30,18,3166
SE-408896,LUM-UMH,PR-3017,2025-10-09,08:00,17:00,25,21,7465
SE-408897,LUM-UMH,PR-3018,09/10/2025,08:00,17:00,20,27,3765
SE-408898,LUM-CLR,PR-3019,2025-10-09,08:00,17:00,20,27,4416
SE-408899,LUM-CLR,PR-3020,2025-10-09,08:00,17:00,30,18,3302
SE-408900,LUM-CLR,PR-3021,2025-10-09,08:00,17:00,20,27,4210
SE-408901,LUM-CLR,PR-3022,2025-10-09,08:00,17:00,20,27,4199
SE-408902,LUM-CLR,PR-3023,09/10/2025,08:00,17:00,20,27,3940
SE-408903,LUM-CLR,PR-3024,2025-10-09,08:00,17:00,20,27,4215
SE-408904,LUM-GQE,PR-3025,2025-10-09,08:00,17:00,20,27,3480
SE-408905,LUM-GQE,PR-3026,09/10/2025,08:00,17:00,20,27,4421
SE-408906,LUM-GQE,PR-3027,2025-10-09,08:00,17:00,30,18,5152
SE-408907,LUM-GQE,PR-3028,2025-10-09,08:00,17:00,20,27,4210
SE-408908,LUM-BFN,PR-3029,2025-10-09,08:00,17:00,30,18,4817
SE-408909,LUM-BFN,PR-3030,2025-10-09,08:00,17:00,30,18,2885
SE-408910,LUM-BFN,PR-3031,2025-10-09,08:00,17:00,30,18,3256
SE-408911,LUM-BFN,PR-3032,09/10/2025,08:00,17:00,30,18,2779
SE-408912,LUM-SAN,PR-3002,2025-10-10,08:00,17:00,30,18,5987
SE-408913,LUM-SAN,PR-3003,2025-10-10,08:00,17:00,20,27,3679
SE-408914,LUM-SAN,PR-3004,2025-10-10,08:00,17:00,20,27,4117
SE-408915,LUM-SAN,PR-3005,2025-10-10,08:00,17:00,20,27,4234
SE-408916,LUM-SAN,PR-3006,2025-10-10,08:00,17:00,30,18,3134
SE-408917,LUM-SAN,PR-3007,2025-10-10,08:00,17:00,45,12,6711
SE-408918,LUM-PTA,PR-3008,10/10/2025,08:00,17:00,20,27,3803
SE-408919,LUM-PTA,PR-3009,10/10/2025,08:00,17:00,25,21,8221
SE-408920,LUM-PTA,PR-3010,2025-10-10,08:00,17:00,30,18,5602
SE-408921,LUM-PTA,PR-3011,2025-10-10,08:00,17:00,20,27,4519
SE-408922,LUM-PTA,PR-3012,2025-10-10,08:00,17:00,20,27,4073
SE-408923,LUM-PTA,PR-3013,10/10/2025,08:00,17:00,30,18,5678
SE-408924,LUM-UMH,PR-3015,2025-10-10,08:00,17:00,30,18,4817
SE-408925,LUM-UMH,PR-3017,2025-10-10,08:00,17:00,25,21,7465
SE-408926,LUM-UMH,PR-3018,2025-10-10,08:00,17:00,20,27,3765
SE-408927,LUM-CLR,PR-3019,2025-10-10,08:00,17:00,20,27,4416
SE-408928,LUM-CLR,PR-3021,2025-10-10,08:00,17:00,20,27,4210
SE-408929,LUM-CLR,PR-3022,2025-10-10,08:00,17:00,20,27,4199
SE-408930,LUM-CLR,PR-3023,2025-10-10,08:00,17:00,20,27,3940
SE-408931,LUM-CLR,PR-3024,2025-10-10,08:00,17:00,20,27,4215
SE-408932,LUM-GQE,PR-3025,2025-10-10,08:00,17:00,20,27,3480
SE-408933,LUM-GQE,PR-3026,10/10/2025,08:00,17:00,20,27,4421
SE-408934,LUM-GQE,PR-3027,2025-10-10,08:00,17:00,30,18,5152
SE-408935,LUM-GQE,PR-3028,2025-10-10,08:00,17:00,20,27,4210
SE-408936,LUM-BFN,PR-3029,2025-10-10,08:00,17:00,30,18,4817
SE-408937,LUM-BFN,PR-3030,2025-10-10,08:00,17:00,30,18,2885
SE-408938,LUM-BFN,PR-3031,2025-10-10,08:00,17:00,30,18,3256
SE-408939,LUM-BFN,PR-3032,10/10/2025,08:00,17:00,30,18,2779
SE-408940,LUM-SAN,PR-3004,11/10/2025,08:00,13:00,20,15,2287.22
SE-408941,LUM-SAN,PR-3005,2025-10-11,08:00,13:00,20,15,2352.22
SE-408942,LUM-SAN,PR-3006,11/10/2025,08:00,13:00,30,10,1741.11
SE-408943,LUM-PTA,PR-3008,2025-10-11,08:00,13:00,20,15,2112.78
SE-408944,LUM-PTA,PR-3009,2025-10-11,08:00,13:00,25,12,4567.22
SE-408945,LUM-PTA,PR-3010,2025-10-11,08:00,13:00,30,10,3112.22
SE-408946,LUM-PTA,PR-3012,2025-10-11,08:00,13:00,20,15,2262.78
SE-408947,LUM-UMH,PR-3014,2025-10-11,08:00,13:00,20,15,2008.89
SE-408948,LUM-UMH,PR-3015,11/10/2025,08:00,13:00,30,10,2676.11
SE-408949,LUM-UMH,PR-3016,2025-10-11,08:00,13:00,30,10,1758.89
SE-408950,LUM-UMH,PR-3017,2025-10-11,08:00,13:00,25,12,4147.22
SE-408951,LUM-CLR,PR-3019,2025-10-11,08:00,13:00,20,15,2453.33
SE-408952,LUM-CLR,PR-3022,2025-10-11,08:00,13:00,20,15,2332.78
SE-408953,LUM-GQE,PR-3025,11/10/2025,08:00,13:00,20,15,1933.33
SE-408954,LUM-BFN,PR-3031,11/10/2025,08:00,13:00,30,10,1808.89
SE-408955,LUM-SAN,PR-3001,13/10/2025,08:00,17:00,20,27,4207
SE-408956,LUM-SAN,PR-3002,2025-10-13,08:00,17:00,30,18,5987
SE-408957,LUM-SAN,PR-3003,2025-10-13,08:00,17:00,20,27,3679
SE-408958,LUM-SAN,PR-3004,2025-10-13,08:00,17:00,20,27,4117
SE-408959,LUM-SAN,PR-3005,2025-10-13,08:00,17:00,20,27,4234
SE-408960,LUM-SAN,PR-3006,2025-10-13,08:00,17:00,30,18,3134
SE-408961,LUM-SAN,PR-3007,2025-10-13,08:00,17:00,45,12,6711
SE-408962,LUM-PTA,PR-3008,2025-10-13,08:00,17:00,20,27,3803
SE-408963,LUM-PTA,PR-3010,2025-10-13,08:00,17:00,30,18,5602
SE-408964,LUM-PTA,PR-3011,2025-10-13,08:00,17:00,20,27,4519
SE-408965,LUM-PTA,PR-3012,2025-10-13,08:00,17:00,20,27,4073
SE-408966,LUM-PTA,PR-3013,2025-10-13,08:00,17:00,30,18,5678
SE-408967,LUM-UMH,PR-3014,13/10/2025,08:00,17:00,20,27,3616
SE-408968,LUM-UMH,PR-3015,2025-10-13,08:00,17:00,30,18,4817
SE-408969,LUM-UMH,PR-3016,2025-10-13,08:00,17:00,30,18,3166
SE-408970,LUM-UMH,PR-3017,2025-10-13,08:00,17:00,25,21,7465
SE-408971,LUM-UMH,PR-3018,2025-10-13,08:00,17:00,20,27,3765
SE-408972,LUM-CLR,PR-3019,2025-10-13,08:00,17:00,20,27,4416
SE-408973,LUM-CLR,PR-3021,2025-10-13,08:00,17:00,20,27,4210
SE-408974,LUM-CLR,PR-3022,2025-10-13,08:00,17:00,20,27,4199
SE-408975,LUM-CLR,PR-3023,13/10/2025,08:00,17:00,20,27,3940
SE-408976,LUM-CLR,PR-3024,13/10/2025,08:00,17:00,20,27,4215
SE-408977,LUM-GQE,PR-3025,2025-10-13,08:00,17:00,20,27,3480
SE-408978,LUM-GQE,PR-3026,13/10/2025,08:00,17:00,20,27,4421
SE-408979,LUM-GQE,PR-3027,2025-10-13,08:00,17:00,30,18,5152
SE-408980,LUM-GQE,PR-3028,2025-10-13,08:00,17:00,20,27,4210
SE-408981,LUM-BFN,PR-3029,2025-10-13,08:00,17:00,30,18,4817
SE-408982,LUM-BFN,PR-3030,2025-10-13,08:00,17:00,30,18,2885
SE-408983,LUM-BFN,PR-3031,13/10/2025,08:00,17:00,30,18,3256
SE-408984,LUM-BFN,PR-3032,2025-10-13,08:00,17:00,30,18,2779
SE-408985,LUM-SAN,PR-3001,2025-10-14,08:00,17:00,20,27,4207
SE-408986,LUM-SAN,PR-3002,2025-10-14,08:00,17:00,30,18,5987
SE-408987,LUM-SAN,PR-3003,14/10/2025,08:00,17:00,20,27,3679
SE-408988,LUM-SAN,PR-3004,14/10/2025,08:00,17:00,20,27,4117
SE-408989,LUM-SAN,PR-3005,14/10/2025,08:00,17:00,20,27,4234
SE-408990,LUM-SAN,PR-3006,2025-10-14,08:00,17:00,30,18,3134
SE-408991,LUM-SAN,PR-3007,14/10/2025,08:00,17:00,45,12,6711
SE-408992,LUM-PTA,PR-3008,2025-10-14,08:00,17:00,20,27,3803
SE-408993,LUM-PTA,PR-3009,2025-10-14,08:00,17:00,25,21,8221
SE-408994,LUM-PTA,PR-3010,2025-10-14,08:00,17:00,30,18,5602
SE-408995,LUM-PTA,PR-3011,2025-10-14,08:00,17:00,20,27,4519
SE-408996,LUM-PTA,PR-3012,2025-10-14,08:00,17:00,20,27,4073
SE-408997,LUM-PTA,PR-3013,2025-10-14,08:00,17:00,30,18,5678
SE-408998,LUM-UMH,PR-3014,2025-10-14,08:00,17:00,20,27,3616
SE-408999,LUM-UMH,PR-3015,2025-10-14,08:00,17:00,30,18,4817
SE-409000,LUM-UMH,PR-3016,2025-10-14,08:00,17:00,30,18,3166
SE-409001,LUM-UMH,PR-3017,2025-10-14,08:00,17:00,25,21,7465
SE-409002,LUM-UMH,PR-3018,2025-10-14,08:00,17:00,20,27,3765
SE-409003,LUM-CLR,PR-3019,2025-10-14,08:00,17:00,20,27,4416
SE-409004,LUM-CLR,PR-3020,2025-10-14,08:00,17:00,30,18,3302
SE-409005,LUM-CLR,PR-3021,2025-10-14,08:00,17:00,20,27,4210
SE-409006,LUM-CLR,PR-3022,2025-10-14,08:00,17:00,20,27,4199
SE-409007,LUM-CLR,PR-3023,14/10/2025,08:00,17:00,20,27,3940
SE-409008,LUM-CLR,PR-3024,14/10/2025,08:00,17:00,20,27,4215
SE-409009,LUM-GQE,PR-3025,2025-10-14,08:00,17:00,20,27,3480
SE-409010,LUM-GQE,PR-3026,2025-10-14,08:00,17:00,20,27,4421
SE-409011,LUM-GQE,PR-3028,2025-10-14,08:00,17:00,20,27,4210
SE-409012,LUM-BFN,PR-3029,2025-10-14,08:00,17:00,30,18,4817
SE-409013,LUM-BFN,PR-3030,2025-10-14,08:00,17:00,30,18,2885
SE-409014,LUM-BFN,PR-3031,2025-10-14,08:00,17:00,30,18,3256
SE-409015,LUM-SAN,PR-3001,2025-10-15,08:00,17:00,20,27,4207
SE-409016,LUM-SAN,PR-3002,2025-10-15,08:00,17:00,30,18,5987
SE-409017,LUM-SAN,PR-3003,2025-10-15,08:00,17:00,20,27,3679
SE-409018,LUM-SAN,PR-3004,2025-10-15,08:00,17:00,20,27,4117
SE-409019,LUM-SAN,PR-3005,15/10/2025,08:00,17:00,20,27,4234
SE-409020,LUM-SAN,PR-3006,2025-10-15,08:00,17:00,30,18,3134
SE-409021,LUM-PTA,PR-3008,2025-10-15,08:00,17:00,20,27,3803
SE-409022,LUM-PTA,PR-3009,2025-10-15,08:00,17:00,25,21,8221
SE-409023,LUM-PTA,PR-3010,2025-10-15,08:00,17:00,30,18,5602
SE-409024,LUM-PTA,PR-3011,2025-10-15,08:00,17:00,20,27,4519
SE-409025,LUM-PTA,PR-3012,2025-10-15,08:00,17:00,20,27,4073
SE-409026,LUM-PTA,PR-3013,2025-10-15,08:00,17:00,30,18,5678
SE-409027,LUM-UMH,PR-3014,2025-10-15,08:00,17:00,20,27,3616
SE-409028,LUM-UMH,PR-3015,15/10/2025,08:00,17:00,30,18,4817
SE-409029,LUM-UMH,PR-3016,2025-10-15,08:00,17:00,30,18,3166
SE-409030,LUM-UMH,PR-3017,2025-10-15,08:00,17:00,25,21,7465
SE-409031,LUM-UMH,PR-3018,15/10/2025,08:00,17:00,20,27,3765
SE-409032,LUM-CLR,PR-3019,2025-10-15,08:00,17:00,20,27,4416
SE-409033,LUM-CLR,PR-3020,2025-10-15,08:00,17:00,30,18,3302
SE-409034,LUM-CLR,PR-3021,2025-10-15,08:00,17:00,20,27,4210
SE-409035,LUM-CLR,PR-3022,2025-10-15,08:00,17:00,20,27,4199
SE-409036,LUM-CLR,PR-3023,2025-10-15,08:00,17:00,20,27,3940
SE-409037,LUM-CLR,PR-3024,15/10/2025,08:00,17:00,20,27,4215
SE-409038,LUM-GQE,PR-3025,15/10/2025,08:00,17:00,20,27,3480
SE-409039,LUM-GQE,PR-3026,15/10/2025,08:00,17:00,20,27,4421
SE-409040,LUM-GQE,PR-3027,15/10/2025,08:00,17:00,30,18,5152
SE-409041,LUM-GQE,PR-3028,2025-10-15,08:00,17:00,20,27,4210
SE-409042,LUM-BFN,PR-3029,2025-10-15,08:00,17:00,30,18,4817
SE-409043,LUM-BFN,PR-3030,2025-10-15,08:00,17:00,30,18,2885
SE-409044,LUM-BFN,PR-3032,15/10/2025,08:00,17:00,30,18,2779
SE-409045,LUM-SAN,PR-3001,2025-10-16,08:00,17:00,20,27,4207
SE-409046,LUM-SAN,PR-3002,2025-10-16,08:00,17:00,30,18,5987
SE-409047,LUM-SAN,PR-3003,2025-10-16,08:00,17:00,20,27,3679
SE-409048,LUM-SAN,PR-3004,16/10/2025,08:00,17:00,20,27,4117
SE-409049,LUM-SAN,PR-3005,2025-10-16,08:00,17:00,20,27,4234
SE-409050,LUM-SAN,PR-3007,2025-10-16,08:00,17:00,45,12,6711
SE-409051,LUM-PTA,PR-3008,2025-10-16,08:00,17:00,20,27,3803
SE-409052,LUM-PTA,PR-3009,2025-10-16,08:00,17:00,25,21,8221
SE-409053,LUM-PTA,PR-3010,2025-10-16,08:00,17:00,30,18,5602
SE-409054,LUM-PTA,PR-3012,2025-10-16,08:00,17:00,20,27,4073
SE-409055,LUM-PTA,PR-3013,2025-10-16,08:00,17:00,30,18,5678
SE-409056,LUM-UMH,PR-3014,2025-10-16,08:00,17:00,20,27,3616
SE-409057,LUM-UMH,PR-3015,16/10/2025,08:00,17:00,30,18,4817
SE-409058,LUM-UMH,PR-3016,16/10/2025,08:00,17:00,30,18,3166
SE-409059,LUM-UMH,PR-3017,2025-10-16,08:00,17:00,25,21,7465
SE-409060,LUM-UMH,PR-3018,16/10/2025,08:00,17:00,20,27,3765
SE-409061,LUM-CLR,PR-3019,2025-10-16,08:00,17:00,20,27,4416
SE-409062,LUM-CLR,PR-3020,16/10/2025,08:00,17:00,30,18,3302
SE-409063,LUM-CLR,PR-3021,16/10/2025,08:00,17:00,20,27,4210
SE-409064,LUM-CLR,PR-3022,16/10/2025,08:00,17:00,20,27,4199
SE-409065,LUM-CLR,PR-3024,2025-10-16,08:00,17:00,20,27,4215
SE-409066,LUM-GQE,PR-3025,2025-10-16,08:00,17:00,20,27,3480
SE-409067,LUM-GQE,PR-3026,2025-10-16,08:00,17:00,20,27,4421
SE-409068,LUM-GQE,PR-3028,2025-10-16,08:00,17:00,20,27,4210
SE-409069,LUM-BFN,PR-3029,16/10/2025,08:00,17:00,30,18,4817
SE-409070,LUM-BFN,PR-3030,2025-10-16,08:00,17:00,30,18,2885
SE-409071,LUM-BFN,PR-3031,2025-10-16,08:00,17:00,30,18,3256
SE-409072,LUM-BFN,PR-3032,2025-10-16,08:00,17:00,30,18,2779
SE-409073,LUM-SAN,PR-3001,17/10/2025,08:00,17:00,20,27,4207
SE-409074,LUM-SAN,PR-3003,2025-10-17,08:00,17:00,20,27,3679
SE-409075,LUM-SAN,PR-3004,2025-10-17,08:00,17:00,20,27,4117
SE-409076,LUM-SAN,PR-3005,17/10/2025,08:00,17:00,20,27,4234
SE-409077,LUM-SAN,PR-3006,2025-10-17,08:00,17:00,30,18,3134
SE-409078,LUM-PTA,PR-3008,2025-10-17,08:00,17:00,20,27,3803
SE-409079,LUM-PTA,PR-3009,2025-10-17,08:00,17:00,25,21,8221
SE-409080,LUM-PTA,PR-3010,2025-10-17,08:00,17:00,30,18,5602
SE-409081,LUM-PTA,PR-3011,2025-10-17,08:00,17:00,20,27,4519
SE-409082,LUM-PTA,PR-3012,2025-10-17,08:00,17:00,20,27,4073
SE-409083,LUM-UMH,PR-3014,2025-10-17,08:00,17:00,20,27,3616
SE-409084,LUM-UMH,PR-3015,2025-10-17,08:00,17:00,30,18,4817
SE-409085,LUM-UMH,PR-3016,2025-10-17,08:00,17:00,30,18,3166
SE-409086,LUM-UMH,PR-3017,2025-10-17,08:00,17:00,25,21,7465
SE-409087,LUM-UMH,PR-3018,2025-10-17,08:00,17:00,20,27,3765
SE-409088,LUM-CLR,PR-3019,2025-10-17,08:00,17:00,20,27,4416
SE-409089,LUM-CLR,PR-3020,2025-10-17,08:00,17:00,30,18,3302
SE-409090,LUM-CLR,PR-3021,2025-10-17,08:00,17:00,20,27,4210
SE-409091,LUM-CLR,PR-3022,2025-10-17,08:00,17:00,20,27,4199
SE-409092,LUM-CLR,PR-3023,2025-10-17,08:00,17:00,20,27,3940
SE-409093,LUM-CLR,PR-3024,17/10/2025,08:00,17:00,20,27,4215
SE-409094,LUM-GQE,PR-3025,2025-10-17,08:00,17:00,20,27,3480
SE-409095,LUM-GQE,PR-3026,2025-10-17,08:00,17:00,20,27,4421
SE-409096,LUM-GQE,PR-3027,2025-10-17,08:00,17:00,30,18,5152
SE-409097,LUM-GQE,PR-3028,2025-10-17,08:00,17:00,20,27,4210
SE-409098,LUM-BFN,PR-3029,17/10/2025,08:00,17:00,30,18,4817
SE-409099,LUM-BFN,PR-3030,17/10/2025,08:00,17:00,30,18,2885
SE-409100,LUM-BFN,PR-3032,2025-10-17,08:00,17:00,30,18,2779
SE-409101,LUM-SAN,PR-3002,18/10/2025,08:00,13:00,30,10,3326.11
SE-409102,LUM-PTA,PR-3008,2025-10-18,08:00,13:00,20,15,2112.78
SE-409103,LUM-PTA,PR-3013,2025-10-18,08:00,13:00,30,10,3154.44
SE-409104,LUM-UMH,PR-3014,18/10/2025,08:00,13:00,20,15,2008.89
SE-409105,LUM-CLR,PR-3020,18/10/2025,08:00,13:00,30,10,1834.44
SE-409106,LUM-CLR,PR-3023,2025-10-18,08:00,13:00,20,15,2188.89
SE-409107,LUM-GQE,PR-3026,2025-10-18,08:00,13:00,20,15,2456.11
SE-409108,LUM-GQE,PR-3028,18/10/2025,08:00,13:00,20,15,2338.89
SE-409109,LUM-BFN,PR-3031,2025-10-18,08:00,13:00,30,10,1808.89
SE-409110,LUM-SAN,PR-3001,2025-10-20,08:00,17:00,20,27,4207
SE-409111,LUM-SAN,PR-3002,2025-10-20,08:00,17:00,30,18,5987
SE-409112,LUM-SAN,PR-3003,2025-10-20,08:00,17:00,20,27,3679
SE-409113,LUM-SAN,PR-3005,2025-10-20,08:00,17:00,20,27,4234
SE-409114,LUM-SAN,PR-3006,2025-10-20,08:00,17:00,30,18,3134
SE-409115,LUM-SAN,PR-3007,2025-10-20,08:00,17:00,45,12,6711
SE-409116,LUM-PTA,PR-3008,2025-10-20,08:00,17:00,20,27,3803
SE-409117,LUM-PTA,PR-3010,20/10/2025,08:00,17:00,30,18,5602
SE-409118,LUM-PTA,PR-3011,20/10/2025,08:00,17:00,20,27,4519
SE-409119,LUM-PTA,PR-3012,2025-10-20,08:00,17:00,20,27,4073
SE-409120,LUM-PTA,PR-3013,2025-10-20,08:00,17:00,30,18,5678
SE-409121,LUM-UMH,PR-3014,2025-10-20,08:00,17:00,20,27,3616
SE-409122,LUM-UMH,PR-3015,2025-10-20,08:00,17:00,30,18,4817
SE-409123,LUM-UMH,PR-3017,2025-10-20,08:00,17:00,25,21,7465
SE-409124,LUM-UMH,PR-3018,2025-10-20,08:00,17:00,20,27,3765
SE-409125,LUM-CLR,PR-3019,2025-10-20,08:00,17:00,20,27,4416
SE-409126,LUM-CLR,PR-3021,2025-10-20,08:00,17:00,20,27,4210
SE-409127,LUM-CLR,PR-3022,2025-10-20,08:00,17:00,20,27,4199
SE-409128,LUM-CLR,PR-3023,2025-10-20,08:00,17:00,20,27,3940
SE-409129,LUM-CLR,PR-3024,20/10/2025,08:00,17:00,20,27,4215
SE-409130,LUM-GQE,PR-3026,2025-10-20,08:00,17:00,20,27,4421
SE-409131,LUM-GQE,PR-3028,2025-10-20,08:00,17:00,20,27,4210
SE-409132,LUM-BFN,PR-3029,2025-10-20,08:00,17:00,30,18,4817
SE-409133,LUM-BFN,PR-3030,2025-10-20,08:00,17:00,30,18,2885
SE-409134,LUM-BFN,PR-3031,2025-10-20,08:00,17:00,30,18,3256
SE-409135,LUM-BFN,PR-3032,2025-10-20,08:00,17:00,30,18,2779
SE-409136,LUM-SAN,PR-3001,21/10/2025,08:00,17:00,20,27,4207
SE-409137,LUM-SAN,PR-3002,21/10/2025,08:00,17:00,30,18,5987
SE-409138,LUM-SAN,PR-3003,2025-10-21,08:00,17:00,20,27,3679
SE-409139,LUM-SAN,PR-3004,21/10/2025,08:00,17:00,20,27,4117
SE-409140,LUM-SAN,PR-3005,2025-10-21,08:00,17:00,20,27,4234
SE-409141,LUM-SAN,PR-3006,2025-10-21,08:00,17:00,30,18,3134
SE-409142,LUM-SAN,PR-3007,21/10/2025,08:00,17:00,45,12,6711
SE-409143,LUM-PTA,PR-3008,2025-10-21,08:00,17:00,20,27,3803
SE-409144,LUM-PTA,PR-3009,2025-10-21,08:00,17:00,25,21,8221
SE-409145,LUM-PTA,PR-3010,21/10/2025,08:00,17:00,30,18,5602
SE-409146,LUM-PTA,PR-3011,21/10/2025,08:00,17:00,20,27,4519
SE-409147,LUM-PTA,PR-3012,2025-10-21,08:00,17:00,20,27,4073
SE-409148,LUM-PTA,PR-3013,21/10/2025,08:00,17:00,30,18,5678
SE-409149,LUM-UMH,PR-3014,2025-10-21,08:00,17:00,20,27,3616
SE-409150,LUM-UMH,PR-3015,2025-10-21,08:00,17:00,30,18,4817
SE-409151,LUM-UMH,PR-3016,2025-10-21,08:00,17:00,30,18,3166
SE-409152,LUM-UMH,PR-3017,2025-10-21,08:00,17:00,25,21,7465
SE-409153,LUM-UMH,PR-3018,2025-10-21,08:00,17:00,20,27,3765
SE-409154,LUM-CLR,PR-3019,2025-10-21,08:00,17:00,20,27,4416
SE-409155,LUM-CLR,PR-3021,21/10/2025,08:00,17:00,20,27,4210
SE-409156,LUM-CLR,PR-3022,2025-10-21,08:00,17:00,20,27,4199
SE-409157,LUM-CLR,PR-3023,21/10/2025,08:00,17:00,20,27,3940
SE-409158,LUM-CLR,PR-3024,2025-10-21,08:00,17:00,20,27,4215
SE-409159,LUM-GQE,PR-3025,21/10/2025,08:00,17:00,20,27,3480
SE-409160,LUM-GQE,PR-3026,2025-10-21,08:00,17:00,20,27,4421
SE-409161,LUM-GQE,PR-3027,2025-10-21,08:00,17:00,30,18,5152
SE-409162,LUM-GQE,PR-3028,2025-10-21,08:00,17:00,20,27,4210
SE-409163,LUM-BFN,PR-3029,2025-10-21,08:00,17:00,30,18,4817
SE-409164,LUM-BFN,PR-3030,21/10/2025,08:00,17:00,30,18,2885
SE-409165,LUM-BFN,PR-3031,21/10/2025,08:00,17:00,30,18,3256
SE-409166,LUM-BFN,PR-3032,2025-10-21,08:00,17:00,30,18,2779
SE-409167,LUM-SAN,PR-3002,2025-10-22,08:00,17:00,30,18,5987
SE-409168,LUM-SAN,PR-3004,22/10/2025,08:00,17:00,20,27,4117
SE-409169,LUM-SAN,PR-3005,22/10/2025,08:00,17:00,20,27,4234
SE-409170,LUM-SAN,PR-3006,2025-10-22,08:00,17:00,30,18,3134
SE-409171,LUM-SAN,PR-3007,2025-10-22,08:00,17:00,45,12,6711
SE-409172,LUM-PTA,PR-3008,2025-10-22,08:00,17:00,20,27,3803
SE-409173,LUM-PTA,PR-3010,2025-10-22,08:00,17:00,30,18,5602
SE-409174,LUM-PTA,PR-3011,22/10/2025,08:00,17:00,20,27,4519
SE-409175,LUM-PTA,PR-3012,2025-10-22,08:00,17:00,20,27,4073
SE-409176,LUM-PTA,PR-3013,2025-10-22,08:00,17:00,30,18,5678
SE-409177,LUM-UMH,PR-3014,2025-10-22,08:00,17:00,20,27,3616
SE-409178,LUM-UMH,PR-3015,2025-10-22,08:00,17:00,30,18,4817
SE-409179,LUM-UMH,PR-3016,2025-10-22,08:00,17:00,30,18,3166
SE-409180,LUM-UMH,PR-3017,22/10/2025,08:00,17:00,25,21,7465
SE-409181,LUM-UMH,PR-3018,2025-10-22,08:00,17:00,20,27,3765
SE-409182,LUM-CLR,PR-3019,2025-10-22,08:00,17:00,20,27,4416
SE-409183,LUM-CLR,PR-3020,2025-10-22,08:00,17:00,30,18,3302
SE-409184,LUM-CLR,PR-3021,2025-10-22,08:00,17:00,20,27,4210
SE-409185,LUM-CLR,PR-3022,2025-10-22,08:00,17:00,20,27,4199
SE-409186,LUM-CLR,PR-3023,22/10/2025,08:00,17:00,20,27,3940
SE-409187,LUM-CLR,PR-3024,2025-10-22,08:00,17:00,20,27,4215
SE-409188,LUM-GQE,PR-3025,2025-10-22,08:00,17:00,20,27,3480
SE-409189,LUM-GQE,PR-3026,2025-10-22,08:00,17:00,20,27,4421
SE-409190,LUM-GQE,PR-3027,2025-10-22,08:00,17:00,30,18,5152
SE-409191,LUM-GQE,PR-3028,2025-10-22,08:00,17:00,20,27,4210
SE-409192,LUM-BFN,PR-3029,2025-10-22,08:00,17:00,30,18,4817
SE-409193,LUM-BFN,PR-3030,22/10/2025,08:00,17:00,30,18,2885
SE-409194,LUM-BFN,PR-3031,2025-10-22,08:00,17:00,30,18,3256
SE-409195,LUM-BFN,PR-3032,2025-10-22,08:00,17:00,30,18,2779
SE-409196,LUM-SAN,PR-3002,2025-10-23,08:00,17:00,30,18,5987
SE-409197,LUM-SAN,PR-3003,2025-10-23,08:00,17:00,20,27,3679
SE-409198,LUM-SAN,PR-3004,2025-10-23,08:00,17:00,20,27,4117
SE-409199,LUM-SAN,PR-3005,2025-10-23,08:00,17:00,20,27,4234
SE-409200,LUM-SAN,PR-3006,2025-10-23,08:00,17:00,30,18,3134
SE-409201,LUM-SAN,PR-3007,23/10/2025,08:00,17:00,45,12,6711
SE-409202,LUM-PTA,PR-3009,23/10/2025,08:00,17:00,25,21,8221
SE-409203,LUM-PTA,PR-3011,2025-10-23,08:00,17:00,20,27,4519
SE-409204,LUM-PTA,PR-3012,2025-10-23,08:00,17:00,20,27,4073
SE-409205,LUM-PTA,PR-3013,2025-10-23,08:00,17:00,30,18,5678
SE-409206,LUM-UMH,PR-3014,2025-10-23,08:00,17:00,20,27,3616
SE-409207,LUM-UMH,PR-3015,23/10/2025,08:00,17:00,30,18,4817
SE-409208,LUM-UMH,PR-3016,2025-10-23,08:00,17:00,30,18,3166
SE-409209,LUM-UMH,PR-3017,2025-10-23,08:00,17:00,25,21,7465
SE-409210,LUM-UMH,PR-3018,2025-10-23,08:00,17:00,20,27,3765
SE-409211,LUM-CLR,PR-3019,23/10/2025,08:00,17:00,20,27,4416
SE-409212,LUM-CLR,PR-3020,2025-10-23,08:00,17:00,30,18,3302
SE-409213,LUM-CLR,PR-3021,2025-10-23,08:00,17:00,20,27,4210
SE-409214,LUM-CLR,PR-3023,2025-10-23,08:00,17:00,20,27,3940
SE-409215,LUM-CLR,PR-3024,2025-10-23,08:00,17:00,20,27,4215
SE-409216,LUM-GQE,PR-3025,23/10/2025,08:00,17:00,20,27,3480
SE-409217,LUM-GQE,PR-3026,2025-10-23,08:00,17:00,20,27,4421
SE-409218,LUM-GQE,PR-3027,23/10/2025,08:00,17:00,30,18,5152
SE-409219,LUM-GQE,PR-3028,23/10/2025,08:00,17:00,20,27,4210
SE-409220,LUM-BFN,PR-3029,23/10/2025,08:00,17:00,30,18,4817
SE-409221,LUM-BFN,PR-3030,2025-10-23,08:00,17:00,30,18,2885
SE-409222,LUM-BFN,PR-3031,2025-10-23,08:00,17:00,30,18,3256
SE-409223,LUM-BFN,PR-3032,23/10/2025,08:00,17:00,30,18,2779
SE-409224,LUM-SAN,PR-3001,2025-10-24,08:00,17:00,20,27,4207
SE-409225,LUM-SAN,PR-3002,2025-10-24,08:00,17:00,30,18,5987
SE-409226,LUM-SAN,PR-3003,2025-10-24,08:00,17:00,20,27,3679
SE-409227,LUM-SAN,PR-3004,2025-10-24,08:00,17:00,20,27,4117
SE-409228,LUM-SAN,PR-3005,2025-10-24,08:00,17:00,20,27,4234
SE-409229,LUM-SAN,PR-3006,24/10/2025,08:00,17:00,30,18,3134
SE-409230,LUM-SAN,PR-3007,24/10/2025,08:00,17:00,45,12,6711
SE-409231,LUM-PTA,PR-3008,24/10/2025,08:00,17:00,20,27,3803
SE-409232,LUM-PTA,PR-3009,2025-10-24,08:00,17:00,25,21,8221
SE-409233,LUM-PTA,PR-3010,2025-10-24,08:00,17:00,30,18,5602
SE-409234,LUM-PTA,PR-3011,2025-10-24,08:00,17:00,20,27,4519
SE-409235,LUM-PTA,PR-3012,24/10/2025,08:00,17:00,20,27,4073
SE-409236,LUM-PTA,PR-3013,24/10/2025,08:00,17:00,30,18,5678
SE-409237,LUM-UMH,PR-3014,24/10/2025,08:00,17:00,20,27,3616
SE-409238,LUM-UMH,PR-3015,2025-10-24,08:00,17:00,30,18,4817
SE-409239,LUM-UMH,PR-3016,2025-10-24,08:00,17:00,30,18,3166
SE-409240,LUM-UMH,PR-3017,2025-10-24,08:00,17:00,25,21,7465
SE-409241,LUM-CLR,PR-3019,2025-10-24,08:00,17:00,20,27,4416
SE-409242,LUM-CLR,PR-3020,2025-10-24,08:00,17:00,30,18,3302
SE-409243,LUM-CLR,PR-3021,2025-10-24,08:00,17:00,20,27,4210
SE-409244,LUM-CLR,PR-3022,24/10/2025,08:00,17:00,20,27,4199
SE-409245,LUM-CLR,PR-3023,24/10/2025,08:00,17:00,20,27,3940
SE-409246,LUM-GQE,PR-3025,2025-10-24,08:00,17:00,20,27,3480
SE-409247,LUM-GQE,PR-3026,2025-10-24,08:00,17:00,20,27,4421
SE-409248,LUM-GQE,PR-3027,24/10/2025,08:00,17:00,30,18,5152
SE-409249,LUM-GQE,PR-3028,2025-10-24,08:00,17:00,20,27,4210
SE-409250,LUM-BFN,PR-3029,24/10/2025,08:00,17:00,30,18,4817
SE-409251,LUM-BFN,PR-3030,2025-10-24,08:00,17:00,30,18,2885
SE-409252,LUM-BFN,PR-3031,2025-10-24,08:00,17:00,30,18,3256
SE-409253,LUM-BFN,PR-3032,2025-10-24,08:00,17:00,30,18,2779
SE-409254,LUM-SAN,PR-3002,2025-10-25,08:00,13:00,30,10,3326.11
SE-409255,LUM-SAN,PR-3003,25/10/2025,08:00,13:00,20,15,2043.89
SE-409256,LUM-SAN,PR-3006,2025-10-25,08:00,13:00,30,10,1741.11
SE-409257,LUM-PTA,PR-3009,2025-10-25,08:00,13:00,25,12,4567.22
SE-409258,LUM-PTA,PR-3012,25/10/2025,08:00,13:00,20,15,2262.78
SE-409259,LUM-UMH,PR-3014,2025-10-25,08:00,13:00,20,15,2008.89
SE-409260,LUM-UMH,PR-3015,2025-10-25,08:00,13:00,30,10,2676.11
SE-409261,LUM-CLR,PR-3019,2025-10-25,08:00,13:00,20,15,2453.33
SE-409262,LUM-CLR,PR-3020,25/10/2025,08:00,13:00,30,10,1834.44
SE-409263,LUM-CLR,PR-3022,2025-10-25,08:00,13:00,20,15,2332.78
SE-409264,LUM-CLR,PR-3024,2025-10-25,08:00,13:00,20,15,2341.67
SE-409265,LUM-GQE,PR-3025,25/10/2025,08:00,13:00,20,15,1933.33
SE-409266,LUM-BFN,PR-3032,2025-10-25,08:00,13:00,30,10,1543.89
SE-409267,LUM-SAN,PR-3001,27/10/2025,08:00,17:00,20,27,4207
SE-409268,LUM-SAN,PR-3002,27/10/2025,08:00,17:00,30,18,5987
SE-409269,LUM-SAN,PR-3003,2025-10-27,08:00,17:00,20,27,3679
SE-409270,LUM-SAN,PR-3004,27/10/2025,08:00,17:00,20,27,4117
SE-409271,LUM-SAN,PR-3005,27/10/2025,08:00,17:00,20,27,4234
SE-409272,LUM-SAN,PR-3006,2025-10-27,08:00,17:00,30,18,3134
SE-409273,LUM-SAN,PR-3007,27/10/2025,08:00,17:00,45,12,6711
SE-409274,LUM-PTA,PR-3008,2025-10-27,08:00,17:00,20,27,3803
SE-409275,LUM-PTA,PR-3009,27/10/2025,08:00,17:00,25,21,8221
SE-409276,LUM-PTA,PR-3010,27/10/2025,08:00,17:00,30,18,5602
SE-409277,LUM-PTA,PR-3011,2025-10-27,08:00,17:00,20,27,4519
SE-409278,LUM-PTA,PR-3012,2025-10-27,08:00,17:00,20,27,4073
SE-409279,LUM-UMH,PR-3014,27/10/2025,08:00,17:00,20,27,3616
SE-409280,LUM-UMH,PR-3015,2025-10-27,08:00,17:00,30,18,4817
SE-409281,LUM-UMH,PR-3016,2025-10-27,08:00,17:00,30,18,3166
SE-409282,LUM-UMH,PR-3017,2025-10-27,08:00,17:00,25,21,7465
SE-409283,LUM-UMH,PR-3018,2025-10-27,08:00,17:00,20,27,3765
SE-409284,LUM-CLR,PR-3019,2025-10-27,08:00,17:00,20,27,4416
SE-409285,LUM-CLR,PR-3020,2025-10-27,08:00,17:00,30,18,3302
SE-409286,LUM-CLR,PR-3021,2025-10-27,08:00,17:00,20,27,4210
SE-409287,LUM-CLR,PR-3022,2025-10-27,08:00,17:00,20,27,4199
SE-409288,LUM-CLR,PR-3023,27/10/2025,08:00,17:00,20,27,3940
SE-409289,LUM-CLR,PR-3024,2025-10-27,08:00,17:00,20,27,4215
SE-409290,LUM-GQE,PR-3025,27/10/2025,08:00,17:00,20,27,3480
SE-409291,LUM-GQE,PR-3026,2025-10-27,08:00,17:00,20,27,4421
SE-409292,LUM-GQE,PR-3027,2025-10-27,08:00,17:00,30,18,5152
SE-409293,LUM-GQE,PR-3028,2025-10-27,08:00,17:00,20,27,4210
SE-409294,LUM-BFN,PR-3029,27/10/2025,08:00,17:00,30,18,4817
SE-409295,LUM-BFN,PR-3030,27/10/2025,08:00,17:00,30,18,2885
SE-409296,LUM-BFN,PR-3031,2025-10-27,08:00,17:00,30,18,3256
SE-409297,LUM-BFN,PR-3032,27/10/2025,08:00,17:00,30,18,2779
SE-409298,LUM-SAN,PR-3001,28/10/2025,08:00,17:00,20,27,4207
SE-409299,LUM-SAN,PR-3002,28/10/2025,08:00,17:00,30,18,5987
SE-409300,LUM-SAN,PR-3003,2025-10-28,08:00,17:00,20,27,3679
SE-409301,LUM-SAN,PR-3004,28/10/2025,08:00,17:00,20,27,4117
SE-409302,LUM-SAN,PR-3005,28/10/2025,08:00,17:00,20,27,4234
SE-409303,LUM-SAN,PR-3006,2025-10-28,08:00,17:00,30,18,3134
SE-409304,LUM-SAN,PR-3007,2025-10-28,08:00,17:00,45,12,6711
SE-409305,LUM-PTA,PR-3008,28/10/2025,08:00,17:00,20,27,3803
SE-409306,LUM-PTA,PR-3009,2025-10-28,08:00,17:00,25,21,8221
SE-409307,LUM-PTA,PR-3010,2025-10-28,08:00,17:00,30,18,5602
SE-409308,LUM-PTA,PR-3011,2025-10-28,08:00,17:00,20,27,4519
SE-409309,LUM-PTA,PR-3012,2025-10-28,08:00,17:00,20,27,4073
SE-409310,LUM-UMH,PR-3014,2025-10-28,08:00,17:00,20,27,3616
SE-409311,LUM-UMH,PR-3015,28/10/2025,08:00,17:00,30,18,4817
SE-409312,LUM-UMH,PR-3016,2025-10-28,08:00,17:00,30,18,3166
SE-409313,LUM-UMH,PR-3017,2025-10-28,08:00,17:00,25,21,7465
SE-409314,LUM-UMH,PR-3018,2025-10-28,08:00,17:00,20,27,3765
SE-409315,LUM-CLR,PR-3019,2025-10-28,08:00,17:00,20,27,4416
SE-409316,LUM-CLR,PR-3020,2025-10-28,08:00,17:00,30,18,3302
SE-409317,LUM-CLR,PR-3021,2025-10-28,08:00,17:00,20,27,4210
SE-409318,LUM-CLR,PR-3022,2025-10-28,08:00,17:00,20,27,4199
SE-409319,LUM-CLR,PR-3023,28/10/2025,08:00,17:00,20,27,3940
SE-409320,LUM-CLR,PR-3024,28/10/2025,08:00,17:00,20,27,4215
SE-409321,LUM-GQE,PR-3025,28/10/2025,08:00,17:00,20,27,3480
SE-409322,LUM-GQE,PR-3026,2025-10-28,08:00,17:00,20,27,4421
SE-409323,LUM-GQE,PR-3027,2025-10-28,08:00,17:00,30,18,5152
SE-409324,LUM-GQE,PR-3028,2025-10-28,08:00,17:00,20,27,4210
SE-409325,LUM-BFN,PR-3029,2025-10-28,08:00,17:00,30,18,4817
SE-409326,LUM-BFN,PR-3030,28/10/2025,08:00,17:00,30,18,2885
SE-409327,LUM-BFN,PR-3031,2025-10-28,08:00,17:00,30,18,3256
SE-409328,LUM-BFN,PR-3032,2025-10-28,08:00,17:00,30,18,2779
SE-409329,LUM-SAN,PR-3001,2025-10-29,08:00,17:00,20,27,4207
SE-409330,LUM-SAN,PR-3004,29/10/2025,08:00,17:00,20,27,4117
SE-409331,LUM-SAN,PR-3005,2025-10-29,08:00,17:00,20,27,4234
SE-409332,LUM-SAN,PR-3006,2025-10-29,08:00,17:00,30,18,3134
SE-409333,LUM-SAN,PR-3007,2025-10-29,08:00,17:00,45,12,6711
SE-409334,LUM-PTA,PR-3008,2025-10-29,08:00,17:00,20,27,3803
SE-409335,LUM-PTA,PR-3009,2025-10-29,08:00,17:00,25,21,8221
SE-409336,LUM-PTA,PR-3010,2025-10-29,08:00,17:00,30,18,5602
SE-409337,LUM-PTA,PR-3011,2025-10-29,08:00,17:00,20,27,4519
SE-409338,LUM-PTA,PR-3012,29/10/2025,08:00,17:00,20,27,4073
SE-409339,LUM-PTA,PR-3013,2025-10-29,08:00,17:00,30,18,5678
SE-409340,LUM-UMH,PR-3014,2025-10-29,08:00,17:00,20,27,3616
SE-409341,LUM-UMH,PR-3015,2025-10-29,08:00,17:00,30,18,4817
SE-409342,LUM-UMH,PR-3016,2025-10-29,08:00,17:00,30,18,3166
SE-409343,LUM-UMH,PR-3017,29/10/2025,08:00,17:00,25,21,7465
SE-409344,LUM-UMH,PR-3018,29/10/2025,08:00,17:00,20,27,3765
SE-409345,LUM-CLR,PR-3019,2025-10-29,08:00,17:00,20,27,4416
SE-409346,LUM-CLR,PR-3020,29/10/2025,08:00,17:00,30,18,3302
SE-409347,LUM-CLR,PR-3021,2025-10-29,08:00,17:00,20,27,4210
SE-409348,LUM-CLR,PR-3022,29/10/2025,08:00,17:00,20,27,4199
SE-409349,LUM-CLR,PR-3023,2025-10-29,08:00,17:00,20,27,3940
SE-409350,LUM-CLR,PR-3024,29/10/2025,08:00,17:00,20,27,4215
SE-409351,LUM-GQE,PR-3025,2025-10-29,08:00,17:00,20,27,3480
SE-409352,LUM-GQE,PR-3026,2025-10-29,08:00,17:00,20,27,4421
SE-409353,LUM-GQE,PR-3028,29/10/2025,08:00,17:00,20,27,4210
SE-409354,LUM-BFN,PR-3030,2025-10-29,08:00,17:00,30,18,2885
SE-409355,LUM-BFN,PR-3031,2025-10-29,08:00,17:00,30,18,3256
SE-409356,LUM-BFN,PR-3032,29/10/2025,08:00,17:00,30,18,2779
SE-409357,LUM-SAN,PR-3001,2025-10-30,08:00,17:00,20,27,4207
SE-409358,LUM-SAN,PR-3002,2025-10-30,08:00,17:00,30,18,5987
SE-409359,LUM-SAN,PR-3003,30/10/2025,08:00,17:00,20,27,3679
SE-409360,LUM-SAN,PR-3005,30/10/2025,08:00,17:00,20,27,4234
SE-409361,LUM-SAN,PR-3006,30/10/2025,08:00,17:00,30,18,3134
SE-409362,LUM-SAN,PR-3007,2025-10-30,08:00,17:00,45,12,6711
SE-409363,LUM-PTA,PR-3008,30/10/2025,08:00,17:00,20,27,3803
SE-409364,LUM-PTA,PR-3009,30/10/2025,08:00,17:00,25,21,8221
SE-409365,LUM-PTA,PR-3010,2025-10-30,08:00,17:00,30,18,5602
SE-409366,LUM-PTA,PR-3011,30/10/2025,08:00,17:00,20,27,4519
SE-409367,LUM-PTA,PR-3012,2025-10-30,08:00,17:00,20,27,4073
SE-409368,LUM-PTA,PR-3013,2025-10-30,08:00,17:00,30,18,5678
SE-409369,LUM-UMH,PR-3015,2025-10-30,08:00,17:00,30,18,4817
SE-409370,LUM-UMH,PR-3016,2025-10-30,08:00,17:00,30,18,3166
SE-409371,LUM-UMH,PR-3017,2025-10-30,08:00,17:00,25,21,7465
SE-409372,LUM-UMH,PR-3018,2025-10-30,08:00,17:00,20,27,3765
SE-409373,LUM-CLR,PR-3020,2025-10-30,08:00,17:00,30,18,3302
SE-409374,LUM-CLR,PR-3021,30/10/2025,08:00,17:00,20,27,4210
SE-409375,LUM-CLR,PR-3022,2025-10-30,08:00,17:00,20,27,4199
SE-409376,LUM-CLR,PR-3023,30/10/2025,08:00,17:00,20,27,3940
SE-409377,LUM-CLR,PR-3024,2025-10-30,08:00,17:00,20,27,4215
SE-409378,LUM-GQE,PR-3026,2025-10-30,08:00,17:00,20,27,4421
SE-409379,LUM-GQE,PR-3027,2025-10-30,08:00,17:00,30,18,5152
SE-409380,LUM-GQE,PR-3028,30/10/2025,08:00,17:00,20,27,4210
SE-409381,LUM-BFN,PR-3029,2025-10-30,08:00,17:00,30,18,4817
SE-409382,LUM-BFN,PR-3030,2025-10-30,08:00,17:00,30,18,2885
SE-409383,LUM-BFN,PR-3031,2025-10-30,08:00,17:00,30,18,3256
SE-409384,LUM-BFN,PR-3032,2025-10-30,08:00,17:00,30,18,2779
SE-409385,LUM-SAN,PR-3001,2025-10-31,08:00,17:00,20,27,4207
SE-409386,LUM-SAN,PR-3002,2025-10-31,08:00,17:00,30,18,5987
SE-409387,LUM-SAN,PR-3003,31/10/2025,08:00,17:00,20,27,3679
SE-409388,LUM-SAN,PR-3004,2025-10-31,08:00,17:00,20,27,4117
SE-409389,LUM-SAN,PR-3005,2025-10-31,08:00,17:00,20,27,4234
SE-409390,LUM-SAN,PR-3006,2025-10-31,08:00,17:00,30,18,3134
SE-409391,LUM-SAN,PR-3007,2025-10-31,08:00,17:00,45,12,6711
SE-409392,LUM-PTA,PR-3008,2025-10-31,08:00,17:00,20,27,3803
SE-409393,LUM-PTA,PR-3009,31/10/2025,08:00,17:00,25,21,8221
SE-409394,LUM-PTA,PR-3010,2025-10-31,08:00,17:00,30,18,5602
SE-409395,LUM-PTA,PR-3011,2025-10-31,08:00,17:00,20,27,4519
SE-409396,LUM-PTA,PR-3012,2025-10-31,08:00,17:00,20,27,4073
SE-409397,LUM-PTA,PR-3013,31/10/2025,08:00,17:00,30,18,5678
SE-409398,LUM-UMH,PR-3014,31/10/2025,08:00,17:00,20,27,3616
SE-409399,LUM-UMH,PR-3015,2025-10-31,08:00,17:00,30,18,4817
SE-409400,LUM-UMH,PR-3017,31/10/2025,08:00,17:00,25,21,7465
SE-409401,LUM-UMH,PR-3018,2025-10-31,08:00,17:00,20,27,3765
SE-409402,LUM-CLR,PR-3019,2025-10-31,08:00,17:00,20,27,4416
SE-409403,LUM-CLR,PR-3020,2025-10-31,08:00,17:00,30,18,3302
SE-409404,LUM-CLR,PR-3021,2025-10-31,08:00,17:00,20,27,4210
SE-409405,LUM-CLR,PR-3022,2025-10-31,08:00,17:00,20,27,4199
SE-409406,LUM-CLR,PR-3023,2025-10-31,08:00,17:00,20,27,3940
SE-409407,LUM-CLR,PR-3024,2025-10-31,08:00,17:00,20,27,4215
SE-409408,LUM-GQE,PR-3025,2025-10-31,08:00,17:00,20,27,3480
SE-409409,LUM-GQE,PR-3026,2025-10-31,08:00,17:00,20,27,4421
SE-409410,LUM-GQE,PR-3027,2025-10-31,08:00,17:00,30,18,5152
SE-409411,LUM-GQE,PR-3028,2025-10-31,08:00,17:00,20,27,4210
SE-409412,LUM-BFN,PR-3029,31/10/2025,08:00,17:00,30,18,4817
SE-409413,LUM-BFN,PR-3030,31/10/2025,08:00,17:00,30,18,2885
SE-409414,LUM-BFN,PR-3031,2025-10-31,08:00,17:00,30,18,3256
SE-409415,LUM-BFN,PR-3032,2025-10-31,08:00,17:00,30,18,2779
SE-409416,LUM-SAN,PR-3002,2025-11-01,08:00,13:00,30,10,3326.11
SE-409417,LUM-SAN,PR-3005,2025-11-01,08:00,13:00,20,15,2352.22
SE-409418,LUM-SAN,PR-3006,2025-11-01,08:00,13:00,30,10,1741.11
SE-409419,LUM-UMH,PR-3014,2025-11-01,08:00,13:00,20,15,2008.89
SE-409420,LUM-UMH,PR-3016,2025-11-01,08:00,13:00,30,10,1758.89
SE-409421,LUM-CLR,PR-3023,2025-11-01,08:00,13:00,20,15,2188.89
SE-409422,LUM-BFN,PR-3031,2025-11-01,08:00,13:00,30,10,1808.89
SE-409423,LUM-BFN,PR-3032,01/11/2025,08:00,13:00,30,10,1543.89
SE-409424,LUM-SAN,PR-3001,2025-11-03,08:00,17:00,20,27,4207
SE-409425,LUM-SAN,PR-3002,2025-11-03,08:00,17:00,30,18,5987
SE-409426,LUM-SAN,PR-3004,2025-11-03,08:00,17:00,20,27,4117
SE-409427,LUM-SAN,PR-3005,2025-11-03,08:00,17:00,20,27,4234
SE-409428,LUM-SAN,PR-3007,03/11/2025,08:00,17:00,45,12,6711
SE-409429,LUM-PTA,PR-3008,2025-11-03,08:00,17:00,20,27,3803
SE-409430,LUM-PTA,PR-3009,2025-11-03,08:00,17:00,25,21,8221
SE-409431,LUM-PTA,PR-3010,2025-11-03,08:00,17:00,30,18,5602
SE-409432,LUM-PTA,PR-3011,2025-11-03,08:00,17:00,20,27,4519
SE-409433,LUM-PTA,PR-3012,2025-11-03,08:00,17:00,20,27,4073
SE-409434,LUM-PTA,PR-3013,2025-11-03,08:00,17:00,30,18,5678
SE-409435,LUM-UMH,PR-3014,03/11/2025,08:00,17:00,20,27,3616
SE-409436,LUM-UMH,PR-3015,2025-11-03,08:00,17:00,30,18,4817
SE-409437,LUM-UMH,PR-3016,2025-11-03,08:00,17:00,30,18,3166
SE-409438,LUM-UMH,PR-3017,2025-11-03,08:00,17:00,25,21,7465
SE-409439,LUM-UMH,PR-3018,03/11/2025,08:00,17:00,20,27,3765
SE-409440,LUM-CLR,PR-3019,2025-11-03,08:00,17:00,20,27,4416
SE-409441,LUM-CLR,PR-3020,2025-11-03,08:00,17:00,30,18,3302
SE-409442,LUM-CLR,PR-3022,03/11/2025,08:00,17:00,20,27,4199
SE-409443,LUM-CLR,PR-3023,2025-11-03,08:00,17:00,20,27,3940
SE-409444,LUM-CLR,PR-3024,2025-11-03,08:00,17:00,20,27,4215
SE-409445,LUM-GQE,PR-3025,2025-11-03,08:00,17:00,20,27,3480
SE-409446,LUM-GQE,PR-3026,2025-11-03,08:00,17:00,20,27,4421
SE-409447,LUM-GQE,PR-3027,2025-11-03,08:00,17:00,30,18,5152
SE-409448,LUM-GQE,PR-3028,2025-11-03,08:00,17:00,20,27,4210
SE-409449,LUM-BFN,PR-3029,03/11/2025,08:00,17:00,30,18,4817
SE-409450,LUM-BFN,PR-3030,03/11/2025,08:00,17:00,30,18,2885
SE-409451,LUM-BFN,PR-3031,2025-11-03,08:00,17:00,30,18,3256
SE-409452,LUM-SAN,PR-3001,2025-11-04,08:00,17:00,20,27,4207
SE-409453,LUM-SAN,PR-3002,2025-11-04,08:00,17:00,30,18,5987
SE-409454,LUM-SAN,PR-3003,04/11/2025,08:00,17:00,20,27,3679
SE-409455,LUM-SAN,PR-3004,2025-11-04,08:00,17:00,20,27,4117
SE-409456,LUM-SAN,PR-3005,2025-11-04,08:00,17:00,20,27,4234
SE-409457,LUM-SAN,PR-3007,2025-11-04,08:00,17:00,45,12,6711
SE-409458,LUM-PTA,PR-3008,2025-11-04,08:00,17:00,20,27,3803
SE-409459,LUM-PTA,PR-3009,2025-11-04,08:00,17:00,25,21,8221
SE-409460,LUM-PTA,PR-3010,2025-11-04,08:00,17:00,30,18,5602
SE-409461,LUM-PTA,PR-3011,04/11/2025,08:00,17:00,20,27,4519
SE-409462,LUM-PTA,PR-3013,2025-11-04,08:00,17:00,30,18,5678
SE-409463,LUM-UMH,PR-3015,2025-11-04,08:00,17:00,30,18,4817
SE-409464,LUM-UMH,PR-3016,04/11/2025,08:00,17:00,30,18,3166
SE-409465,LUM-UMH,PR-3017,04/11/2025,08:00,17:00,25,21,7465
SE-409466,LUM-UMH,PR-3018,04/11/2025,08:00,17:00,20,27,3765
SE-409467,LUM-CLR,PR-3019,04/11/2025,08:00,17:00,20,27,4416
SE-409468,LUM-CLR,PR-3020,2025-11-04,08:00,17:00,30,18,3302
SE-409469,LUM-CLR,PR-3021,2025-11-04,08:00,17:00,20,27,4210
SE-409470,LUM-CLR,PR-3023,2025-11-04,08:00,17:00,20,27,3940
SE-409471,LUM-CLR,PR-3024,04/11/2025,08:00,17:00,20,27,4215
SE-409472,LUM-GQE,PR-3025,2025-11-04,08:00,17:00,20,27,3480
SE-409473,LUM-GQE,PR-3026,2025-11-04,08:00,17:00,20,27,4421
SE-409474,LUM-GQE,PR-3027,04/11/2025,08:00,17:00,30,18,5152
SE-409475,LUM-GQE,PR-3028,2025-11-04,08:00,17:00,20,27,4210
SE-409476,LUM-BFN,PR-3029,2025-11-04,08:00,17:00,30,18,4817
SE-409477,LUM-BFN,PR-3030,2025-11-04,08:00,17:00,30,18,2885
SE-409478,LUM-BFN,PR-3031,2025-11-04,08:00,17:00,30,18,3256
SE-409479,LUM-BFN,PR-3032,2025-11-04,08:00,17:00,30,18,2779
SE-409480,LUM-SAN,PR-3001,2025-11-05,08:00,17:00,20,27,4207
SE-409481,LUM-SAN,PR-3002,2025-11-05,08:00,17:00,30,18,5987
SE-409482,LUM-SAN,PR-3003,2025-11-05,08:00,17:00,20,27,3679
SE-409483,LUM-SAN,PR-3004,05/11/2025,08:00,17:00,20,27,4117
SE-409484,LUM-SAN,PR-3005,2025-11-05,08:00,17:00,20,27,4234
SE-409485,LUM-SAN,PR-3007,2025-11-05,08:00,17:00,45,12,6711
SE-409486,LUM-PTA,PR-3008,2025-11-05,08:00,17:00,20,27,3803
SE-409487,LUM-PTA,PR-3009,2025-11-05,08:00,17:00,25,21,8221
SE-409488,LUM-PTA,PR-3010,2025-11-05,08:00,17:00,30,18,5602
SE-409489,LUM-PTA,PR-3011,2025-11-05,08:00,17:00,20,27,4519
SE-409490,LUM-PTA,PR-3012,2025-11-05,08:00,17:00,20,27,4073
SE-409491,LUM-PTA,PR-3013,05/11/2025,08:00,17:00,30,18,5678
SE-409492,LUM-UMH,PR-3014,2025-11-05,08:00,17:00,20,27,3616
SE-409493,LUM-UMH,PR-3015,2025-11-05,08:00,17:00,30,18,4817
SE-409494,LUM-UMH,PR-3018,2025-11-05,08:00,17:00,20,27,3765
SE-409495,LUM-CLR,PR-3019,2025-11-05,08:00,17:00,20,27,4416
SE-409496,LUM-CLR,PR-3020,2025-11-05,08:00,17:00,30,18,3302
SE-409497,LUM-CLR,PR-3021,2025-11-05,08:00,17:00,20,27,4210
SE-409498,LUM-CLR,PR-3023,2025-11-05,08:00,17:00,20,27,3940
SE-409499,LUM-CLR,PR-3024,2025-11-05,08:00,17:00,20,27,4215
SE-409500,LUM-GQE,PR-3025,2025-11-05,08:00,17:00,20,27,3480
SE-409501,LUM-GQE,PR-3026,05/11/2025,08:00,17:00,20,27,4421
SE-409502,LUM-GQE,PR-3027,2025-11-05,08:00,17:00,30,18,5152
SE-409503,LUM-BFN,PR-3029,05/11/2025,08:00,17:00,30,18,4817
SE-409504,LUM-BFN,PR-3030,2025-11-05,08:00,17:00,30,18,2885
SE-409505,LUM-BFN,PR-3031,2025-11-05,08:00,17:00,30,18,3256
SE-409506,LUM-BFN,PR-3032,2025-11-05,08:00,17:00,30,18,2779
SE-409507,LUM-SAN,PR-3001,2025-11-06,08:00,17:00,20,27,4207
SE-409508,LUM-SAN,PR-3003,2025-11-06,08:00,17:00,20,27,3679
SE-409509,LUM-SAN,PR-3004,2025-11-06,08:00,17:00,20,27,4117
SE-409510,LUM-SAN,PR-3005,2025-11-06,08:00,17:00,20,27,4234
SE-409511,LUM-SAN,PR-3006,2025-11-06,08:00,17:00,30,18,3134
SE-409512,LUM-PTA,PR-3008,2025-11-06,08:00,17:00,20,27,3803
SE-409513,LUM-PTA,PR-3009,2025-11-06,08:00,17:00,25,21,8221
SE-409514,LUM-PTA,PR-3010,2025-11-06,08:00,17:00,30,18,5602
SE-409515,LUM-PTA,PR-3012,06/11/2025,08:00,17:00,20,27,4073
SE-409516,LUM-PTA,PR-3013,2025-11-06,08:00,17:00,30,18,5678
SE-409517,LUM-UMH,PR-3014,2025-11-06,08:00,17:00,20,27,3616
SE-409518,LUM-UMH,PR-3015,2025-11-06,08:00,17:00,30,18,4817
SE-409519,LUM-UMH,PR-3016,2025-11-06,08:00,17:00,30,18,3166
SE-409520,LUM-UMH,PR-3017,2025-11-06,08:00,17:00,25,21,7465
SE-409521,LUM-UMH,PR-3018,06/11/2025,08:00,17:00,20,27,3765
SE-409522,LUM-CLR,PR-3019,2025-11-06,08:00,17:00,20,27,4416
SE-409523,LUM-CLR,PR-3020,2025-11-06,08:00,17:00,30,18,3302
SE-409524,LUM-CLR,PR-3021,2025-11-06,08:00,17:00,20,27,4210
SE-409525,LUM-CLR,PR-3022,2025-11-06,08:00,17:00,20,27,4199
SE-409526,LUM-CLR,PR-3023,2025-11-06,08:00,17:00,20,27,3940
SE-409527,LUM-CLR,PR-3024,06/11/2025,08:00,17:00,20,27,4215
SE-409528,LUM-GQE,PR-3025,2025-11-06,08:00,17:00,20,27,3480
SE-409529,LUM-GQE,PR-3026,2025-11-06,08:00,17:00,20,27,4421
SE-409530,LUM-GQE,PR-3027,2025-11-06,08:00,17:00,30,18,5152
SE-409531,LUM-GQE,PR-3028,2025-11-06,08:00,17:00,20,27,4210
SE-409532,LUM-BFN,PR-3029,06/11/2025,08:00,17:00,30,18,4817
SE-409533,LUM-BFN,PR-3031,2025-11-06,08:00,17:00,30,18,3256
SE-409534,LUM-BFN,PR-3032,2025-11-06,08:00,17:00,30,18,2779
SE-409535,LUM-SAN,PR-3001,07/11/2025,08:00,17:00,20,27,4207
SE-409536,LUM-SAN,PR-3002,07/11/2025,08:00,17:00,30,18,5987
SE-409537,LUM-SAN,PR-3003,2025-11-07,08:00,17:00,20,27,3679
SE-409538,LUM-SAN,PR-3004,2025-11-07,08:00,17:00,20,27,4117
SE-409539,LUM-SAN,PR-3006,2025-11-07,08:00,17:00,30,18,3134
SE-409540,LUM-SAN,PR-3007,2025-11-07,08:00,17:00,45,12,6711
SE-409541,LUM-PTA,PR-3008,07/11/2025,08:00,17:00,20,27,3803
SE-409542,LUM-PTA,PR-3009,07/11/2025,08:00,17:00,25,21,8221
SE-409543,LUM-PTA,PR-3010,2025-11-07,08:00,17:00,30,18,5602
SE-409544,LUM-PTA,PR-3011,2025-11-07,08:00,17:00,20,27,4519
SE-409545,LUM-PTA,PR-3012,2025-11-07,08:00,17:00,20,27,4073
SE-409546,LUM-PTA,PR-3013,2025-11-07,08:00,17:00,30,18,5678
SE-409547,LUM-UMH,PR-3014,2025-11-07,08:00,17:00,20,27,3616
SE-409548,LUM-UMH,PR-3015,2025-11-07,08:00,17:00,30,18,4817
SE-409549,LUM-UMH,PR-3016,07/11/2025,08:00,17:00,30,18,3166
SE-409550,LUM-UMH,PR-3017,2025-11-07,08:00,17:00,25,21,7465
SE-409551,LUM-UMH,PR-3018,2025-11-07,08:00,17:00,20,27,3765
SE-409552,LUM-CLR,PR-3019,07/11/2025,08:00,17:00,20,27,4416
SE-409553,LUM-CLR,PR-3020,2025-11-07,08:00,17:00,30,18,3302
SE-409554,LUM-CLR,PR-3022,2025-11-07,08:00,17:00,20,27,4199
SE-409555,LUM-CLR,PR-3023,2025-11-07,08:00,17:00,20,27,3940
SE-409556,LUM-GQE,PR-3025,07/11/2025,08:00,17:00,20,27,3480
SE-409557,LUM-GQE,PR-3026,2025-11-07,08:00,17:00,20,27,4421
SE-409558,LUM-GQE,PR-3027,2025-11-07,08:00,17:00,30,18,5152
SE-409559,LUM-GQE,PR-3028,2025-11-07,08:00,17:00,20,27,4210
SE-409560,LUM-BFN,PR-3029,07/11/2025,08:00,17:00,30,18,4817
SE-409561,LUM-BFN,PR-3030,2025-11-07,08:00,17:00,30,18,2885
SE-409562,LUM-BFN,PR-3032,2025-11-07,08:00,17:00,30,18,2779
SE-409563,LUM-SAN,PR-3004,08/11/2025,08:00,13:00,20,15,2287.22
SE-409564,LUM-PTA,PR-3010,2025-11-08,08:00,13:00,30,10,3112.22
SE-409565,LUM-PTA,PR-3013,08/11/2025,08:00,13:00,30,10,3154.44
SE-409566,LUM-UMH,PR-3015,08/11/2025,08:00,13:00,30,10,2676.11
SE-409567,LUM-UMH,PR-3018,2025-11-08,08:00,13:00,20,15,2091.67
SE-409568,LUM-CLR,PR-3019,2025-11-08,08:00,13:00,20,15,2453.33
SE-409569,LUM-CLR,PR-3020,2025-11-08,08:00,13:00,30,10,1834.44
SE-409570,LUM-CLR,PR-3021,2025-11-08,08:00,13:00,20,15,2338.89
SE-409571,LUM-CLR,PR-3024,2025-11-08,08:00,13:00,20,15,2341.67
SE-409572,LUM-GQE,PR-3025,2025-11-08,08:00,13:00,20,15,1933.33
SE-409573,LUM-GQE,PR-3028,2025-11-08,08:00,13:00,20,15,2338.89
SE-409574,LUM-BFN,PR-3030,08/11/2025,08:00,13:00,30,10,1602.78
SE-409575,LUM-BFN,PR-3031,2025-11-08,08:00,13:00,30,10,1808.89
SE-409576,LUM-SAN,PR-3001,2025-11-10,08:00,17:00,20,27,4207
SE-409577,LUM-SAN,PR-3002,2025-11-10,08:00,17:00,30,18,5987
SE-409578,LUM-SAN,PR-3003,2025-11-10,08:00,17:00,20,27,3679
SE-409579,LUM-SAN,PR-3004,2025-11-10,08:00,17:00,20,27,4117
SE-409580,LUM-SAN,PR-3005,10/11/2025,08:00,17:00,20,27,4234
SE-409581,LUM-SAN,PR-3006,2025-11-10,08:00,17:00,30,18,3134
SE-409582,LUM-SAN,PR-3007,10/11/2025,08:00,17:00,45,12,6711
SE-409583,LUM-PTA,PR-3008,2025-11-10,08:00,17:00,20,27,3803
SE-409584,LUM-PTA,PR-3009,2025-11-10,08:00,17:00,25,21,8221
SE-409585,LUM-PTA,PR-3010,2025-11-10,08:00,17:00,30,18,5602
SE-409586,LUM-PTA,PR-3011,2025-11-10,08:00,17:00,20,27,4519
SE-409587,LUM-PTA,PR-3012,2025-11-10,08:00,17:00,20,27,4073
SE-409588,LUM-PTA,PR-3013,2025-11-10,08:00,17:00,30,18,5678
SE-409589,LUM-UMH,PR-3014,2025-11-10,08:00,17:00,20,27,3616
SE-409590,LUM-UMH,PR-3015,10/11/2025,08:00,17:00,30,18,4817
SE-409591,LUM-UMH,PR-3016,10/11/2025,08:00,17:00,30,18,3166
SE-409592,LUM-UMH,PR-3017,2025-11-10,08:00,17:00,25,21,7465
SE-409593,LUM-UMH,PR-3018,2025-11-10,08:00,17:00,20,27,3765
SE-409594,LUM-CLR,PR-3019,10/11/2025,08:00,17:00,20,27,4416
SE-409595,LUM-CLR,PR-3020,2025-11-10,08:00,17:00,30,18,3302
SE-409596,LUM-CLR,PR-3021,2025-11-10,08:00,17:00,20,27,4210
SE-409597,LUM-CLR,PR-3022,2025-11-10,08:00,17:00,20,27,4199
SE-409598,LUM-CLR,PR-3023,2025-11-10,08:00,17:00,20,27,3940
SE-409599,LUM-CLR,PR-3024,2025-11-10,08:00,17:00,20,27,4215
SE-409600,LUM-GQE,PR-3025,2025-11-10,08:00,17:00,20,27,3480
SE-409601,LUM-GQE,PR-3026,2025-11-10,08:00,17:00,20,27,4421
SE-409602,LUM-GQE,PR-3027,2025-11-10,08:00,17:00,30,18,5152
SE-409603,LUM-GQE,PR-3028,2025-11-10,08:00,17:00,20,27,4210
SE-409604,LUM-BFN,PR-3029,2025-11-10,08:00,17:00,30,18,4817
SE-409605,LUM-BFN,PR-3030,10/11/2025,08:00,17:00,30,18,2885
SE-409606,LUM-BFN,PR-3031,10/11/2025,08:00,17:00,30,18,3256
SE-409607,LUM-BFN,PR-3032,2025-11-10,08:00,17:00,30,18,2779
SE-409608,LUM-SAN,PR-3001,2025-11-11,08:00,17:00,20,27,4207
SE-409609,LUM-SAN,PR-3002,2025-11-11,08:00,17:00,30,18,5987
SE-409610,LUM-SAN,PR-3003,11/11/2025,08:00,17:00,20,27,3679
SE-409611,LUM-SAN,PR-3005,11/11/2025,08:00,17:00,20,27,4234
SE-409612,LUM-SAN,PR-3006,2025-11-11,08:00,17:00,30,18,3134
SE-409613,LUM-SAN,PR-3007,2025-11-11,08:00,17:00,45,12,6711
SE-409614,LUM-PTA,PR-3008,2025-11-11,08:00,17:00,20,27,3803
SE-409615,LUM-PTA,PR-3009,2025-11-11,08:00,17:00,25,21,8221
SE-409616,LUM-PTA,PR-3010,11/11/2025,08:00,17:00,30,18,5602
SE-409617,LUM-PTA,PR-3011,11/11/2025,08:00,17:00,20,27,4519
SE-409618,LUM-PTA,PR-3012,2025-11-11,08:00,17:00,20,27,4073
SE-409619,LUM-UMH,PR-3014,2025-11-11,08:00,17:00,20,27,3616
SE-409620,LUM-UMH,PR-3015,11/11/2025,08:00,17:00,30,18,4817
SE-409621,LUM-UMH,PR-3016,2025-11-11,08:00,17:00,30,18,3166
SE-409622,LUM-UMH,PR-3017,2025-11-11,08:00,17:00,25,21,7465
SE-409623,LUM-UMH,PR-3018,2025-11-11,08:00,17:00,20,27,3765
SE-409624,LUM-CLR,PR-3019,2025-11-11,08:00,17:00,20,27,4416
SE-409625,LUM-CLR,PR-3020,11/11/2025,08:00,17:00,30,18,3302
SE-409626,LUM-CLR,PR-3021,2025-11-11,08:00,17:00,20,27,4210
SE-409627,LUM-CLR,PR-3023,2025-11-11,08:00,17:00,20,27,3940
SE-409628,LUM-CLR,PR-3024,2025-11-11,08:00,17:00,20,27,4215
SE-409629,LUM-GQE,PR-3025,2025-11-11,08:00,17:00,20,27,3480
SE-409630,LUM-GQE,PR-3026,2025-11-11,08:00,17:00,20,27,4421
SE-409631,LUM-GQE,PR-3028,2025-11-11,08:00,17:00,20,27,4210
SE-409632,LUM-BFN,PR-3030,2025-11-11,08:00,17:00,30,18,2885
SE-409633,LUM-BFN,PR-3031,2025-11-11,08:00,17:00,30,18,3256
SE-409634,LUM-BFN,PR-3032,11/11/2025,08:00,17:00,30,18,2779
SE-409635,LUM-SAN,PR-3001,2025-11-12,08:00,17:00,20,27,4207
SE-409636,LUM-SAN,PR-3002,2025-11-12,08:00,17:00,30,18,5987
SE-409637,LUM-SAN,PR-3003,2025-11-12,08:00,17:00,20,27,3679
SE-409638,LUM-SAN,PR-3004,2025-11-12,08:00,17:00,20,27,4117
SE-409639,LUM-SAN,PR-3006,2025-11-12,08:00,17:00,30,18,3134
SE-409640,LUM-SAN,PR-3007,12/11/2025,08:00,17:00,45,12,6711
SE-409641,LUM-PTA,PR-3009,2025-11-12,08:00,17:00,25,21,8221
SE-409642,LUM-PTA,PR-3010,2025-11-12,08:00,17:00,30,18,5602
SE-409643,LUM-PTA,PR-3012,2025-11-12,08:00,17:00,20,27,4073
SE-409644,LUM-PTA,PR-3013,2025-11-12,08:00,17:00,30,18,5678
SE-409645,LUM-UMH,PR-3015,12/11/2025,08:00,17:00,30,18,4817
SE-409646,LUM-UMH,PR-3016,2025-11-12,08:00,17:00,30,18,3166
SE-409647,LUM-UMH,PR-3017,2025-11-12,08:00,17:00,25,21,7465
SE-409648,LUM-UMH,PR-3018,2025-11-12,08:00,17:00,20,27,3765
SE-409649,LUM-CLR,PR-3019,2025-11-12,08:00,17:00,20,27,4416
SE-409650,LUM-CLR,PR-3020,2025-11-12,08:00,17:00,30,18,3302
SE-409651,LUM-CLR,PR-3021,2025-11-12,08:00,17:00,20,27,4210
SE-409652,LUM-CLR,PR-3022,2025-11-12,08:00,17:00,20,27,4199
SE-409653,LUM-CLR,PR-3023,2025-11-12,08:00,17:00,20,27,3940
SE-409654,LUM-CLR,PR-3024,12/11/2025,08:00,17:00,20,27,4215
SE-409655,LUM-GQE,PR-3025,2025-11-12,08:00,17:00,20,27,3480
SE-409656,LUM-GQE,PR-3026,12/11/2025,08:00,17:00,20,27,4421
SE-409657,LUM-GQE,PR-3027,2025-11-12,08:00,17:00,30,18,5152
SE-409658,LUM-GQE,PR-3028,2025-11-12,08:00,17:00,20,27,4210
SE-409659,LUM-BFN,PR-3029,2025-11-12,08:00,17:00,30,18,4817
SE-409660,LUM-BFN,PR-3030,2025-11-12,08:00,17:00,30,18,2885
SE-409661,LUM-BFN,PR-3031,12/11/2025,08:00,17:00,30,18,3256
SE-409662,LUM-BFN,PR-3032,12/11/2025,08:00,17:00,30,18,2779
SE-409663,LUM-SAN,PR-3001,2025-11-13,08:00,17:00,20,27,4207
SE-409664,LUM-SAN,PR-3002,2025-11-13,08:00,17:00,30,18,5987
SE-409665,LUM-SAN,PR-3003,2025-11-13,08:00,17:00,20,27,3679
SE-409666,LUM-SAN,PR-3004,13/11/2025,08:00,17:00,20,27,4117
SE-409667,LUM-SAN,PR-3005,13/11/2025,08:00,17:00,20,27,4234
SE-409668,LUM-SAN,PR-3006,13/11/2025,08:00,17:00,30,18,3134
SE-409669,LUM-SAN,PR-3007,2025-11-13,08:00,17:00,45,12,6711
SE-409670,LUM-PTA,PR-3009,2025-11-13,08:00,17:00,25,21,8221
SE-409671,LUM-PTA,PR-3010,13/11/2025,08:00,17:00,30,18,5602
SE-409672,LUM-PTA,PR-3011,2025-11-13,08:00,17:00,20,27,4519
SE-409673,LUM-PTA,PR-3012,13/11/2025,08:00,17:00,20,27,4073
SE-409674,LUM-PTA,PR-3013,2025-11-13,08:00,17:00,30,18,5678
SE-409675,LUM-UMH,PR-3014,2025-11-13,08:00,17:00,20,27,3616
SE-409676,LUM-UMH,PR-3015,13/11/2025,08:00,17:00,30,18,4817
SE-409677,LUM-UMH,PR-3016,2025-11-13,08:00,17:00,30,18,3166
SE-409678,LUM-UMH,PR-3017,2025-11-13,08:00,17:00,25,21,7465
SE-409679,LUM-UMH,PR-3018,2025-11-13,08:00,17:00,20,27,3765
SE-409680,LUM-CLR,PR-3019,2025-11-13,08:00,17:00,20,27,4416
SE-409681,LUM-CLR,PR-3020,2025-11-13,08:00,17:00,30,18,3302
SE-409682,LUM-CLR,PR-3021,2025-11-13,08:00,17:00,20,27,4210
SE-409683,LUM-CLR,PR-3022,2025-11-13,08:00,17:00,20,27,4199
SE-409684,LUM-CLR,PR-3024,2025-11-13,08:00,17:00,20,27,4215
SE-409685,LUM-GQE,PR-3025,2025-11-13,08:00,17:00,20,27,3480
SE-409686,LUM-GQE,PR-3026,2025-11-13,08:00,17:00,20,27,4421
SE-409687,LUM-GQE,PR-3027,2025-11-13,08:00,17:00,30,18,5152
SE-409688,LUM-BFN,PR-3029,2025-11-13,08:00,17:00,30,18,4817
SE-409689,LUM-BFN,PR-3030,2025-11-13,08:00,17:00,30,18,2885
SE-409690,LUM-BFN,PR-3031,2025-11-13,08:00,17:00,30,18,3256
SE-409691,LUM-BFN,PR-3032,13/11/2025,08:00,17:00,30,18,2779
SE-409692,LUM-SAN,PR-3001,2025-11-14,08:00,17:00,20,27,4207
SE-409693,LUM-SAN,PR-3002,14/11/2025,08:00,17:00,30,18,5987
SE-409694,LUM-SAN,PR-3003,2025-11-14,08:00,17:00,20,27,3679
SE-409695,LUM-SAN,PR-3004,2025-11-14,08:00,17:00,20,27,4117
SE-409696,LUM-SAN,PR-3005,14/11/2025,08:00,17:00,20,27,4234
SE-409697,LUM-SAN,PR-3006,2025-11-14,08:00,17:00,30,18,3134
SE-409698,LUM-SAN,PR-3007,2025-11-14,08:00,17:00,45,12,6711
SE-409699,LUM-PTA,PR-3008,2025-11-14,08:00,17:00,20,27,3803
SE-409700,LUM-PTA,PR-3010,14/11/2025,08:00,17:00,30,18,5602
SE-409701,LUM-PTA,PR-3011,2025-11-14,08:00,17:00,20,27,4519
SE-409702,LUM-PTA,PR-3012,2025-11-14,08:00,17:00,20,27,4073
SE-409703,LUM-UMH,PR-3014,14/11/2025,08:00,17:00,20,27,3616
SE-409704,LUM-UMH,PR-3015,14/11/2025,08:00,17:00,30,18,4817
SE-409705,LUM-UMH,PR-3016,2025-11-14,08:00,17:00,30,18,3166
SE-409706,LUM-UMH,PR-3017,2025-11-14,08:00,17:00,25,21,7465
SE-409707,LUM-UMH,PR-3018,2025-11-14,08:00,17:00,20,27,3765
SE-409708,LUM-CLR,PR-3020,14/11/2025,08:00,17:00,30,18,3302
SE-409709,LUM-CLR,PR-3021,2025-11-14,08:00,17:00,20,27,4210
SE-409710,LUM-CLR,PR-3022,14/11/2025,08:00,17:00,20,27,4199
SE-409711,LUM-CLR,PR-3023,2025-11-14,08:00,17:00,20,27,3940
SE-409712,LUM-CLR,PR-3024,2025-11-14,08:00,17:00,20,27,4215
SE-409713,LUM-GQE,PR-3025,2025-11-14,08:00,17:00,20,27,3480
SE-409714,LUM-GQE,PR-3026,2025-11-14,08:00,17:00,20,27,4421
SE-409715,LUM-GQE,PR-3027,14/11/2025,08:00,17:00,30,18,5152
SE-409716,LUM-GQE,PR-3028,14/11/2025,08:00,17:00,20,27,4210
SE-409717,LUM-BFN,PR-3030,14/11/2025,08:00,17:00,30,18,2885
SE-409718,LUM-BFN,PR-3031,2025-11-14,08:00,17:00,30,18,3256
SE-409719,LUM-BFN,PR-3032,14/11/2025,08:00,17:00,30,18,2779
SE-409720,LUM-SAN,PR-3002,2025-11-15,08:00,13:00,30,10,3326.11
SE-409721,LUM-SAN,PR-3005,2025-11-15,08:00,13:00,20,15,2352.22
SE-409722,LUM-PTA,PR-3009,15/11/2025,08:00,13:00,25,12,4567.22
SE-409723,LUM-UMH,PR-3016,2025-11-15,08:00,13:00,30,10,1758.89
SE-409724,LUM-UMH,PR-3018,2025-11-15,08:00,13:00,20,15,2091.67
SE-409725,LUM-CLR,PR-3019,2025-11-15,08:00,13:00,20,15,2453.33
SE-409726,LUM-CLR,PR-3020,2025-11-15,08:00,13:00,30,10,1834.44
SE-409727,LUM-CLR,PR-3021,2025-11-15,08:00,13:00,20,15,2338.89
SE-409728,LUM-GQE,PR-3025,15/11/2025,08:00,13:00,20,15,1933.33
SE-409729,LUM-BFN,PR-3029,15/11/2025,08:00,13:00,30,10,2676.11
SE-409730,LUM-SAN,PR-3001,2025-11-17,08:00,17:00,20,27,4207
SE-409731,LUM-SAN,PR-3002,2025-11-17,08:00,17:00,30,18,5987
SE-409732,LUM-SAN,PR-3003,2025-11-17,08:00,17:00,20,27,3679
SE-409733,LUM-SAN,PR-3004,2025-11-17,08:00,17:00,20,27,4117
SE-409734,LUM-SAN,PR-3005,2025-11-17,08:00,17:00,20,27,4234
SE-409735,LUM-SAN,PR-3006,2025-11-17,08:00,17:00,30,18,3134
SE-409736,LUM-PTA,PR-3008,2025-11-17,08:00,17:00,20,27,3803
SE-409737,LUM-PTA,PR-3009,2025-11-17,08:00,17:00,25,21,8221
SE-409738,LUM-PTA,PR-3010,17/11/2025,08:00,17:00,30,18,5602
SE-409739,LUM-PTA,PR-3011,2025-11-17,08:00,17:00,20,27,4519
SE-409740,LUM-PTA,PR-3012,2025-11-17,08:00,17:00,20,27,4073
SE-409741,LUM-PTA,PR-3013,2025-11-17,08:00,17:00,30,18,5678
SE-409742,LUM-UMH,PR-3014,17/11/2025,08:00,17:00,20,27,3616
SE-409743,LUM-UMH,PR-3015,2025-11-17,08:00,17:00,30,18,4817
SE-409744,LUM-UMH,PR-3016,17/11/2025,08:00,17:00,30,18,3166
SE-409745,LUM-UMH,PR-3017,17/11/2025,08:00,17:00,25,21,7465
SE-409746,LUM-CLR,PR-3020,17/11/2025,08:00,17:00,30,18,3302
SE-409747,LUM-CLR,PR-3021,17/11/2025,08:00,17:00,20,27,4210
SE-409748,LUM-CLR,PR-3022,17/11/2025,08:00,17:00,20,27,4199
SE-409749,LUM-CLR,PR-3023,2025-11-17,08:00,17:00,20,27,3940
SE-409750,LUM-GQE,PR-3025,2025-11-17,08:00,17:00,20,27,3480
SE-409751,LUM-GQE,PR-3026,2025-11-17,08:00,17:00,20,27,4421
SE-409752,LUM-GQE,PR-3027,2025-11-17,08:00,17:00,30,18,5152
SE-409753,LUM-BFN,PR-3029,2025-11-17,08:00,17:00,30,18,4817
SE-409754,LUM-BFN,PR-3030,17/11/2025,08:00,17:00,30,18,2885
SE-409755,LUM-BFN,PR-3031,2025-11-17,08:00,17:00,30,18,3256
SE-409756,LUM-BFN,PR-3032,2025-11-17,08:00,17:00,30,18,2779
SE-409757,LUM-SAN,PR-3001,18/11/2025,08:00,17:00,20,27,4207
SE-409758,LUM-SAN,PR-3002,18/11/2025,08:00,17:00,30,18,5987
SE-409759,LUM-SAN,PR-3003,2025-11-18,08:00,17:00,20,27,3679
SE-409760,LUM-SAN,PR-3004,2025-11-18,08:00,17:00,20,27,4117
SE-409761,LUM-SAN,PR-3005,2025-11-18,08:00,17:00,20,27,4234
SE-409762,LUM-SAN,PR-3006,2025-11-18,08:00,17:00,30,18,3134
SE-409763,LUM-SAN,PR-3007,18/11/2025,08:00,17:00,45,12,6711
SE-409764,LUM-PTA,PR-3010,2025-11-18,08:00,17:00,30,18,5602
SE-409765,LUM-PTA,PR-3011,2025-11-18,08:00,17:00,20,27,4519
SE-409766,LUM-PTA,PR-3012,2025-11-18,08:00,17:00,20,27,4073
SE-409767,LUM-PTA,PR-3013,2025-11-18,08:00,17:00,30,18,5678
SE-409768,LUM-UMH,PR-3014,18/11/2025,08:00,17:00,20,27,3616
SE-409769,LUM-UMH,PR-3015,2025-11-18,08:00,17:00,30,18,4817
SE-409770,LUM-UMH,PR-3016,2025-11-18,08:00,17:00,30,18,3166
SE-409771,LUM-UMH,PR-3017,2025-11-18,08:00,17:00,25,21,7465
SE-409772,LUM-UMH,PR-3018,2025-11-18,08:00,17:00,20,27,3765
SE-409773,LUM-CLR,PR-3019,2025-11-18,08:00,17:00,20,27,4416
SE-409774,LUM-CLR,PR-3020,2025-11-18,08:00,17:00,30,18,3302
SE-409775,LUM-CLR,PR-3021,2025-11-18,08:00,17:00,20,27,4210
SE-409776,LUM-CLR,PR-3022,18/11/2025,08:00,17:00,20,27,4199
SE-409777,LUM-CLR,PR-3023,18/11/2025,08:00,17:00,20,27,3940
SE-409778,LUM-CLR,PR-3024,2025-11-18,08:00,17:00,20,27,4215
SE-409779,LUM-GQE,PR-3025,2025-11-18,08:00,17:00,20,27,3480
SE-409780,LUM-GQE,PR-3026,18/11/2025,08:00,17:00,20,27,4421
SE-409781,LUM-GQE,PR-3027,2025-11-18,08:00,17:00,30,18,5152
SE-409782,LUM-GQE,PR-3028,2025-11-18,08:00,17:00,20,27,4210
SE-409783,LUM-BFN,PR-3029,2025-11-18,08:00,17:00,30,18,4817
SE-409784,LUM-BFN,PR-3030,2025-11-18,08:00,17:00,30,18,2885
SE-409785,LUM-BFN,PR-3031,2025-11-18,08:00,17:00,30,18,3256
SE-409786,LUM-BFN,PR-3032,18/11/2025,08:00,17:00,30,18,2779
SE-409787,LUM-SAN,PR-3001,2025-11-19,08:00,17:00,20,27,4207
SE-409788,LUM-SAN,PR-3002,19/11/2025,08:00,17:00,30,18,5987
SE-409789,LUM-SAN,PR-3003,2025-11-19,08:00,17:00,20,27,3679
SE-409790,LUM-SAN,PR-3004,19/11/2025,08:00,17:00,20,27,4117
SE-409791,LUM-SAN,PR-3005,2025-11-19,08:00,17:00,20,27,4234
SE-409792,LUM-SAN,PR-3006,2025-11-19,08:00,17:00,30,18,3134
SE-409793,LUM-SAN,PR-3007,19/11/2025,08:00,17:00,45,12,6711
SE-409794,LUM-PTA,PR-3008,2025-11-19,08:00,17:00,20,27,3803
SE-409795,LUM-PTA,PR-3009,2025-11-19,08:00,17:00,25,21,8221
SE-409796,LUM-PTA,PR-3010,19/11/2025,08:00,17:00,30,18,5602
SE-409797,LUM-PTA,PR-3011,19/11/2025,08:00,17:00,20,27,4519
SE-409798,LUM-PTA,PR-3012,2025-11-19,08:00,17:00,20,27,4073
SE-409799,LUM-PTA,PR-3013,2025-11-19,08:00,17:00,30,18,5678
SE-409800,LUM-UMH,PR-3014,2025-11-19,08:00,17:00,20,27,3616
SE-409801,LUM-UMH,PR-3015,2025-11-19,08:00,17:00,30,18,4817
SE-409802,LUM-UMH,PR-3016,2025-11-19,08:00,17:00,30,18,3166
SE-409803,LUM-UMH,PR-3018,2025-11-19,08:00,17:00,20,27,3765
SE-409804,LUM-CLR,PR-3019,19/11/2025,08:00,17:00,20,27,4416
SE-409805,LUM-CLR,PR-3020,19/11/2025,08:00,17:00,30,18,3302
SE-409806,LUM-CLR,PR-3021,2025-11-19,08:00,17:00,20,27,4210
SE-409807,LUM-CLR,PR-3022,2025-11-19,08:00,17:00,20,27,4199
SE-409808,LUM-CLR,PR-3024,2025-11-19,08:00,17:00,20,27,4215
SE-409809,LUM-GQE,PR-3025,2025-11-19,08:00,17:00,20,27,3480
SE-409810,LUM-GQE,PR-3026,2025-11-19,08:00,17:00,20,27,4421
SE-409811,LUM-GQE,PR-3027,19/11/2025,08:00,17:00,30,18,5152
SE-409812,LUM-GQE,PR-3028,19/11/2025,08:00,17:00,20,27,4210
SE-409813,LUM-BFN,PR-3029,2025-11-19,08:00,17:00,30,18,4817
SE-409814,LUM-BFN,PR-3030,2025-11-19,08:00,17:00,30,18,2885
SE-409815,LUM-BFN,PR-3031,2025-11-19,08:00,17:00,30,18,3256
SE-409816,LUM-BFN,PR-3032,2025-11-19,08:00,17:00,30,18,2779
SE-409817,LUM-SAN,PR-3001,20/11/2025,08:00,17:00,20,27,4207
SE-409818,LUM-SAN,PR-3002,2025-11-20,08:00,17:00,30,18,5987
SE-409819,LUM-SAN,PR-3003,2025-11-20,08:00,17:00,20,27,3679
SE-409820,LUM-SAN,PR-3004,2025-11-20,08:00,17:00,20,27,4117
SE-409821,LUM-SAN,PR-3005,2025-11-20,08:00,17:00,20,27,4234
SE-409822,LUM-SAN,PR-3006,2025-11-20,08:00,17:00,30,18,3134
SE-409823,LUM-SAN,PR-3007,2025-11-20,08:00,17:00,45,12,6711
SE-409824,LUM-PTA,PR-3008,2025-11-20,08:00,17:00,20,27,3803
SE-409825,LUM-PTA,PR-3009,20/11/2025,08:00,17:00,25,21,8221
SE-409826,LUM-PTA,PR-3010,2025-11-20,08:00,17:00,30,18,5602
SE-409827,LUM-PTA,PR-3011,20/11/2025,08:00,17:00,20,27,4519
SE-409828,LUM-PTA,PR-3012,2025-11-20,08:00,17:00,20,27,4073
SE-409829,LUM-PTA,PR-3013,20/11/2025,08:00,17:00,30,18,5678
SE-409830,LUM-UMH,PR-3014,2025-11-20,08:00,17:00,20,27,3616
SE-409831,LUM-UMH,PR-3016,2025-11-20,08:00,17:00,30,18,3166
SE-409832,LUM-UMH,PR-3017,20/11/2025,08:00,17:00,25,21,7465
SE-409833,LUM-UMH,PR-3018,20/11/2025,08:00,17:00,20,27,3765
SE-409834,LUM-CLR,PR-3019,20/11/2025,08:00,17:00,20,27,4416
SE-409835,LUM-CLR,PR-3020,20/11/2025,08:00,17:00,30,18,3302
SE-409836,LUM-CLR,PR-3021,20/11/2025,08:00,17:00,20,27,4210
SE-409837,LUM-CLR,PR-3023,2025-11-20,08:00,17:00,20,27,3940
SE-409838,LUM-GQE,PR-3025,2025-11-20,08:00,17:00,20,27,3480
SE-409839,LUM-GQE,PR-3026,20/11/2025,08:00,17:00,20,27,4421
SE-409840,LUM-GQE,PR-3027,2025-11-20,08:00,17:00,30,18,5152
SE-409841,LUM-GQE,PR-3028,2025-11-20,08:00,17:00,20,27,4210
SE-409842,LUM-BFN,PR-3029,2025-11-20,08:00,17:00,30,18,4817
SE-409843,LUM-BFN,PR-3030,2025-11-20,08:00,17:00,30,18,2885
SE-409844,LUM-BFN,PR-3031,2025-11-20,08:00,17:00,30,18,3256
SE-409845,LUM-BFN,PR-3032,20/11/2025,08:00,17:00,30,18,2779
SE-409846,LUM-SAN,PR-3001,2025-11-21,08:00,17:00,20,27,4207
SE-409847,LUM-SAN,PR-3002,2025-11-21,08:00,17:00,30,18,5987
SE-409848,LUM-SAN,PR-3003,21/11/2025,08:00,17:00,20,27,3679
SE-409849,LUM-SAN,PR-3005,2025-11-21,08:00,17:00,20,27,4234
SE-409850,LUM-SAN,PR-3006,2025-11-21,08:00,17:00,30,18,3134
SE-409851,LUM-SAN,PR-3007,2025-11-21,08:00,17:00,45,12,6711
SE-409852,LUM-PTA,PR-3009,2025-11-21,08:00,17:00,25,21,8221
SE-409853,LUM-PTA,PR-3010,2025-11-21,08:00,17:00,30,18,5602
SE-409854,LUM-PTA,PR-3011,21/11/2025,08:00,17:00,20,27,4519
SE-409855,LUM-PTA,PR-3012,21/11/2025,08:00,17:00,20,27,4073
SE-409856,LUM-PTA,PR-3013,21/11/2025,08:00,17:00,30,18,5678
SE-409857,LUM-UMH,PR-3014,2025-11-21,08:00,17:00,20,27,3616
SE-409858,LUM-UMH,PR-3015,2025-11-21,08:00,17:00,30,18,4817
SE-409859,LUM-UMH,PR-3016,2025-11-21,08:00,17:00,30,18,3166
SE-409860,LUM-UMH,PR-3017,21/11/2025,08:00,17:00,25,21,7465
SE-409861,LUM-UMH,PR-3018,2025-11-21,08:00,17:00,20,27,3765
SE-409862,LUM-CLR,PR-3019,2025-11-21,08:00,17:00,20,27,4416
SE-409863,LUM-CLR,PR-3020,2025-11-21,08:00,17:00,30,18,3302
SE-409864,LUM-CLR,PR-3021,2025-11-21,08:00,17:00,20,27,4210
SE-409865,LUM-CLR,PR-3022,2025-11-21,08:00,17:00,20,27,4199
SE-409866,LUM-CLR,PR-3023,2025-11-21,08:00,17:00,20,27,3940
SE-409867,LUM-CLR,PR-3024,21/11/2025,08:00,17:00,20,27,4215
SE-409868,LUM-GQE,PR-3025,21/11/2025,08:00,17:00,20,27,3480
SE-409869,LUM-GQE,PR-3026,21/11/2025,08:00,17:00,20,27,4421
SE-409870,LUM-GQE,PR-3027,2025-11-21,08:00,17:00,30,18,5152
SE-409871,LUM-GQE,PR-3028,2025-11-21,08:00,17:00,20,27,4210
SE-409872,LUM-BFN,PR-3029,2025-11-21,08:00,17:00,30,18,4817
SE-409873,LUM-BFN,PR-3030,21/11/2025,08:00,17:00,30,18,2885
SE-409874,LUM-BFN,PR-3031,2025-11-21,08:00,17:00,30,18,3256
SE-409875,LUM-SAN,PR-3005,2025-11-22,08:00,13:00,20,15,2352.22
SE-409876,LUM-SAN,PR-3006,2025-11-22,08:00,13:00,30,10,1741.11
SE-409877,LUM-SAN,PR-3007,2025-11-22,08:00,13:00,45,6,3728.33
SE-409878,LUM-PTA,PR-3011,2025-11-22,08:00,13:00,20,15,2510.56
SE-409879,LUM-PTA,PR-3012,2025-11-22,08:00,13:00,20,15,2262.78
SE-409880,LUM-CLR,PR-3019,2025-11-22,08:00,13:00,20,15,2453.33
SE-409881,LUM-CLR,PR-3020,22/11/2025,08:00,13:00,30,10,1834.44
SE-409882,LUM-CLR,PR-3022,2025-11-22,08:00,13:00,20,15,2332.78
SE-409883,LUM-CLR,PR-3023,2025-11-22,08:00,13:00,20,15,2188.89
SE-409884,LUM-GQE,PR-3027,2025-11-22,08:00,13:00,30,10,2862.22
SE-409885,LUM-BFN,PR-3030,2025-11-22,08:00,13:00,30,10,1602.78
SE-409886,LUM-SAN,PR-3002,2025-11-24,08:00,17:00,30,18,5987
SE-409887,LUM-SAN,PR-3003,2025-11-24,08:00,17:00,20,27,3679
SE-409888,LUM-SAN,PR-3004,2025-11-24,08:00,17:00,20,27,4117
SE-409889,LUM-SAN,PR-3005,2025-11-24,08:00,17:00,20,27,4234
SE-409890,LUM-SAN,PR-3006,2025-11-24,08:00,17:00,30,18,3134
SE-409891,LUM-SAN,PR-3007,2025-11-24,08:00,17:00,45,12,6711
SE-409892,LUM-PTA,PR-3008,2025-11-24,08:00,17:00,20,27,3803
SE-409893,LUM-PTA,PR-3009,2025-11-24,08:00,17:00,25,21,8221
SE-409894,LUM-PTA,PR-3010,2025-11-24,08:00,17:00,30,18,5602
SE-409895,LUM-PTA,PR-3011,2025-11-24,08:00,17:00,20,27,4519
SE-409896,LUM-PTA,PR-3012,24/11/2025,08:00,17:00,20,27,4073
SE-409897,LUM-PTA,PR-3013,2025-11-24,08:00,17:00,30,18,5678
SE-409898,LUM-UMH,PR-3014,2025-11-24,08:00,17:00,20,27,3616
SE-409899,LUM-UMH,PR-3015,2025-11-24,08:00,17:00,30,18,4817
SE-409900,LUM-UMH,PR-3017,2025-11-24,08:00,17:00,25,21,7465
SE-409901,LUM-UMH,PR-3018,24/11/2025,08:00,17:00,20,27,3765
SE-409902,LUM-CLR,PR-3019,2025-11-24,08:00,17:00,20,27,4416
SE-409903,LUM-CLR,PR-3021,2025-11-24,08:00,17:00,20,27,4210
SE-409904,LUM-CLR,PR-3023,2025-11-24,08:00,17:00,20,27,3940
SE-409905,LUM-CLR,PR-3024,24/11/2025,08:00,17:00,20,27,4215
SE-409906,LUM-GQE,PR-3026,2025-11-24,08:00,17:00,20,27,4421
SE-409907,LUM-GQE,PR-3027,2025-11-24,08:00,17:00,30,18,5152
SE-409908,LUM-GQE,PR-3028,2025-11-24,08:00,17:00,20,27,4210
SE-409909,LUM-BFN,PR-3029,2025-11-24,08:00,17:00,30,18,4817
SE-409910,LUM-BFN,PR-3030,24/11/2025,08:00,17:00,30,18,2885
SE-409911,LUM-BFN,PR-3031,2025-11-24,08:00,17:00,30,18,3256
SE-409912,LUM-SAN,PR-3001,2025-11-25,08:00,17:00,20,27,4207
SE-409913,LUM-SAN,PR-3002,2025-11-25,08:00,17:00,30,18,5987
SE-409914,LUM-SAN,PR-3004,2025-11-25,08:00,17:00,20,27,4117
SE-409915,LUM-SAN,PR-3005,25/11/2025,08:00,17:00,20,27,4234
SE-409916,LUM-SAN,PR-3006,2025-11-25,08:00,17:00,30,18,3134
SE-409917,LUM-SAN,PR-3007,25/11/2025,08:00,17:00,45,12,6711
SE-409918,LUM-PTA,PR-3008,2025-11-25,08:00,17:00,20,27,3803
SE-409919,LUM-PTA,PR-3010,25/11/2025,08:00,17:00,30,18,5602
SE-409920,LUM-PTA,PR-3011,2025-11-25,08:00,17:00,20,27,4519
SE-409921,LUM-PTA,PR-3012,25/11/2025,08:00,17:00,20,27,4073
SE-409922,LUM-UMH,PR-3014,2025-11-25,08:00,17:00,20,27,3616
SE-409923,LUM-UMH,PR-3015,25/11/2025,08:00,17:00,30,18,4817
SE-409924,LUM-UMH,PR-3017,2025-11-25,08:00,17:00,25,21,7465
SE-409925,LUM-UMH,PR-3018,25/11/2025,08:00,17:00,20,27,3765
SE-409926,LUM-CLR,PR-3019,2025-11-25,08:00,17:00,20,27,4416
SE-409927,LUM-CLR,PR-3020,2025-11-25,08:00,17:00,30,18,3302
SE-409928,LUM-CLR,PR-3021,25/11/2025,08:00,17:00,20,27,4210
SE-409929,LUM-CLR,PR-3023,2025-11-25,08:00,17:00,20,27,3940
SE-409930,LUM-CLR,PR-3024,25/11/2025,08:00,17:00,20,27,4215
SE-409931,LUM-GQE,PR-3025,2025-11-25,08:00,17:00,20,27,3480
SE-409932,LUM-GQE,PR-3026,2025-11-25,08:00,17:00,20,27,4421
SE-409933,LUM-GQE,PR-3027,2025-11-25,08:00,17:00,30,18,5152
SE-409934,LUM-GQE,PR-3028,25/11/2025,08:00,17:00,20,27,4210
SE-409935,LUM-BFN,PR-3029,2025-11-25,08:00,17:00,30,18,4817
SE-409936,LUM-BFN,PR-3030,2025-11-25,08:00,17:00,30,18,2885
SE-409937,LUM-BFN,PR-3031,2025-11-25,08:00,17:00,30,18,3256
SE-409938,LUM-BFN,PR-3032,2025-11-25,08:00,17:00,30,18,2779
SE-409939,LUM-SAN,PR-3001,2025-11-26,08:00,17:00,20,27,4207
SE-409940,LUM-SAN,PR-3002,26/11/2025,08:00,17:00,30,18,5987
SE-409941,LUM-SAN,PR-3003,2025-11-26,08:00,17:00,20,27,3679
SE-409942,LUM-SAN,PR-3004,2025-11-26,08:00,17:00,20,27,4117
SE-409943,LUM-SAN,PR-3005,26/11/2025,08:00,17:00,20,27,4234
SE-409944,LUM-SAN,PR-3006,2025-11-26,08:00,17:00,30,18,3134
SE-409945,LUM-SAN,PR-3007,2025-11-26,08:00,17:00,45,12,6711
SE-409946,LUM-PTA,PR-3008,2025-11-26,08:00,17:00,20,27,3803
SE-409947,LUM-PTA,PR-3009,26/11/2025,08:00,17:00,25,21,8221
SE-409948,LUM-PTA,PR-3010,2025-11-26,08:00,17:00,30,18,5602
SE-409949,LUM-PTA,PR-3011,2025-11-26,08:00,17:00,20,27,4519
SE-409950,LUM-PTA,PR-3012,2025-11-26,08:00,17:00,20,27,4073
SE-409951,LUM-PTA,PR-3013,2025-11-26,08:00,17:00,30,18,5678
SE-409952,LUM-UMH,PR-3014,2025-11-26,08:00,17:00,20,27,3616
SE-409953,LUM-UMH,PR-3015,2025-11-26,08:00,17:00,30,18,4817
SE-409954,LUM-UMH,PR-3016,2025-11-26,08:00,17:00,30,18,3166
SE-409955,LUM-UMH,PR-3017,26/11/2025,08:00,17:00,25,21,7465
SE-409956,LUM-UMH,PR-3018,26/11/2025,08:00,17:00,20,27,3765
SE-409957,LUM-CLR,PR-3019,2025-11-26,08:00,17:00,20,27,4416
SE-409958,LUM-CLR,PR-3020,2025-11-26,08:00,17:00,30,18,3302
SE-409959,LUM-CLR,PR-3021,26/11/2025,08:00,17:00,20,27,4210
SE-409960,LUM-CLR,PR-3022,26/11/2025,08:00,17:00,20,27,4199
SE-409961,LUM-CLR,PR-3023,2025-11-26,08:00,17:00,20,27,3940
SE-409962,LUM-CLR,PR-3024,2025-11-26,08:00,17:00,20,27,4215
SE-409963,LUM-GQE,PR-3025,2025-11-26,08:00,17:00,20,27,3480
SE-409964,LUM-GQE,PR-3026,2025-11-26,08:00,17:00,20,27,4421
SE-409965,LUM-GQE,PR-3027,26/11/2025,08:00,17:00,30,18,5152
SE-409966,LUM-GQE,PR-3028,2025-11-26,08:00,17:00,20,27,4210
SE-409967,LUM-BFN,PR-3029,26/11/2025,08:00,17:00,30,18,4817
SE-409968,LUM-BFN,PR-3030,2025-11-26,08:00,17:00,30,18,2885
SE-409969,LUM-SAN,PR-3001,27/11/2025,08:00,17:00,20,27,4207
SE-409970,LUM-SAN,PR-3003,27/11/2025,08:00,17:00,20,27,3679
SE-409971,LUM-SAN,PR-3004,2025-11-27,08:00,17:00,20,27,4117
SE-409972,LUM-SAN,PR-3005,2025-11-27,08:00,17:00,20,27,4234
SE-409973,LUM-SAN,PR-3006,2025-11-27,08:00,17:00,30,18,3134
SE-409974,LUM-SAN,PR-3007,2025-11-27,08:00,17:00,45,12,6711
SE-409975,LUM-PTA,PR-3009,2025-11-27,08:00,17:00,25,21,8221
SE-409976,LUM-PTA,PR-3010,2025-11-27,08:00,17:00,30,18,5602
SE-409977,LUM-PTA,PR-3011,2025-11-27,08:00,17:00,20,27,4519
SE-409978,LUM-PTA,PR-3012,2025-11-27,08:00,17:00,20,27,4073
SE-409979,LUM-PTA,PR-3013,2025-11-27,08:00,17:00,30,18,5678
SE-409980,LUM-UMH,PR-3014,2025-11-27,08:00,17:00,20,27,3616
SE-409981,LUM-UMH,PR-3015,2025-11-27,08:00,17:00,30,18,4817
SE-409982,LUM-UMH,PR-3017,27/11/2025,08:00,17:00,25,21,7465
SE-409983,LUM-UMH,PR-3018,27/11/2025,08:00,17:00,20,27,3765
SE-409984,LUM-CLR,PR-3019,27/11/2025,08:00,17:00,20,27,4416
SE-409985,LUM-CLR,PR-3020,2025-11-27,08:00,17:00,30,18,3302
SE-409986,LUM-CLR,PR-3021,2025-11-27,08:00,17:00,20,27,4210
SE-409987,LUM-CLR,PR-3022,2025-11-27,08:00,17:00,20,27,4199
SE-409988,LUM-CLR,PR-3023,2025-11-27,08:00,17:00,20,27,3940
SE-409989,LUM-GQE,PR-3025,2025-11-27,08:00,17:00,20,27,3480
SE-409990,LUM-GQE,PR-3026,27/11/2025,08:00,17:00,20,27,4421
SE-409991,LUM-GQE,PR-3027,2025-11-27,08:00,17:00,30,18,5152
SE-409992,LUM-GQE,PR-3028,2025-11-27,08:00,17:00,20,27,4210
SE-409993,LUM-BFN,PR-3029,2025-11-27,08:00,17:00,30,18,4817
SE-409994,LUM-BFN,PR-3030,2025-11-27,08:00,17:00,30,18,2885
SE-409995,LUM-BFN,PR-3032,27/11/2025,08:00,17:00,30,18,2779
SE-409996,LUM-SAN,PR-3001,28/11/2025,08:00,17:00,20,27,4207
SE-409997,LUM-SAN,PR-3004,2025-11-28,08:00,17:00,20,27,4117
SE-409998,LUM-SAN,PR-3006,2025-11-28,08:00,17:00,30,18,3134
SE-409999,LUM-SAN,PR-3007,2025-11-28,08:00,17:00,45,12,6711
SE-410000,LUM-PTA,PR-3008,2025-11-28,08:00,17:00,20,27,3803
SE-410001,LUM-PTA,PR-3010,2025-11-28,08:00,17:00,30,18,5602
SE-410002,LUM-PTA,PR-3011,2025-11-28,08:00,17:00,20,27,4519
SE-410003,LUM-PTA,PR-3012,2025-11-28,08:00,17:00,20,27,4073
SE-410004,LUM-PTA,PR-3013,28/11/2025,08:00,17:00,30,18,5678
SE-410005,LUM-UMH,PR-3014,2025-11-28,08:00,17:00,20,27,3616
SE-410006,LUM-UMH,PR-3015,2025-11-28,08:00,17:00,30,18,4817
SE-410007,LUM-UMH,PR-3017,2025-11-28,08:00,17:00,25,21,7465
SE-410008,LUM-UMH,PR-3018,2025-11-28,08:00,17:00,20,27,3765
SE-410009,LUM-CLR,PR-3019,28/11/2025,08:00,17:00,20,27,4416
SE-410010,LUM-CLR,PR-3020,2025-11-28,08:00,17:00,30,18,3302
SE-410011,LUM-CLR,PR-3022,28/11/2025,08:00,17:00,20,27,4199
SE-410012,LUM-CLR,PR-3023,2025-11-28,08:00,17:00,20,27,3940
SE-410013,LUM-CLR,PR-3024,2025-11-28,08:00,17:00,20,27,4215
SE-410014,LUM-GQE,PR-3025,28/11/2025,08:00,17:00,20,27,3480
SE-410015,LUM-GQE,PR-3027,2025-11-28,08:00,17:00,30,18,5152
SE-410016,LUM-GQE,PR-3028,2025-11-28,08:00,17:00,20,27,4210
SE-410017,LUM-BFN,PR-3029,2025-11-28,08:00,17:00,30,18,4817
SE-410018,LUM-BFN,PR-3030,28/11/2025,08:00,17:00,30,18,2885
SE-410019,LUM-BFN,PR-3032,2025-11-28,08:00,17:00,30,18,2779
SE-410020,LUM-SAN,PR-3001,2025-11-29,08:00,13:00,20,15,2337.22
SE-410021,LUM-SAN,PR-3002,2025-11-29,08:00,13:00,30,10,3326.11
SE-410022,LUM-SAN,PR-3003,2025-11-29,08:00,13:00,20,15,2043.89
SE-410023,LUM-SAN,PR-3006,2025-11-29,08:00,13:00,30,10,1741.11
SE-410024,LUM-SAN,PR-3007,29/11/2025,08:00,13:00,45,6,3728.33
SE-410025,LUM-PTA,PR-3008,29/11/2025,08:00,13:00,20,15,2112.78
SE-410026,LUM-PTA,PR-3009,2025-11-29,08:00,13:00,25,12,4567.22
SE-410027,LUM-PTA,PR-3011,2025-11-29,08:00,13:00,20,15,2510.56
SE-410028,LUM-PTA,PR-3013,29/11/2025,08:00,13:00,30,10,3154.44
SE-410029,LUM-UMH,PR-3016,2025-11-29,08:00,13:00,30,10,1758.89
SE-410030,LUM-CLR,PR-3020,2025-11-29,08:00,13:00,30,10,1834.44
SE-410031,LUM-CLR,PR-3021,2025-11-29,08:00,13:00,20,15,2338.89
SE-410032,LUM-CLR,PR-3024,2025-11-29,08:00,13:00,20,15,2341.67
SE-410033,LUM-GQE,PR-3026,2025-11-29,08:00,13:00,20,15,2456.11
SE-410034,LUM-BFN,PR-3030,2025-11-29,08:00,13:00,30,10,1602.78
SE-410035,LUM-BFN,PR-3031,2025-11-29,08:00,13:00,30,10,1808.89
SE-410036,LUM-SAN,PR-3001,2025-12-01,08:00,17:00,20,27,4207
SE-410037,LUM-SAN,PR-3002,01/12/2025,08:00,17:00,30,18,5987
SE-410038,LUM-SAN,PR-3003,2025-12-01,08:00,17:00,20,27,3679
SE-410039,LUM-SAN,PR-3004,2025-12-01,08:00,17:00,20,27,4117
SE-410040,LUM-SAN,PR-3005,01/12/2025,08:00,17:00,20,27,4234
SE-410041,LUM-SAN,PR-3007,2025-12-01,08:00,17:00,45,12,6711
SE-410042,LUM-PTA,PR-3008,2025-12-01,08:00,17:00,20,27,3803
SE-410043,LUM-PTA,PR-3009,2025-12-01,08:00,17:00,25,21,8221
SE-410044,LUM-PTA,PR-3012,2025-12-01,08:00,17:00,20,27,4073
SE-410045,LUM-PTA,PR-3013,2025-12-01,08:00,17:00,30,18,5678
SE-410046,LUM-UMH,PR-3014,2025-12-01,08:00,17:00,20,27,3616
SE-410047,LUM-UMH,PR-3015,2025-12-01,08:00,17:00,30,18,4817
SE-410048,LUM-UMH,PR-3016,2025-12-01,08:00,17:00,30,18,3166
SE-410049,LUM-UMH,PR-3017,2025-12-01,08:00,17:00,25,21,7465
SE-410050,LUM-UMH,PR-3018,2025-12-01,08:00,17:00,20,27,3765
SE-410051,LUM-CLR,PR-3019,2025-12-01,08:00,17:00,20,27,4416
SE-410052,LUM-CLR,PR-3020,2025-12-01,08:00,17:00,30,18,3302
SE-410053,LUM-CLR,PR-3022,2025-12-01,08:00,17:00,20,27,4199
SE-410054,LUM-CLR,PR-3023,2025-12-01,08:00,17:00,20,27,3940
SE-410055,LUM-CLR,PR-3024,2025-12-01,08:00,17:00,20,27,4215
SE-410056,LUM-GQE,PR-3025,2025-12-01,08:00,17:00,20,27,3480
SE-410057,LUM-GQE,PR-3026,01/12/2025,08:00,17:00,20,27,4421
SE-410058,LUM-GQE,PR-3027,01/12/2025,08:00,17:00,30,18,5152
SE-410059,LUM-GQE,PR-3028,2025-12-01,08:00,17:00,20,27,4210
SE-410060,LUM-BFN,PR-3029,2025-12-01,08:00,17:00,30,18,4817
SE-410061,LUM-BFN,PR-3030,01/12/2025,08:00,17:00,30,18,2885
SE-410062,LUM-BFN,PR-3031,01/12/2025,08:00,17:00,30,18,3256
SE-410063,LUM-BFN,PR-3032,2025-12-01,08:00,17:00,30,18,2779
SE-410064,LUM-SAN,PR-3001,2025-12-02,08:00,17:00,20,27,4207
SE-410065,LUM-SAN,PR-3003,2025-12-02,08:00,17:00,20,27,3679
SE-410066,LUM-SAN,PR-3004,02/12/2025,08:00,17:00,20,27,4117
SE-410067,LUM-SAN,PR-3005,2025-12-02,08:00,17:00,20,27,4234
SE-410068,LUM-SAN,PR-3006,02/12/2025,08:00,17:00,30,18,3134
SE-410069,LUM-SAN,PR-3007,02/12/2025,08:00,17:00,45,12,6711
SE-410070,LUM-PTA,PR-3008,2025-12-02,08:00,17:00,20,27,3803
SE-410071,LUM-PTA,PR-3009,2025-12-02,08:00,17:00,25,21,8221
SE-410072,LUM-PTA,PR-3010,2025-12-02,08:00,17:00,30,18,5602
SE-410073,LUM-PTA,PR-3011,2025-12-02,08:00,17:00,20,27,4519
SE-410074,LUM-PTA,PR-3013,02/12/2025,08:00,17:00,30,18,5678
SE-410075,LUM-UMH,PR-3014,2025-12-02,08:00,17:00,20,27,3616
SE-410076,LUM-UMH,PR-3015,2025-12-02,08:00,17:00,30,18,4817
SE-410077,LUM-UMH,PR-3016,02/12/2025,08:00,17:00,30,18,3166
SE-410078,LUM-UMH,PR-3017,2025-12-02,08:00,17:00,25,21,7465
SE-410079,LUM-UMH,PR-3018,2025-12-02,08:00,17:00,20,27,3765
SE-410080,LUM-CLR,PR-3019,2025-12-02,08:00,17:00,20,27,4416
SE-410081,LUM-CLR,PR-3020,2025-12-02,08:00,17:00,30,18,3302
SE-410082,LUM-CLR,PR-3021,2025-12-02,08:00,17:00,20,27,4210
SE-410083,LUM-CLR,PR-3022,02/12/2025,08:00,17:00,20,27,4199
SE-410084,LUM-CLR,PR-3023,2025-12-02,08:00,17:00,20,27,3940
SE-410085,LUM-CLR,PR-3024,2025-12-02,08:00,17:00,20,27,4215
SE-410086,LUM-GQE,PR-3025,2025-12-02,08:00,17:00,20,27,3480
SE-410087,LUM-GQE,PR-3026,02/12/2025,08:00,17:00,20,27,4421
SE-410088,LUM-GQE,PR-3027,2025-12-02,08:00,17:00,30,18,5152
SE-410089,LUM-GQE,PR-3028,2025-12-02,08:00,17:00,20,27,4210
SE-410090,LUM-BFN,PR-3030,2025-12-02,08:00,17:00,30,18,2885
SE-410091,LUM-BFN,PR-3031,2025-12-02,08:00,17:00,30,18,3256
SE-410092,LUM-BFN,PR-3032,2025-12-02,08:00,17:00,30,18,2779
SE-410093,LUM-SAN,PR-3001,03/12/2025,08:00,17:00,20,27,4207
SE-410094,LUM-SAN,PR-3002,2025-12-03,08:00,17:00,30,18,5987
SE-410095,LUM-SAN,PR-3003,2025-12-03,08:00,17:00,20,27,3679
SE-410096,LUM-SAN,PR-3004,2025-12-03,08:00,17:00,20,27,4117
SE-410097,LUM-SAN,PR-3005,2025-12-03,08:00,17:00,20,27,4234
SE-410098,LUM-SAN,PR-3006,2025-12-03,08:00,17:00,30,18,3134
SE-410099,LUM-SAN,PR-3007,03/12/2025,08:00,17:00,45,12,6711
SE-410100,LUM-PTA,PR-3008,03/12/2025,08:00,17:00,20,27,3803
SE-410101,LUM-PTA,PR-3009,03/12/2025,08:00,17:00,25,21,8221
SE-410102,LUM-PTA,PR-3010,2025-12-03,08:00,17:00,30,18,5602
SE-410103,LUM-PTA,PR-3011,2025-12-03,08:00,17:00,20,27,4519
SE-410104,LUM-PTA,PR-3012,2025-12-03,08:00,17:00,20,27,4073
SE-410105,LUM-PTA,PR-3013,03/12/2025,08:00,17:00,30,18,5678
SE-410106,LUM-UMH,PR-3014,2025-12-03,08:00,17:00,20,27,3616
SE-410107,LUM-UMH,PR-3015,2025-12-03,08:00,17:00,30,18,4817
SE-410108,LUM-UMH,PR-3016,2025-12-03,08:00,17:00,30,18,3166
SE-410109,LUM-UMH,PR-3017,2025-12-03,08:00,17:00,25,21,7465
SE-410110,LUM-UMH,PR-3018,2025-12-03,08:00,17:00,20,27,3765
SE-410111,LUM-CLR,PR-3019,2025-12-03,08:00,17:00,20,27,4416
SE-410112,LUM-CLR,PR-3020,2025-12-03,08:00,17:00,30,18,3302
SE-410113,LUM-CLR,PR-3021,2025-12-03,08:00,17:00,20,27,4210
SE-410114,LUM-CLR,PR-3022,2025-12-03,08:00,17:00,20,27,4199
SE-410115,LUM-CLR,PR-3023,2025-12-03,08:00,17:00,20,27,3940
SE-410116,LUM-CLR,PR-3024,2025-12-03,08:00,17:00,20,27,4215
SE-410117,LUM-GQE,PR-3025,2025-12-03,08:00,17:00,20,27,3480
SE-410118,LUM-GQE,PR-3026,2025-12-03,08:00,17:00,20,27,4421
SE-410119,LUM-GQE,PR-3027,03/12/2025,08:00,17:00,30,18,5152
SE-410120,LUM-GQE,PR-3028,2025-12-03,08:00,17:00,20,27,4210
SE-410121,LUM-BFN,PR-3029,2025-12-03,08:00,17:00,30,18,4817
SE-410122,LUM-BFN,PR-3030,2025-12-03,08:00,17:00,30,18,2885
SE-410123,LUM-BFN,PR-3031,2025-12-03,08:00,17:00,30,18,3256
SE-410124,LUM-BFN,PR-3032,2025-12-03,08:00,17:00,30,18,2779
SE-410125,LUM-SAN,PR-3001,2025-12-04,08:00,17:00,20,27,4207
SE-410126,LUM-SAN,PR-3002,04/12/2025,08:00,17:00,30,18,5987
SE-410127,LUM-SAN,PR-3003,2025-12-04,08:00,17:00,20,27,3679
SE-410128,LUM-SAN,PR-3004,2025-12-04,08:00,17:00,20,27,4117
SE-410129,LUM-SAN,PR-3005,2025-12-04,08:00,17:00,20,27,4234
SE-410130,LUM-SAN,PR-3006,2025-12-04,08:00,17:00,30,18,3134
SE-410131,LUM-PTA,PR-3008,2025-12-04,08:00,17:00,20,27,3803
SE-410132,LUM-PTA,PR-3009,2025-12-04,08:00,17:00,25,21,8221
SE-410133,LUM-PTA,PR-3010,2025-12-04,08:00,17:00,30,18,5602
SE-410134,LUM-PTA,PR-3011,04/12/2025,08:00,17:00,20,27,4519
SE-410135,LUM-PTA,PR-3012,04/12/2025,08:00,17:00,20,27,4073
SE-410136,LUM-PTA,PR-3013,2025-12-04,08:00,17:00,30,18,5678
SE-410137,LUM-UMH,PR-3014,2025-12-04,08:00,17:00,20,27,3616
SE-410138,LUM-UMH,PR-3015,2025-12-04,08:00,17:00,30,18,4817
SE-410139,LUM-UMH,PR-3017,04/12/2025,08:00,17:00,25,21,7465
SE-410140,LUM-UMH,PR-3018,04/12/2025,08:00,17:00,20,27,3765
SE-410141,LUM-CLR,PR-3019,2025-12-04,08:00,17:00,20,27,4416
SE-410142,LUM-CLR,PR-3020,2025-12-04,08:00,17:00,30,18,3302
SE-410143,LUM-CLR,PR-3021,04/12/2025,08:00,17:00,20,27,4210
SE-410144,LUM-CLR,PR-3022,2025-12-04,08:00,17:00,20,27,4199
SE-410145,LUM-CLR,PR-3023,2025-12-04,08:00,17:00,20,27,3940
SE-410146,LUM-CLR,PR-3024,04/12/2025,08:00,17:00,20,27,4215
SE-410147,LUM-GQE,PR-3025,2025-12-04,08:00,17:00,20,27,3480
SE-410148,LUM-GQE,PR-3026,2025-12-04,08:00,17:00,20,27,4421
SE-410149,LUM-GQE,PR-3027,2025-12-04,08:00,17:00,30,18,5152
SE-410150,LUM-GQE,PR-3028,2025-12-04,08:00,17:00,20,27,4210
SE-410151,LUM-BFN,PR-3029,2025-12-04,08:00,17:00,30,18,4817
SE-410152,LUM-BFN,PR-3030,04/12/2025,08:00,17:00,30,18,2885
SE-410153,LUM-BFN,PR-3031,04/12/2025,08:00,17:00,30,18,3256
SE-410154,LUM-BFN,PR-3032,2025-12-04,08:00,17:00,30,18,2779
SE-410155,LUM-SAN,PR-3001,2025-12-05,08:00,17:00,20,27,4207
SE-410156,LUM-SAN,PR-3002,2025-12-05,08:00,17:00,30,18,5987
SE-410157,LUM-SAN,PR-3004,05/12/2025,08:00,17:00,20,27,4117
SE-410158,LUM-SAN,PR-3005,2025-12-05,08:00,17:00,20,27,4234
SE-410159,LUM-SAN,PR-3006,05/12/2025,08:00,17:00,30,18,3134
SE-410160,LUM-SAN,PR-3007,2025-12-05,08:00,17:00,45,12,6711
SE-410161,LUM-PTA,PR-3009,2025-12-05,08:00,17:00,25,21,8221
SE-410162,LUM-PTA,PR-3010,05/12/2025,08:00,17:00,30,18,5602
SE-410163,LUM-PTA,PR-3011,2025-12-05,08:00,17:00,20,27,4519
SE-410164,LUM-PTA,PR-3012,05/12/2025,08:00,17:00,20,27,4073
SE-410165,LUM-PTA,PR-3013,2025-12-05,08:00,17:00,30,18,5678
SE-410166,LUM-UMH,PR-3014,05/12/2025,08:00,17:00,20,27,3616
SE-410167,LUM-UMH,PR-3015,2025-12-05,08:00,17:00,30,18,4817
SE-410168,LUM-UMH,PR-3016,2025-12-05,08:00,17:00,30,18,3166
SE-410169,LUM-UMH,PR-3017,05/12/2025,08:00,17:00,25,21,7465
SE-410170,LUM-UMH,PR-3018,05/12/2025,08:00,17:00,20,27,3765
SE-410171,LUM-CLR,PR-3019,2025-12-05,08:00,17:00,20,27,4416
SE-410172,LUM-CLR,PR-3020,2025-12-05,08:00,17:00,30,18,3302
SE-410173,LUM-CLR,PR-3021,2025-12-05,08:00,17:00,20,27,4210
SE-410174,LUM-CLR,PR-3022,2025-12-05,08:00,17:00,20,27,4199
SE-410175,LUM-CLR,PR-3024,2025-12-05,08:00,17:00,20,27,4215
SE-410176,LUM-GQE,PR-3025,2025-12-05,08:00,17:00,20,27,3480
SE-410177,LUM-GQE,PR-3026,2025-12-05,08:00,17:00,20,27,4421
SE-410178,LUM-GQE,PR-3027,2025-12-05,08:00,17:00,30,18,5152
SE-410179,LUM-GQE,PR-3028,2025-12-05,08:00,17:00,20,27,4210
SE-410180,LUM-BFN,PR-3029,2025-12-05,08:00,17:00,30,18,4817
SE-410181,LUM-BFN,PR-3030,05/12/2025,08:00,17:00,30,18,2885
SE-410182,LUM-BFN,PR-3031,2025-12-05,08:00,17:00,30,18,3256
SE-410183,LUM-BFN,PR-3032,2025-12-05,08:00,17:00,30,18,2779
SE-410184,LUM-SAN,PR-3001,2025-12-06,08:00,13:00,20,15,2337.22
SE-410185,LUM-SAN,PR-3004,06/12/2025,08:00,13:00,20,15,2287.22
SE-410186,LUM-SAN,PR-3005,2025-12-06,08:00,13:00,20,15,2352.22
SE-410187,LUM-SAN,PR-3006,2025-12-06,08:00,13:00,30,10,1741.11
SE-410188,LUM-SAN,PR-3007,06/12/2025,08:00,13:00,45,6,3728.33
SE-410189,LUM-PTA,PR-3009,2025-12-06,08:00,13:00,25,12,4567.22
SE-410190,LUM-PTA,PR-3010,2025-12-06,08:00,13:00,30,10,3112.22
SE-410191,LUM-PTA,PR-3013,2025-12-06,08:00,13:00,30,10,3154.44
SE-410192,LUM-UMH,PR-3018,2025-12-06,08:00,13:00,20,15,2091.67
SE-410193,LUM-CLR,PR-3020,2025-12-06,08:00,13:00,30,10,1834.44
SE-410194,LUM-CLR,PR-3023,06/12/2025,08:00,13:00,20,15,2188.89
SE-410195,LUM-CLR,PR-3024,06/12/2025,08:00,13:00,20,15,2341.67
SE-410196,LUM-GQE,PR-3026,06/12/2025,08:00,13:00,20,15,2456.11
SE-410197,LUM-BFN,PR-3031,2025-12-06,08:00,13:00,30,10,1808.89
SE-410198,LUM-SAN,PR-3001,2025-12-08,08:00,17:00,20,27,4207
SE-410199,LUM-SAN,PR-3002,2025-12-08,08:00,17:00,30,18,5987
SE-410200,LUM-SAN,PR-3003,2025-12-08,08:00,17:00,20,27,3679
SE-410201,LUM-SAN,PR-3004,2025-12-08,08:00,17:00,20,27,4117
SE-410202,LUM-SAN,PR-3005,2025-12-08,08:00,17:00,20,27,4234
SE-410203,LUM-SAN,PR-3006,2025-12-08,08:00,17:00,30,18,3134
SE-410204,LUM-SAN,PR-3007,2025-12-08,08:00,17:00,45,12,6711
SE-410205,LUM-PTA,PR-3008,08/12/2025,08:00,17:00,20,27,3803
SE-410206,LUM-PTA,PR-3010,08/12/2025,08:00,17:00,30,18,5602
SE-410207,LUM-PTA,PR-3011,2025-12-08,08:00,17:00,20,27,4519
SE-410208,LUM-PTA,PR-3012,2025-12-08,08:00,17:00,20,27,4073
SE-410209,LUM-PTA,PR-3013,2025-12-08,08:00,17:00,30,18,5678
SE-410210,LUM-UMH,PR-3014,2025-12-08,08:00,17:00,20,27,3616
SE-410211,LUM-UMH,PR-3015,2025-12-08,08:00,17:00,30,18,4817
SE-410212,LUM-UMH,PR-3016,2025-12-08,08:00,17:00,30,18,3166
SE-410213,LUM-UMH,PR-3017,2025-12-08,08:00,17:00,25,21,7465
SE-410214,LUM-UMH,PR-3018,2025-12-08,08:00,17:00,20,27,3765
SE-410215,LUM-CLR,PR-3019,2025-12-08,08:00,17:00,20,27,4416
SE-410216,LUM-CLR,PR-3020,2025-12-08,08:00,17:00,30,18,3302
SE-410217,LUM-CLR,PR-3021,2025-12-08,08:00,17:00,20,27,4210
SE-410218,LUM-CLR,PR-3022,08/12/2025,08:00,17:00,20,27,4199
SE-410219,LUM-CLR,PR-3023,08/12/2025,08:00,17:00,20,27,3940
SE-410220,LUM-GQE,PR-3025,08/12/2025,08:00,17:00,20,27,3480
SE-410221,LUM-GQE,PR-3026,2025-12-08,08:00,17:00,20,27,4421
SE-410222,LUM-GQE,PR-3027,08/12/2025,08:00,17:00,30,18,5152
SE-410223,LUM-GQE,PR-3028,2025-12-08,08:00,17:00,20,27,4210
SE-410224,LUM-BFN,PR-3029,2025-12-08,08:00,17:00,30,18,4817
SE-410225,LUM-BFN,PR-3030,2025-12-08,08:00,17:00,30,18,2885
SE-410226,LUM-BFN,PR-3031,2025-12-08,08:00,17:00,30,18,3256
SE-410227,LUM-BFN,PR-3032,2025-12-08,08:00,17:00,30,18,2779
SE-410228,LUM-SAN,PR-3001,2025-12-09,08:00,17:00,20,27,4207
SE-410229,LUM-SAN,PR-3003,2025-12-09,08:00,17:00,20,27,3679
SE-410230,LUM-SAN,PR-3004,2025-12-09,08:00,17:00,20,27,4117
SE-410231,LUM-SAN,PR-3005,2025-12-09,08:00,17:00,20,27,4234
SE-410232,LUM-SAN,PR-3006,2025-12-09,08:00,17:00,30,18,3134
SE-410233,LUM-SAN,PR-3007,2025-12-09,08:00,17:00,45,12,6711
SE-410234,LUM-PTA,PR-3008,2025-12-09,08:00,17:00,20,27,3803
SE-410235,LUM-PTA,PR-3009,2025-12-09,08:00,17:00,25,21,8221
SE-410236,LUM-PTA,PR-3011,2025-12-09,08:00,17:00,20,27,4519
SE-410237,LUM-PTA,PR-3012,2025-12-09,08:00,17:00,20,27,4073
SE-410238,LUM-PTA,PR-3013,2025-12-09,08:00,17:00,30,18,5678
SE-410239,LUM-UMH,PR-3014,2025-12-09,08:00,17:00,20,27,3616
SE-410240,LUM-UMH,PR-3015,2025-12-09,08:00,17:00,30,18,4817
SE-410241,LUM-UMH,PR-3016,09/12/2025,08:00,17:00,30,18,3166
SE-410242,LUM-UMH,PR-3017,2025-12-09,08:00,17:00,25,21,7465
SE-410243,LUM-CLR,PR-3019,2025-12-09,08:00,17:00,20,27,4416
SE-410244,LUM-CLR,PR-3020,09/12/2025,08:00,17:00,30,18,3302
SE-410245,LUM-CLR,PR-3021,2025-12-09,08:00,17:00,20,27,4210
SE-410246,LUM-CLR,PR-3022,2025-12-09,08:00,17:00,20,27,4199
SE-410247,LUM-CLR,PR-3023,09/12/2025,08:00,17:00,20,27,3940
SE-410248,LUM-CLR,PR-3024,09/12/2025,08:00,17:00,20,27,4215
SE-410249,LUM-GQE,PR-3025,2025-12-09,08:00,17:00,20,27,3480
SE-410250,LUM-GQE,PR-3026,09/12/2025,08:00,17:00,20,27,4421
SE-410251,LUM-GQE,PR-3027,2025-12-09,08:00,17:00,30,18,5152
SE-410252,LUM-GQE,PR-3028,2025-12-09,08:00,17:00,20,27,4210
SE-410253,LUM-BFN,PR-3029,09/12/2025,08:00,17:00,30,18,4817
SE-410254,LUM-BFN,PR-3030,2025-12-09,08:00,17:00,30,18,2885
SE-410255,LUM-BFN,PR-3031,2025-12-09,08:00,17:00,30,18,3256
SE-410256,LUM-BFN,PR-3032,09/12/2025,08:00,17:00,30,18,2779
SE-410257,LUM-SAN,PR-3001,2025-12-10,08:00,17:00,20,27,4207
SE-410258,LUM-SAN,PR-3003,2025-12-10,08:00,17:00,20,27,3679
SE-410259,LUM-SAN,PR-3004,10/12/2025,08:00,17:00,20,27,4117
SE-410260,LUM-SAN,PR-3007,2025-12-10,08:00,17:00,45,12,6711
SE-410261,LUM-PTA,PR-3008,2025-12-10,08:00,17:00,20,27,3803
SE-410262,LUM-PTA,PR-3009,2025-12-10,08:00,17:00,25,21,8221
SE-410263,LUM-PTA,PR-3010,2025-12-10,08:00,17:00,30,18,5602
SE-410264,LUM-PTA,PR-3011,2025-12-10,08:00,17:00,20,27,4519
SE-410265,LUM-PTA,PR-3012,10/12/2025,08:00,17:00,20,27,4073
SE-410266,LUM-PTA,PR-3013,2025-12-10,08:00,17:00,30,18,5678
SE-410267,LUM-UMH,PR-3014,10/12/2025,08:00,17:00,20,27,3616
SE-410268,LUM-UMH,PR-3015,2025-12-10,08:00,17:00,30,18,4817
SE-410269,LUM-UMH,PR-3016,2025-12-10,08:00,17:00,30,18,3166
SE-410270,LUM-UMH,PR-3017,2025-12-10,08:00,17:00,25,21,7465
SE-410271,LUM-UMH,PR-3018,10/12/2025,08:00,17:00,20,27,3765
SE-410272,LUM-CLR,PR-3020,2025-12-10,08:00,17:00,30,18,3302
SE-410273,LUM-CLR,PR-3021,2025-12-10,08:00,17:00,20,27,4210
SE-410274,LUM-CLR,PR-3022,10/12/2025,08:00,17:00,20,27,4199
SE-410275,LUM-CLR,PR-3023,2025-12-10,08:00,17:00,20,27,3940
SE-410276,LUM-CLR,PR-3024,2025-12-10,08:00,17:00,20,27,4215
SE-410277,LUM-GQE,PR-3025,10/12/2025,08:00,17:00,20,27,3480
SE-410278,LUM-GQE,PR-3026,2025-12-10,08:00,17:00,20,27,4421
SE-410279,LUM-GQE,PR-3027,2025-12-10,08:00,17:00,30,18,5152
SE-410280,LUM-GQE,PR-3028,2025-12-10,08:00,17:00,20,27,4210
SE-410281,LUM-BFN,PR-3031,2025-12-10,08:00,17:00,30,18,3256
SE-410282,LUM-BFN,PR-3032,10/12/2025,08:00,17:00,30,18,2779
SE-410283,LUM-SAN,PR-3001,2025-12-11,08:00,17:00,20,27,4207
SE-410284,LUM-SAN,PR-3002,11/12/2025,08:00,17:00,30,18,5987
SE-410285,LUM-SAN,PR-3003,2025-12-11,08:00,17:00,20,27,3679
SE-410286,LUM-SAN,PR-3004,2025-12-11,08:00,17:00,20,27,4117
SE-410287,LUM-SAN,PR-3005,2025-12-11,08:00,17:00,20,27,4234
SE-410288,LUM-SAN,PR-3007,2025-12-11,08:00,17:00,45,12,6711
SE-410289,LUM-PTA,PR-3008,11/12/2025,08:00,17:00,20,27,3803
SE-410290,LUM-PTA,PR-3009,2025-12-11,08:00,17:00,25,21,8221
SE-410291,LUM-PTA,PR-3010,2025-12-11,08:00,17:00,30,18,5602
SE-410292,LUM-PTA,PR-3011,2025-12-11,08:00,17:00,20,27,4519
SE-410293,LUM-PTA,PR-3012,2025-12-11,08:00,17:00,20,27,4073
SE-410294,LUM-PTA,PR-3013,2025-12-11,08:00,17:00,30,18,5678
SE-410295,LUM-UMH,PR-3014,2025-12-11,08:00,17:00,20,27,3616
SE-410296,LUM-UMH,PR-3015,2025-12-11,08:00,17:00,30,18,4817
SE-410297,LUM-UMH,PR-3017,2025-12-11,08:00,17:00,25,21,7465
SE-410298,LUM-UMH,PR-3018,2025-12-11,08:00,17:00,20,27,3765
SE-410299,LUM-CLR,PR-3019,2025-12-11,08:00,17:00,20,27,4416
SE-410300,LUM-CLR,PR-3020,2025-12-11,08:00,17:00,30,18,3302
SE-410301,LUM-CLR,PR-3021,2025-12-11,08:00,17:00,20,27,4210
SE-410302,LUM-CLR,PR-3022,2025-12-11,08:00,17:00,20,27,4199
SE-410303,LUM-CLR,PR-3023,2025-12-11,08:00,17:00,20,27,3940
SE-410304,LUM-CLR,PR-3024,11/12/2025,08:00,17:00,20,27,4215
SE-410305,LUM-GQE,PR-3025,2025-12-11,08:00,17:00,20,27,3480
SE-410306,LUM-GQE,PR-3026,2025-12-11,08:00,17:00,20,27,4421
SE-410307,LUM-GQE,PR-3027,2025-12-11,08:00,17:00,30,18,5152
SE-410308,LUM-GQE,PR-3028,2025-12-11,08:00,17:00,20,27,4210
SE-410309,LUM-BFN,PR-3029,2025-12-11,08:00,17:00,30,18,4817
SE-410310,LUM-BFN,PR-3030,2025-12-11,08:00,17:00,30,18,2885
SE-410311,LUM-BFN,PR-3032,2025-12-11,08:00,17:00,30,18,2779
SE-410312,LUM-SAN,PR-3001,12/12/2025,08:00,17:00,20,27,4207
SE-410313,LUM-SAN,PR-3002,2025-12-12,08:00,17:00,30,18,5987
SE-410314,LUM-SAN,PR-3003,12/12/2025,08:00,17:00,20,27,3679
SE-410315,LUM-SAN,PR-3005,2025-12-12,08:00,17:00,20,27,4234
SE-410316,LUM-SAN,PR-3006,2025-12-12,08:00,17:00,30,18,3134
SE-410317,LUM-SAN,PR-3007,12/12/2025,08:00,17:00,45,12,6711
SE-410318,LUM-PTA,PR-3008,12/12/2025,08:00,17:00,20,27,3803
SE-410319,LUM-PTA,PR-3009,2025-12-12,08:00,17:00,25,21,8221
SE-410320,LUM-PTA,PR-3010,2025-12-12,08:00,17:00,30,18,5602
SE-410321,LUM-PTA,PR-3011,12/12/2025,08:00,17:00,20,27,4519
SE-410322,LUM-PTA,PR-3012,2025-12-12,08:00,17:00,20,27,4073
SE-410323,LUM-PTA,PR-3013,12/12/2025,08:00,17:00,30,18,5678
SE-410324,LUM-UMH,PR-3014,2025-12-12,08:00,17:00,20,27,3616
SE-410325,LUM-UMH,PR-3016,2025-12-12,08:00,17:00,30,18,3166
SE-410326,LUM-UMH,PR-3018,2025-12-12,08:00,17:00,20,27,3765
SE-410327,LUM-CLR,PR-3019,2025-12-12,08:00,17:00,20,27,4416
SE-410328,LUM-CLR,PR-3020,2025-12-12,08:00,17:00,30,18,3302
SE-410329,LUM-CLR,PR-3021,2025-12-12,08:00,17:00,20,27,4210
SE-410330,LUM-CLR,PR-3022,12/12/2025,08:00,17:00,20,27,4199
SE-410331,LUM-CLR,PR-3023,2025-12-12,08:00,17:00,20,27,3940
SE-410332,LUM-CLR,PR-3024,12/12/2025,08:00,17:00,20,27,4215
SE-410333,LUM-GQE,PR-3025,2025-12-12,08:00,17:00,20,27,3480
SE-410334,LUM-GQE,PR-3026,2025-12-12,08:00,17:00,20,27,4421
SE-410335,LUM-GQE,PR-3027,12/12/2025,08:00,17:00,30,18,5152
SE-410336,LUM-GQE,PR-3028,2025-12-12,08:00,17:00,20,27,4210
SE-410337,LUM-BFN,PR-3029,12/12/2025,08:00,17:00,30,18,4817
SE-410338,LUM-BFN,PR-3030,12/12/2025,08:00,17:00,30,18,2885
SE-410339,LUM-BFN,PR-3032,2025-12-12,08:00,17:00,30,18,2779
SE-410340,LUM-SAN,PR-3001,2025-12-13,08:00,13:00,20,15,2337.22
SE-410341,LUM-SAN,PR-3003,2025-12-13,08:00,13:00,20,15,2043.89
SE-410342,LUM-SAN,PR-3004,2025-12-13,08:00,13:00,20,15,2287.22
SE-410343,LUM-PTA,PR-3011,2025-12-13,08:00,13:00,20,15,2510.56
SE-410344,LUM-PTA,PR-3012,2025-12-13,08:00,13:00,20,15,2262.78
SE-410345,LUM-UMH,PR-3014,13/12/2025,08:00,13:00,20,15,2008.89
SE-410346,LUM-UMH,PR-3017,2025-12-13,08:00,13:00,25,12,4147.22
SE-410347,LUM-UMH,PR-3018,13/12/2025,08:00,13:00,20,15,2091.67
SE-410348,LUM-CLR,PR-3022,2025-12-13,08:00,13:00,20,15,2332.78
SE-410349,LUM-GQE,PR-3027,13/12/2025,08:00,13:00,30,10,2862.22
SE-410350,LUM-BFN,PR-3029,2025-12-13,08:00,13:00,30,10,2676.11
SE-410351,LUM-SAN,PR-3001,2025-12-15,08:00,17:00,20,27,4207
SE-410352,LUM-SAN,PR-3002,15/12/2025,08:00,17:00,30,18,5987
SE-410353,LUM-SAN,PR-3003,15/12/2025,08:00,17:00,20,27,3679
SE-410354,LUM-SAN,PR-3004,15/12/2025,08:00,17:00,20,27,4117
SE-410355,LUM-SAN,PR-3005,15/12/2025,08:00,17:00,20,27,4234
SE-410356,LUM-SAN,PR-3006,15/12/2025,08:00,17:00,30,18,3134
SE-410357,LUM-PTA,PR-3008,2025-12-15,08:00,17:00,20,27,3803
SE-410358,LUM-PTA,PR-3009,2025-12-15,08:00,17:00,25,21,8221
SE-410359,LUM-PTA,PR-3010,15/12/2025,08:00,17:00,30,18,5602
SE-410360,LUM-PTA,PR-3011,2025-12-15,08:00,17:00,20,27,4519
SE-410361,LUM-PTA,PR-3012,2025-12-15,08:00,17:00,20,27,4073
SE-410362,LUM-PTA,PR-3013,2025-12-15,08:00,17:00,30,18,5678
SE-410363,LUM-UMH,PR-3014,15/12/2025,08:00,17:00,20,27,3616
SE-410364,LUM-UMH,PR-3015,15/12/2025,08:00,17:00,30,18,4817
SE-410365,LUM-UMH,PR-3017,2025-12-15,08:00,17:00,25,21,7465
SE-410366,LUM-UMH,PR-3018,15/12/2025,08:00,17:00,20,27,3765
SE-410367,LUM-CLR,PR-3019,2025-12-15,08:00,17:00,20,27,4416
SE-410368,LUM-CLR,PR-3020,2025-12-15,08:00,17:00,30,18,3302
SE-410369,LUM-CLR,PR-3021,2025-12-15,08:00,17:00,20,27,4210
SE-410370,LUM-CLR,PR-3022,2025-12-15,08:00,17:00,20,27,4199
SE-410371,LUM-CLR,PR-3023,2025-12-15,08:00,17:00,20,27,3940
SE-410372,LUM-CLR,PR-3024,2025-12-15,08:00,17:00,20,27,4215
SE-410373,LUM-GQE,PR-3025,2025-12-15,08:00,17:00,20,27,3480
SE-410374,LUM-GQE,PR-3026,2025-12-15,08:00,17:00,20,27,4421
SE-410375,LUM-GQE,PR-3027,2025-12-15,08:00,17:00,30,18,5152
SE-410376,LUM-GQE,PR-3028,15/12/2025,08:00,17:00,20,27,4210
SE-410377,LUM-BFN,PR-3029,15/12/2025,08:00,17:00,30,18,4817
SE-410378,LUM-BFN,PR-3030,2025-12-15,08:00,17:00,30,18,2885
SE-410379,LUM-BFN,PR-3031,2025-12-15,08:00,17:00,30,18,3256
SE-410380,LUM-BFN,PR-3032,2025-12-15,08:00,17:00,30,18,2779
SE-410381,LUM-SAN,PR-3001,16/12/2025,08:00,17:00,20,27,4207
SE-410382,LUM-SAN,PR-3002,2025-12-16,08:00,17:00,30,18,5987
SE-410383,LUM-SAN,PR-3003,2025-12-16,08:00,17:00,20,27,3679
SE-410384,LUM-SAN,PR-3004,2025-12-16,08:00,17:00,20,27,4117
SE-410385,LUM-SAN,PR-3005,2025-12-16,08:00,17:00,20,27,4234
SE-410386,LUM-SAN,PR-3006,2025-12-16,08:00,17:00,30,18,3134
SE-410387,LUM-PTA,PR-3008,16/12/2025,08:00,17:00,20,27,3803
SE-410388,LUM-PTA,PR-3009,2025-12-16,08:00,17:00,25,21,8221
SE-410389,LUM-PTA,PR-3010,16/12/2025,08:00,17:00,30,18,5602
SE-410390,LUM-PTA,PR-3011,2025-12-16,08:00,17:00,20,27,4519
SE-410391,LUM-PTA,PR-3012,2025-12-16,08:00,17:00,20,27,4073
SE-410392,LUM-PTA,PR-3013,2025-12-16,08:00,17:00,30,18,5678
SE-410393,LUM-UMH,PR-3014,2025-12-16,08:00,17:00,20,27,3616
SE-410394,LUM-UMH,PR-3015,2025-12-16,08:00,17:00,30,18,4817
SE-410395,LUM-UMH,PR-3016,2025-12-16,08:00,17:00,30,18,3166
SE-410396,LUM-UMH,PR-3017,16/12/2025,08:00,17:00,25,21,7465
SE-410397,LUM-UMH,PR-3018,2025-12-16,08:00,17:00,20,27,3765
SE-410398,LUM-CLR,PR-3019,2025-12-16,08:00,17:00,20,27,4416
SE-410399,LUM-CLR,PR-3020,16/12/2025,08:00,17:00,30,18,3302
SE-410400,LUM-CLR,PR-3021,16/12/2025,08:00,17:00,20,27,4210
SE-410401,LUM-CLR,PR-3022,2025-12-16,08:00,17:00,20,27,4199
SE-410402,LUM-CLR,PR-3024,2025-12-16,08:00,17:00,20,27,4215
SE-410403,LUM-GQE,PR-3025,16/12/2025,08:00,17:00,20,27,3480
SE-410404,LUM-GQE,PR-3028,16/12/2025,08:00,17:00,20,27,4210
SE-410405,LUM-BFN,PR-3029,16/12/2025,08:00,17:00,30,18,4817
SE-410406,LUM-BFN,PR-3030,16/12/2025,08:00,17:00,30,18,2885
SE-410407,LUM-BFN,PR-3031,16/12/2025,08:00,17:00,30,18,3256
SE-410408,LUM-BFN,PR-3032,2025-12-16,08:00,17:00,30,18,2779
SE-410409,LUM-SAN,PR-3001,17/12/2025,08:00,17:00,20,27,4207
SE-410410,LUM-SAN,PR-3002,2025-12-17,08:00,17:00,30,18,5987
SE-410411,LUM-SAN,PR-3003,17/12/2025,08:00,17:00,20,27,3679
SE-410412,LUM-SAN,PR-3004,2025-12-17,08:00,17:00,20,27,4117
SE-410413,LUM-SAN,PR-3005,2025-12-17,08:00,17:00,20,27,4234
SE-410414,LUM-SAN,PR-3006,2025-12-17,08:00,17:00,30,18,3134
SE-410415,LUM-SAN,PR-3007,2025-12-17,08:00,17:00,45,12,6711
SE-410416,LUM-PTA,PR-3008,2025-12-17,08:00,17:00,20,27,3803
SE-410417,LUM-PTA,PR-3009,17/12/2025,08:00,17:00,25,21,8221
SE-410418,LUM-PTA,PR-3010,17/12/2025,08:00,17:00,30,18,5602
SE-410419,LUM-PTA,PR-3011,17/12/2025,08:00,17:00,20,27,4519
SE-410420,LUM-PTA,PR-3012,2025-12-17,08:00,17:00,20,27,4073
SE-410421,LUM-PTA,PR-3013,17/12/2025,08:00,17:00,30,18,5678
SE-410422,LUM-UMH,PR-3014,2025-12-17,08:00,17:00,20,27,3616
SE-410423,LUM-UMH,PR-3015,2025-12-17,08:00,17:00,30,18,4817
SE-410424,LUM-UMH,PR-3016,2025-12-17,08:00,17:00,30,18,3166
SE-410425,LUM-UMH,PR-3017,17/12/2025,08:00,17:00,25,21,7465
SE-410426,LUM-UMH,PR-3018,2025-12-17,08:00,17:00,20,27,3765
SE-410427,LUM-CLR,PR-3019,2025-12-17,08:00,17:00,20,27,4416
SE-410428,LUM-CLR,PR-3020,17/12/2025,08:00,17:00,30,18,3302
SE-410429,LUM-CLR,PR-3021,2025-12-17,08:00,17:00,20,27,4210
SE-410430,LUM-CLR,PR-3022,2025-12-17,08:00,17:00,20,27,4199
SE-410431,LUM-CLR,PR-3023,2025-12-17,08:00,17:00,20,27,3940
SE-410432,LUM-CLR,PR-3024,2025-12-17,08:00,17:00,20,27,4215
SE-410433,LUM-GQE,PR-3025,17/12/2025,08:00,17:00,20,27,3480
SE-410434,LUM-GQE,PR-3026,2025-12-17,08:00,17:00,20,27,4421
SE-410435,LUM-GQE,PR-3027,2025-12-17,08:00,17:00,30,18,5152
SE-410436,LUM-GQE,PR-3028,2025-12-17,08:00,17:00,20,27,4210
SE-410437,LUM-BFN,PR-3030,2025-12-17,08:00,17:00,30,18,2885
SE-410438,LUM-BFN,PR-3032,2025-12-17,08:00,17:00,30,18,2779
SE-410439,LUM-SAN,PR-3001,2025-12-18,08:00,17:00,20,27,4207
SE-410440,LUM-SAN,PR-3002,2025-12-18,08:00,17:00,30,18,5987
SE-410441,LUM-SAN,PR-3003,2025-12-18,08:00,17:00,20,27,3679
SE-410442,LUM-SAN,PR-3004,18/12/2025,08:00,17:00,20,27,4117
SE-410443,LUM-SAN,PR-3005,18/12/2025,08:00,17:00,20,27,4234
SE-410444,LUM-PTA,PR-3008,18/12/2025,08:00,17:00,20,27,3803
SE-410445,LUM-PTA,PR-3010,2025-12-18,08:00,17:00,30,18,5602
SE-410446,LUM-PTA,PR-3011,2025-12-18,08:00,17:00,20,27,4519
SE-410447,LUM-PTA,PR-3012,18/12/2025,08:00,17:00,20,27,4073
SE-410448,LUM-PTA,PR-3013,2025-12-18,08:00,17:00,30,18,5678
SE-410449,LUM-UMH,PR-3014,18/12/2025,08:00,17:00,20,27,3616
SE-410450,LUM-UMH,PR-3015,18/12/2025,08:00,17:00,30,18,4817
SE-410451,LUM-UMH,PR-3016,2025-12-18,08:00,17:00,30,18,3166
SE-410452,LUM-UMH,PR-3017,2025-12-18,08:00,17:00,25,21,7465
SE-410453,LUM-UMH,PR-3018,18/12/2025,08:00,17:00,20,27,3765
SE-410454,LUM-CLR,PR-3019,2025-12-18,08:00,17:00,20,27,4416
SE-410455,LUM-CLR,PR-3020,2025-12-18,08:00,17:00,30,18,3302
SE-410456,LUM-CLR,PR-3021,18/12/2025,08:00,17:00,20,27,4210
SE-410457,LUM-CLR,PR-3022,2025-12-18,08:00,17:00,20,27,4199
SE-410458,LUM-GQE,PR-3025,2025-12-18,08:00,17:00,20,27,3480
SE-410459,LUM-GQE,PR-3026,2025-12-18,08:00,17:00,20,27,4421
SE-410460,LUM-GQE,PR-3027,2025-12-18,08:00,17:00,30,18,5152
SE-410461,LUM-GQE,PR-3028,18/12/2025,08:00,17:00,20,27,4210
SE-410462,LUM-BFN,PR-3029,2025-12-18,08:00,17:00,30,18,4817
SE-410463,LUM-BFN,PR-3030,2025-12-18,08:00,17:00,30,18,2885
SE-410464,LUM-BFN,PR-3031,2025-12-18,08:00,17:00,30,18,3256
SE-410465,LUM-BFN,PR-3032,2025-12-18,08:00,17:00,30,18,2779
SE-410466,LUM-SAN,PR-3001,2025-12-19,08:00,17:00,20,27,4207
SE-410467,LUM-SAN,PR-3003,2025-12-19,08:00,17:00,20,27,3679
SE-410468,LUM-SAN,PR-3004,2025-12-19,08:00,17:00,20,27,4117
SE-410469,LUM-SAN,PR-3005,2025-12-19,08:00,17:00,20,27,4234
SE-410470,LUM-SAN,PR-3006,2025-12-19,08:00,17:00,30,18,3134
SE-410471,LUM-SAN,PR-3007,19/12/2025,08:00,17:00,45,12,6711
SE-410472,LUM-PTA,PR-3008,2025-12-19,08:00,17:00,20,27,3803
SE-410473,LUM-PTA,PR-3009,19/12/2025,08:00,17:00,25,21,8221
SE-410474,LUM-PTA,PR-3011,2025-12-19,08:00,17:00,20,27,4519
SE-410475,LUM-PTA,PR-3012,2025-12-19,08:00,17:00,20,27,4073
SE-410476,LUM-PTA,PR-3013,2025-12-19,08:00,17:00,30,18,5678
SE-410477,LUM-UMH,PR-3014,2025-12-19,08:00,17:00,20,27,3616
SE-410478,LUM-UMH,PR-3015,2025-12-19,08:00,17:00,30,18,4817
SE-410479,LUM-UMH,PR-3016,2025-12-19,08:00,17:00,30,18,3166
SE-410480,LUM-UMH,PR-3017,2025-12-19,08:00,17:00,25,21,7465
SE-410481,LUM-UMH,PR-3018,2025-12-19,08:00,17:00,20,27,3765
SE-410482,LUM-CLR,PR-3020,2025-12-19,08:00,17:00,30,18,3302
SE-410483,LUM-CLR,PR-3021,19/12/2025,08:00,17:00,20,27,4210
SE-410484,LUM-CLR,PR-3022,2025-12-19,08:00,17:00,20,27,4199
SE-410485,LUM-CLR,PR-3023,19/12/2025,08:00,17:00,20,27,3940
SE-410486,LUM-CLR,PR-3024,2025-12-19,08:00,17:00,20,27,4215
SE-410487,LUM-GQE,PR-3025,2025-12-19,08:00,17:00,20,27,3480
SE-410488,LUM-GQE,PR-3026,19/12/2025,08:00,17:00,20,27,4421
SE-410489,LUM-GQE,PR-3027,2025-12-19,08:00,17:00,30,18,5152
SE-410490,LUM-BFN,PR-3029,2025-12-19,08:00,17:00,30,18,4817
SE-410491,LUM-BFN,PR-3030,2025-12-19,08:00,17:00,30,18,2885
SE-410492,LUM-BFN,PR-3031,19/12/2025,08:00,17:00,30,18,3256
SE-410493,LUM-BFN,PR-3032,2025-12-19,08:00,17:00,30,18,2779
SE-410494,LUM-SAN,PR-3001,2025-12-20,08:00,13:00,20,15,2337.22
SE-410495,LUM-SAN,PR-3007,2025-12-20,08:00,13:00,45,6,3728.33
SE-410496,LUM-PTA,PR-3013,2025-12-20,08:00,13:00,30,10,3154.44
SE-410497,LUM-UMH,PR-3014,2025-12-20,08:00,13:00,20,15,2008.89
SE-410498,LUM-CLR,PR-3020,20/12/2025,08:00,13:00,30,10,1834.44
SE-410499,LUM-CLR,PR-3023,2025-12-20,08:00,13:00,20,15,2188.89
SE-410500,LUM-BFN,PR-3031,2025-12-20,08:00,13:00,30,10,1808.89
SE-410501,LUM-BFN,PR-3032,2025-12-20,08:00,13:00,30,10,1543.89
SE-410502,LUM-SAN,PR-3001,22/12/2025,08:00,17:00,20,27,4207
SE-410503,LUM-SAN,PR-3002,22/12/2025,08:00,17:00,30,18,5987
SE-410504,LUM-SAN,PR-3003,2025-12-22,08:00,17:00,20,27,3679
SE-410505,LUM-SAN,PR-3004,2025-12-22,08:00,17:00,20,27,4117
SE-410506,LUM-SAN,PR-3005,2025-12-22,08:00,17:00,20,27,4234
SE-410507,LUM-SAN,PR-3006,2025-12-22,08:00,17:00,30,18,3134
SE-410508,LUM-PTA,PR-3008,2025-12-22,08:00,17:00,20,27,3803
SE-410509,LUM-PTA,PR-3010,2025-12-22,08:00,17:00,30,18,5602
SE-410510,LUM-PTA,PR-3011,2025-12-22,08:00,17:00,20,27,4519
SE-410511,LUM-PTA,PR-3012,2025-12-22,08:00,17:00,20,27,4073
SE-410512,LUM-UMH,PR-3014,2025-12-22,08:00,17:00,20,27,3616
SE-410513,LUM-UMH,PR-3015,2025-12-22,08:00,17:00,30,18,4817
SE-410514,LUM-UMH,PR-3016,22/12/2025,08:00,17:00,30,18,3166
SE-410515,LUM-UMH,PR-3017,2025-12-22,08:00,17:00,25,21,7465
SE-410516,LUM-UMH,PR-3018,2025-12-22,08:00,17:00,20,27,3765
SE-410517,LUM-CLR,PR-3019,2025-12-22,08:00,17:00,20,27,4416
SE-410518,LUM-CLR,PR-3020,2025-12-22,08:00,17:00,30,18,3302
SE-410519,LUM-CLR,PR-3021,2025-12-22,08:00,17:00,20,27,4210
SE-410520,LUM-CLR,PR-3022,2025-12-22,08:00,17:00,20,27,4199
SE-410521,LUM-CLR,PR-3023,2025-12-22,08:00,17:00,20,27,3940
SE-410522,LUM-CLR,PR-3024,2025-12-22,08:00,17:00,20,27,4215
SE-410523,LUM-GQE,PR-3025,2025-12-22,08:00,17:00,20,27,3480
SE-410524,LUM-GQE,PR-3026,2025-12-22,08:00,17:00,20,27,4421
SE-410525,LUM-GQE,PR-3027,2025-12-22,08:00,17:00,30,18,5152
SE-410526,LUM-GQE,PR-3028,2025-12-22,08:00,17:00,20,27,4210
SE-410527,LUM-BFN,PR-3029,22/12/2025,08:00,17:00,30,18,4817
SE-410528,LUM-BFN,PR-3031,2025-12-22,08:00,17:00,30,18,3256
SE-410529,LUM-SAN,PR-3001,23/12/2025,08:00,17:00,20,27,4207
SE-410530,LUM-SAN,PR-3002,23/12/2025,08:00,17:00,30,18,5987
SE-410531,LUM-SAN,PR-3003,23/12/2025,08:00,17:00,20,27,3679
SE-410532,LUM-SAN,PR-3004,2025-12-23,08:00,17:00,20,27,4117
SE-410533,LUM-SAN,PR-3005,23/12/2025,08:00,17:00,20,27,4234
SE-410534,LUM-SAN,PR-3006,2025-12-23,08:00,17:00,30,18,3134
SE-410535,LUM-SAN,PR-3007,2025-12-23,08:00,17:00,45,12,6711
SE-410536,LUM-PTA,PR-3008,23/12/2025,08:00,17:00,20,27,3803
SE-410537,LUM-PTA,PR-3009,2025-12-23,08:00,17:00,25,21,8221
SE-410538,LUM-PTA,PR-3010,2025-12-23,08:00,17:00,30,18,5602
SE-410539,LUM-PTA,PR-3011,2025-12-23,08:00,17:00,20,27,4519
SE-410540,LUM-PTA,PR-3012,23/12/2025,08:00,17:00,20,27,4073
SE-410541,LUM-PTA,PR-3013,2025-12-23,08:00,17:00,30,18,5678
SE-410542,LUM-UMH,PR-3014,2025-12-23,08:00,17:00,20,27,3616
SE-410543,LUM-UMH,PR-3015,23/12/2025,08:00,17:00,30,18,4817
SE-410544,LUM-UMH,PR-3016,2025-12-23,08:00,17:00,30,18,3166
SE-410545,LUM-UMH,PR-3017,2025-12-23,08:00,17:00,25,21,7465
SE-410546,LUM-UMH,PR-3018,2025-12-23,08:00,17:00,20,27,3765
SE-410547,LUM-CLR,PR-3019,2025-12-23,08:00,17:00,20,27,4416
SE-410548,LUM-CLR,PR-3020,2025-12-23,08:00,17:00,30,18,3302
SE-410549,LUM-CLR,PR-3022,2025-12-23,08:00,17:00,20,27,4199
SE-410550,LUM-CLR,PR-3023,2025-12-23,08:00,17:00,20,27,3940
SE-410551,LUM-CLR,PR-3024,2025-12-23,08:00,17:00,20,27,4215
SE-410552,LUM-GQE,PR-3026,23/12/2025,08:00,17:00,20,27,4421
SE-410553,LUM-GQE,PR-3027,2025-12-23,08:00,17:00,30,18,5152
SE-410554,LUM-GQE,PR-3028,2025-12-23,08:00,17:00,20,27,4210
SE-410555,LUM-BFN,PR-3029,2025-12-23,08:00,17:00,30,18,4817
SE-410556,LUM-BFN,PR-3030,2025-12-23,08:00,17:00,30,18,2885
SE-410557,LUM-BFN,PR-3031,23/12/2025,08:00,17:00,30,18,3256
SE-410558,LUM-BFN,PR-3032,2025-12-23,08:00,17:00,30,18,2779
SE-410559,LUM-SAN,PR-3001,2025-12-24,08:00,17:00,20,27,4207
SE-410560,LUM-SAN,PR-3002,2025-12-24,08:00,17:00,30,18,5987
SE-410561,LUM-SAN,PR-3003,2025-12-24,08:00,17:00,20,27,3679
SE-410562,LUM-SAN,PR-3004,2025-12-24,08:00,17:00,20,27,4117
SE-410563,LUM-SAN,PR-3005,2025-12-24,08:00,17:00,20,27,4234
SE-410564,LUM-SAN,PR-3006,2025-12-24,08:00,17:00,30,18,3134
SE-410565,LUM-SAN,PR-3007,2025-12-24,08:00,17:00,45,12,6711
SE-410566,LUM-PTA,PR-3008,2025-12-24,08:00,17:00,20,27,3803
SE-410567,LUM-PTA,PR-3009,2025-12-24,08:00,17:00,25,21,8221
SE-410568,LUM-PTA,PR-3010,2025-12-24,08:00,17:00,30,18,5602
SE-410569,LUM-PTA,PR-3011,2025-12-24,08:00,17:00,20,27,4519
SE-410570,LUM-PTA,PR-3012,2025-12-24,08:00,17:00,20,27,4073
SE-410571,LUM-UMH,PR-3014,2025-12-24,08:00,17:00,20,27,3616
SE-410572,LUM-UMH,PR-3015,24/12/2025,08:00,17:00,30,18,4817
SE-410573,LUM-UMH,PR-3016,24/12/2025,08:00,17:00,30,18,3166
SE-410574,LUM-UMH,PR-3017,2025-12-24,08:00,17:00,25,21,7465
SE-410575,LUM-UMH,PR-3018,2025-12-24,08:00,17:00,20,27,3765
SE-410576,LUM-CLR,PR-3019,24/12/2025,08:00,17:00,20,27,4416
SE-410577,LUM-CLR,PR-3020,2025-12-24,08:00,17:00,30,18,3302
SE-410578,LUM-CLR,PR-3021,24/12/2025,08:00,17:00,20,27,4210
SE-410579,LUM-CLR,PR-3022,2025-12-24,08:00,17:00,20,27,4199
SE-410580,LUM-CLR,PR-3023,2025-12-24,08:00,17:00,20,27,3940
SE-410581,LUM-CLR,PR-3024,2025-12-24,08:00,17:00,20,27,4215
SE-410582,LUM-GQE,PR-3025,24/12/2025,08:00,17:00,20,27,3480
SE-410583,LUM-GQE,PR-3027,2025-12-24,08:00,17:00,30,18,5152
SE-410584,LUM-GQE,PR-3028,24/12/2025,08:00,17:00,20,27,4210
SE-410585,LUM-BFN,PR-3029,2025-12-24,08:00,17:00,30,18,4817
SE-410586,LUM-BFN,PR-3030,2025-12-24,08:00,17:00,30,18,2885
SE-410587,LUM-BFN,PR-3031,24/12/2025,08:00,17:00,30,18,3256
SE-410588,LUM-BFN,PR-3032,2025-12-24,08:00,17:00,30,18,2779
SE-410589,LUM-SAN,PR-3001,25/12/2025,08:00,17:00,20,27,4207
SE-410590,LUM-SAN,PR-3002,2025-12-25,08:00,17:00,30,18,5987
SE-410591,LUM-SAN,PR-3003,2025-12-25,08:00,17:00,20,27,3679
SE-410592,LUM-SAN,PR-3004,2025-12-25,08:00,17:00,20,27,4117
SE-410593,LUM-SAN,PR-3005,2025-12-25,08:00,17:00,20,27,4234
SE-410594,LUM-SAN,PR-3006,2025-12-25,08:00,17:00,30,18,3134
SE-410595,LUM-SAN,PR-3007,25/12/2025,08:00,17:00,45,12,6711
SE-410596,LUM-PTA,PR-3008,2025-12-25,08:00,17:00,20,27,3803
SE-410597,LUM-PTA,PR-3010,25/12/2025,08:00,17:00,30,18,5602
SE-410598,LUM-PTA,PR-3011,2025-12-25,08:00,17:00,20,27,4519
SE-410599,LUM-PTA,PR-3012,2025-12-25,08:00,17:00,20,27,4073
SE-410600,LUM-PTA,PR-3013,2025-12-25,08:00,17:00,30,18,5678
SE-410601,LUM-UMH,PR-3014,2025-12-25,08:00,17:00,20,27,3616
SE-410602,LUM-UMH,PR-3015,2025-12-25,08:00,17:00,30,18,4817
SE-410603,LUM-UMH,PR-3016,2025-12-25,08:00,17:00,30,18,3166
SE-410604,LUM-UMH,PR-3017,2025-12-25,08:00,17:00,25,21,7465
SE-410605,LUM-UMH,PR-3018,25/12/2025,08:00,17:00,20,27,3765
SE-410606,LUM-CLR,PR-3019,25/12/2025,08:00,17:00,20,27,4416
SE-410607,LUM-CLR,PR-3020,2025-12-25,08:00,17:00,30,18,3302
SE-410608,LUM-CLR,PR-3021,2025-12-25,08:00,17:00,20,27,4210
SE-410609,LUM-CLR,PR-3023,2025-12-25,08:00,17:00,20,27,3940
SE-410610,LUM-CLR,PR-3024,25/12/2025,08:00,17:00,20,27,4215
SE-410611,LUM-GQE,PR-3025,25/12/2025,08:00,17:00,20,27,3480
SE-410612,LUM-GQE,PR-3026,2025-12-25,08:00,17:00,20,27,4421
SE-410613,LUM-GQE,PR-3027,25/12/2025,08:00,17:00,30,18,5152
SE-410614,LUM-GQE,PR-3028,2025-12-25,08:00,17:00,20,27,4210
SE-410615,LUM-BFN,PR-3029,2025-12-25,08:00,17:00,30,18,4817
SE-410616,LUM-BFN,PR-3030,2025-12-25,08:00,17:00,30,18,2885
SE-410617,LUM-BFN,PR-3031,2025-12-25,08:00,17:00,30,18,3256
SE-410618,LUM-BFN,PR-3032,2025-12-25,08:00,17:00,30,18,2779
SE-410619,LUM-SAN,PR-3001,2025-12-26,08:00,17:00,20,27,4207
SE-410620,LUM-SAN,PR-3002,2025-12-26,08:00,17:00,30,18,5987
SE-410621,LUM-SAN,PR-3003,2025-12-26,08:00,17:00,20,27,3679
SE-410622,LUM-SAN,PR-3004,26/12/2025,08:00,17:00,20,27,4117
SE-410623,LUM-SAN,PR-3005,26/12/2025,08:00,17:00,20,27,4234
SE-410624,LUM-SAN,PR-3006,26/12/2025,08:00,17:00,30,18,3134
SE-410625,LUM-SAN,PR-3007,2025-12-26,08:00,17:00,45,12,6711
SE-410626,LUM-PTA,PR-3008,26/12/2025,08:00,17:00,20,27,3803
SE-410627,LUM-PTA,PR-3009,2025-12-26,08:00,17:00,25,21,8221
SE-410628,LUM-PTA,PR-3010,2025-12-26,08:00,17:00,30,18,5602
SE-410629,LUM-PTA,PR-3011,2025-12-26,08:00,17:00,20,27,4519
SE-410630,LUM-PTA,PR-3013,2025-12-26,08:00,17:00,30,18,5678
SE-410631,LUM-UMH,PR-3014,2025-12-26,08:00,17:00,20,27,3616
SE-410632,LUM-UMH,PR-3015,2025-12-26,08:00,17:00,30,18,4817
SE-410633,LUM-UMH,PR-3016,2025-12-26,08:00,17:00,30,18,3166
SE-410634,LUM-UMH,PR-3017,2025-12-26,08:00,17:00,25,21,7465
SE-410635,LUM-UMH,PR-3018,2025-12-26,08:00,17:00,20,27,3765
SE-410636,LUM-CLR,PR-3019,2025-12-26,08:00,17:00,20,27,4416
SE-410637,LUM-CLR,PR-3020,2025-12-26,08:00,17:00,30,18,3302
SE-410638,LUM-CLR,PR-3021,26/12/2025,08:00,17:00,20,27,4210
SE-410639,LUM-CLR,PR-3023,2025-12-26,08:00,17:00,20,27,3940
SE-410640,LUM-GQE,PR-3025,2025-12-26,08:00,17:00,20,27,3480
SE-410641,LUM-GQE,PR-3026,2025-12-26,08:00,17:00,20,27,4421
SE-410642,LUM-GQE,PR-3027,2025-12-26,08:00,17:00,30,18,5152
SE-410643,LUM-GQE,PR-3028,2025-12-26,08:00,17:00,20,27,4210
SE-410644,LUM-BFN,PR-3029,2025-12-26,08:00,17:00,30,18,4817
SE-410645,LUM-BFN,PR-3030,2025-12-26,08:00,17:00,30,18,2885
SE-410646,LUM-BFN,PR-3031,2025-12-26,08:00,17:00,30,18,3256
SE-410647,LUM-BFN,PR-3032,2025-12-26,08:00,17:00,30,18,2779
SE-410648,LUM-SAN,PR-3006,2025-12-27,08:00,13:00,30,10,1741.11
SE-410649,LUM-PTA,PR-3013,2025-12-27,08:00,13:00,30,10,3154.44
SE-410650,LUM-UMH,PR-3014,27/12/2025,08:00,13:00,20,15,2008.89
SE-410651,LUM-UMH,PR-3018,2025-12-27,08:00,13:00,20,15,2091.67
SE-410652,LUM-CLR,PR-3021,27/12/2025,08:00,13:00,20,15,2338.89
SE-410653,LUM-CLR,PR-3022,2025-12-27,08:00,13:00,20,15,2332.78
SE-410654,LUM-CLR,PR-3023,27/12/2025,08:00,13:00,20,15,2188.89
SE-410655,LUM-GQE,PR-3027,27/12/2025,08:00,13:00,30,10,2862.22
SE-410656,LUM-GQE,PR-3028,2025-12-27,08:00,13:00,20,15,2338.89
SE-410657,LUM-SAN,PR-3005,29/12/2025,08:00,17:00,20,27,4234
SE-410658,LUM-SAN,PR-3007,2025-12-29,08:00,17:00,45,12,6711
SE-410659,LUM-PTA,PR-3008,29/12/2025,08:00,17:00,20,27,3803
SE-410660,LUM-PTA,PR-3009,2025-12-29,08:00,17:00,25,21,8221
SE-410661,LUM-PTA,PR-3010,29/12/2025,08:00,17:00,30,18,5602
SE-410662,LUM-PTA,PR-3011,2025-12-29,08:00,17:00,20,27,4519
SE-410663,LUM-PTA,PR-3012,2025-12-29,08:00,17:00,20,27,4073
SE-410664,LUM-PTA,PR-3013,2025-12-29,08:00,17:00,30,18,5678
SE-410665,LUM-UMH,PR-3014,2025-12-29,08:00,17:00,20,27,3616
SE-410666,LUM-UMH,PR-3015,29/12/2025,08:00,17:00,30,18,4817
SE-410667,LUM-UMH,PR-3016,2025-12-29,08:00,17:00,30,18,3166
SE-410668,LUM-UMH,PR-3017,2025-12-29,08:00,17:00,25,21,7465
SE-410669,LUM-UMH,PR-3018,2025-12-29,08:00,17:00,20,27,3765
SE-410670,LUM-CLR,PR-3019,2025-12-29,08:00,17:00,20,27,4416
SE-410671,LUM-CLR,PR-3020,2025-12-29,08:00,17:00,30,18,3302
SE-410672,LUM-CLR,PR-3021,2025-12-29,08:00,17:00,20,27,4210
SE-410673,LUM-CLR,PR-3022,2025-12-29,08:00,17:00,20,27,4199
SE-410674,LUM-CLR,PR-3023,2025-12-29,08:00,17:00,20,27,3940
SE-410675,LUM-CLR,PR-3024,2025-12-29,08:00,17:00,20,27,4215
SE-410676,LUM-GQE,PR-3026,2025-12-29,08:00,17:00,20,27,4421
SE-410677,LUM-GQE,PR-3027,29/12/2025,08:00,17:00,30,18,5152
SE-410678,LUM-GQE,PR-3028,2025-12-29,08:00,17:00,20,27,4210
SE-410679,LUM-BFN,PR-3029,2025-12-29,08:00,17:00,30,18,4817
SE-410680,LUM-BFN,PR-3030,29/12/2025,08:00,17:00,30,18,2885
SE-410681,LUM-SAN,PR-3001,30/12/2025,08:00,17:00,20,27,4207
SE-410682,LUM-SAN,PR-3002,2025-12-30,08:00,17:00,30,18,5987
SE-410683,LUM-SAN,PR-3003,2025-12-30,08:00,17:00,20,27,3679
SE-410684,LUM-SAN,PR-3004,2025-12-30,08:00,17:00,20,27,4117
SE-410685,LUM-SAN,PR-3006,2025-12-30,08:00,17:00,30,18,3134
SE-410686,LUM-SAN,PR-3007,2025-12-30,08:00,17:00,45,12,6711
SE-410687,LUM-PTA,PR-3008,2025-12-30,08:00,17:00,20,27,3803
SE-410688,LUM-PTA,PR-3009,30/12/2025,08:00,17:00,25,21,8221
SE-410689,LUM-PTA,PR-3010,30/12/2025,08:00,17:00,30,18,5602
SE-410690,LUM-PTA,PR-3011,2025-12-30,08:00,17:00,20,27,4519
SE-410691,LUM-PTA,PR-3012,2025-12-30,08:00,17:00,20,27,4073
SE-410692,LUM-UMH,PR-3014,2025-12-30,08:00,17:00,20,27,3616
SE-410693,LUM-UMH,PR-3015,2025-12-30,08:00,17:00,30,18,4817
SE-410694,LUM-UMH,PR-3016,2025-12-30,08:00,17:00,30,18,3166
SE-410695,LUM-UMH,PR-3017,2025-12-30,08:00,17:00,25,21,7465
SE-410696,LUM-UMH,PR-3018,30/12/2025,08:00,17:00,20,27,3765
SE-410697,LUM-CLR,PR-3019,2025-12-30,08:00,17:00,20,27,4416
SE-410698,LUM-CLR,PR-3020,2025-12-30,08:00,17:00,30,18,3302
SE-410699,LUM-CLR,PR-3021,2025-12-30,08:00,17:00,20,27,4210
SE-410700,LUM-CLR,PR-3022,2025-12-30,08:00,17:00,20,27,4199
SE-410701,LUM-CLR,PR-3023,2025-12-30,08:00,17:00,20,27,3940
SE-410702,LUM-GQE,PR-3025,30/12/2025,08:00,17:00,20,27,3480
SE-410703,LUM-GQE,PR-3027,2025-12-30,08:00,17:00,30,18,5152
SE-410704,LUM-GQE,PR-3028,2025-12-30,08:00,17:00,20,27,4210
SE-410705,LUM-BFN,PR-3029,30/12/2025,08:00,17:00,30,18,4817
SE-410706,LUM-BFN,PR-3031,2025-12-30,08:00,17:00,30,18,3256
SE-410707,LUM-SAN,PR-3001,31/12/2025,08:00,17:00,20,27,4207
SE-410708,LUM-SAN,PR-3002,2025-12-31,08:00,17:00,30,18,5987
SE-410709,LUM-SAN,PR-3003,31/12/2025,08:00,17:00,20,27,3679
SE-410710,LUM-SAN,PR-3004,31/12/2025,08:00,17:00,20,27,4117
SE-410711,LUM-SAN,PR-3005,2025-12-31,08:00,17:00,20,27,4234
SE-410712,LUM-SAN,PR-3006,2025-12-31,08:00,17:00,30,18,3134
SE-410713,LUM-SAN,PR-3007,2025-12-31,08:00,17:00,45,12,6711
SE-410714,LUM-PTA,PR-3008,2025-12-31,08:00,17:00,20,27,3803
SE-410715,LUM-PTA,PR-3009,2025-12-31,08:00,17:00,25,21,8221
SE-410716,LUM-PTA,PR-3010,2025-12-31,08:00,17:00,30,18,5602
SE-410717,LUM-PTA,PR-3013,2025-12-31,08:00,17:00,30,18,5678
SE-410718,LUM-UMH,PR-3014,2025-12-31,08:00,17:00,20,27,3616
SE-410719,LUM-UMH,PR-3015,31/12/2025,08:00,17:00,30,18,4817
SE-410720,LUM-UMH,PR-3016,2025-12-31,08:00,17:00,30,18,3166
SE-410721,LUM-UMH,PR-3017,2025-12-31,08:00,17:00,25,21,7465
SE-410722,LUM-UMH,PR-3018,2025-12-31,08:00,17:00,20,27,3765
SE-410723,LUM-CLR,PR-3019,2025-12-31,08:00,17:00,20,27,4416
SE-410724,LUM-CLR,PR-3020,2025-12-31,08:00,17:00,30,18,3302
SE-410725,LUM-CLR,PR-3021,2025-12-31,08:00,17:00,20,27,4210
SE-410726,LUM-CLR,PR-3022,31/12/2025,08:00,17:00,20,27,4199
SE-410727,LUM-CLR,PR-3023,2025-12-31,08:00,17:00,20,27,3940
SE-410728,LUM-CLR,PR-3024,2025-12-31,08:00,17:00,20,27,4215
SE-410729,LUM-GQE,PR-3025,2025-12-31,08:00,17:00,20,27,3480
SE-410730,LUM-GQE,PR-3026,2025-12-31,08:00,17:00,20,27,4421
SE-410731,LUM-GQE,PR-3028,2025-12-31,08:00,17:00,20,27,4210
SE-410732,LUM-BFN,PR-3029,2025-12-31,08:00,17:00,30,18,4817
SE-410733,LUM-BFN,PR-3030,2025-12-31,08:00,17:00,30,18,2885
SE-410734,LUM-BFN,PR-3031,31/12/2025,08:00,17:00,30,18,3256
SE-410735,LUM-BFN,PR-3032,2025-12-31,08:00,17:00,30,18,2779
SE-410736,LUM-SAN,PR-3001,2026-01-01,08:00,17:00,20,27,4207
SE-410737,LUM-SAN,PR-3002,01/01/2026,08:00,17:00,30,18,5987
SE-410738,LUM-SAN,PR-3004,2026-01-01,08:00,17:00,20,27,4117
SE-410739,LUM-SAN,PR-3005,2026-01-01,08:00,17:00,20,27,4234
SE-410740,LUM-SAN,PR-3006,01/01/2026,08:00,17:00,30,18,3134
SE-410741,LUM-SAN,PR-3007,2026-01-01,08:00,17:00,45,12,6711
SE-410742,LUM-PTA,PR-3008,01/01/2026,08:00,17:00,20,27,3803
SE-410743,LUM-PTA,PR-3009,01/01/2026,08:00,17:00,25,21,8221
SE-410744,LUM-PTA,PR-3010,2026-01-01,08:00,17:00,30,18,5602
SE-410745,LUM-PTA,PR-3011,01/01/2026,08:00,17:00,20,27,4519
SE-410746,LUM-PTA,PR-3013,2026-01-01,08:00,17:00,30,18,5678
SE-410747,LUM-UMH,PR-3014,2026-01-01,08:00,17:00,20,27,3616
SE-410748,LUM-UMH,PR-3015,01/01/2026,08:00,17:00,30,18,4817
SE-410749,LUM-UMH,PR-3016,01/01/2026,08:00,17:00,30,18,3166
SE-410750,LUM-UMH,PR-3017,01/01/2026,08:00,17:00,25,21,7465
SE-410751,LUM-UMH,PR-3018,2026-01-01,08:00,17:00,20,27,3765
SE-410752,LUM-CLR,PR-3019,01/01/2026,08:00,17:00,20,27,4416
SE-410753,LUM-CLR,PR-3020,2026-01-01,08:00,17:00,30,18,3302
SE-410754,LUM-CLR,PR-3021,2026-01-01,08:00,17:00,20,27,4210
SE-410755,LUM-CLR,PR-3022,2026-01-01,08:00,17:00,20,27,4199
SE-410756,LUM-CLR,PR-3023,2026-01-01,08:00,17:00,20,27,3940
SE-410757,LUM-CLR,PR-3024,2026-01-01,08:00,17:00,20,27,4215
SE-410758,LUM-GQE,PR-3025,2026-01-01,08:00,17:00,20,27,3480
SE-410759,LUM-GQE,PR-3026,01/01/2026,08:00,17:00,20,27,4421
SE-410760,LUM-GQE,PR-3027,01/01/2026,08:00,17:00,30,18,5152
SE-410761,LUM-GQE,PR-3028,01/01/2026,08:00,17:00,20,27,4210
SE-410762,LUM-BFN,PR-3029,2026-01-01,08:00,17:00,30,18,4817
SE-410763,LUM-BFN,PR-3030,2026-01-01,08:00,17:00,30,18,2885
SE-410764,LUM-BFN,PR-3031,2026-01-01,08:00,17:00,30,18,3256
SE-410765,LUM-BFN,PR-3032,2026-01-01,08:00,17:00,30,18,2779
SE-410766,LUM-SAN,PR-3001,2026-01-02,08:00,17:00,20,27,4207
SE-410767,LUM-SAN,PR-3002,2026-01-02,08:00,17:00,30,18,5987
SE-410768,LUM-SAN,PR-3003,02/01/2026,08:00,17:00,20,27,3679
SE-410769,LUM-SAN,PR-3004,2026-01-02,08:00,17:00,20,27,4117
SE-410770,LUM-SAN,PR-3005,2026-01-02,08:00,17:00,20,27,4234
SE-410771,LUM-SAN,PR-3006,02/01/2026,08:00,17:00,30,18,3134
SE-410772,LUM-SAN,PR-3007,2026-01-02,08:00,17:00,45,12,6711
SE-410773,LUM-PTA,PR-3009,02/01/2026,08:00,17:00,25,21,8221
SE-410774,LUM-PTA,PR-3010,2026-01-02,08:00,17:00,30,18,5602
SE-410775,LUM-PTA,PR-3011,2026-01-02,08:00,17:00,20,27,4519
SE-410776,LUM-PTA,PR-3012,2026-01-02,08:00,17:00,20,27,4073
SE-410777,LUM-PTA,PR-3013,02/01/2026,08:00,17:00,30,18,5678
SE-410778,LUM-UMH,PR-3014,2026-01-02,08:00,17:00,20,27,3616
SE-410779,LUM-UMH,PR-3015,2026-01-02,08:00,17:00,30,18,4817
SE-410780,LUM-UMH,PR-3017,2026-01-02,08:00,17:00,25,21,7465
SE-410781,LUM-UMH,PR-3018,2026-01-02,08:00,17:00,20,27,3765
SE-410782,LUM-CLR,PR-3019,02/01/2026,08:00,17:00,20,27,4416
SE-410783,LUM-CLR,PR-3020,2026-01-02,08:00,17:00,30,18,3302
SE-410784,LUM-CLR,PR-3021,2026-01-02,08:00,17:00,20,27,4210
SE-410785,LUM-CLR,PR-3022,2026-01-02,08:00,17:00,20,27,4199
SE-410786,LUM-CLR,PR-3023,2026-01-02,08:00,17:00,20,27,3940
SE-410787,LUM-CLR,PR-3024,2026-01-02,08:00,17:00,20,27,4215
SE-410788,LUM-GQE,PR-3026,2026-01-02,08:00,17:00,20,27,4421
SE-410789,LUM-GQE,PR-3027,2026-01-02,08:00,17:00,30,18,5152
SE-410790,LUM-GQE,PR-3028,02/01/2026,08:00,17:00,20,27,4210
SE-410791,LUM-BFN,PR-3029,2026-01-02,08:00,17:00,30,18,4817
SE-410792,LUM-BFN,PR-3030,2026-01-02,08:00,17:00,30,18,2885
SE-410793,LUM-BFN,PR-3031,02/01/2026,08:00,17:00,30,18,3256
SE-410794,LUM-BFN,PR-3032,2026-01-02,08:00,17:00,30,18,2779
SE-410795,LUM-SAN,PR-3001,2026-01-03,08:00,13:00,20,15,2337.22
SE-410796,LUM-PTA,PR-3008,2026-01-03,08:00,13:00,20,15,2112.78
SE-410797,LUM-PTA,PR-3012,03/01/2026,08:00,13:00,20,15,2262.78
SE-410798,LUM-UMH,PR-3014,2026-01-03,08:00,13:00,20,15,2008.89
SE-410799,LUM-CLR,PR-3021,03/01/2026,08:00,13:00,20,15,2338.89
SE-410800,LUM-CLR,PR-3023,03/01/2026,08:00,13:00,20,15,2188.89
SE-410801,LUM-CLR,PR-3024,2026-01-03,08:00,13:00,20,15,2341.67
SE-410802,LUM-GQE,PR-3025,2026-01-03,08:00,13:00,20,15,1933.33
SE-410803,LUM-GQE,PR-3026,03/01/2026,08:00,13:00,20,15,2456.11
SE-410804,LUM-GQE,PR-3028,03/01/2026,08:00,13:00,20,15,2338.89
SE-410805,LUM-SAN,PR-3001,2026-01-05,08:00,17:00,20,27,4207
SE-410806,LUM-SAN,PR-3002,2026-01-05,08:00,17:00,30,18,5987
SE-410807,LUM-SAN,PR-3003,2026-01-05,08:00,17:00,20,27,3679
SE-410808,LUM-SAN,PR-3004,2026-01-05,08:00,17:00,20,27,4117
SE-410809,LUM-SAN,PR-3007,2026-01-05,08:00,17:00,45,12,6711
SE-410810,LUM-PTA,PR-3009,2026-01-05,08:00,17:00,25,21,8221
SE-410811,LUM-PTA,PR-3010,2026-01-05,08:00,17:00,30,18,5602
SE-410812,LUM-PTA,PR-3011,05/01/2026,08:00,17:00,20,27,4519
SE-410813,LUM-PTA,PR-3012,2026-01-05,08:00,17:00,20,27,4073
SE-410814,LUM-PTA,PR-3013,2026-01-05,08:00,17:00,30,18,5678
SE-410815,LUM-UMH,PR-3014,2026-01-05,08:00,17:00,20,27,3616
SE-410816,LUM-UMH,PR-3015,2026-01-05,08:00,17:00,30,18,4817
SE-410817,LUM-UMH,PR-3016,2026-01-05,08:00,17:00,30,18,3166
SE-410818,LUM-UMH,PR-3017,2026-01-05,08:00,17:00,25,21,7465
SE-410819,LUM-UMH,PR-3018,2026-01-05,08:00,17:00,20,27,3765
SE-410820,LUM-CLR,PR-3019,2026-01-05,08:00,17:00,20,27,4416
SE-410821,LUM-CLR,PR-3020,2026-01-05,08:00,17:00,30,18,3302
SE-410822,LUM-CLR,PR-3021,2026-01-05,08:00,17:00,20,27,4210
SE-410823,LUM-CLR,PR-3023,2026-01-05,08:00,17:00,20,27,3940
SE-410824,LUM-CLR,PR-3024,05/01/2026,08:00,17:00,20,27,4215
SE-410825,LUM-GQE,PR-3025,2026-01-05,08:00,17:00,20,27,3480
SE-410826,LUM-GQE,PR-3027,05/01/2026,08:00,17:00,30,18,5152
SE-410827,LUM-GQE,PR-3028,05/01/2026,08:00,17:00,20,27,4210
SE-410828,LUM-BFN,PR-3029,2026-01-05,08:00,17:00,30,18,4817
SE-410829,LUM-BFN,PR-3030,2026-01-05,08:00,17:00,30,18,2885
SE-410830,LUM-BFN,PR-3032,2026-01-05,08:00,17:00,30,18,2779
SE-410831,LUM-SAN,PR-3001,2026-01-06,08:00,17:00,20,27,4207
SE-410832,LUM-SAN,PR-3002,06/01/2026,08:00,17:00,30,18,5987
SE-410833,LUM-SAN,PR-3003,2026-01-06,08:00,17:00,20,27,3679
SE-410834,LUM-SAN,PR-3005,2026-01-06,08:00,17:00,20,27,4234
SE-410835,LUM-SAN,PR-3006,06/01/2026,08:00,17:00,30,18,3134
SE-410836,LUM-SAN,PR-3007,2026-01-06,08:00,17:00,45,12,6711
SE-410837,LUM-PTA,PR-3008,2026-01-06,08:00,17:00,20,27,3803
SE-410838,LUM-PTA,PR-3009,2026-01-06,08:00,17:00,25,21,8221
SE-410839,LUM-PTA,PR-3010,2026-01-06,08:00,17:00,30,18,5602
SE-410840,LUM-PTA,PR-3011,2026-01-06,08:00,17:00,20,27,4519
SE-410841,LUM-PTA,PR-3012,06/01/2026,08:00,17:00,20,27,4073
SE-410842,LUM-PTA,PR-3013,2026-01-06,08:00,17:00,30,18,5678
SE-410843,LUM-UMH,PR-3015,2026-01-06,08:00,17:00,30,18,4817
SE-410844,LUM-UMH,PR-3016,2026-01-06,08:00,17:00,30,18,3166
SE-410845,LUM-UMH,PR-3017,06/01/2026,08:00,17:00,25,21,7465
SE-410846,LUM-UMH,PR-3018,2026-01-06,08:00,17:00,20,27,3765
SE-410847,LUM-CLR,PR-3019,06/01/2026,08:00,17:00,20,27,4416
SE-410848,LUM-CLR,PR-3020,2026-01-06,08:00,17:00,30,18,3302
SE-410849,LUM-CLR,PR-3023,2026-01-06,08:00,17:00,20,27,3940
SE-410850,LUM-CLR,PR-3024,06/01/2026,08:00,17:00,20,27,4215
SE-410851,LUM-GQE,PR-3025,2026-01-06,08:00,17:00,20,27,3480
SE-410852,LUM-GQE,PR-3026,2026-01-06,08:00,17:00,20,27,4421
SE-410853,LUM-GQE,PR-3027,2026-01-06,08:00,17:00,30,18,5152
SE-410854,LUM-GQE,PR-3028,2026-01-06,08:00,17:00,20,27,4210
SE-410855,LUM-BFN,PR-3029,06/01/2026,08:00,17:00,30,18,4817
SE-410856,LUM-BFN,PR-3030,06/01/2026,08:00,17:00,30,18,2885
SE-410857,LUM-BFN,PR-3032,2026-01-06,08:00,17:00,30,18,2779
SE-410858,LUM-SAN,PR-3001,2026-01-07,08:00,17:00,20,27,4207
SE-410859,LUM-SAN,PR-3002,2026-01-07,08:00,17:00,30,18,5987
SE-410860,LUM-SAN,PR-3003,2026-01-07,08:00,17:00,20,27,3679
SE-410861,LUM-SAN,PR-3004,07/01/2026,08:00,17:00,20,27,4117
SE-410862,LUM-SAN,PR-3005,07/01/2026,08:00,17:00,20,27,4234
SE-410863,LUM-SAN,PR-3006,2026-01-07,08:00,17:00,30,18,3134
SE-410864,LUM-PTA,PR-3008,2026-01-07,08:00,17:00,20,27,3803
SE-410865,LUM-PTA,PR-3009,2026-01-07,08:00,17:00,25,21,8221
SE-410866,LUM-PTA,PR-3011,2026-01-07,08:00,17:00,20,27,4519
SE-410867,LUM-PTA,PR-3012,2026-01-07,08:00,17:00,20,27,4073
SE-410868,LUM-PTA,PR-3013,2026-01-07,08:00,17:00,30,18,5678
SE-410869,LUM-UMH,PR-3014,07/01/2026,08:00,17:00,20,27,3616
SE-410870,LUM-UMH,PR-3015,2026-01-07,08:00,17:00,30,18,4817
SE-410871,LUM-UMH,PR-3016,07/01/2026,08:00,17:00,30,18,3166
SE-410872,LUM-UMH,PR-3017,2026-01-07,08:00,17:00,25,21,7465
SE-410873,LUM-UMH,PR-3018,07/01/2026,08:00,17:00,20,27,3765
SE-410874,LUM-CLR,PR-3019,2026-01-07,08:00,17:00,20,27,4416
SE-410875,LUM-CLR,PR-3020,07/01/2026,08:00,17:00,30,18,3302
SE-410876,LUM-CLR,PR-3021,07/01/2026,08:00,17:00,20,27,4210
SE-410877,LUM-CLR,PR-3022,2026-01-07,08:00,17:00,20,27,4199
SE-410878,LUM-CLR,PR-3023,2026-01-07,08:00,17:00,20,27,3940
SE-410879,LUM-CLR,PR-3024,07/01/2026,08:00,17:00,20,27,4215
SE-410880,LUM-GQE,PR-3026,07/01/2026,08:00,17:00,20,27,4421
SE-410881,LUM-GQE,PR-3027,07/01/2026,08:00,17:00,30,18,5152
SE-410882,LUM-GQE,PR-3028,2026-01-07,08:00,17:00,20,27,4210
SE-410883,LUM-BFN,PR-3029,2026-01-07,08:00,17:00,30,18,4817
SE-410884,LUM-BFN,PR-3030,2026-01-07,08:00,17:00,30,18,2885
SE-410885,LUM-BFN,PR-3031,2026-01-07,08:00,17:00,30,18,3256
SE-410886,LUM-BFN,PR-3032,2026-01-07,08:00,17:00,30,18,2779
SE-410887,LUM-SAN,PR-3001,2026-01-08,08:00,17:00,20,27,4207
SE-410888,LUM-SAN,PR-3002,2026-01-08,08:00,17:00,30,18,5987
SE-410889,LUM-SAN,PR-3004,2026-01-08,08:00,17:00,20,27,4117
SE-410890,LUM-SAN,PR-3005,2026-01-08,08:00,17:00,20,27,4234
SE-410891,LUM-SAN,PR-3006,2026-01-08,08:00,17:00,30,18,3134
SE-410892,LUM-SAN,PR-3007,2026-01-08,08:00,17:00,45,12,6711
SE-410893,LUM-PTA,PR-3008,2026-01-08,08:00,17:00,20,27,3803
SE-410894,LUM-PTA,PR-3009,2026-01-08,08:00,17:00,25,21,8221
SE-410895,LUM-PTA,PR-3010,2026-01-08,08:00,17:00,30,18,5602
SE-410896,LUM-PTA,PR-3011,2026-01-08,08:00,17:00,20,27,4519
SE-410897,LUM-PTA,PR-3012,2026-01-08,08:00,17:00,20,27,4073
SE-410898,LUM-PTA,PR-3013,2026-01-08,08:00,17:00,30,18,5678
SE-410899,LUM-UMH,PR-3015,2026-01-08,08:00,17:00,30,18,4817
SE-410900,LUM-UMH,PR-3016,2026-01-08,08:00,17:00,30,18,3166
SE-410901,LUM-UMH,PR-3017,2026-01-08,08:00,17:00,25,21,7465
SE-410902,LUM-UMH,PR-3018,08/01/2026,08:00,17:00,20,27,3765
SE-410903,LUM-CLR,PR-3019,2026-01-08,08:00,17:00,20,27,4416
SE-410904,LUM-CLR,PR-3020,2026-01-08,08:00,17:00,30,18,3302
SE-410905,LUM-CLR,PR-3021,08/01/2026,08:00,17:00,20,27,4210
SE-410906,LUM-CLR,PR-3023,2026-01-08,08:00,17:00,20,27,3940
SE-410907,LUM-CLR,PR-3024,2026-01-08,08:00,17:00,20,27,4215
SE-410908,LUM-GQE,PR-3025,2026-01-08,08:00,17:00,20,27,3480
SE-410909,LUM-GQE,PR-3026,2026-01-08,08:00,17:00,20,27,4421
SE-410910,LUM-GQE,PR-3028,2026-01-08,08:00,17:00,20,27,4210
SE-410911,LUM-BFN,PR-3029,08/01/2026,08:00,17:00,30,18,4817
SE-410912,LUM-BFN,PR-3030,2026-01-08,08:00,17:00,30,18,2885
SE-410913,LUM-BFN,PR-3031,2026-01-08,08:00,17:00,30,18,3256
SE-410914,LUM-BFN,PR-3032,2026-01-08,08:00,17:00,30,18,2779
SE-410915,LUM-SAN,PR-3001,09/01/2026,08:00,17:00,20,27,4207
SE-410916,LUM-SAN,PR-3002,2026-01-09,08:00,17:00,30,18,5987
SE-410917,LUM-SAN,PR-3003,09/01/2026,08:00,17:00,20,27,3679
SE-410918,LUM-SAN,PR-3005,2026-01-09,08:00,17:00,20,27,4234
SE-410919,LUM-SAN,PR-3006,09/01/2026,08:00,17:00,30,18,3134
SE-410920,LUM-PTA,PR-3008,2026-01-09,08:00,17:00,20,27,3803
SE-410921,LUM-PTA,PR-3009,09/01/2026,08:00,17:00,25,21,8221
SE-410922,LUM-PTA,PR-3010,2026-01-09,08:00,17:00,30,18,5602
SE-410923,LUM-PTA,PR-3011,2026-01-09,08:00,17:00,20,27,4519
SE-410924,LUM-PTA,PR-3012,2026-01-09,08:00,17:00,20,27,4073
SE-410925,LUM-UMH,PR-3015,09/01/2026,08:00,17:00,30,18,4817
SE-410926,LUM-UMH,PR-3016,2026-01-09,08:00,17:00,30,18,3166
SE-410927,LUM-UMH,PR-3017,2026-01-09,08:00,17:00,25,21,7465
SE-410928,LUM-CLR,PR-3019,2026-01-09,08:00,17:00,20,27,4416
SE-410929,LUM-CLR,PR-3020,2026-01-09,08:00,17:00,30,18,3302
SE-410930,LUM-CLR,PR-3021,2026-01-09,08:00,17:00,20,27,4210
SE-410931,LUM-CLR,PR-3022,2026-01-09,08:00,17:00,20,27,4199
SE-410932,LUM-CLR,PR-3023,2026-01-09,08:00,17:00,20,27,3940
SE-410933,LUM-CLR,PR-3024,2026-01-09,08:00,17:00,20,27,4215
SE-410934,LUM-GQE,PR-3025,2026-01-09,08:00,17:00,20,27,3480
SE-410935,LUM-GQE,PR-3026,2026-01-09,08:00,17:00,20,27,4421
SE-410936,LUM-GQE,PR-3027,2026-01-09,08:00,17:00,30,18,5152
SE-410937,LUM-GQE,PR-3028,09/01/2026,08:00,17:00,20,27,4210
SE-410938,LUM-BFN,PR-3029,09/01/2026,08:00,17:00,30,18,4817
SE-410939,LUM-BFN,PR-3030,09/01/2026,08:00,17:00,30,18,2885
SE-410940,LUM-BFN,PR-3031,2026-01-09,08:00,17:00,30,18,3256
SE-410941,LUM-BFN,PR-3032,09/01/2026,08:00,17:00,30,18,2779
SE-410942,LUM-SAN,PR-3001,2026-01-10,08:00,13:00,20,15,2337.22
SE-410943,LUM-SAN,PR-3007,2026-01-10,08:00,13:00,45,6,3728.33
SE-410944,LUM-PTA,PR-3008,2026-01-10,08:00,13:00,20,15,2112.78
SE-410945,LUM-PTA,PR-3009,10/01/2026,08:00,13:00,25,12,4567.22
SE-410946,LUM-CLR,PR-3019,2026-01-10,08:00,13:00,20,15,2453.33
SE-410947,LUM-CLR,PR-3020,2026-01-10,08:00,13:00,30,10,1834.44
SE-410948,LUM-CLR,PR-3024,2026-01-10,08:00,13:00,20,15,2341.67
SE-410949,LUM-BFN,PR-3030,2026-01-10,08:00,13:00,30,10,1602.78
SE-410950,LUM-BFN,PR-3032,2026-01-10,08:00,13:00,30,10,1543.89
SE-410951,LUM-SAN,PR-3001,2026-01-12,08:00,17:00,20,27,4207
SE-410952,LUM-SAN,PR-3003,2026-01-12,08:00,17:00,20,27,3679
SE-410953,LUM-SAN,PR-3004,2026-01-12,08:00,17:00,20,27,4117
SE-410954,LUM-SAN,PR-3005,2026-01-12,08:00,17:00,20,27,4234
SE-410955,LUM-SAN,PR-3006,2026-01-12,08:00,17:00,30,18,3134
SE-410956,LUM-SAN,PR-3007,12/01/2026,08:00,17:00,45,12,6711
SE-410957,LUM-PTA,PR-3008,2026-01-12,08:00,17:00,20,27,3803
SE-410958,LUM-PTA,PR-3009,2026-01-12,08:00,17:00,25,21,8221
SE-410959,LUM-PTA,PR-3010,2026-01-12,08:00,17:00,30,18,5602
SE-410960,LUM-PTA,PR-3012,2026-01-12,08:00,17:00,20,27,4073
SE-410961,LUM-PTA,PR-3013,2026-01-12,08:00,17:00,30,18,5678
SE-410962,LUM-UMH,PR-3014,2026-01-12,08:00,17:00,20,27,3616
SE-410963,LUM-UMH,PR-3015,2026-01-12,08:00,17:00,30,18,4817
SE-410964,LUM-UMH,PR-3016,12/01/2026,08:00,17:00,30,18,3166
SE-410965,LUM-UMH,PR-3017,2026-01-12,08:00,17:00,25,21,7465
SE-410966,LUM-UMH,PR-3018,12/01/2026,08:00,17:00,20,27,3765
SE-410967,LUM-CLR,PR-3019,12/01/2026,08:00,17:00,20,27,4416
SE-410968,LUM-CLR,PR-3020,2026-01-12,08:00,17:00,30,18,3302
SE-410969,LUM-CLR,PR-3021,2026-01-12,08:00,17:00,20,27,4210
SE-410970,LUM-CLR,PR-3022,2026-01-12,08:00,17:00,20,27,4199
SE-410971,LUM-CLR,PR-3023,2026-01-12,08:00,17:00,20,27,3940
SE-410972,LUM-CLR,PR-3024,2026-01-12,08:00,17:00,20,27,4215
SE-410973,LUM-GQE,PR-3025,12/01/2026,08:00,17:00,20,27,3480
SE-410974,LUM-GQE,PR-3026,2026-01-12,08:00,17:00,20,27,4421
SE-410975,LUM-GQE,PR-3027,2026-01-12,08:00,17:00,30,18,5152
SE-410976,LUM-GQE,PR-3028,2026-01-12,08:00,17:00,20,27,4210
SE-410977,LUM-BFN,PR-3029,2026-01-12,08:00,17:00,30,18,4817
SE-410978,LUM-BFN,PR-3030,2026-01-12,08:00,17:00,30,18,2885
SE-410979,LUM-BFN,PR-3031,12/01/2026,08:00,17:00,30,18,3256
SE-410980,LUM-BFN,PR-3032,2026-01-12,08:00,17:00,30,18,2779
SE-410981,LUM-SAN,PR-3002,13/01/2026,08:00,17:00,30,18,5987
SE-410982,LUM-SAN,PR-3003,13/01/2026,08:00,17:00,20,27,3679
SE-410983,LUM-SAN,PR-3004,13/01/2026,08:00,17:00,20,27,4117
SE-410984,LUM-SAN,PR-3005,2026-01-13,08:00,17:00,20,27,4234
SE-410985,LUM-SAN,PR-3006,13/01/2026,08:00,17:00,30,18,3134
SE-410986,LUM-SAN,PR-3007,2026-01-13,08:00,17:00,45,12,6711
SE-410987,LUM-PTA,PR-3008,13/01/2026,08:00,17:00,20,27,3803
SE-410988,LUM-PTA,PR-3009,2026-01-13,08:00,17:00,25,21,8221
SE-410989,LUM-PTA,PR-3010,2026-01-13,08:00,17:00,30,18,5602
SE-410990,LUM-PTA,PR-3011,2026-01-13,08:00,17:00,20,27,4519
SE-410991,LUM-PTA,PR-3013,2026-01-13,08:00,17:00,30,18,5678
SE-410992,LUM-UMH,PR-3014,2026-01-13,08:00,17:00,20,27,3616
SE-410993,LUM-UMH,PR-3016,2026-01-13,08:00,17:00,30,18,3166
SE-410994,LUM-UMH,PR-3017,13/01/2026,08:00,17:00,25,21,7465
SE-410995,LUM-CLR,PR-3019,2026-01-13,08:00,17:00,20,27,4416
SE-410996,LUM-CLR,PR-3020,2026-01-13,08:00,17:00,30,18,3302
SE-410997,LUM-CLR,PR-3021,2026-01-13,08:00,17:00,20,27,4210
SE-410998,LUM-CLR,PR-3022,13/01/2026,08:00,17:00,20,27,4199
SE-410999,LUM-CLR,PR-3023,2026-01-13,08:00,17:00,20,27,3940
SE-411000,LUM-CLR,PR-3024,2026-01-13,08:00,17:00,20,27,4215
SE-411001,LUM-GQE,PR-3025,2026-01-13,08:00,17:00,20,27,3480
SE-411002,LUM-GQE,PR-3026,2026-01-13,08:00,17:00,20,27,4421
SE-411003,LUM-GQE,PR-3027,2026-01-13,08:00,17:00,30,18,5152
SE-411004,LUM-GQE,PR-3028,2026-01-13,08:00,17:00,20,27,4210
SE-411005,LUM-BFN,PR-3029,13/01/2026,08:00,17:00,30,18,4817
SE-411006,LUM-BFN,PR-3030,2026-01-13,08:00,17:00,30,18,2885
SE-411007,LUM-BFN,PR-3031,2026-01-13,08:00,17:00,30,18,3256
SE-411008,LUM-BFN,PR-3032,2026-01-13,08:00,17:00,30,18,2779
SE-411009,LUM-SAN,PR-3001,2026-01-14,08:00,17:00,20,27,4207
SE-411010,LUM-SAN,PR-3003,2026-01-14,08:00,17:00,20,27,3679
SE-411011,LUM-SAN,PR-3004,2026-01-14,08:00,17:00,20,27,4117
SE-411012,LUM-SAN,PR-3005,14/01/2026,08:00,17:00,20,27,4234
SE-411013,LUM-SAN,PR-3006,2026-01-14,08:00,17:00,30,18,3134
SE-411014,LUM-SAN,PR-3007,2026-01-14,08:00,17:00,45,12,6711
SE-411015,LUM-PTA,PR-3008,2026-01-14,08:00,17:00,20,27,3803
SE-411016,LUM-PTA,PR-3009,2026-01-14,08:00,17:00,25,21,8221
SE-411017,LUM-PTA,PR-3010,2026-01-14,08:00,17:00,30,18,5602
SE-411018,LUM-PTA,PR-3011,2026-01-14,08:00,17:00,20,27,4519
SE-411019,LUM-PTA,PR-3012,14/01/2026,08:00,17:00,20,27,4073
SE-411020,LUM-PTA,PR-3013,2026-01-14,08:00,17:00,30,18,5678
SE-411021,LUM-UMH,PR-3014,2026-01-14,08:00,17:00,20,27,3616
SE-411022,LUM-UMH,PR-3015,2026-01-14,08:00,17:00,30,18,4817
SE-411023,LUM-UMH,PR-3016,2026-01-14,08:00,17:00,30,18,3166
SE-411024,LUM-UMH,PR-3017,2026-01-14,08:00,17:00,25,21,7465
SE-411025,LUM-UMH,PR-3018,2026-01-14,08:00,17:00,20,27,3765
SE-411026,LUM-CLR,PR-3019,2026-01-14,08:00,17:00,20,27,4416
SE-411027,LUM-CLR,PR-3020,2026-01-14,08:00,17:00,30,18,3302
SE-411028,LUM-CLR,PR-3022,2026-01-14,08:00,17:00,20,27,4199
SE-411029,LUM-CLR,PR-3023,2026-01-14,08:00,17:00,20,27,3940
SE-411030,LUM-CLR,PR-3024,2026-01-14,08:00,17:00,20,27,4215
SE-411031,LUM-GQE,PR-3025,2026-01-14,08:00,17:00,20,27,3480
SE-411032,LUM-GQE,PR-3026,2026-01-14,08:00,17:00,20,27,4421
SE-411033,LUM-GQE,PR-3028,2026-01-14,08:00,17:00,20,27,4210
SE-411034,LUM-BFN,PR-3029,2026-01-14,08:00,17:00,30,18,4817
SE-411035,LUM-BFN,PR-3030,2026-01-14,08:00,17:00,30,18,2885
SE-411036,LUM-BFN,PR-3031,14/01/2026,08:00,17:00,30,18,3256
SE-411037,LUM-BFN,PR-3032,14/01/2026,08:00,17:00,30,18,2779
SE-411038,LUM-SAN,PR-3001,2026-01-15,08:00,17:00,20,27,4207
SE-411039,LUM-SAN,PR-3002,2026-01-15,08:00,17:00,30,18,5987
SE-411040,LUM-SAN,PR-3003,2026-01-15,08:00,17:00,20,27,3679
SE-411041,LUM-SAN,PR-3004,2026-01-15,08:00,17:00,20,27,4117
SE-411042,LUM-SAN,PR-3005,2026-01-15,08:00,17:00,20,27,4234
SE-411043,LUM-SAN,PR-3006,15/01/2026,08:00,17:00,30,18,3134
SE-411044,LUM-SAN,PR-3007,2026-01-15,08:00,17:00,45,12,6711
SE-411045,LUM-PTA,PR-3008,2026-01-15,08:00,17:00,20,27,3803
SE-411046,LUM-PTA,PR-3009,15/01/2026,08:00,17:00,25,21,8221
SE-411047,LUM-PTA,PR-3010,15/01/2026,08:00,17:00,30,18,5602
SE-411048,LUM-PTA,PR-3011,15/01/2026,08:00,17:00,20,27,4519
SE-411049,LUM-PTA,PR-3012,15/01/2026,08:00,17:00,20,27,4073
SE-411050,LUM-PTA,PR-3013,2026-01-15,08:00,17:00,30,18,5678
SE-411051,LUM-UMH,PR-3014,2026-01-15,08:00,17:00,20,27,3616
SE-411052,LUM-UMH,PR-3015,15/01/2026,08:00,17:00,30,18,4817
SE-411053,LUM-UMH,PR-3016,2026-01-15,08:00,17:00,30,18,3166
SE-411054,LUM-UMH,PR-3017,2026-01-15,08:00,17:00,25,21,7465
SE-411055,LUM-UMH,PR-3018,2026-01-15,08:00,17:00,20,27,3765
SE-411056,LUM-CLR,PR-3020,2026-01-15,08:00,17:00,30,18,3302
SE-411057,LUM-CLR,PR-3021,2026-01-15,08:00,17:00,20,27,4210
SE-411058,LUM-CLR,PR-3022,2026-01-15,08:00,17:00,20,27,4199
SE-411059,LUM-CLR,PR-3023,2026-01-15,08:00,17:00,20,27,3940
SE-411060,LUM-CLR,PR-3024,2026-01-15,08:00,17:00,20,27,4215
SE-411061,LUM-GQE,PR-3025,2026-01-15,08:00,17:00,20,27,3480
SE-411062,LUM-GQE,PR-3026,2026-01-15,08:00,17:00,20,27,4421
SE-411063,LUM-GQE,PR-3027,15/01/2026,08:00,17:00,30,18,5152
SE-411064,LUM-GQE,PR-3028,2026-01-15,08:00,17:00,20,27,4210
SE-411065,LUM-BFN,PR-3029,2026-01-15,08:00,17:00,30,18,4817
SE-411066,LUM-BFN,PR-3030,2026-01-15,08:00,17:00,30,18,2885
SE-411067,LUM-BFN,PR-3031,2026-01-15,08:00,17:00,30,18,3256
SE-411068,LUM-BFN,PR-3032,2026-01-15,08:00,17:00,30,18,2779
SE-411069,LUM-SAN,PR-3001,2026-01-16,08:00,17:00,20,27,4207
SE-411070,LUM-SAN,PR-3002,16/01/2026,08:00,17:00,30,18,5987
SE-411071,LUM-SAN,PR-3003,16/01/2026,08:00,17:00,20,27,3679
SE-411072,LUM-SAN,PR-3004,2026-01-16,08:00,17:00,20,27,4117
SE-411073,LUM-SAN,PR-3005,2026-01-16,08:00,17:00,20,27,4234
SE-411074,LUM-SAN,PR-3006,2026-01-16,08:00,17:00,30,18,3134
SE-411075,LUM-SAN,PR-3007,2026-01-16,08:00,17:00,45,12,6711
SE-411076,LUM-PTA,PR-3008,2026-01-16,08:00,17:00,20,27,3803
SE-411077,LUM-PTA,PR-3009,2026-01-16,08:00,17:00,25,21,8221
SE-411078,LUM-PTA,PR-3011,2026-01-16,08:00,17:00,20,27,4519
SE-411079,LUM-PTA,PR-3012,2026-01-16,08:00,17:00,20,27,4073
SE-411080,LUM-PTA,PR-3013,2026-01-16,08:00,17:00,30,18,5678
SE-411081,LUM-UMH,PR-3014,2026-01-16,08:00,17:00,20,27,3616
SE-411082,LUM-UMH,PR-3015,16/01/2026,08:00,17:00,30,18,4817
SE-411083,LUM-UMH,PR-3017,2026-01-16,08:00,17:00,25,21,7465
SE-411084,LUM-UMH,PR-3018,16/01/2026,08:00,17:00,20,27,3765
SE-411085,LUM-CLR,PR-3019,2026-01-16,08:00,17:00,20,27,4416
SE-411086,LUM-CLR,PR-3020,2026-01-16,08:00,17:00,30,18,3302
SE-411087,LUM-CLR,PR-3021,16/01/2026,08:00,17:00,20,27,4210
SE-411088,LUM-CLR,PR-3022,2026-01-16,08:00,17:00,20,27,4199
SE-411089,LUM-CLR,PR-3023,2026-01-16,08:00,17:00,20,27,3940
SE-411090,LUM-CLR,PR-3024,2026-01-16,08:00,17:00,20,27,4215
SE-411091,LUM-GQE,PR-3025,16/01/2026,08:00,17:00,20,27,3480
SE-411092,LUM-GQE,PR-3026,2026-01-16,08:00,17:00,20,27,4421
SE-411093,LUM-GQE,PR-3027,2026-01-16,08:00,17:00,30,18,5152
SE-411094,LUM-BFN,PR-3029,2026-01-16,08:00,17:00,30,18,4817
SE-411095,LUM-BFN,PR-3031,16/01/2026,08:00,17:00,30,18,3256
SE-411096,LUM-BFN,PR-3032,16/01/2026,08:00,17:00,30,18,2779
SE-411097,LUM-SAN,PR-3001,17/01/2026,08:00,13:00,20,15,2337.22
SE-411098,LUM-SAN,PR-3002,2026-01-17,08:00,13:00,30,10,3326.11
SE-411099,LUM-SAN,PR-3003,2026-01-17,08:00,13:00,20,15,2043.89
SE-411100,LUM-SAN,PR-3005,2026-01-17,08:00,13:00,20,15,2352.22
SE-411101,LUM-PTA,PR-3009,2026-01-17,08:00,13:00,25,12,4567.22
SE-411102,LUM-UMH,PR-3016,17/01/2026,08:00,13:00,30,10,1758.89
SE-411103,LUM-UMH,PR-3017,2026-01-17,08:00,13:00,25,12,4147.22
SE-411104,LUM-CLR,PR-3023,2026-01-17,08:00,13:00,20,15,2188.89
SE-411105,LUM-CLR,PR-3024,2026-01-17,08:00,13:00,20,15,2341.67
SE-411106,LUM-BFN,PR-3030,2026-01-17,08:00,13:00,30,10,1602.78
SE-411107,LUM-SAN,PR-3001,2026-01-19,08:00,17:00,20,27,4207
SE-411108,LUM-SAN,PR-3002,19/01/2026,08:00,17:00,30,18,5987
SE-411109,LUM-SAN,PR-3003,2026-01-19,08:00,17:00,20,27,3679
SE-411110,LUM-SAN,PR-3004,2026-01-19,08:00,17:00,20,27,4117
SE-411111,LUM-SAN,PR-3005,2026-01-19,08:00,17:00,20,27,4234
SE-411112,LUM-SAN,PR-3006,19/01/2026,08:00,17:00,30,18,3134
SE-411113,LUM-SAN,PR-3007,2026-01-19,08:00,17:00,45,12,6711
SE-411114,LUM-PTA,PR-3009,2026-01-19,08:00,17:00,25,21,8221
SE-411115,LUM-PTA,PR-3010,2026-01-19,08:00,17:00,30,18,5602
SE-411116,LUM-PTA,PR-3011,2026-01-19,08:00,17:00,20,27,4519
SE-411117,LUM-PTA,PR-3012,2026-01-19,08:00,17:00,20,27,4073
SE-411118,LUM-PTA,PR-3013,19/01/2026,08:00,17:00,30,18,5678
SE-411119,LUM-UMH,PR-3014,2026-01-19,08:00,17:00,20,27,3616
SE-411120,LUM-UMH,PR-3016,2026-01-19,08:00,17:00,30,18,3166
SE-411121,LUM-CLR,PR-3019,2026-01-19,08:00,17:00,20,27,4416
SE-411122,LUM-CLR,PR-3020,2026-01-19,08:00,17:00,30,18,3302
SE-411123,LUM-CLR,PR-3021,2026-01-19,08:00,17:00,20,27,4210
SE-411124,LUM-CLR,PR-3022,2026-01-19,08:00,17:00,20,27,4199
SE-411125,LUM-CLR,PR-3024,2026-01-19,08:00,17:00,20,27,4215
SE-411126,LUM-GQE,PR-3025,2026-01-19,08:00,17:00,20,27,3480
SE-411127,LUM-GQE,PR-3026,2026-01-19,08:00,17:00,20,27,4421
SE-411128,LUM-GQE,PR-3027,19/01/2026,08:00,17:00,30,18,5152
SE-411129,LUM-GQE,PR-3028,2026-01-19,08:00,17:00,20,27,4210
SE-411130,LUM-BFN,PR-3029,19/01/2026,08:00,17:00,30,18,4817
SE-411131,LUM-BFN,PR-3030,2026-01-19,08:00,17:00,30,18,2885
SE-411132,LUM-BFN,PR-3031,19/01/2026,08:00,17:00,30,18,3256
SE-411133,LUM-BFN,PR-3032,19/01/2026,08:00,17:00,30,18,2779
SE-411134,LUM-SAN,PR-3001,2026-01-20,08:00,17:00,20,27,4207
SE-411135,LUM-SAN,PR-3002,2026-01-20,08:00,17:00,30,18,5987
SE-411136,LUM-SAN,PR-3003,2026-01-20,08:00,17:00,20,27,3679
SE-411137,LUM-SAN,PR-3005,2026-01-20,08:00,17:00,20,27,4234
SE-411138,LUM-SAN,PR-3006,2026-01-20,08:00,17:00,30,18,3134
SE-411139,LUM-SAN,PR-3007,2026-01-20,08:00,17:00,45,12,6711
SE-411140,LUM-PTA,PR-3008,20/01/2026,08:00,17:00,20,27,3803
SE-411141,LUM-PTA,PR-3009,2026-01-20,08:00,17:00,25,21,8221
SE-411142,LUM-PTA,PR-3010,2026-01-20,08:00,17:00,30,18,5602
SE-411143,LUM-PTA,PR-3011,2026-01-20,08:00,17:00,20,27,4519
SE-411144,LUM-PTA,PR-3012,20/01/2026,08:00,17:00,20,27,4073
SE-411145,LUM-PTA,PR-3013,20/01/2026,08:00,17:00,30,18,5678
SE-411146,LUM-UMH,PR-3014,2026-01-20,08:00,17:00,20,27,3616
SE-411147,LUM-UMH,PR-3015,2026-01-20,08:00,17:00,30,18,4817
SE-411148,LUM-UMH,PR-3016,2026-01-20,08:00,17:00,30,18,3166
SE-411149,LUM-UMH,PR-3017,20/01/2026,08:00,17:00,25,21,7465
SE-411150,LUM-UMH,PR-3018,2026-01-20,08:00,17:00,20,27,3765
SE-411151,LUM-CLR,PR-3019,2026-01-20,08:00,17:00,20,27,4416
SE-411152,LUM-CLR,PR-3020,2026-01-20,08:00,17:00,30,18,3302
SE-411153,LUM-CLR,PR-3021,2026-01-20,08:00,17:00,20,27,4210
SE-411154,LUM-CLR,PR-3022,2026-01-20,08:00,17:00,20,27,4199
SE-411155,LUM-CLR,PR-3023,2026-01-20,08:00,17:00,20,27,3940
SE-411156,LUM-CLR,PR-3024,2026-01-20,08:00,17:00,20,27,4215
SE-411157,LUM-GQE,PR-3025,2026-01-20,08:00,17:00,20,27,3480
SE-411158,LUM-GQE,PR-3026,20/01/2026,08:00,17:00,20,27,4421
SE-411159,LUM-GQE,PR-3027,20/01/2026,08:00,17:00,30,18,5152
SE-411160,LUM-GQE,PR-3028,20/01/2026,08:00,17:00,20,27,4210
SE-411161,LUM-BFN,PR-3029,2026-01-20,08:00,17:00,30,18,4817
SE-411162,LUM-BFN,PR-3030,20/01/2026,08:00,17:00,30,18,2885
SE-411163,LUM-BFN,PR-3031,20/01/2026,08:00,17:00,30,18,3256
SE-411164,LUM-BFN,PR-3032,2026-01-20,08:00,17:00,30,18,2779
SE-411165,LUM-SAN,PR-3001,2026-01-21,08:00,17:00,20,27,4207
SE-411166,LUM-SAN,PR-3003,2026-01-21,08:00,17:00,20,27,3679
SE-411167,LUM-SAN,PR-3004,2026-01-21,08:00,17:00,20,27,4117
SE-411168,LUM-SAN,PR-3005,2026-01-21,08:00,17:00,20,27,4234
SE-411169,LUM-SAN,PR-3006,2026-01-21,08:00,17:00,30,18,3134
SE-411170,LUM-SAN,PR-3007,21/01/2026,08:00,17:00,45,12,6711
SE-411171,LUM-PTA,PR-3008,21/01/2026,08:00,17:00,20,27,3803
SE-411172,LUM-PTA,PR-3009,21/01/2026,08:00,17:00,25,21,8221
SE-411173,LUM-PTA,PR-3010,2026-01-21,08:00,17:00,30,18,5602
SE-411174,LUM-PTA,PR-3011,2026-01-21,08:00,17:00,20,27,4519
SE-411175,LUM-PTA,PR-3012,2026-01-21,08:00,17:00,20,27,4073
SE-411176,LUM-PTA,PR-3013,2026-01-21,08:00,17:00,30,18,5678
SE-411177,LUM-UMH,PR-3014,21/01/2026,08:00,17:00,20,27,3616
SE-411178,LUM-UMH,PR-3015,21/01/2026,08:00,17:00,30,18,4817
SE-411179,LUM-UMH,PR-3016,2026-01-21,08:00,17:00,30,18,3166
SE-411180,LUM-UMH,PR-3017,2026-01-21,08:00,17:00,25,21,7465
SE-411181,LUM-UMH,PR-3018,21/01/2026,08:00,17:00,20,27,3765
SE-411182,LUM-CLR,PR-3019,2026-01-21,08:00,17:00,20,27,4416
SE-411183,LUM-CLR,PR-3020,2026-01-21,08:00,17:00,30,18,3302
SE-411184,LUM-CLR,PR-3021,2026-01-21,08:00,17:00,20,27,4210
SE-411185,LUM-CLR,PR-3022,2026-01-21,08:00,17:00,20,27,4199
SE-411186,LUM-CLR,PR-3024,2026-01-21,08:00,17:00,20,27,4215
SE-411187,LUM-GQE,PR-3025,21/01/2026,08:00,17:00,20,27,3480
SE-411188,LUM-GQE,PR-3026,21/01/2026,08:00,17:00,20,27,4421
SE-411189,LUM-GQE,PR-3027,2026-01-21,08:00,17:00,30,18,5152
SE-411190,LUM-GQE,PR-3028,2026-01-21,08:00,17:00,20,27,4210
SE-411191,LUM-BFN,PR-3029,2026-01-21,08:00,17:00,30,18,4817
SE-411192,LUM-BFN,PR-3030,2026-01-21,08:00,17:00,30,18,2885
SE-411193,LUM-BFN,PR-3031,2026-01-21,08:00,17:00,30,18,3256
SE-411194,LUM-BFN,PR-3032,2026-01-21,08:00,17:00,30,18,2779
SE-411195,LUM-SAN,PR-3001,2026-01-22,08:00,17:00,20,27,4207
SE-411196,LUM-SAN,PR-3002,22/01/2026,08:00,17:00,30,18,5987
SE-411197,LUM-SAN,PR-3003,2026-01-22,08:00,17:00,20,27,3679
SE-411198,LUM-SAN,PR-3004,2026-01-22,08:00,17:00,20,27,4117
SE-411199,LUM-SAN,PR-3005,2026-01-22,08:00,17:00,20,27,4234
SE-411200,LUM-SAN,PR-3006,2026-01-22,08:00,17:00,30,18,3134
SE-411201,LUM-SAN,PR-3007,2026-01-22,08:00,17:00,45,12,6711
SE-411202,LUM-PTA,PR-3008,2026-01-22,08:00,17:00,20,27,3803
SE-411203,LUM-PTA,PR-3009,2026-01-22,08:00,17:00,25,21,8221
SE-411204,LUM-PTA,PR-3010,22/01/2026,08:00,17:00,30,18,5602
SE-411205,LUM-PTA,PR-3011,22/01/2026,08:00,17:00,20,27,4519
SE-411206,LUM-PTA,PR-3013,2026-01-22,08:00,17:00,30,18,5678
SE-411207,LUM-UMH,PR-3014,22/01/2026,08:00,17:00,20,27,3616
SE-411208,LUM-UMH,PR-3015,2026-01-22,08:00,17:00,30,18,4817
SE-411209,LUM-UMH,PR-3017,2026-01-22,08:00,17:00,25,21,7465
SE-411210,LUM-UMH,PR-3018,2026-01-22,08:00,17:00,20,27,3765
SE-411211,LUM-CLR,PR-3019,2026-01-22,08:00,17:00,20,27,4416
SE-411212,LUM-CLR,PR-3020,2026-01-22,08:00,17:00,30,18,3302
SE-411213,LUM-CLR,PR-3021,22/01/2026,08:00,17:00,20,27,4210
SE-411214,LUM-CLR,PR-3022,2026-01-22,08:00,17:00,20,27,4199
SE-411215,LUM-CLR,PR-3023,2026-01-22,08:00,17:00,20,27,3940
SE-411216,LUM-CLR,PR-3024,2026-01-22,08:00,17:00,20,27,4215
SE-411217,LUM-GQE,PR-3025,2026-01-22,08:00,17:00,20,27,3480
SE-411218,LUM-GQE,PR-3026,2026-01-22,08:00,17:00,20,27,4421
SE-411219,LUM-GQE,PR-3027,2026-01-22,08:00,17:00,30,18,5152
SE-411220,LUM-GQE,PR-3028,22/01/2026,08:00,17:00,20,27,4210
SE-411221,LUM-BFN,PR-3029,2026-01-22,08:00,17:00,30,18,4817
SE-411222,LUM-BFN,PR-3030,2026-01-22,08:00,17:00,30,18,2885
SE-411223,LUM-BFN,PR-3031,2026-01-22,08:00,17:00,30,18,3256
SE-411224,LUM-BFN,PR-3032,22/01/2026,08:00,17:00,30,18,2779
SE-411225,LUM-SAN,PR-3001,2026-01-23,08:00,17:00,20,27,4207
SE-411226,LUM-SAN,PR-3002,2026-01-23,08:00,17:00,30,18,5987
SE-411227,LUM-SAN,PR-3003,2026-01-23,08:00,17:00,20,27,3679
SE-411228,LUM-SAN,PR-3004,23/01/2026,08:00,17:00,20,27,4117
SE-411229,LUM-SAN,PR-3005,2026-01-23,08:00,17:00,20,27,4234
SE-411230,LUM-SAN,PR-3006,23/01/2026,08:00,17:00,30,18,3134
SE-411231,LUM-SAN,PR-3007,2026-01-23,08:00,17:00,45,12,6711
SE-411232,LUM-PTA,PR-3008,23/01/2026,08:00,17:00,20,27,3803
SE-411233,LUM-PTA,PR-3009,2026-01-23,08:00,17:00,25,21,8221
SE-411234,LUM-PTA,PR-3010,2026-01-23,08:00,17:00,30,18,5602
SE-411235,LUM-PTA,PR-3011,2026-01-23,08:00,17:00,20,27,4519
SE-411236,LUM-PTA,PR-3012,2026-01-23,08:00,17:00,20,27,4073
SE-411237,LUM-PTA,PR-3013,2026-01-23,08:00,17:00,30,18,5678
SE-411238,LUM-UMH,PR-3014,23/01/2026,08:00,17:00,20,27,3616
SE-411239,LUM-UMH,PR-3015,2026-01-23,08:00,17:00,30,18,4817
SE-411240,LUM-UMH,PR-3016,2026-01-23,08:00,17:00,30,18,3166
SE-411241,LUM-UMH,PR-3018,2026-01-23,08:00,17:00,20,27,3765
SE-411242,LUM-CLR,PR-3019,2026-01-23,08:00,17:00,20,27,4416
SE-411243,LUM-CLR,PR-3020,2026-01-23,08:00,17:00,30,18,3302
SE-411244,LUM-CLR,PR-3022,23/01/2026,08:00,17:00,20,27,4199
SE-411245,LUM-CLR,PR-3023,2026-01-23,08:00,17:00,20,27,3940
SE-411246,LUM-CLR,PR-3024,23/01/2026,08:00,17:00,20,27,4215
SE-411247,LUM-GQE,PR-3025,2026-01-23,08:00,17:00,20,27,3480
SE-411248,LUM-GQE,PR-3026,2026-01-23,08:00,17:00,20,27,4421
SE-411249,LUM-GQE,PR-3027,2026-01-23,08:00,17:00,30,18,5152
SE-411250,LUM-GQE,PR-3028,2026-01-23,08:00,17:00,20,27,4210
SE-411251,LUM-BFN,PR-3030,23/01/2026,08:00,17:00,30,18,2885
SE-411252,LUM-BFN,PR-3031,23/01/2026,08:00,17:00,30,18,3256
SE-411253,LUM-BFN,PR-3032,23/01/2026,08:00,17:00,30,18,2779
SE-411254,LUM-SAN,PR-3003,24/01/2026,08:00,13:00,20,15,2043.89
SE-411255,LUM-SAN,PR-3004,2026-01-24,08:00,13:00,20,15,2287.22
SE-411256,LUM-SAN,PR-3006,24/01/2026,08:00,13:00,30,10,1741.11
SE-411257,LUM-PTA,PR-3010,2026-01-24,08:00,13:00,30,10,3112.22
SE-411258,LUM-PTA,PR-3013,2026-01-24,08:00,13:00,30,10,3154.44
SE-411259,LUM-UMH,PR-3018,2026-01-24,08:00,13:00,20,15,2091.67
SE-411260,LUM-CLR,PR-3021,24/01/2026,08:00,13:00,20,15,2338.89
SE-411261,LUM-CLR,PR-3023,2026-01-24,08:00,13:00,20,15,2188.89
SE-411262,LUM-GQE,PR-3026,2026-01-24,08:00,13:00,20,15,2456.11
SE-411263,LUM-BFN,PR-3031,2026-01-24,08:00,13:00,30,10,1808.89
SE-411264,LUM-SAN,PR-3001,2026-01-26,08:00,17:00,20,27,4207
SE-411265,LUM-SAN,PR-3002,26/01/2026,08:00,17:00,30,18,5987
SE-411266,LUM-SAN,PR-3003,2026-01-26,08:00,17:00,20,27,3679
SE-411267,LUM-SAN,PR-3004,2026-01-26,08:00,17:00,20,27,4117
SE-411268,LUM-SAN,PR-3005,2026-01-26,08:00,17:00,20,27,4234
SE-411269,LUM-SAN,PR-3007,2026-01-26,08:00,17:00,45,12,6711
SE-411270,LUM-PTA,PR-3008,2026-01-26,08:00,17:00,20,27,3803
SE-411271,LUM-PTA,PR-3009,2026-01-26,08:00,17:00,25,21,8221
SE-411272,LUM-PTA,PR-3010,2026-01-26,08:00,17:00,30,18,5602
SE-411273,LUM-PTA,PR-3011,26/01/2026,08:00,17:00,20,27,4519
SE-411274,LUM-PTA,PR-3012,2026-01-26,08:00,17:00,20,27,4073
SE-411275,LUM-PTA,PR-3013,26/01/2026,08:00,17:00,30,18,5678
SE-411276,LUM-UMH,PR-3014,2026-01-26,08:00,17:00,20,27,3616
SE-411277,LUM-UMH,PR-3016,26/01/2026,08:00,17:00,30,18,3166
SE-411278,LUM-UMH,PR-3017,2026-01-26,08:00,17:00,25,21,7465
SE-411279,LUM-CLR,PR-3019,26/01/2026,08:00,17:00,20,27,4416
SE-411280,LUM-CLR,PR-3021,26/01/2026,08:00,17:00,20,27,4210
SE-411281,LUM-CLR,PR-3022,2026-01-26,08:00,17:00,20,27,4199
SE-411282,LUM-CLR,PR-3023,2026-01-26,08:00,17:00,20,27,3940
SE-411283,LUM-GQE,PR-3025,2026-01-26,08:00,17:00,20,27,3480
SE-411284,LUM-GQE,PR-3026,2026-01-26,08:00,17:00,20,27,4421
SE-411285,LUM-GQE,PR-3027,2026-01-26,08:00,17:00,30,18,5152
SE-411286,LUM-GQE,PR-3028,2026-01-26,08:00,17:00,20,27,4210
SE-411287,LUM-BFN,PR-3030,2026-01-26,08:00,17:00,30,18,2885
SE-411288,LUM-BFN,PR-3031,2026-01-26,08:00,17:00,30,18,3256
SE-411289,LUM-BFN,PR-3032,2026-01-26,08:00,17:00,30,18,2779
SE-411290,LUM-SAN,PR-3001,2026-01-27,08:00,17:00,20,27,4207
SE-411291,LUM-SAN,PR-3002,27/01/2026,08:00,17:00,30,18,5987
SE-411292,LUM-SAN,PR-3003,2026-01-27,08:00,17:00,20,27,3679
SE-411293,LUM-SAN,PR-3004,2026-01-27,08:00,17:00,20,27,4117
SE-411294,LUM-SAN,PR-3005,2026-01-27,08:00,17:00,20,27,4234
SE-411295,LUM-SAN,PR-3006,27/01/2026,08:00,17:00,30,18,3134
SE-411296,LUM-SAN,PR-3007,27/01/2026,08:00,17:00,45,12,6711
SE-411297,LUM-PTA,PR-3008,27/01/2026,08:00,17:00,20,27,3803
SE-411298,LUM-PTA,PR-3010,2026-01-27,08:00,17:00,30,18,5602
SE-411299,LUM-PTA,PR-3011,2026-01-27,08:00,17:00,20,27,4519
SE-411300,LUM-PTA,PR-3012,2026-01-27,08:00,17:00,20,27,4073
SE-411301,LUM-PTA,PR-3013,27/01/2026,08:00,17:00,30,18,5678
SE-411302,LUM-UMH,PR-3014,27/01/2026,08:00,17:00,20,27,3616
SE-411303,LUM-UMH,PR-3015,2026-01-27,08:00,17:00,30,18,4817
SE-411304,LUM-UMH,PR-3016,2026-01-27,08:00,17:00,30,18,3166
SE-411305,LUM-UMH,PR-3017,27/01/2026,08:00,17:00,25,21,7465
SE-411306,LUM-UMH,PR-3018,2026-01-27,08:00,17:00,20,27,3765
SE-411307,LUM-CLR,PR-3020,27/01/2026,08:00,17:00,30,18,3302
SE-411308,LUM-CLR,PR-3021,2026-01-27,08:00,17:00,20,27,4210
SE-411309,LUM-CLR,PR-3022,27/01/2026,08:00,17:00,20,27,4199
SE-411310,LUM-CLR,PR-3023,2026-01-27,08:00,17:00,20,27,3940
SE-411311,LUM-CLR,PR-3024,2026-01-27,08:00,17:00,20,27,4215
SE-411312,LUM-GQE,PR-3025,2026-01-27,08:00,17:00,20,27,3480
SE-411313,LUM-GQE,PR-3026,2026-01-27,08:00,17:00,20,27,4421
SE-411314,LUM-GQE,PR-3028,2026-01-27,08:00,17:00,20,27,4210
SE-411315,LUM-BFN,PR-3029,2026-01-27,08:00,17:00,30,18,4817
SE-411316,LUM-BFN,PR-3030,2026-01-27,08:00,17:00,30,18,2885
SE-411317,LUM-BFN,PR-3031,2026-01-27,08:00,17:00,30,18,3256
SE-411318,LUM-SAN,PR-3001,2026-01-28,08:00,17:00,20,27,4207
SE-411319,LUM-SAN,PR-3002,2026-01-28,08:00,17:00,30,18,5987
SE-411320,LUM-SAN,PR-3003,28/01/2026,08:00,17:00,20,27,3679
SE-411321,LUM-SAN,PR-3004,28/01/2026,08:00,17:00,20,27,4117
SE-411322,LUM-SAN,PR-3005,2026-01-28,08:00,17:00,20,27,4234
SE-411323,LUM-SAN,PR-3006,2026-01-28,08:00,17:00,30,18,3134
SE-411324,LUM-SAN,PR-3007,2026-01-28,08:00,17:00,45,12,6711
SE-411325,LUM-PTA,PR-3008,2026-01-28,08:00,17:00,20,27,3803
SE-411326,LUM-PTA,PR-3009,2026-01-28,08:00,17:00,25,21,8221
SE-411327,LUM-PTA,PR-3010,2026-01-28,08:00,17:00,30,18,5602
SE-411328,LUM-PTA,PR-3011,2026-01-28,08:00,17:00,20,27,4519
SE-411329,LUM-PTA,PR-3012,2026-01-28,08:00,17:00,20,27,4073
SE-411330,LUM-PTA,PR-3013,2026-01-28,08:00,17:00,30,18,5678
SE-411331,LUM-UMH,PR-3014,28/01/2026,08:00,17:00,20,27,3616
SE-411332,LUM-UMH,PR-3015,2026-01-28,08:00,17:00,30,18,4817
SE-411333,LUM-UMH,PR-3016,2026-01-28,08:00,17:00,30,18,3166
SE-411334,LUM-UMH,PR-3017,2026-01-28,08:00,17:00,25,21,7465
SE-411335,LUM-UMH,PR-3018,2026-01-28,08:00,17:00,20,27,3765
SE-411336,LUM-CLR,PR-3019,28/01/2026,08:00,17:00,20,27,4416
SE-411337,LUM-CLR,PR-3020,28/01/2026,08:00,17:00,30,18,3302
SE-411338,LUM-CLR,PR-3021,2026-01-28,08:00,17:00,20,27,4210
SE-411339,LUM-CLR,PR-3022,28/01/2026,08:00,17:00,20,27,4199
SE-411340,LUM-CLR,PR-3023,2026-01-28,08:00,17:00,20,27,3940
SE-411341,LUM-CLR,PR-3024,2026-01-28,08:00,17:00,20,27,4215
SE-411342,LUM-GQE,PR-3025,2026-01-28,08:00,17:00,20,27,3480
SE-411343,LUM-GQE,PR-3026,2026-01-28,08:00,17:00,20,27,4421
SE-411344,LUM-GQE,PR-3027,2026-01-28,08:00,17:00,30,18,5152
SE-411345,LUM-BFN,PR-3029,28/01/2026,08:00,17:00,30,18,4817
SE-411346,LUM-BFN,PR-3030,2026-01-28,08:00,17:00,30,18,2885
SE-411347,LUM-BFN,PR-3031,2026-01-28,08:00,17:00,30,18,3256
SE-411348,LUM-BFN,PR-3032,2026-01-28,08:00,17:00,30,18,2779
SE-411349,LUM-SAN,PR-3001,29/01/2026,08:00,17:00,20,27,4207
SE-411350,LUM-SAN,PR-3002,2026-01-29,08:00,17:00,30,18,5987
SE-411351,LUM-SAN,PR-3003,2026-01-29,08:00,17:00,20,27,3679
SE-411352,LUM-SAN,PR-3004,29/01/2026,08:00,17:00,20,27,4117
SE-411353,LUM-SAN,PR-3005,2026-01-29,08:00,17:00,20,27,4234
SE-411354,LUM-SAN,PR-3006,29/01/2026,08:00,17:00,30,18,3134
SE-411355,LUM-SAN,PR-3007,2026-01-29,08:00,17:00,45,12,6711
SE-411356,LUM-PTA,PR-3008,2026-01-29,08:00,17:00,20,27,3803
SE-411357,LUM-PTA,PR-3011,2026-01-29,08:00,17:00,20,27,4519
SE-411358,LUM-PTA,PR-3012,2026-01-29,08:00,17:00,20,27,4073
SE-411359,LUM-PTA,PR-3013,29/01/2026,08:00,17:00,30,18,5678
SE-411360,LUM-UMH,PR-3014,2026-01-29,08:00,17:00,20,27,3616
SE-411361,LUM-UMH,PR-3016,29/01/2026,08:00,17:00,30,18,3166
SE-411362,LUM-UMH,PR-3017,2026-01-29,08:00,17:00,25,21,7465
SE-411363,LUM-UMH,PR-3018,2026-01-29,08:00,17:00,20,27,3765
SE-411364,LUM-CLR,PR-3019,2026-01-29,08:00,17:00,20,27,4416
SE-411365,LUM-CLR,PR-3020,2026-01-29,08:00,17:00,30,18,3302
SE-411366,LUM-CLR,PR-3022,29/01/2026,08:00,17:00,20,27,4199
SE-411367,LUM-CLR,PR-3023,29/01/2026,08:00,17:00,20,27,3940
SE-411368,LUM-CLR,PR-3024,2026-01-29,08:00,17:00,20,27,4215
SE-411369,LUM-GQE,PR-3025,2026-01-29,08:00,17:00,20,27,3480
SE-411370,LUM-GQE,PR-3026,2026-01-29,08:00,17:00,20,27,4421
SE-411371,LUM-GQE,PR-3027,2026-01-29,08:00,17:00,30,18,5152
SE-411372,LUM-BFN,PR-3029,2026-01-29,08:00,17:00,30,18,4817
SE-411373,LUM-BFN,PR-3030,2026-01-29,08:00,17:00,30,18,2885
SE-411374,LUM-BFN,PR-3031,29/01/2026,08:00,17:00,30,18,3256
SE-411375,LUM-BFN,PR-3032,2026-01-29,08:00,17:00,30,18,2779
SE-411376,LUM-SAN,PR-3001,30/01/2026,08:00,17:00,20,27,4207
SE-411377,LUM-SAN,PR-3002,2026-01-30,08:00,17:00,30,18,5987
SE-411378,LUM-SAN,PR-3003,30/01/2026,08:00,17:00,20,27,3679
SE-411379,LUM-SAN,PR-3004,2026-01-30,08:00,17:00,20,27,4117
SE-411380,LUM-SAN,PR-3005,2026-01-30,08:00,17:00,20,27,4234
SE-411381,LUM-SAN,PR-3007,2026-01-30,08:00,17:00,45,12,6711
SE-411382,LUM-PTA,PR-3009,2026-01-30,08:00,17:00,25,21,8221
SE-411383,LUM-PTA,PR-3010,30/01/2026,08:00,17:00,30,18,5602
SE-411384,LUM-PTA,PR-3011,30/01/2026,08:00,17:00,20,27,4519
SE-411385,LUM-PTA,PR-3012,2026-01-30,08:00,17:00,20,27,4073
SE-411386,LUM-PTA,PR-3013,2026-01-30,08:00,17:00,30,18,5678
SE-411387,LUM-UMH,PR-3014,30/01/2026,08:00,17:00,20,27,3616
SE-411388,LUM-UMH,PR-3015,2026-01-30,08:00,17:00,30,18,4817
SE-411389,LUM-UMH,PR-3016,2026-01-30,08:00,17:00,30,18,3166
SE-411390,LUM-UMH,PR-3017,30/01/2026,08:00,17:00,25,21,7465
SE-411391,LUM-CLR,PR-3019,30/01/2026,08:00,17:00,20,27,4416
SE-411392,LUM-CLR,PR-3020,2026-01-30,08:00,17:00,30,18,3302
SE-411393,LUM-CLR,PR-3021,2026-01-30,08:00,17:00,20,27,4210
SE-411394,LUM-CLR,PR-3022,2026-01-30,08:00,17:00,20,27,4199
SE-411395,LUM-CLR,PR-3023,2026-01-30,08:00,17:00,20,27,3940
SE-411396,LUM-CLR,PR-3024,2026-01-30,08:00,17:00,20,27,4215
SE-411397,LUM-GQE,PR-3025,2026-01-30,08:00,17:00,20,27,3480
SE-411398,LUM-GQE,PR-3026,30/01/2026,08:00,17:00,20,27,4421
SE-411399,LUM-GQE,PR-3027,2026-01-30,08:00,17:00,30,18,5152
SE-411400,LUM-GQE,PR-3028,2026-01-30,08:00,17:00,20,27,4210
SE-411401,LUM-BFN,PR-3029,2026-01-30,08:00,17:00,30,18,4817
SE-411402,LUM-BFN,PR-3030,2026-01-30,08:00,17:00,30,18,2885
SE-411403,LUM-BFN,PR-3031,30/01/2026,08:00,17:00,30,18,3256
SE-411404,LUM-BFN,PR-3032,30/01/2026,08:00,17:00,30,18,2779
SE-411405,LUM-SAN,PR-3001,2026-01-31,08:00,13:00,20,15,2337.22
SE-411406,LUM-SAN,PR-3002,31/01/2026,08:00,13:00,30,10,3326.11
SE-411407,LUM-SAN,PR-3007,2026-01-31,08:00,13:00,45,6,3728.33
SE-411408,LUM-PTA,PR-3008,2026-01-31,08:00,13:00,20,15,2112.78
SE-411409,LUM-PTA,PR-3010,31/01/2026,08:00,13:00,30,10,3112.22
SE-411410,LUM-UMH,PR-3014,31/01/2026,08:00,13:00,20,15,2008.89
SE-411411,LUM-UMH,PR-3015,2026-01-31,08:00,13:00,30,10,2676.11
SE-411412,LUM-CLR,PR-3022,2026-01-31,08:00,13:00,20,15,2332.78
SE-411413,LUM-CLR,PR-3023,2026-01-31,08:00,13:00,20,15,2188.89
SE-411414,LUM-CLR,PR-3024,31/01/2026,08:00,13:00,20,15,2341.67
SE-411415,LUM-GQE,PR-3025,2026-01-31,08:00,13:00,20,15,1933.33
SE-411416,LUM-GQE,PR-3026,31/01/2026,08:00,13:00,20,15,2456.11
SE-411417,LUM-BFN,PR-3032,2026-01-31,08:00,13:00,30,10,1543.89
SE-411418,LUM-SAN,PR-3001,02/02/2026,08:00,17:00,20,27,4207
SE-411419,LUM-SAN,PR-3002,2026-02-02,08:00,17:00,30,18,5987
SE-411420,LUM-SAN,PR-3003,2026-02-02,08:00,17:00,20,27,3679
SE-411421,LUM-SAN,PR-3004,02/02/2026,08:00,17:00,20,27,4117
SE-411422,LUM-SAN,PR-3005,02/02/2026,08:00,17:00,20,27,4234
SE-411423,LUM-SAN,PR-3007,2026-02-02,08:00,17:00,45,12,6711
SE-411424,LUM-PTA,PR-3008,2026-02-02,08:00,17:00,20,27,3803
SE-411425,LUM-PTA,PR-3009,2026-02-02,08:00,17:00,25,21,8221
SE-411426,LUM-PTA,PR-3010,2026-02-02,08:00,17:00,30,18,5602
SE-411427,LUM-PTA,PR-3011,2026-02-02,08:00,17:00,20,27,4519
SE-411428,LUM-PTA,PR-3012,2026-02-02,08:00,17:00,20,27,4073
SE-411429,LUM-PTA,PR-3013,2026-02-02,08:00,17:00,30,18,5678
SE-411430,LUM-UMH,PR-3014,2026-02-02,08:00,17:00,20,27,3616
SE-411431,LUM-UMH,PR-3015,2026-02-02,08:00,17:00,30,18,4817
SE-411432,LUM-UMH,PR-3016,2026-02-02,08:00,17:00,30,18,3166
SE-411433,LUM-UMH,PR-3017,2026-02-02,08:00,17:00,25,21,7465
SE-411434,LUM-CLR,PR-3019,2026-02-02,08:00,17:00,20,27,4416
SE-411435,LUM-CLR,PR-3020,2026-02-02,08:00,17:00,30,18,3302
SE-411436,LUM-CLR,PR-3021,2026-02-02,08:00,17:00,20,27,4210
SE-411437,LUM-CLR,PR-3022,2026-02-02,08:00,17:00,20,27,4199
SE-411438,LUM-GQE,PR-3025,02/02/2026,08:00,17:00,20,27,3480
SE-411439,LUM-GQE,PR-3026,02/02/2026,08:00,17:00,20,27,4421
SE-411440,LUM-GQE,PR-3027,2026-02-02,08:00,17:00,30,18,5152
SE-411441,LUM-GQE,PR-3028,2026-02-02,08:00,17:00,20,27,4210
SE-411442,LUM-BFN,PR-3029,02/02/2026,08:00,17:00,30,18,4817
SE-411443,LUM-BFN,PR-3030,02/02/2026,08:00,17:00,30,18,2885
SE-411444,LUM-BFN,PR-3031,2026-02-02,08:00,17:00,30,18,3256
SE-411445,LUM-BFN,PR-3032,2026-02-02,08:00,17:00,30,18,2779
SE-411446,LUM-SAN,PR-3001,2026-02-03,08:00,17:00,20,27,4207
SE-411447,LUM-SAN,PR-3002,2026-02-03,08:00,17:00,30,18,5987
SE-411448,LUM-SAN,PR-3003,2026-02-03,08:00,17:00,20,27,3679
SE-411449,LUM-SAN,PR-3004,2026-02-03,08:00,17:00,20,27,4117
SE-411450,LUM-SAN,PR-3005,03/02/2026,08:00,17:00,20,27,4234
SE-411451,LUM-SAN,PR-3006,03/02/2026,08:00,17:00,30,18,3134
SE-411452,LUM-SAN,PR-3007,2026-02-03,08:00,17:00,45,12,6711
SE-411453,LUM-PTA,PR-3008,03/02/2026,08:00,17:00,20,27,3803
SE-411454,LUM-PTA,PR-3009,2026-02-03,08:00,17:00,25,21,8221
SE-411455,LUM-PTA,PR-3011,2026-02-03,08:00,17:00,20,27,4519
SE-411456,LUM-PTA,PR-3012,2026-02-03,08:00,17:00,20,27,4073
SE-411457,LUM-PTA,PR-3013,2026-02-03,08:00,17:00,30,18,5678
SE-411458,LUM-UMH,PR-3015,2026-02-03,08:00,17:00,30,18,4817
SE-411459,LUM-UMH,PR-3016,2026-02-03,08:00,17:00,30,18,3166
SE-411460,LUM-UMH,PR-3017,2026-02-03,08:00,17:00,25,21,7465
SE-411461,LUM-UMH,PR-3018,2026-02-03,08:00,17:00,20,27,3765
SE-411462,LUM-CLR,PR-3019,2026-02-03,08:00,17:00,20,27,4416
SE-411463,LUM-CLR,PR-3020,03/02/2026,08:00,17:00,30,18,3302
SE-411464,LUM-CLR,PR-3021,03/02/2026,08:00,17:00,20,27,4210
SE-411465,LUM-CLR,PR-3023,2026-02-03,08:00,17:00,20,27,3940
SE-411466,LUM-CLR,PR-3024,2026-02-03,08:00,17:00,20,27,4215
SE-411467,LUM-GQE,PR-3025,2026-02-03,08:00,17:00,20,27,3480
SE-411468,LUM-GQE,PR-3027,2026-02-03,08:00,17:00,30,18,5152
SE-411469,LUM-GQE,PR-3028,2026-02-03,08:00,17:00,20,27,4210
SE-411470,LUM-BFN,PR-3029,2026-02-03,08:00,17:00,30,18,4817
SE-411471,LUM-BFN,PR-3031,2026-02-03,08:00,17:00,30,18,3256
SE-411472,LUM-BFN,PR-3032,2026-02-03,08:00,17:00,30,18,2779
SE-411473,LUM-SAN,PR-3001,2026-02-04,08:00,17:00,20,27,4207
SE-411474,LUM-SAN,PR-3003,2026-02-04,08:00,17:00,20,27,3679
SE-411475,LUM-SAN,PR-3004,2026-02-04,08:00,17:00,20,27,4117
SE-411476,LUM-SAN,PR-3006,2026-02-04,08:00,17:00,30,18,3134
SE-411477,LUM-SAN,PR-3007,2026-02-04,08:00,17:00,45,12,6711
SE-411478,LUM-PTA,PR-3008,2026-02-04,08:00,17:00,20,27,3803
SE-411479,LUM-PTA,PR-3009,2026-02-04,08:00,17:00,25,21,8221
SE-411480,LUM-PTA,PR-3010,2026-02-04,08:00,17:00,30,18,5602
SE-411481,LUM-PTA,PR-3011,2026-02-04,08:00,17:00,20,27,4519
SE-411482,LUM-PTA,PR-3012,2026-02-04,08:00,17:00,20,27,4073
SE-411483,LUM-PTA,PR-3013,04/02/2026,08:00,17:00,30,18,5678
SE-411484,LUM-UMH,PR-3014,2026-02-04,08:00,17:00,20,27,3616
SE-411485,LUM-UMH,PR-3015,2026-02-04,08:00,17:00,30,18,4817
SE-411486,LUM-UMH,PR-3016,04/02/2026,08:00,17:00,30,18,3166
SE-411487,LUM-UMH,PR-3017,2026-02-04,08:00,17:00,25,21,7465
SE-411488,LUM-UMH,PR-3018,04/02/2026,08:00,17:00,20,27,3765
SE-411489,LUM-CLR,PR-3020,2026-02-04,08:00,17:00,30,18,3302
SE-411490,LUM-CLR,PR-3021,2026-02-04,08:00,17:00,20,27,4210
SE-411491,LUM-CLR,PR-3022,2026-02-04,08:00,17:00,20,27,4199
SE-411492,LUM-CLR,PR-3023,2026-02-04,08:00,17:00,20,27,3940
SE-411493,LUM-CLR,PR-3024,2026-02-04,08:00,17:00,20,27,4215
SE-411494,LUM-GQE,PR-3025,2026-02-04,08:00,17:00,20,27,3480
SE-411495,LUM-GQE,PR-3026,2026-02-04,08:00,17:00,20,27,4421
SE-411496,LUM-GQE,PR-3027,2026-02-04,08:00,17:00,30,18,5152
SE-411497,LUM-GQE,PR-3028,04/02/2026,08:00,17:00,20,27,4210
SE-411498,LUM-BFN,PR-3029,2026-02-04,08:00,17:00,30,18,4817
SE-411499,LUM-BFN,PR-3030,2026-02-04,08:00,17:00,30,18,2885
SE-411500,LUM-BFN,PR-3031,2026-02-04,08:00,17:00,30,18,3256
SE-411501,LUM-BFN,PR-3032,2026-02-04,08:00,17:00,30,18,2779
SE-411502,LUM-SAN,PR-3002,2026-02-05,08:00,17:00,30,18,5987
SE-411503,LUM-SAN,PR-3003,2026-02-05,08:00,17:00,20,27,3679
SE-411504,LUM-SAN,PR-3004,05/02/2026,08:00,17:00,20,27,4117
SE-411505,LUM-SAN,PR-3005,2026-02-05,08:00,17:00,20,27,4234
SE-411506,LUM-SAN,PR-3006,2026-02-05,08:00,17:00,30,18,3134
SE-411507,LUM-SAN,PR-3007,2026-02-05,08:00,17:00,45,12,6711
SE-411508,LUM-PTA,PR-3008,2026-02-05,08:00,17:00,20,27,3803
SE-411509,LUM-PTA,PR-3009,2026-02-05,08:00,17:00,25,21,8221
SE-411510,LUM-PTA,PR-3010,2026-02-05,08:00,17:00,30,18,5602
SE-411511,LUM-PTA,PR-3011,2026-02-05,08:00,17:00,20,27,4519
SE-411512,LUM-PTA,PR-3012,05/02/2026,08:00,17:00,20,27,4073
SE-411513,LUM-PTA,PR-3013,2026-02-05,08:00,17:00,30,18,5678
SE-411514,LUM-UMH,PR-3014,05/02/2026,08:00,17:00,20,27,3616
SE-411515,LUM-UMH,PR-3015,2026-02-05,08:00,17:00,30,18,4817
SE-411516,LUM-UMH,PR-3016,2026-02-05,08:00,17:00,30,18,3166
SE-411517,LUM-UMH,PR-3017,2026-02-05,08:00,17:00,25,21,7465
SE-411518,LUM-UMH,PR-3018,05/02/2026,08:00,17:00,20,27,3765
SE-411519,LUM-CLR,PR-3019,2026-02-05,08:00,17:00,20,27,4416
SE-411520,LUM-CLR,PR-3020,2026-02-05,08:00,17:00,30,18,3302
SE-411521,LUM-CLR,PR-3022,2026-02-05,08:00,17:00,20,27,4199
SE-411522,LUM-CLR,PR-3023,05/02/2026,08:00,17:00,20,27,3940
SE-411523,LUM-CLR,PR-3024,05/02/2026,08:00,17:00,20,27,4215
SE-411524,LUM-GQE,PR-3025,2026-02-05,08:00,17:00,20,27,3480
SE-411525,LUM-GQE,PR-3026,05/02/2026,08:00,17:00,20,27,4421
SE-411526,LUM-GQE,PR-3027,05/02/2026,08:00,17:00,30,18,5152
SE-411527,LUM-GQE,PR-3028,2026-02-05,08:00,17:00,20,27,4210
SE-411528,LUM-BFN,PR-3029,05/02/2026,08:00,17:00,30,18,4817
SE-411529,LUM-BFN,PR-3030,2026-02-05,08:00,17:00,30,18,2885
SE-411530,LUM-BFN,PR-3031,05/02/2026,08:00,17:00,30,18,3256
SE-411531,LUM-BFN,PR-3032,2026-02-05,08:00,17:00,30,18,2779
SE-411532,LUM-SAN,PR-3001,2026-02-06,08:00,17:00,20,27,4207
SE-411533,LUM-SAN,PR-3002,2026-02-06,08:00,17:00,30,18,5987
SE-411534,LUM-SAN,PR-3003,2026-02-06,08:00,17:00,20,27,3679
SE-411535,LUM-SAN,PR-3004,2026-02-06,08:00,17:00,20,27,4117
SE-411536,LUM-SAN,PR-3005,2026-02-06,08:00,17:00,20,27,4234
SE-411537,LUM-SAN,PR-3006,2026-02-06,08:00,17:00,30,18,3134
SE-411538,LUM-SAN,PR-3007,2026-02-06,08:00,17:00,45,12,6711
SE-411539,LUM-PTA,PR-3008,06/02/2026,08:00,17:00,20,27,3803
SE-411540,LUM-PTA,PR-3009,2026-02-06,08:00,17:00,25,21,8221
SE-411541,LUM-PTA,PR-3010,2026-02-06,08:00,17:00,30,18,5602
SE-411542,LUM-PTA,PR-3011,2026-02-06,08:00,17:00,20,27,4519
SE-411543,LUM-PTA,PR-3012,2026-02-06,08:00,17:00,20,27,4073
SE-411544,LUM-PTA,PR-3013,06/02/2026,08:00,17:00,30,18,5678
SE-411545,LUM-UMH,PR-3014,2026-02-06,08:00,17:00,20,27,3616
SE-411546,LUM-UMH,PR-3015,2026-02-06,08:00,17:00,30,18,4817
SE-411547,LUM-UMH,PR-3016,2026-02-06,08:00,17:00,30,18,3166
SE-411548,LUM-UMH,PR-3017,2026-02-06,08:00,17:00,25,21,7465
SE-411549,LUM-UMH,PR-3018,06/02/2026,08:00,17:00,20,27,3765
SE-411550,LUM-CLR,PR-3020,2026-02-06,08:00,17:00,30,18,3302
SE-411551,LUM-CLR,PR-3021,2026-02-06,08:00,17:00,20,27,4210
SE-411552,LUM-CLR,PR-3023,2026-02-06,08:00,17:00,20,27,3940
SE-411553,LUM-CLR,PR-3024,2026-02-06,08:00,17:00,20,27,4215
SE-411554,LUM-GQE,PR-3025,06/02/2026,08:00,17:00,20,27,3480
SE-411555,LUM-GQE,PR-3026,2026-02-06,08:00,17:00,20,27,4421
SE-411556,LUM-GQE,PR-3027,2026-02-06,08:00,17:00,30,18,5152
SE-411557,LUM-GQE,PR-3028,2026-02-06,08:00,17:00,20,27,4210
SE-411558,LUM-BFN,PR-3029,2026-02-06,08:00,17:00,30,18,4817
SE-411559,LUM-BFN,PR-3030,06/02/2026,08:00,17:00,30,18,2885
SE-411560,LUM-BFN,PR-3031,2026-02-06,08:00,17:00,30,18,3256
SE-411561,LUM-BFN,PR-3032,2026-02-06,08:00,17:00,30,18,2779
SE-411562,LUM-SAN,PR-3004,2026-02-07,08:00,13:00,20,15,2287.22
SE-411563,LUM-SAN,PR-3006,2026-02-07,08:00,13:00,30,10,1741.11
SE-411564,LUM-PTA,PR-3010,2026-02-07,08:00,13:00,30,10,3112.22
SE-411565,LUM-PTA,PR-3012,2026-02-07,08:00,13:00,20,15,2262.78
SE-411566,LUM-PTA,PR-3013,2026-02-07,08:00,13:00,30,10,3154.44
SE-411567,LUM-CLR,PR-3019,2026-02-07,08:00,13:00,20,15,2453.33
SE-411568,LUM-CLR,PR-3020,2026-02-07,08:00,13:00,30,10,1834.44
SE-411569,LUM-CLR,PR-3021,2026-02-07,08:00,13:00,20,15,2338.89
SE-411570,LUM-CLR,PR-3022,2026-02-07,08:00,13:00,20,15,2332.78
SE-411571,LUM-CLR,PR-3023,2026-02-07,08:00,13:00,20,15,2188.89
SE-411572,LUM-CLR,PR-3024,2026-02-07,08:00,13:00,20,15,2341.67
SE-411573,LUM-BFN,PR-3029,07/02/2026,08:00,13:00,30,10,2676.11
SE-411574,LUM-BFN,PR-3030,2026-02-07,08:00,13:00,30,10,1602.78
SE-411575,LUM-SAN,PR-3001,09/02/2026,08:00,17:00,20,27,4207
SE-411576,LUM-SAN,PR-3002,2026-02-09,08:00,17:00,30,18,5987
SE-411577,LUM-SAN,PR-3003,2026-02-09,08:00,17:00,20,27,3679
SE-411578,LUM-SAN,PR-3004,2026-02-09,08:00,17:00,20,27,4117
SE-411579,LUM-SAN,PR-3005,09/02/2026,08:00,17:00,20,27,4234
SE-411580,LUM-SAN,PR-3006,2026-02-09,08:00,17:00,30,18,3134
SE-411581,LUM-SAN,PR-3007,2026-02-09,08:00,17:00,45,12,6711
SE-411582,LUM-PTA,PR-3008,2026-02-09,08:00,17:00,20,27,3803
SE-411583,LUM-PTA,PR-3009,2026-02-09,08:00,17:00,25,21,8221
SE-411584,LUM-PTA,PR-3010,2026-02-09,08:00,17:00,30,18,5602
SE-411585,LUM-PTA,PR-3011,2026-02-09,08:00,17:00,20,27,4519
SE-411586,LUM-PTA,PR-3012,2026-02-09,08:00,17:00,20,27,4073
SE-411587,LUM-PTA,PR-3013,2026-02-09,08:00,17:00,30,18,5678
SE-411588,LUM-UMH,PR-3014,2026-02-09,08:00,17:00,20,27,3616
SE-411589,LUM-UMH,PR-3015,09/02/2026,08:00,17:00,30,18,4817
SE-411590,LUM-UMH,PR-3016,2026-02-09,08:00,17:00,30,18,3166
SE-411591,LUM-UMH,PR-3018,2026-02-09,08:00,17:00,20,27,3765
SE-411592,LUM-CLR,PR-3019,2026-02-09,08:00,17:00,20,27,4416
SE-411593,LUM-CLR,PR-3020,2026-02-09,08:00,17:00,30,18,3302
SE-411594,LUM-CLR,PR-3021,2026-02-09,08:00,17:00,20,27,4210
SE-411595,LUM-CLR,PR-3022,09/02/2026,08:00,17:00,20,27,4199
SE-411596,LUM-CLR,PR-3023,09/02/2026,08:00,17:00,20,27,3940
SE-411597,LUM-GQE,PR-3025,09/02/2026,08:00,17:00,20,27,3480
SE-411598,LUM-GQE,PR-3026,2026-02-09,08:00,17:00,20,27,4421
SE-411599,LUM-GQE,PR-3027,2026-02-09,08:00,17:00,30,18,5152
SE-411600,LUM-GQE,PR-3028,09/02/2026,08:00,17:00,20,27,4210
SE-411601,LUM-BFN,PR-3029,2026-02-09,08:00,17:00,30,18,4817
SE-411602,LUM-BFN,PR-3032,2026-02-09,08:00,17:00,30,18,2779
SE-411603,LUM-SAN,PR-3001,2026-02-10,08:00,17:00,20,27,4207
SE-411604,LUM-SAN,PR-3002,10/02/2026,08:00,17:00,30,18,5987
SE-411605,LUM-SAN,PR-3003,2026-02-10,08:00,17:00,20,27,3679
SE-411606,LUM-SAN,PR-3004,2026-02-10,08:00,17:00,20,27,4117
SE-411607,LUM-SAN,PR-3005,2026-02-10,08:00,17:00,20,27,4234
SE-411608,LUM-SAN,PR-3006,2026-02-10,08:00,17:00,30,18,3134
SE-411609,LUM-SAN,PR-3007,10/02/2026,08:00,17:00,45,12,6711
SE-411610,LUM-PTA,PR-3008,2026-02-10,08:00,17:00,20,27,3803
SE-411611,LUM-PTA,PR-3009,2026-02-10,08:00,17:00,25,21,8221
SE-411612,LUM-PTA,PR-3011,2026-02-10,08:00,17:00,20,27,4519
SE-411613,LUM-PTA,PR-3012,2026-02-10,08:00,17:00,20,27,4073
SE-411614,LUM-PTA,PR-3013,2026-02-10,08:00,17:00,30,18,5678
SE-411615,LUM-UMH,PR-3014,2026-02-10,08:00,17:00,20,27,3616
SE-411616,LUM-UMH,PR-3015,2026-02-10,08:00,17:00,30,18,4817
SE-411617,LUM-UMH,PR-3016,2026-02-10,08:00,17:00,30,18,3166
SE-411618,LUM-UMH,PR-3017,2026-02-10,08:00,17:00,25,21,7465
SE-411619,LUM-UMH,PR-3018,10/02/2026,08:00,17:00,20,27,3765
SE-411620,LUM-CLR,PR-3019,2026-02-10,08:00,17:00,20,27,4416
SE-411621,LUM-CLR,PR-3020,2026-02-10,08:00,17:00,30,18,3302
SE-411622,LUM-CLR,PR-3021,2026-02-10,08:00,17:00,20,27,4210
SE-411623,LUM-CLR,PR-3024,2026-02-10,08:00,17:00,20,27,4215
SE-411624,LUM-GQE,PR-3025,10/02/2026,08:00,17:00,20,27,3480
SE-411625,LUM-GQE,PR-3026,2026-02-10,08:00,17:00,20,27,4421
SE-411626,LUM-GQE,PR-3027,2026-02-10,08:00,17:00,30,18,5152
SE-411627,LUM-GQE,PR-3028,2026-02-10,08:00,17:00,20,27,4210
SE-411628,LUM-BFN,PR-3029,2026-02-10,08:00,17:00,30,18,4817
SE-411629,LUM-BFN,PR-3030,2026-02-10,08:00,17:00,30,18,2885
SE-411630,LUM-BFN,PR-3031,2026-02-10,08:00,17:00,30,18,3256
SE-411631,LUM-BFN,PR-3032,2026-02-10,08:00,17:00,30,18,2779
SE-411632,LUM-SAN,PR-3002,2026-02-11,08:00,17:00,30,18,5987
SE-411633,LUM-SAN,PR-3003,2026-02-11,08:00,17:00,20,27,3679
SE-411634,LUM-SAN,PR-3004,2026-02-11,08:00,17:00,20,27,4117
SE-411635,LUM-SAN,PR-3005,2026-02-11,08:00,17:00,20,27,4234
SE-411636,LUM-SAN,PR-3006,2026-02-11,08:00,17:00,30,18,3134
SE-411637,LUM-SAN,PR-3007,2026-02-11,08:00,17:00,45,12,6711
SE-411638,LUM-PTA,PR-3008,2026-02-11,08:00,17:00,20,27,3803
SE-411639,LUM-PTA,PR-3009,2026-02-11,08:00,17:00,25,21,8221
SE-411640,LUM-PTA,PR-3010,2026-02-11,08:00,17:00,30,18,5602
SE-411641,LUM-PTA,PR-3011,11/02/2026,08:00,17:00,20,27,4519
SE-411642,LUM-PTA,PR-3012,2026-02-11,08:00,17:00,20,27,4073
SE-411643,LUM-UMH,PR-3014,2026-02-11,08:00,17:00,20,27,3616
SE-411644,LUM-UMH,PR-3015,2026-02-11,08:00,17:00,30,18,4817
SE-411645,LUM-UMH,PR-3016,2026-02-11,08:00,17:00,30,18,3166
SE-411646,LUM-UMH,PR-3017,11/02/2026,08:00,17:00,25,21,7465
SE-411647,LUM-UMH,PR-3018,11/02/2026,08:00,17:00,20,27,3765
SE-411648,LUM-CLR,PR-3019,2026-02-11,08:00,17:00,20,27,4416
SE-411649,LUM-CLR,PR-3020,2026-02-11,08:00,17:00,30,18,3302
SE-411650,LUM-CLR,PR-3021,2026-02-11,08:00,17:00,20,27,4210
SE-411651,LUM-CLR,PR-3022,2026-02-11,08:00,17:00,20,27,4199
SE-411652,LUM-CLR,PR-3023,2026-02-11,08:00,17:00,20,27,3940
SE-411653,LUM-CLR,PR-3024,11/02/2026,08:00,17:00,20,27,4215
SE-411654,LUM-GQE,PR-3025,2026-02-11,08:00,17:00,20,27,3480
SE-411655,LUM-GQE,PR-3026,2026-02-11,08:00,17:00,20,27,4421
SE-411656,LUM-GQE,PR-3027,11/02/2026,08:00,17:00,30,18,5152
SE-411657,LUM-GQE,PR-3028,2026-02-11,08:00,17:00,20,27,4210
SE-411658,LUM-BFN,PR-3029,2026-02-11,08:00,17:00,30,18,4817
SE-411659,LUM-BFN,PR-3030,11/02/2026,08:00,17:00,30,18,2885
SE-411660,LUM-BFN,PR-3031,11/02/2026,08:00,17:00,30,18,3256
SE-411661,LUM-BFN,PR-3032,2026-02-11,08:00,17:00,30,18,2779
SE-411662,LUM-SAN,PR-3001,12/02/2026,08:00,17:00,20,27,4207
SE-411663,LUM-SAN,PR-3002,2026-02-12,08:00,17:00,30,18,5987
SE-411664,LUM-SAN,PR-3003,12/02/2026,08:00,17:00,20,27,3679
SE-411665,LUM-SAN,PR-3004,2026-02-12,08:00,17:00,20,27,4117
SE-411666,LUM-SAN,PR-3006,2026-02-12,08:00,17:00,30,18,3134
SE-411667,LUM-PTA,PR-3008,12/02/2026,08:00,17:00,20,27,3803
SE-411668,LUM-PTA,PR-3009,2026-02-12,08:00,17:00,25,21,8221
SE-411669,LUM-PTA,PR-3010,12/02/2026,08:00,17:00,30,18,5602
SE-411670,LUM-PTA,PR-3011,12/02/2026,08:00,17:00,20,27,4519
SE-411671,LUM-PTA,PR-3012,2026-02-12,08:00,17:00,20,27,4073
SE-411672,LUM-PTA,PR-3013,2026-02-12,08:00,17:00,30,18,5678
SE-411673,LUM-UMH,PR-3014,12/02/2026,08:00,17:00,20,27,3616
SE-411674,LUM-UMH,PR-3015,2026-02-12,08:00,17:00,30,18,4817
SE-411675,LUM-UMH,PR-3016,2026-02-12,08:00,17:00,30,18,3166
SE-411676,LUM-UMH,PR-3017,2026-02-12,08:00,17:00,25,21,7465
SE-411677,LUM-UMH,PR-3018,12/02/2026,08:00,17:00,20,27,3765
SE-411678,LUM-CLR,PR-3019,12/02/2026,08:00,17:00,20,27,4416
SE-411679,LUM-CLR,PR-3021,2026-02-12,08:00,17:00,20,27,4210
SE-411680,LUM-CLR,PR-3022,2026-02-12,08:00,17:00,20,27,4199
SE-411681,LUM-CLR,PR-3023,2026-02-12,08:00,17:00,20,27,3940
SE-411682,LUM-CLR,PR-3024,2026-02-12,08:00,17:00,20,27,4215
SE-411683,LUM-GQE,PR-3025,12/02/2026,08:00,17:00,20,27,3480
SE-411684,LUM-GQE,PR-3026,2026-02-12,08:00,17:00,20,27,4421
SE-411685,LUM-GQE,PR-3027,12/02/2026,08:00,17:00,30,18,5152
SE-411686,LUM-GQE,PR-3028,2026-02-12,08:00,17:00,20,27,4210
SE-411687,LUM-BFN,PR-3029,2026-02-12,08:00,17:00,30,18,4817
SE-411688,LUM-BFN,PR-3030,2026-02-12,08:00,17:00,30,18,2885
SE-411689,LUM-BFN,PR-3031,2026-02-12,08:00,17:00,30,18,3256
SE-411690,LUM-BFN,PR-3032,2026-02-12,08:00,17:00,30,18,2779
SE-411691,LUM-SAN,PR-3001,2026-02-13,08:00,17:00,20,27,4207
SE-411692,LUM-SAN,PR-3002,2026-02-13,08:00,17:00,30,18,5987
SE-411693,LUM-SAN,PR-3003,13/02/2026,08:00,17:00,20,27,3679
SE-411694,LUM-SAN,PR-3004,13/02/2026,08:00,17:00,20,27,4117
SE-411695,LUM-SAN,PR-3005,2026-02-13,08:00,17:00,20,27,4234
SE-411696,LUM-SAN,PR-3006,2026-02-13,08:00,17:00,30,18,3134
SE-411697,LUM-SAN,PR-3007,13/02/2026,08:00,17:00,45,12,6711
SE-411698,LUM-PTA,PR-3008,13/02/2026,08:00,17:00,20,27,3803
SE-411699,LUM-PTA,PR-3009,13/02/2026,08:00,17:00,25,21,8221
SE-411700,LUM-PTA,PR-3010,2026-02-13,08:00,17:00,30,18,5602
SE-411701,LUM-PTA,PR-3011,2026-02-13,08:00,17:00,20,27,4519
SE-411702,LUM-PTA,PR-3012,2026-02-13,08:00,17:00,20,27,4073
SE-411703,LUM-PTA,PR-3013,13/02/2026,08:00,17:00,30,18,5678
SE-411704,LUM-UMH,PR-3014,2026-02-13,08:00,17:00,20,27,3616
SE-411705,LUM-UMH,PR-3015,2026-02-13,08:00,17:00,30,18,4817
SE-411706,LUM-UMH,PR-3016,13/02/2026,08:00,17:00,30,18,3166
SE-411707,LUM-UMH,PR-3017,13/02/2026,08:00,17:00,25,21,7465
SE-411708,LUM-UMH,PR-3018,2026-02-13,08:00,17:00,20,27,3765
SE-411709,LUM-CLR,PR-3020,2026-02-13,08:00,17:00,30,18,3302
SE-411710,LUM-CLR,PR-3021,13/02/2026,08:00,17:00,20,27,4210
SE-411711,LUM-CLR,PR-3022,13/02/2026,08:00,17:00,20,27,4199
SE-411712,LUM-CLR,PR-3023,2026-02-13,08:00,17:00,20,27,3940
SE-411713,LUM-CLR,PR-3024,2026-02-13,08:00,17:00,20,27,4215
SE-411714,LUM-GQE,PR-3025,2026-02-13,08:00,17:00,20,27,3480
SE-411715,LUM-GQE,PR-3026,2026-02-13,08:00,17:00,20,27,4421
SE-411716,LUM-GQE,PR-3027,2026-02-13,08:00,17:00,30,18,5152
SE-411717,LUM-GQE,PR-3028,2026-02-13,08:00,17:00,20,27,4210
SE-411718,LUM-BFN,PR-3029,13/02/2026,08:00,17:00,30,18,4817
SE-411719,LUM-BFN,PR-3030,2026-02-13,08:00,17:00,30,18,2885
SE-411720,LUM-BFN,PR-3031,13/02/2026,08:00,17:00,30,18,3256
SE-411721,LUM-BFN,PR-3032,13/02/2026,08:00,17:00,30,18,2779
SE-411722,LUM-SAN,PR-3001,2026-02-14,08:00,13:00,20,15,2337.22
SE-411723,LUM-SAN,PR-3002,2026-02-14,08:00,13:00,30,10,3326.11
SE-411724,LUM-SAN,PR-3004,2026-02-14,08:00,13:00,20,15,2287.22
SE-411725,LUM-SAN,PR-3005,2026-02-14,08:00,13:00,20,15,2352.22
SE-411726,LUM-PTA,PR-3008,14/02/2026,08:00,13:00,20,15,2112.78
SE-411727,LUM-PTA,PR-3011,2026-02-14,08:00,13:00,20,15,2510.56
SE-411728,LUM-PTA,PR-3013,14/02/2026,08:00,13:00,30,10,3154.44
SE-411729,LUM-UMH,PR-3016,2026-02-14,08:00,13:00,30,10,1758.89
SE-411730,LUM-CLR,PR-3019,2026-02-14,08:00,13:00,20,15,2453.33
SE-411731,LUM-CLR,PR-3021,2026-02-14,08:00,13:00,20,15,2338.89
SE-411732,LUM-GQE,PR-3025,14/02/2026,08:00,13:00,20,15,1933.33
SE-411733,LUM-GQE,PR-3026,14/02/2026,08:00,13:00,20,15,2456.11
SE-411734,LUM-GQE,PR-3028,2026-02-14,08:00,13:00,20,15,2338.89
SE-411735,LUM-SAN,PR-3002,2026-02-16,08:00,17:00,30,18,5987
SE-411736,LUM-SAN,PR-3003,2026-02-16,08:00,17:00,20,27,3679
SE-411737,LUM-SAN,PR-3004,2026-02-16,08:00,17:00,20,27,4117
SE-411738,LUM-SAN,PR-3005,2026-02-16,08:00,17:00,20,27,4234
SE-411739,LUM-SAN,PR-3006,2026-02-16,08:00,17:00,30,18,3134
SE-411740,LUM-SAN,PR-3007,2026-02-16,08:00,17:00,45,12,6711
SE-411741,LUM-PTA,PR-3008,2026-02-16,08:00,17:00,20,27,3803
SE-411742,LUM-PTA,PR-3009,2026-02-16,08:00,17:00,25,21,8221
SE-411743,LUM-PTA,PR-3010,2026-02-16,08:00,17:00,30,18,5602
SE-411744,LUM-PTA,PR-3011,2026-02-16,08:00,17:00,20,27,4519
SE-411745,LUM-PTA,PR-3012,2026-02-16,08:00,17:00,20,27,4073
SE-411746,LUM-PTA,PR-3013,16/02/2026,08:00,17:00,30,18,5678
SE-411747,LUM-UMH,PR-3014,16/02/2026,08:00,17:00,20,27,3616
SE-411748,LUM-UMH,PR-3015,16/02/2026,08:00,17:00,30,18,4817
SE-411749,LUM-UMH,PR-3016,2026-02-16,08:00,17:00,30,18,3166
SE-411750,LUM-UMH,PR-3017,2026-02-16,08:00,17:00,25,21,7465
SE-411751,LUM-UMH,PR-3018,2026-02-16,08:00,17:00,20,27,3765
SE-411752,LUM-CLR,PR-3019,2026-02-16,08:00,17:00,20,27,4416
SE-411753,LUM-CLR,PR-3020,2026-02-16,08:00,17:00,30,18,3302
SE-411754,LUM-CLR,PR-3021,16/02/2026,08:00,17:00,20,27,4210
SE-411755,LUM-CLR,PR-3022,2026-02-16,08:00,17:00,20,27,4199
SE-411756,LUM-CLR,PR-3023,2026-02-16,08:00,17:00,20,27,3940
SE-411757,LUM-GQE,PR-3025,16/02/2026,08:00,17:00,20,27,3480
SE-411758,LUM-GQE,PR-3026,16/02/2026,08:00,17:00,20,27,4421
SE-411759,LUM-GQE,PR-3027,2026-02-16,08:00,17:00,30,18,5152
SE-411760,LUM-GQE,PR-3028,2026-02-16,08:00,17:00,20,27,4210
SE-411761,LUM-BFN,PR-3029,2026-02-16,08:00,17:00,30,18,4817
SE-411762,LUM-BFN,PR-3030,2026-02-16,08:00,17:00,30,18,2885
SE-411763,LUM-BFN,PR-3031,2026-02-16,08:00,17:00,30,18,3256
SE-411764,LUM-SAN,PR-3001,2026-02-17,08:00,17:00,20,27,4207
SE-411765,LUM-SAN,PR-3002,2026-02-17,08:00,17:00,30,18,5987
SE-411766,LUM-SAN,PR-3003,17/02/2026,08:00,17:00,20,27,3679
SE-411767,LUM-SAN,PR-3004,2026-02-17,08:00,17:00,20,27,4117
SE-411768,LUM-SAN,PR-3006,17/02/2026,08:00,17:00,30,18,3134
SE-411769,LUM-SAN,PR-3007,17/02/2026,08:00,17:00,45,12,6711
SE-411770,LUM-PTA,PR-3008,17/02/2026,08:00,17:00,20,27,3803
SE-411771,LUM-PTA,PR-3009,2026-02-17,08:00,17:00,25,21,8221
SE-411772,LUM-PTA,PR-3010,2026-02-17,08:00,17:00,30,18,5602
SE-411773,LUM-PTA,PR-3011,2026-02-17,08:00,17:00,20,27,4519
SE-411774,LUM-PTA,PR-3012,2026-02-17,08:00,17:00,20,27,4073
SE-411775,LUM-PTA,PR-3013,2026-02-17,08:00,17:00,30,18,5678
SE-411776,LUM-UMH,PR-3014,2026-02-17,08:00,17:00,20,27,3616
SE-411777,LUM-UMH,PR-3015,2026-02-17,08:00,17:00,30,18,4817
SE-411778,LUM-UMH,PR-3016,2026-02-17,08:00,17:00,30,18,3166
SE-411779,LUM-UMH,PR-3017,2026-02-17,08:00,17:00,25,21,7465
SE-411780,LUM-UMH,PR-3018,2026-02-17,08:00,17:00,20,27,3765
SE-411781,LUM-CLR,PR-3020,2026-02-17,08:00,17:00,30,18,3302
SE-411782,LUM-CLR,PR-3021,2026-02-17,08:00,17:00,20,27,4210
SE-411783,LUM-CLR,PR-3022,2026-02-17,08:00,17:00,20,27,4199
SE-411784,LUM-CLR,PR-3023,2026-02-17,08:00,17:00,20,27,3940
SE-411785,LUM-CLR,PR-3024,2026-02-17,08:00,17:00,20,27,4215
SE-411786,LUM-GQE,PR-3025,2026-02-17,08:00,17:00,20,27,3480
SE-411787,LUM-GQE,PR-3026,2026-02-17,08:00,17:00,20,27,4421
SE-411788,LUM-GQE,PR-3027,2026-02-17,08:00,17:00,30,18,5152
SE-411789,LUM-GQE,PR-3028,2026-02-17,08:00,17:00,20,27,4210
SE-411790,LUM-BFN,PR-3029,17/02/2026,08:00,17:00,30,18,4817
SE-411791,LUM-BFN,PR-3030,2026-02-17,08:00,17:00,30,18,2885
SE-411792,LUM-BFN,PR-3031,2026-02-17,08:00,17:00,30,18,3256
SE-411793,LUM-BFN,PR-3032,2026-02-17,08:00,17:00,30,18,2779
SE-411794,LUM-SAN,PR-3001,2026-02-18,08:00,17:00,20,27,4207
SE-411795,LUM-SAN,PR-3002,18/02/2026,08:00,17:00,30,18,5987
SE-411796,LUM-SAN,PR-3003,18/02/2026,08:00,17:00,20,27,3679
SE-411797,LUM-SAN,PR-3004,2026-02-18,08:00,17:00,20,27,4117
SE-411798,LUM-SAN,PR-3005,2026-02-18,08:00,17:00,20,27,4234
SE-411799,LUM-SAN,PR-3006,2026-02-18,08:00,17:00,30,18,3134
SE-411800,LUM-SAN,PR-3007,2026-02-18,08:00,17:00,45,12,6711
SE-411801,LUM-PTA,PR-3008,2026-02-18,08:00,17:00,20,27,3803
SE-411802,LUM-PTA,PR-3009,18/02/2026,08:00,17:00,25,21,8221
SE-411803,LUM-PTA,PR-3010,2026-02-18,08:00,17:00,30,18,5602
SE-411804,LUM-PTA,PR-3011,18/02/2026,08:00,17:00,20,27,4519
SE-411805,LUM-PTA,PR-3012,2026-02-18,08:00,17:00,20,27,4073
SE-411806,LUM-PTA,PR-3013,2026-02-18,08:00,17:00,30,18,5678
SE-411807,LUM-UMH,PR-3014,2026-02-18,08:00,17:00,20,27,3616
SE-411808,LUM-UMH,PR-3015,18/02/2026,08:00,17:00,30,18,4817
SE-411809,LUM-UMH,PR-3016,2026-02-18,08:00,17:00,30,18,3166
SE-411810,LUM-UMH,PR-3017,2026-02-18,08:00,17:00,25,21,7465
SE-411811,LUM-UMH,PR-3018,2026-02-18,08:00,17:00,20,27,3765
SE-411812,LUM-CLR,PR-3019,2026-02-18,08:00,17:00,20,27,4416
SE-411813,LUM-CLR,PR-3020,2026-02-18,08:00,17:00,30,18,3302
SE-411814,LUM-CLR,PR-3021,18/02/2026,08:00,17:00,20,27,4210
SE-411815,LUM-CLR,PR-3022,2026-02-18,08:00,17:00,20,27,4199
SE-411816,LUM-CLR,PR-3023,2026-02-18,08:00,17:00,20,27,3940
SE-411817,LUM-CLR,PR-3024,2026-02-18,08:00,17:00,20,27,4215
SE-411818,LUM-GQE,PR-3025,2026-02-18,08:00,17:00,20,27,3480
SE-411819,LUM-GQE,PR-3026,2026-02-18,08:00,17:00,20,27,4421
SE-411820,LUM-GQE,PR-3027,2026-02-18,08:00,17:00,30,18,5152
SE-411821,LUM-GQE,PR-3028,2026-02-18,08:00,17:00,20,27,4210
SE-411822,LUM-BFN,PR-3029,18/02/2026,08:00,17:00,30,18,4817
SE-411823,LUM-BFN,PR-3030,2026-02-18,08:00,17:00,30,18,2885
SE-411824,LUM-BFN,PR-3032,2026-02-18,08:00,17:00,30,18,2779
SE-411825,LUM-SAN,PR-3001,2026-02-19,08:00,17:00,20,27,4207
SE-411826,LUM-SAN,PR-3002,2026-02-19,08:00,17:00,30,18,5987
SE-411827,LUM-SAN,PR-3003,2026-02-19,08:00,17:00,20,27,3679
SE-411828,LUM-SAN,PR-3004,2026-02-19,08:00,17:00,20,27,4117
SE-411829,LUM-SAN,PR-3005,19/02/2026,08:00,17:00,20,27,4234
SE-411830,LUM-SAN,PR-3006,2026-02-19,08:00,17:00,30,18,3134
SE-411831,LUM-SAN,PR-3007,2026-02-19,08:00,17:00,45,12,6711
SE-411832,LUM-PTA,PR-3008,2026-02-19,08:00,17:00,20,27,3803
SE-411833,LUM-PTA,PR-3009,19/02/2026,08:00,17:00,25,21,8221
SE-411834,LUM-PTA,PR-3010,2026-02-19,08:00,17:00,30,18,5602
SE-411835,LUM-PTA,PR-3011,2026-02-19,08:00,17:00,20,27,4519
SE-411836,LUM-PTA,PR-3012,2026-02-19,08:00,17:00,20,27,4073
SE-411837,LUM-PTA,PR-3013,2026-02-19,08:00,17:00,30,18,5678
SE-411838,LUM-UMH,PR-3014,2026-02-19,08:00,17:00,20,27,3616
SE-411839,LUM-UMH,PR-3015,2026-02-19,08:00,17:00,30,18,4817
SE-411840,LUM-UMH,PR-3016,2026-02-19,08:00,17:00,30,18,3166
SE-411841,LUM-UMH,PR-3017,2026-02-19,08:00,17:00,25,21,7465
SE-411842,LUM-UMH,PR-3018,19/02/2026,08:00,17:00,20,27,3765
SE-411843,LUM-CLR,PR-3019,19/02/2026,08:00,17:00,20,27,4416
SE-411844,LUM-CLR,PR-3022,2026-02-19,08:00,17:00,20,27,4199
SE-411845,LUM-CLR,PR-3023,2026-02-19,08:00,17:00,20,27,3940
SE-411846,LUM-CLR,PR-3024,2026-02-19,08:00,17:00,20,27,4215
SE-411847,LUM-GQE,PR-3025,2026-02-19,08:00,17:00,20,27,3480
SE-411848,LUM-GQE,PR-3026,2026-02-19,08:00,17:00,20,27,4421
SE-411849,LUM-GQE,PR-3027,2026-02-19,08:00,17:00,30,18,5152
SE-411850,LUM-GQE,PR-3028,2026-02-19,08:00,17:00,20,27,4210
SE-411851,LUM-BFN,PR-3029,2026-02-19,08:00,17:00,30,18,4817
SE-411852,LUM-BFN,PR-3030,19/02/2026,08:00,17:00,30,18,2885
SE-411853,LUM-BFN,PR-3032,2026-02-19,08:00,17:00,30,18,2779
SE-411854,LUM-SAN,PR-3001,20/02/2026,08:00,17:00,20,27,4207
SE-411855,LUM-SAN,PR-3002,2026-02-20,08:00,17:00,30,18,5987
SE-411856,LUM-SAN,PR-3003,2026-02-20,08:00,17:00,20,27,3679
SE-411857,LUM-SAN,PR-3004,2026-02-20,08:00,17:00,20,27,4117
SE-411858,LUM-SAN,PR-3005,2026-02-20,08:00,17:00,20,27,4234
SE-411859,LUM-SAN,PR-3006,2026-02-20,08:00,17:00,30,18,3134
SE-411860,LUM-SAN,PR-3007,2026-02-20,08:00,17:00,45,12,6711
SE-411861,LUM-PTA,PR-3008,2026-02-20,08:00,17:00,20,27,3803
SE-411862,LUM-PTA,PR-3009,2026-02-20,08:00,17:00,25,21,8221
SE-411863,LUM-PTA,PR-3010,20/02/2026,08:00,17:00,30,18,5602
SE-411864,LUM-PTA,PR-3011,2026-02-20,08:00,17:00,20,27,4519
SE-411865,LUM-PTA,PR-3012,2026-02-20,08:00,17:00,20,27,4073
SE-411866,LUM-PTA,PR-3013,2026-02-20,08:00,17:00,30,18,5678
SE-411867,LUM-UMH,PR-3016,2026-02-20,08:00,17:00,30,18,3166
SE-411868,LUM-UMH,PR-3017,2026-02-20,08:00,17:00,25,21,7465
SE-411869,LUM-UMH,PR-3018,2026-02-20,08:00,17:00,20,27,3765
SE-411870,LUM-CLR,PR-3020,2026-02-20,08:00,17:00,30,18,3302
SE-411871,LUM-CLR,PR-3021,2026-02-20,08:00,17:00,20,27,4210
SE-411872,LUM-CLR,PR-3022,2026-02-20,08:00,17:00,20,27,4199
SE-411873,LUM-GQE,PR-3025,20/02/2026,08:00,17:00,20,27,3480
SE-411874,LUM-GQE,PR-3026,2026-02-20,08:00,17:00,20,27,4421
SE-411875,LUM-GQE,PR-3027,2026-02-20,08:00,17:00,30,18,5152
SE-411876,LUM-GQE,PR-3028,2026-02-20,08:00,17:00,20,27,4210
SE-411877,LUM-BFN,PR-3029,2026-02-20,08:00,17:00,30,18,4817
SE-411878,LUM-BFN,PR-3030,2026-02-20,08:00,17:00,30,18,2885
SE-411879,LUM-BFN,PR-3031,2026-02-20,08:00,17:00,30,18,3256
SE-411880,LUM-BFN,PR-3032,2026-02-20,08:00,17:00,30,18,2779
SE-411881,LUM-SAN,PR-3006,2026-02-21,08:00,13:00,30,10,1741.11
SE-411882,LUM-SAN,PR-3007,2026-02-21,08:00,13:00,45,6,3728.33
SE-411883,LUM-PTA,PR-3010,2026-02-21,08:00,13:00,30,10,3112.22
SE-411884,LUM-UMH,PR-3017,2026-02-21,08:00,13:00,25,12,4147.22
SE-411885,LUM-CLR,PR-3019,2026-02-21,08:00,13:00,20,15,2453.33
SE-411886,LUM-CLR,PR-3022,2026-02-21,08:00,13:00,20,15,2332.78
SE-411887,LUM-GQE,PR-3027,2026-02-21,08:00,13:00,30,10,2862.22
SE-411888,LUM-BFN,PR-3030,2026-02-21,08:00,13:00,30,10,1602.78
SE-411889,LUM-BFN,PR-3032,2026-02-21,08:00,13:00,30,10,1543.89
SE-411890,LUM-SAN,PR-3001,2026-02-23,08:00,17:00,20,27,4207
SE-411891,LUM-SAN,PR-3002,2026-02-23,08:00,17:00,30,18,5987
SE-411892,LUM-SAN,PR-3003,2026-02-23,08:00,17:00,20,27,3679
SE-411893,LUM-SAN,PR-3004,2026-02-23,08:00,17:00,20,27,4117
SE-411894,LUM-SAN,PR-3005,2026-02-23,08:00,17:00,20,27,4234
SE-411895,LUM-SAN,PR-3006,2026-02-23,08:00,17:00,30,18,3134
SE-411896,LUM-SAN,PR-3007,2026-02-23,08:00,17:00,45,12,6711
SE-411897,LUM-PTA,PR-3008,2026-02-23,08:00,17:00,20,27,3803
SE-411898,LUM-PTA,PR-3009,2026-02-23,08:00,17:00,25,21,8221
SE-411899,LUM-PTA,PR-3010,2026-02-23,08:00,17:00,30,18,5602
SE-411900,LUM-PTA,PR-3011,23/02/2026,08:00,17:00,20,27,4519
SE-411901,LUM-PTA,PR-3012,23/02/2026,08:00,17:00,20,27,4073
SE-411902,LUM-PTA,PR-3013,2026-02-23,08:00,17:00,30,18,5678
SE-411903,LUM-UMH,PR-3014,2026-02-23,08:00,17:00,20,27,3616
SE-411904,LUM-UMH,PR-3015,2026-02-23,08:00,17:00,30,18,4817
SE-411905,LUM-UMH,PR-3016,23/02/2026,08:00,17:00,30,18,3166
SE-411906,LUM-UMH,PR-3017,23/02/2026,08:00,17:00,25,21,7465
SE-411907,LUM-UMH,PR-3018,2026-02-23,08:00,17:00,20,27,3765
SE-411908,LUM-CLR,PR-3020,2026-02-23,08:00,17:00,30,18,3302
SE-411909,LUM-CLR,PR-3021,2026-02-23,08:00,17:00,20,27,4210
SE-411910,LUM-CLR,PR-3022,23/02/2026,08:00,17:00,20,27,4199
SE-411911,LUM-CLR,PR-3023,2026-02-23,08:00,17:00,20,27,3940
SE-411912,LUM-CLR,PR-3024,23/02/2026,08:00,17:00,20,27,4215
SE-411913,LUM-GQE,PR-3026,23/02/2026,08:00,17:00,20,27,4421
SE-411914,LUM-GQE,PR-3027,2026-02-23,08:00,17:00,30,18,5152
SE-411915,LUM-GQE,PR-3028,23/02/2026,08:00,17:00,20,27,4210
SE-411916,LUM-BFN,PR-3029,2026-02-23,08:00,17:00,30,18,4817
SE-411917,LUM-BFN,PR-3030,23/02/2026,08:00,17:00,30,18,2885
SE-411918,LUM-BFN,PR-3031,2026-02-23,08:00,17:00,30,18,3256
SE-411919,LUM-SAN,PR-3001,2026-02-24,08:00,17:00,20,27,4207
SE-411920,LUM-SAN,PR-3002,24/02/2026,08:00,17:00,30,18,5987
SE-411921,LUM-SAN,PR-3003,2026-02-24,08:00,17:00,20,27,3679
SE-411922,LUM-SAN,PR-3004,2026-02-24,08:00,17:00,20,27,4117
SE-411923,LUM-SAN,PR-3006,24/02/2026,08:00,17:00,30,18,3134
SE-411924,LUM-SAN,PR-3007,2026-02-24,08:00,17:00,45,12,6711
SE-411925,LUM-PTA,PR-3008,24/02/2026,08:00,17:00,20,27,3803
SE-411926,LUM-PTA,PR-3009,2026-02-24,08:00,17:00,25,21,8221
SE-411927,LUM-PTA,PR-3010,24/02/2026,08:00,17:00,30,18,5602
SE-411928,LUM-PTA,PR-3011,2026-02-24,08:00,17:00,20,27,4519
SE-411929,LUM-PTA,PR-3012,2026-02-24,08:00,17:00,20,27,4073
SE-411930,LUM-PTA,PR-3013,2026-02-24,08:00,17:00,30,18,5678
SE-411931,LUM-UMH,PR-3014,2026-02-24,08:00,17:00,20,27,3616
SE-411932,LUM-UMH,PR-3015,2026-02-24,08:00,17:00,30,18,4817
SE-411933,LUM-UMH,PR-3016,2026-02-24,08:00,17:00,30,18,3166
SE-411934,LUM-UMH,PR-3017,24/02/2026,08:00,17:00,25,21,7465
SE-411935,LUM-UMH,PR-3018,2026-02-24,08:00,17:00,20,27,3765
SE-411936,LUM-CLR,PR-3019,2026-02-24,08:00,17:00,20,27,4416
SE-411937,LUM-CLR,PR-3020,2026-02-24,08:00,17:00,30,18,3302
SE-411938,LUM-CLR,PR-3021,2026-02-24,08:00,17:00,20,27,4210
SE-411939,LUM-CLR,PR-3022,24/02/2026,08:00,17:00,20,27,4199
SE-411940,LUM-CLR,PR-3023,2026-02-24,08:00,17:00,20,27,3940
SE-411941,LUM-CLR,PR-3024,2026-02-24,08:00,17:00,20,27,4215
SE-411942,LUM-GQE,PR-3025,2026-02-24,08:00,17:00,20,27,3480
SE-411943,LUM-GQE,PR-3026,2026-02-24,08:00,17:00,20,27,4421
SE-411944,LUM-GQE,PR-3027,2026-02-24,08:00,17:00,30,18,5152
SE-411945,LUM-GQE,PR-3028,2026-02-24,08:00,17:00,20,27,4210
SE-411946,LUM-BFN,PR-3029,2026-02-24,08:00,17:00,30,18,4817
SE-411947,LUM-BFN,PR-3030,2026-02-24,08:00,17:00,30,18,2885
SE-411948,LUM-BFN,PR-3031,24/02/2026,08:00,17:00,30,18,3256
SE-411949,LUM-BFN,PR-3032,2026-02-24,08:00,17:00,30,18,2779
SE-411950,LUM-SAN,PR-3001,25/02/2026,08:00,17:00,20,27,4207
SE-411951,LUM-SAN,PR-3002,25/02/2026,08:00,17:00,30,18,5987
SE-411952,LUM-SAN,PR-3004,2026-02-25,08:00,17:00,20,27,4117
SE-411953,LUM-SAN,PR-3005,2026-02-25,08:00,17:00,20,27,4234
SE-411954,LUM-SAN,PR-3006,2026-02-25,08:00,17:00,30,18,3134
SE-411955,LUM-SAN,PR-3007,2026-02-25,08:00,17:00,45,12,6711
SE-411956,LUM-PTA,PR-3008,2026-02-25,08:00,17:00,20,27,3803
SE-411957,LUM-PTA,PR-3009,25/02/2026,08:00,17:00,25,21,8221
SE-411958,LUM-PTA,PR-3010,2026-02-25,08:00,17:00,30,18,5602
SE-411959,LUM-PTA,PR-3011,2026-02-25,08:00,17:00,20,27,4519
SE-411960,LUM-PTA,PR-3012,2026-02-25,08:00,17:00,20,27,4073
SE-411961,LUM-PTA,PR-3013,2026-02-25,08:00,17:00,30,18,5678
SE-411962,LUM-UMH,PR-3014,2026-02-25,08:00,17:00,20,27,3616
SE-411963,LUM-UMH,PR-3015,2026-02-25,08:00,17:00,30,18,4817
SE-411964,LUM-UMH,PR-3016,2026-02-25,08:00,17:00,30,18,3166
SE-411965,LUM-UMH,PR-3017,2026-02-25,08:00,17:00,25,21,7465
SE-411966,LUM-UMH,PR-3018,2026-02-25,08:00,17:00,20,27,3765
SE-411967,LUM-CLR,PR-3019,2026-02-25,08:00,17:00,20,27,4416
SE-411968,LUM-CLR,PR-3021,25/02/2026,08:00,17:00,20,27,4210
SE-411969,LUM-CLR,PR-3023,25/02/2026,08:00,17:00,20,27,3940
SE-411970,LUM-CLR,PR-3024,2026-02-25,08:00,17:00,20,27,4215
SE-411971,LUM-GQE,PR-3025,2026-02-25,08:00,17:00,20,27,3480
SE-411972,LUM-GQE,PR-3026,2026-02-25,08:00,17:00,20,27,4421
SE-411973,LUM-GQE,PR-3027,25/02/2026,08:00,17:00,30,18,5152
SE-411974,LUM-BFN,PR-3029,2026-02-25,08:00,17:00,30,18,4817
SE-411975,LUM-BFN,PR-3030,2026-02-25,08:00,17:00,30,18,2885
SE-411976,LUM-BFN,PR-3031,2026-02-25,08:00,17:00,30,18,3256
SE-411977,LUM-SAN,PR-3001,2026-02-26,08:00,17:00,20,27,4207
SE-411978,LUM-SAN,PR-3002,26/02/2026,08:00,17:00,30,18,5987
SE-411979,LUM-SAN,PR-3003,26/02/2026,08:00,17:00,20,27,3679
SE-411980,LUM-SAN,PR-3004,2026-02-26,08:00,17:00,20,27,4117
SE-411981,LUM-SAN,PR-3005,2026-02-26,08:00,17:00,20,27,4234
SE-411982,LUM-SAN,PR-3006,2026-02-26,08:00,17:00,30,18,3134
SE-411983,LUM-SAN,PR-3007,2026-02-26,08:00,17:00,45,12,6711
SE-411984,LUM-PTA,PR-3008,2026-02-26,08:00,17:00,20,27,3803
SE-411985,LUM-PTA,PR-3009,2026-02-26,08:00,17:00,25,21,8221
SE-411986,LUM-PTA,PR-3010,2026-02-26,08:00,17:00,30,18,5602
SE-411987,LUM-PTA,PR-3011,26/02/2026,08:00,17:00,20,27,4519
SE-411988,LUM-PTA,PR-3012,2026-02-26,08:00,17:00,20,27,4073
SE-411989,LUM-PTA,PR-3013,26/02/2026,08:00,17:00,30,18,5678
SE-411990,LUM-UMH,PR-3014,2026-02-26,08:00,17:00,20,27,3616
SE-411991,LUM-UMH,PR-3015,2026-02-26,08:00,17:00,30,18,4817
SE-411992,LUM-UMH,PR-3016,26/02/2026,08:00,17:00,30,18,3166
SE-411993,LUM-UMH,PR-3017,2026-02-26,08:00,17:00,25,21,7465
SE-411994,LUM-CLR,PR-3019,2026-02-26,08:00,17:00,20,27,4416
SE-411995,LUM-CLR,PR-3021,2026-02-26,08:00,17:00,20,27,4210
SE-411996,LUM-CLR,PR-3022,26/02/2026,08:00,17:00,20,27,4199
SE-411997,LUM-CLR,PR-3023,2026-02-26,08:00,17:00,20,27,3940
SE-411998,LUM-CLR,PR-3024,26/02/2026,08:00,17:00,20,27,4215
SE-411999,LUM-GQE,PR-3025,2026-02-26,08:00,17:00,20,27,3480
SE-412000,LUM-GQE,PR-3026,26/02/2026,08:00,17:00,20,27,4421
SE-412001,LUM-GQE,PR-3027,26/02/2026,08:00,17:00,30,18,5152
SE-412002,LUM-GQE,PR-3028,2026-02-26,08:00,17:00,20,27,4210
SE-412003,LUM-BFN,PR-3029,2026-02-26,08:00,17:00,30,18,4817
SE-412004,LUM-BFN,PR-3030,26/02/2026,08:00,17:00,30,18,2885
SE-412005,LUM-BFN,PR-3031,2026-02-26,08:00,17:00,30,18,3256
SE-412006,LUM-BFN,PR-3032,26/02/2026,08:00,17:00,30,18,2779
SE-412007,LUM-SAN,PR-3001,27/02/2026,08:00,17:00,20,27,4207
SE-412008,LUM-SAN,PR-3002,2026-02-27,08:00,17:00,30,18,5987
SE-412009,LUM-SAN,PR-3003,2026-02-27,08:00,17:00,20,27,3679
SE-412010,LUM-SAN,PR-3004,27/02/2026,08:00,17:00,20,27,4117
SE-412011,LUM-SAN,PR-3005,2026-02-27,08:00,17:00,20,27,4234
SE-412012,LUM-SAN,PR-3006,2026-02-27,08:00,17:00,30,18,3134
SE-412013,LUM-SAN,PR-3007,2026-02-27,08:00,17:00,45,12,6711
SE-412014,LUM-PTA,PR-3009,2026-02-27,08:00,17:00,25,21,8221
SE-412015,LUM-PTA,PR-3010,2026-02-27,08:00,17:00,30,18,5602
SE-412016,LUM-PTA,PR-3011,2026-02-27,08:00,17:00,20,27,4519
SE-412017,LUM-PTA,PR-3012,2026-02-27,08:00,17:00,20,27,4073
SE-412018,LUM-PTA,PR-3013,2026-02-27,08:00,17:00,30,18,5678
SE-412019,LUM-UMH,PR-3014,2026-02-27,08:00,17:00,20,27,3616
SE-412020,LUM-UMH,PR-3015,2026-02-27,08:00,17:00,30,18,4817
SE-412021,LUM-UMH,PR-3016,2026-02-27,08:00,17:00,30,18,3166
SE-412022,LUM-UMH,PR-3017,27/02/2026,08:00,17:00,25,21,7465
SE-412023,LUM-UMH,PR-3018,2026-02-27,08:00,17:00,20,27,3765
SE-412024,LUM-CLR,PR-3019,2026-02-27,08:00,17:00,20,27,4416
SE-412025,LUM-CLR,PR-3020,2026-02-27,08:00,17:00,30,18,3302
SE-412026,LUM-CLR,PR-3021,2026-02-27,08:00,17:00,20,27,4210
SE-412027,LUM-CLR,PR-3022,2026-02-27,08:00,17:00,20,27,4199
SE-412028,LUM-CLR,PR-3023,27/02/2026,08:00,17:00,20,27,3940
SE-412029,LUM-GQE,PR-3025,2026-02-27,08:00,17:00,20,27,3480
SE-412030,LUM-GQE,PR-3026,2026-02-27,08:00,17:00,20,27,4421
SE-412031,LUM-GQE,PR-3027,2026-02-27,08:00,17:00,30,18,5152
SE-412032,LUM-GQE,PR-3028,2026-02-27,08:00,17:00,20,27,4210
SE-412033,LUM-BFN,PR-3029,2026-02-27,08:00,17:00,30,18,4817
SE-412034,LUM-BFN,PR-3030,27/02/2026,08:00,17:00,30,18,2885
SE-412035,LUM-BFN,PR-3031,2026-02-27,08:00,17:00,30,18,3256
SE-412036,LUM-BFN,PR-3032,2026-02-27,08:00,17:00,30,18,2779
SE-412037,LUM-SAN,PR-3007,2026-02-28,08:00,13:00,45,6,3728.33
SE-412038,LUM-PTA,PR-3011,2026-02-28,08:00,13:00,20,15,2510.56
SE-412039,LUM-PTA,PR-3013,2026-02-28,08:00,13:00,30,10,3154.44
SE-412040,LUM-GQE,PR-3025,2026-02-28,08:00,13:00,20,15,1933.33
SE-412041,LUM-GQE,PR-3026,28/02/2026,08:00,13:00,20,15,2456.11
SE-412042,LUM-BFN,PR-3032,28/02/2026,08:00,13:00,30,10,1543.89
SE-412043,LUM-SAN,PR-3002,2026-03-02,08:00,17:00,30,18,5987
SE-412044,LUM-SAN,PR-3003,02/03/2026,08:00,17:00,20,27,3679
SE-412045,LUM-SAN,PR-3004,2026-03-02,08:00,17:00,20,27,4117
SE-412046,LUM-SAN,PR-3006,02/03/2026,08:00,17:00,30,18,3134
SE-412047,LUM-SAN,PR-3007,2026-03-02,08:00,17:00,45,12,6711
SE-412048,LUM-PTA,PR-3008,2026-03-02,08:00,17:00,20,27,3803
SE-412049,LUM-PTA,PR-3009,2026-03-02,08:00,17:00,25,21,8221
SE-412050,LUM-PTA,PR-3010,2026-03-02,08:00,17:00,30,18,5602
SE-412051,LUM-PTA,PR-3011,2026-03-02,08:00,17:00,20,27,4519
SE-412052,LUM-PTA,PR-3012,2026-03-02,08:00,17:00,20,27,4073
SE-412053,LUM-PTA,PR-3013,2026-03-02,08:00,17:00,30,18,5678
SE-412054,LUM-UMH,PR-3014,2026-03-02,08:00,17:00,20,27,3616
SE-412055,LUM-UMH,PR-3015,2026-03-02,08:00,17:00,30,18,4817
SE-412056,LUM-UMH,PR-3016,2026-03-02,08:00,17:00,30,18,3166
SE-412057,LUM-UMH,PR-3017,02/03/2026,08:00,17:00,25,21,7465
SE-412058,LUM-UMH,PR-3018,2026-03-02,08:00,17:00,20,27,3765
SE-412059,LUM-CLR,PR-3019,02/03/2026,08:00,17:00,20,27,4416
SE-412060,LUM-CLR,PR-3022,2026-03-02,08:00,17:00,20,27,4199
SE-412061,LUM-CLR,PR-3023,2026-03-02,08:00,17:00,20,27,3940
SE-412062,LUM-CLR,PR-3024,2026-03-02,08:00,17:00,20,27,4215
SE-412063,LUM-GQE,PR-3025,2026-03-02,08:00,17:00,20,27,3480
SE-412064,LUM-GQE,PR-3026,2026-03-02,08:00,17:00,20,27,4421
SE-412065,LUM-GQE,PR-3027,02/03/2026,08:00,17:00,30,18,5152
SE-412066,LUM-GQE,PR-3028,2026-03-02,08:00,17:00,20,27,4210
SE-412067,LUM-BFN,PR-3029,02/03/2026,08:00,17:00,30,18,4817
SE-412068,LUM-BFN,PR-3030,2026-03-02,08:00,17:00,30,18,2885
SE-412069,LUM-BFN,PR-3032,2026-03-02,08:00,17:00,30,18,2779
SE-412070,LUM-SAN,PR-3001,2026-03-03,08:00,17:00,20,27,4207
SE-412071,LUM-SAN,PR-3002,2026-03-03,08:00,17:00,30,18,5987
SE-412072,LUM-SAN,PR-3003,2026-03-03,08:00,17:00,20,27,3679
SE-412073,LUM-SAN,PR-3004,2026-03-03,08:00,17:00,20,27,4117
SE-412074,LUM-SAN,PR-3005,2026-03-03,08:00,17:00,20,27,4234
SE-412075,LUM-SAN,PR-3007,03/03/2026,08:00,17:00,45,12,6711
SE-412076,LUM-PTA,PR-3008,2026-03-03,08:00,17:00,20,27,3803
SE-412077,LUM-PTA,PR-3009,2026-03-03,08:00,17:00,25,21,8221
SE-412078,LUM-PTA,PR-3010,2026-03-03,08:00,17:00,30,18,5602
SE-412079,LUM-PTA,PR-3011,2026-03-03,08:00,17:00,20,27,4519
SE-412080,LUM-PTA,PR-3012,2026-03-03,08:00,17:00,20,27,4073
SE-412081,LUM-UMH,PR-3014,2026-03-03,08:00,17:00,20,27,3616
SE-412082,LUM-UMH,PR-3015,2026-03-03,08:00,17:00,30,18,4817
SE-412083,LUM-UMH,PR-3016,2026-03-03,08:00,17:00,30,18,3166
SE-412084,LUM-UMH,PR-3017,2026-03-03,08:00,17:00,25,21,7465
SE-412085,LUM-UMH,PR-3018,2026-03-03,08:00,17:00,20,27,3765
SE-412086,LUM-CLR,PR-3019,03/03/2026,08:00,17:00,20,27,4416
SE-412087,LUM-CLR,PR-3020,2026-03-03,08:00,17:00,30,18,3302
SE-412088,LUM-CLR,PR-3021,2026-03-03,08:00,17:00,20,27,4210
SE-412089,LUM-CLR,PR-3022,03/03/2026,08:00,17:00,20,27,4199
SE-412090,LUM-CLR,PR-3023,2026-03-03,08:00,17:00,20,27,3940
SE-412091,LUM-GQE,PR-3025,2026-03-03,08:00,17:00,20,27,3480
SE-412092,LUM-GQE,PR-3026,2026-03-03,08:00,17:00,20,27,4421
SE-412093,LUM-GQE,PR-3027,2026-03-03,08:00,17:00,30,18,5152
SE-412094,LUM-GQE,PR-3028,2026-03-03,08:00,17:00,20,27,4210
SE-412095,LUM-BFN,PR-3029,2026-03-03,08:00,17:00,30,18,4817
SE-412096,LUM-BFN,PR-3031,2026-03-03,08:00,17:00,30,18,3256
SE-412097,LUM-BFN,PR-3032,2026-03-03,08:00,17:00,30,18,2779
SE-412098,LUM-SAN,PR-3001,2026-03-04,08:00,17:00,20,27,4207
SE-412099,LUM-SAN,PR-3002,2026-03-04,08:00,17:00,30,18,5987
SE-412100,LUM-SAN,PR-3003,2026-03-04,08:00,17:00,20,27,3679
SE-412101,LUM-SAN,PR-3004,2026-03-04,08:00,17:00,20,27,4117
SE-412102,LUM-SAN,PR-3005,04/03/2026,08:00,17:00,20,27,4234
SE-412103,LUM-SAN,PR-3006,2026-03-04,08:00,17:00,30,18,3134
SE-412104,LUM-SAN,PR-3007,04/03/2026,08:00,17:00,45,12,6711
SE-412105,LUM-PTA,PR-3008,2026-03-04,08:00,17:00,20,27,3803
SE-412106,LUM-PTA,PR-3009,2026-03-04,08:00,17:00,25,21,8221
SE-412107,LUM-PTA,PR-3010,04/03/2026,08:00,17:00,30,18,5602
SE-412108,LUM-PTA,PR-3011,04/03/2026,08:00,17:00,20,27,4519
SE-412109,LUM-PTA,PR-3012,2026-03-04,08:00,17:00,20,27,4073
SE-412110,LUM-PTA,PR-3013,2026-03-04,08:00,17:00,30,18,5678
SE-412111,LUM-UMH,PR-3014,2026-03-04,08:00,17:00,20,27,3616
SE-412112,LUM-UMH,PR-3016,04/03/2026,08:00,17:00,30,18,3166
SE-412113,LUM-UMH,PR-3017,2026-03-04,08:00,17:00,25,21,7465
SE-412114,LUM-UMH,PR-3018,2026-03-04,08:00,17:00,20,27,3765
SE-412115,LUM-CLR,PR-3019,04/03/2026,08:00,17:00,20,27,4416
SE-412116,LUM-CLR,PR-3020,04/03/2026,08:00,17:00,30,18,3302
SE-412117,LUM-CLR,PR-3021,2026-03-04,08:00,17:00,20,27,4210
SE-412118,LUM-CLR,PR-3022,04/03/2026,08:00,17:00,20,27,4199
SE-412119,LUM-CLR,PR-3023,04/03/2026,08:00,17:00,20,27,3940
SE-412120,LUM-CLR,PR-3024,04/03/2026,08:00,17:00,20,27,4215
SE-412121,LUM-GQE,PR-3025,2026-03-04,08:00,17:00,20,27,3480
SE-412122,LUM-GQE,PR-3026,2026-03-04,08:00,17:00,20,27,4421
SE-412123,LUM-GQE,PR-3027,2026-03-04,08:00,17:00,30,18,5152
SE-412124,LUM-BFN,PR-3030,2026-03-04,08:00,17:00,30,18,2885
SE-412125,LUM-BFN,PR-3031,2026-03-04,08:00,17:00,30,18,3256
SE-412126,LUM-BFN,PR-3032,2026-03-04,08:00,17:00,30,18,2779
SE-412127,LUM-SAN,PR-3001,2026-03-05,08:00,17:00,20,27,4207
SE-412128,LUM-SAN,PR-3002,2026-03-05,08:00,17:00,30,18,5987
SE-412129,LUM-SAN,PR-3003,2026-03-05,08:00,17:00,20,27,3679
SE-412130,LUM-SAN,PR-3004,2026-03-05,08:00,17:00,20,27,4117
SE-412131,LUM-SAN,PR-3005,2026-03-05,08:00,17:00,20,27,4234
SE-412132,LUM-SAN,PR-3006,05/03/2026,08:00,17:00,30,18,3134
SE-412133,LUM-SAN,PR-3007,2026-03-05,08:00,17:00,45,12,6711
SE-412134,LUM-PTA,PR-3008,2026-03-05,08:00,17:00,20,27,3803
SE-412135,LUM-PTA,PR-3009,2026-03-05,08:00,17:00,25,21,8221
SE-412136,LUM-PTA,PR-3010,2026-03-05,08:00,17:00,30,18,5602
SE-412137,LUM-PTA,PR-3011,2026-03-05,08:00,17:00,20,27,4519
SE-412138,LUM-PTA,PR-3012,05/03/2026,08:00,17:00,20,27,4073
SE-412139,LUM-PTA,PR-3013,05/03/2026,08:00,17:00,30,18,5678
SE-412140,LUM-UMH,PR-3014,05/03/2026,08:00,17:00,20,27,3616
SE-412141,LUM-UMH,PR-3015,05/03/2026,08:00,17:00,30,18,4817
SE-412142,LUM-UMH,PR-3017,2026-03-05,08:00,17:00,25,21,7465
SE-412143,LUM-CLR,PR-3019,2026-03-05,08:00,17:00,20,27,4416
SE-412144,LUM-CLR,PR-3020,05/03/2026,08:00,17:00,30,18,3302
SE-412145,LUM-CLR,PR-3021,2026-03-05,08:00,17:00,20,27,4210
SE-412146,LUM-CLR,PR-3022,05/03/2026,08:00,17:00,20,27,4199
SE-412147,LUM-CLR,PR-3023,2026-03-05,08:00,17:00,20,27,3940
SE-412148,LUM-CLR,PR-3024,05/03/2026,08:00,17:00,20,27,4215
SE-412149,LUM-GQE,PR-3025,05/03/2026,08:00,17:00,20,27,3480
SE-412150,LUM-GQE,PR-3026,05/03/2026,08:00,17:00,20,27,4421
SE-412151,LUM-GQE,PR-3027,2026-03-05,08:00,17:00,30,18,5152
SE-412152,LUM-GQE,PR-3028,2026-03-05,08:00,17:00,20,27,4210
SE-412153,LUM-BFN,PR-3029,2026-03-05,08:00,17:00,30,18,4817
SE-412154,LUM-BFN,PR-3030,05/03/2026,08:00,17:00,30,18,2885
SE-412155,LUM-BFN,PR-3031,2026-03-05,08:00,17:00,30,18,3256
SE-412156,LUM-BFN,PR-3032,2026-03-05,08:00,17:00,30,18,2779
SE-412157,LUM-SAN,PR-3001,06/03/2026,08:00,17:00,20,27,4207
SE-412158,LUM-SAN,PR-3002,06/03/2026,08:00,17:00,30,18,5987
SE-412159,LUM-SAN,PR-3003,2026-03-06,08:00,17:00,20,27,3679
SE-412160,LUM-SAN,PR-3004,06/03/2026,08:00,17:00,20,27,4117
SE-412161,LUM-SAN,PR-3005,2026-03-06,08:00,17:00,20,27,4234
SE-412162,LUM-SAN,PR-3006,06/03/2026,08:00,17:00,30,18,3134
SE-412163,LUM-SAN,PR-3007,2026-03-06,08:00,17:00,45,12,6711
SE-412164,LUM-PTA,PR-3010,2026-03-06,08:00,17:00,30,18,5602
SE-412165,LUM-PTA,PR-3011,2026-03-06,08:00,17:00,20,27,4519
SE-412166,LUM-PTA,PR-3012,06/03/2026,08:00,17:00,20,27,4073
SE-412167,LUM-PTA,PR-3013,2026-03-06,08:00,17:00,30,18,5678
SE-412168,LUM-UMH,PR-3014,2026-03-06,08:00,17:00,20,27,3616
SE-412169,LUM-UMH,PR-3015,06/03/2026,08:00,17:00,30,18,4817
SE-412170,LUM-UMH,PR-3016,06/03/2026,08:00,17:00,30,18,3166
SE-412171,LUM-UMH,PR-3018,2026-03-06,08:00,17:00,20,27,3765
SE-412172,LUM-CLR,PR-3019,06/03/2026,08:00,17:00,20,27,4416
SE-412173,LUM-CLR,PR-3020,2026-03-06,08:00,17:00,30,18,3302
SE-412174,LUM-CLR,PR-3021,2026-03-06,08:00,17:00,20,27,4210
SE-412175,LUM-CLR,PR-3022,2026-03-06,08:00,17:00,20,27,4199
SE-412176,LUM-CLR,PR-3023,2026-03-06,08:00,17:00,20,27,3940
SE-412177,LUM-GQE,PR-3025,2026-03-06,08:00,17:00,20,27,3480
SE-412178,LUM-GQE,PR-3026,2026-03-06,08:00,17:00,20,27,4421
SE-412179,LUM-GQE,PR-3027,2026-03-06,08:00,17:00,30,18,5152
SE-412180,LUM-GQE,PR-3028,06/03/2026,08:00,17:00,20,27,4210
SE-412181,LUM-BFN,PR-3029,2026-03-06,08:00,17:00,30,18,4817
SE-412182,LUM-BFN,PR-3030,2026-03-06,08:00,17:00,30,18,2885
SE-412183,LUM-BFN,PR-3032,06/03/2026,08:00,17:00,30,18,2779
SE-412184,LUM-SAN,PR-3001,2026-03-07,08:00,13:00,20,15,2337.22
SE-412185,LUM-SAN,PR-3005,2026-03-07,08:00,13:00,20,15,2352.22
SE-412186,LUM-PTA,PR-3010,2026-03-07,08:00,13:00,30,10,3112.22
SE-412187,LUM-PTA,PR-3012,2026-03-07,08:00,13:00,20,15,2262.78
SE-412188,LUM-PTA,PR-3013,2026-03-07,08:00,13:00,30,10,3154.44
SE-412189,LUM-UMH,PR-3016,2026-03-07,08:00,13:00,30,10,1758.89
SE-412190,LUM-UMH,PR-3018,07/03/2026,08:00,13:00,20,15,2091.67
SE-412191,LUM-CLR,PR-3019,2026-03-07,08:00,13:00,20,15,2453.33
SE-412192,LUM-CLR,PR-3020,2026-03-07,08:00,13:00,30,10,1834.44
SE-412193,LUM-CLR,PR-3024,2026-03-07,08:00,13:00,20,15,2341.67
SE-412194,LUM-GQE,PR-3025,2026-03-07,08:00,13:00,20,15,1933.33
SE-412195,LUM-GQE,PR-3027,07/03/2026,08:00,13:00,30,10,2862.22
SE-412196,LUM-GQE,PR-3028,07/03/2026,08:00,13:00,20,15,2338.89
SE-412197,LUM-SAN,PR-3001,2026-03-09,08:00,17:00,20,27,4207
SE-412198,LUM-SAN,PR-3002,2026-03-09,08:00,17:00,30,18,5987
SE-412199,LUM-SAN,PR-3003,2026-03-09,08:00,17:00,20,27,3679
SE-412200,LUM-SAN,PR-3004,2026-03-09,08:00,17:00,20,27,4117
SE-412201,LUM-SAN,PR-3005,2026-03-09,08:00,17:00,20,27,4234
SE-412202,LUM-SAN,PR-3006,2026-03-09,08:00,17:00,30,18,3134
SE-412203,LUM-SAN,PR-3007,2026-03-09,08:00,17:00,45,12,6711
SE-412204,LUM-PTA,PR-3008,2026-03-09,08:00,17:00,20,27,3803
SE-412205,LUM-PTA,PR-3009,2026-03-09,08:00,17:00,25,21,8221
SE-412206,LUM-PTA,PR-3010,2026-03-09,08:00,17:00,30,18,5602
SE-412207,LUM-PTA,PR-3011,2026-03-09,08:00,17:00,20,27,4519
SE-412208,LUM-PTA,PR-3012,2026-03-09,08:00,17:00,20,27,4073
SE-412209,LUM-PTA,PR-3013,2026-03-09,08:00,17:00,30,18,5678
SE-412210,LUM-UMH,PR-3014,2026-03-09,08:00,17:00,20,27,3616
SE-412211,LUM-UMH,PR-3016,2026-03-09,08:00,17:00,30,18,3166
SE-412212,LUM-UMH,PR-3017,2026-03-09,08:00,17:00,25,21,7465
SE-412213,LUM-CLR,PR-3019,2026-03-09,08:00,17:00,20,27,4416
SE-412214,LUM-CLR,PR-3020,2026-03-09,08:00,17:00,30,18,3302
SE-412215,LUM-CLR,PR-3021,2026-03-09,08:00,17:00,20,27,4210
SE-412216,LUM-CLR,PR-3022,2026-03-09,08:00,17:00,20,27,4199
SE-412217,LUM-CLR,PR-3023,2026-03-09,08:00,17:00,20,27,3940
SE-412218,LUM-CLR,PR-3024,2026-03-09,08:00,17:00,20,27,4215
SE-412219,LUM-GQE,PR-3025,2026-03-09,08:00,17:00,20,27,3480
SE-412220,LUM-GQE,PR-3026,2026-03-09,08:00,17:00,20,27,4421
SE-412221,LUM-GQE,PR-3028,2026-03-09,08:00,17:00,20,27,4210
SE-412222,LUM-BFN,PR-3029,2026-03-09,08:00,17:00,30,18,4817
SE-412223,LUM-BFN,PR-3031,2026-03-09,08:00,17:00,30,18,3256
SE-412224,LUM-SAN,PR-3001,10/03/2026,08:00,17:00,20,27,4207
SE-412225,LUM-SAN,PR-3002,10/03/2026,08:00,17:00,30,18,5987
SE-412226,LUM-SAN,PR-3003,2026-03-10,08:00,17:00,20,27,3679
SE-412227,LUM-SAN,PR-3004,2026-03-10,08:00,17:00,20,27,4117
SE-412228,LUM-SAN,PR-3005,2026-03-10,08:00,17:00,20,27,4234
SE-412229,LUM-SAN,PR-3006,10/03/2026,08:00,17:00,30,18,3134
SE-412230,LUM-SAN,PR-3007,10/03/2026,08:00,17:00,45,12,6711
SE-412231,LUM-PTA,PR-3008,10/03/2026,08:00,17:00,20,27,3803
SE-412232,LUM-PTA,PR-3009,2026-03-10,08:00,17:00,25,21,8221
SE-412233,LUM-PTA,PR-3010,10/03/2026,08:00,17:00,30,18,5602
SE-412234,LUM-PTA,PR-3011,2026-03-10,08:00,17:00,20,27,4519
SE-412235,LUM-PTA,PR-3012,2026-03-10,08:00,17:00,20,27,4073
SE-412236,LUM-PTA,PR-3013,10/03/2026,08:00,17:00,30,18,5678
SE-412237,LUM-UMH,PR-3014,2026-03-10,08:00,17:00,20,27,3616
SE-412238,LUM-UMH,PR-3015,2026-03-10,08:00,17:00,30,18,4817
SE-412239,LUM-UMH,PR-3016,2026-03-10,08:00,17:00,30,18,3166
SE-412240,LUM-UMH,PR-3018,10/03/2026,08:00,17:00,20,27,3765
SE-412241,LUM-CLR,PR-3019,2026-03-10,08:00,17:00,20,27,4416
SE-412242,LUM-CLR,PR-3020,2026-03-10,08:00,17:00,30,18,3302
SE-412243,LUM-CLR,PR-3021,2026-03-10,08:00,17:00,20,27,4210
SE-412244,LUM-CLR,PR-3022,2026-03-10,08:00,17:00,20,27,4199
SE-412245,LUM-CLR,PR-3023,2026-03-10,08:00,17:00,20,27,3940
SE-412246,LUM-CLR,PR-3024,2026-03-10,08:00,17:00,20,27,4215
SE-412247,LUM-GQE,PR-3025,2026-03-10,08:00,17:00,20,27,3480
SE-412248,LUM-GQE,PR-3026,10/03/2026,08:00,17:00,20,27,4421
SE-412249,LUM-GQE,PR-3027,2026-03-10,08:00,17:00,30,18,5152
SE-412250,LUM-GQE,PR-3028,2026-03-10,08:00,17:00,20,27,4210
SE-412251,LUM-BFN,PR-3029,2026-03-10,08:00,17:00,30,18,4817
SE-412252,LUM-BFN,PR-3031,2026-03-10,08:00,17:00,30,18,3256
SE-412253,LUM-BFN,PR-3032,10/03/2026,08:00,17:00,30,18,2779
SE-412254,LUM-SAN,PR-3001,2026-03-11,08:00,17:00,20,27,4207
SE-412255,LUM-SAN,PR-3002,2026-03-11,08:00,17:00,30,18,5987
SE-412256,LUM-SAN,PR-3003,2026-03-11,08:00,17:00,20,27,3679
SE-412257,LUM-SAN,PR-3004,2026-03-11,08:00,17:00,20,27,4117
SE-412258,LUM-SAN,PR-3006,11/03/2026,08:00,17:00,30,18,3134
SE-412259,LUM-SAN,PR-3007,2026-03-11,08:00,17:00,45,12,6711
SE-412260,LUM-PTA,PR-3008,11/03/2026,08:00,17:00,20,27,3803
SE-412261,LUM-PTA,PR-3009,11/03/2026,08:00,17:00,25,21,8221
SE-412262,LUM-PTA,PR-3010,11/03/2026,08:00,17:00,30,18,5602
SE-412263,LUM-PTA,PR-3011,2026-03-11,08:00,17:00,20,27,4519
SE-412264,LUM-PTA,PR-3012,2026-03-11,08:00,17:00,20,27,4073
SE-412265,LUM-PTA,PR-3013,2026-03-11,08:00,17:00,30,18,5678
SE-412266,LUM-UMH,PR-3014,2026-03-11,08:00,17:00,20,27,3616
SE-412267,LUM-UMH,PR-3015,2026-03-11,08:00,17:00,30,18,4817
SE-412268,LUM-UMH,PR-3016,11/03/2026,08:00,17:00,30,18,3166
SE-412269,LUM-UMH,PR-3017,2026-03-11,08:00,17:00,25,21,7465
SE-412270,LUM-CLR,PR-3019,2026-03-11,08:00,17:00,20,27,4416
SE-412271,LUM-CLR,PR-3020,2026-03-11,08:00,17:00,30,18,3302
SE-412272,LUM-CLR,PR-3021,2026-03-11,08:00,17:00,20,27,4210
SE-412273,LUM-CLR,PR-3023,2026-03-11,08:00,17:00,20,27,3940
SE-412274,LUM-CLR,PR-3024,2026-03-11,08:00,17:00,20,27,4215
SE-412275,LUM-GQE,PR-3025,2026-03-11,08:00,17:00,20,27,3480
SE-412276,LUM-GQE,PR-3026,2026-03-11,08:00,17:00,20,27,4421
SE-412277,LUM-GQE,PR-3027,2026-03-11,08:00,17:00,30,18,5152
SE-412278,LUM-BFN,PR-3029,2026-03-11,08:00,17:00,30,18,4817
SE-412279,LUM-BFN,PR-3030,2026-03-11,08:00,17:00,30,18,2885
SE-412280,LUM-BFN,PR-3031,2026-03-11,08:00,17:00,30,18,3256
SE-412281,LUM-BFN,PR-3032,2026-03-11,08:00,17:00,30,18,2779
SE-412282,LUM-SAN,PR-3001,2026-03-12,08:00,17:00,20,27,4207
SE-412283,LUM-SAN,PR-3002,2026-03-12,08:00,17:00,30,18,5987
SE-412284,LUM-SAN,PR-3004,2026-03-12,08:00,17:00,20,27,4117
SE-412285,LUM-SAN,PR-3005,2026-03-12,08:00,17:00,20,27,4234
SE-412286,LUM-SAN,PR-3006,2026-03-12,08:00,17:00,30,18,3134
SE-412287,LUM-SAN,PR-3007,2026-03-12,08:00,17:00,45,12,6711
SE-412288,LUM-PTA,PR-3008,2026-03-12,08:00,17:00,20,27,3803
SE-412289,LUM-PTA,PR-3010,2026-03-12,08:00,17:00,30,18,5602
SE-412290,LUM-PTA,PR-3011,2026-03-12,08:00,17:00,20,27,4519
SE-412291,LUM-PTA,PR-3012,12/03/2026,08:00,17:00,20,27,4073
SE-412292,LUM-PTA,PR-3013,12/03/2026,08:00,17:00,30,18,5678
SE-412293,LUM-UMH,PR-3014,2026-03-12,08:00,17:00,20,27,3616
SE-412294,LUM-UMH,PR-3015,2026-03-12,08:00,17:00,30,18,4817
SE-412295,LUM-UMH,PR-3016,2026-03-12,08:00,17:00,30,18,3166
SE-412296,LUM-UMH,PR-3017,2026-03-12,08:00,17:00,25,21,7465
SE-412297,LUM-UMH,PR-3018,12/03/2026,08:00,17:00,20,27,3765
SE-412298,LUM-CLR,PR-3019,2026-03-12,08:00,17:00,20,27,4416
SE-412299,LUM-CLR,PR-3020,2026-03-12,08:00,17:00,30,18,3302
SE-412300,LUM-CLR,PR-3022,2026-03-12,08:00,17:00,20,27,4199
SE-412301,LUM-CLR,PR-3023,2026-03-12,08:00,17:00,20,27,3940
SE-412302,LUM-CLR,PR-3024,2026-03-12,08:00,17:00,20,27,4215
SE-412303,LUM-GQE,PR-3025,2026-03-12,08:00,17:00,20,27,3480
SE-412304,LUM-GQE,PR-3026,2026-03-12,08:00,17:00,20,27,4421
SE-412305,LUM-GQE,PR-3027,2026-03-12,08:00,17:00,30,18,5152
SE-412306,LUM-GQE,PR-3028,12/03/2026,08:00,17:00,20,27,4210
SE-412307,LUM-BFN,PR-3029,12/03/2026,08:00,17:00,30,18,4817
SE-412308,LUM-BFN,PR-3030,12/03/2026,08:00,17:00,30,18,2885
SE-412309,LUM-BFN,PR-3031,12/03/2026,08:00,17:00,30,18,3256
SE-412310,LUM-BFN,PR-3032,2026-03-12,08:00,17:00,30,18,2779
SE-412311,LUM-SAN,PR-3002,2026-03-13,08:00,17:00,30,18,5987
SE-412312,LUM-SAN,PR-3003,2026-03-13,08:00,17:00,20,27,3679
SE-412313,LUM-SAN,PR-3005,13/03/2026,08:00,17:00,20,27,4234
SE-412314,LUM-SAN,PR-3006,2026-03-13,08:00,17:00,30,18,3134
SE-412315,LUM-SAN,PR-3007,2026-03-13,08:00,17:00,45,12,6711
SE-412316,LUM-PTA,PR-3008,2026-03-13,08:00,17:00,20,27,3803
SE-412317,LUM-PTA,PR-3009,2026-03-13,08:00,17:00,25,21,8221
SE-412318,LUM-PTA,PR-3010,2026-03-13,08:00,17:00,30,18,5602
SE-412319,LUM-PTA,PR-3011,13/03/2026,08:00,17:00,20,27,4519
SE-412320,LUM-PTA,PR-3012,13/03/2026,08:00,17:00,20,27,4073
SE-412321,LUM-UMH,PR-3014,2026-03-13,08:00,17:00,20,27,3616
SE-412322,LUM-UMH,PR-3015,2026-03-13,08:00,17:00,30,18,4817
SE-412323,LUM-UMH,PR-3017,13/03/2026,08:00,17:00,25,21,7465
SE-412324,LUM-UMH,PR-3018,2026-03-13,08:00,17:00,20,27,3765
SE-412325,LUM-CLR,PR-3019,2026-03-13,08:00,17:00,20,27,4416
SE-412326,LUM-CLR,PR-3020,2026-03-13,08:00,17:00,30,18,3302
SE-412327,LUM-CLR,PR-3022,13/03/2026,08:00,17:00,20,27,4199
SE-412328,LUM-CLR,PR-3023,2026-03-13,08:00,17:00,20,27,3940
SE-412329,LUM-CLR,PR-3024,2026-03-13,08:00,17:00,20,27,4215
SE-412330,LUM-GQE,PR-3025,2026-03-13,08:00,17:00,20,27,3480
SE-412331,LUM-GQE,PR-3027,2026-03-13,08:00,17:00,30,18,5152
SE-412332,LUM-GQE,PR-3028,2026-03-13,08:00,17:00,20,27,4210
SE-412333,LUM-BFN,PR-3029,2026-03-13,08:00,17:00,30,18,4817
SE-412334,LUM-BFN,PR-3030,2026-03-13,08:00,17:00,30,18,2885
SE-412335,LUM-BFN,PR-3031,2026-03-13,08:00,17:00,30,18,3256
SE-412336,LUM-BFN,PR-3032,13/03/2026,08:00,17:00,30,18,2779
SE-412337,LUM-SAN,PR-3001,2026-03-14,08:00,13:00,20,15,2337.22
SE-412338,LUM-SAN,PR-3002,2026-03-14,08:00,13:00,30,10,3326.11
SE-412339,LUM-SAN,PR-3004,14/03/2026,08:00,13:00,20,15,2287.22
SE-412340,LUM-PTA,PR-3008,14/03/2026,08:00,13:00,20,15,2112.78
SE-412341,LUM-PTA,PR-3010,2026-03-14,08:00,13:00,30,10,3112.22
SE-412342,LUM-PTA,PR-3011,2026-03-14,08:00,13:00,20,15,2510.56
SE-412343,LUM-PTA,PR-3012,2026-03-14,08:00,13:00,20,15,2262.78
SE-412344,LUM-UMH,PR-3014,2026-03-14,08:00,13:00,20,15,2008.89
SE-412345,LUM-CLR,PR-3019,2026-03-14,08:00,13:00,20,15,2453.33
SE-412346,LUM-CLR,PR-3020,2026-03-14,08:00,13:00,30,10,1834.44
SE-412347,LUM-CLR,PR-3024,2026-03-14,08:00,13:00,20,15,2341.67
SE-412348,LUM-GQE,PR-3028,2026-03-14,08:00,13:00,20,15,2338.89
SE-412349,LUM-BFN,PR-3030,2026-03-14,08:00,13:00,30,10,1602.78
SE-412350,LUM-BFN,PR-3031,2026-03-14,08:00,13:00,30,10,1808.89
SE-412351,LUM-BFN,PR-3032,2026-03-14,08:00,13:00,30,10,1543.89
SE-412352,LUM-SAN,PR-3001,2026-03-16,08:00,17:00,20,27,4207
SE-412353,LUM-SAN,PR-3002,2026-03-16,08:00,17:00,30,18,5987
SE-412354,LUM-SAN,PR-3003,2026-03-16,08:00,17:00,20,27,3679
SE-412355,LUM-SAN,PR-3004,2026-03-16,08:00,17:00,20,27,4117
SE-412356,LUM-SAN,PR-3005,2026-03-16,08:00,17:00,20,27,4234
SE-412357,LUM-SAN,PR-3006,2026-03-16,08:00,17:00,30,18,3134
SE-412358,LUM-SAN,PR-3007,2026-03-16,08:00,17:00,45,12,6711
SE-412359,LUM-PTA,PR-3008,2026-03-16,08:00,17:00,20,27,3803
SE-412360,LUM-PTA,PR-3009,2026-03-16,08:00,17:00,25,21,8221
SE-412361,LUM-PTA,PR-3011,2026-03-16,08:00,17:00,20,27,4519
SE-412362,LUM-PTA,PR-3012,16/03/2026,08:00,17:00,20,27,4073
SE-412363,LUM-PTA,PR-3013,16/03/2026,08:00,17:00,30,18,5678
SE-412364,LUM-UMH,PR-3014,2026-03-16,08:00,17:00,20,27,3616
SE-412365,LUM-UMH,PR-3015,2026-03-16,08:00,17:00,30,18,4817
SE-412366,LUM-UMH,PR-3016,2026-03-16,08:00,17:00,30,18,3166
SE-412367,LUM-UMH,PR-3017,2026-03-16,08:00,17:00,25,21,7465
SE-412368,LUM-CLR,PR-3019,2026-03-16,08:00,17:00,20,27,4416
SE-412369,LUM-CLR,PR-3020,16/03/2026,08:00,17:00,30,18,3302
SE-412370,LUM-CLR,PR-3021,2026-03-16,08:00,17:00,20,27,4210
SE-412371,LUM-CLR,PR-3022,16/03/2026,08:00,17:00,20,27,4199
SE-412372,LUM-CLR,PR-3023,2026-03-16,08:00,17:00,20,27,3940
SE-412373,LUM-CLR,PR-3024,16/03/2026,08:00,17:00,20,27,4215
SE-412374,LUM-GQE,PR-3026,2026-03-16,08:00,17:00,20,27,4421
SE-412375,LUM-GQE,PR-3028,2026-03-16,08:00,17:00,20,27,4210
SE-412376,LUM-BFN,PR-3029,2026-03-16,08:00,17:00,30,18,4817
SE-412377,LUM-BFN,PR-3030,16/03/2026,08:00,17:00,30,18,2885
SE-412378,LUM-BFN,PR-3032,2026-03-16,08:00,17:00,30,18,2779
SE-412379,LUM-SAN,PR-3001,17/03/2026,08:00,17:00,20,27,4207
SE-412380,LUM-SAN,PR-3002,2026-03-17,08:00,17:00,30,18,5987
SE-412381,LUM-SAN,PR-3003,2026-03-17,08:00,17:00,20,27,3679
SE-412382,LUM-SAN,PR-3004,2026-03-17,08:00,17:00,20,27,4117
SE-412383,LUM-SAN,PR-3005,2026-03-17,08:00,17:00,20,27,4234
SE-412384,LUM-SAN,PR-3006,2026-03-17,08:00,17:00,30,18,3134
SE-412385,LUM-SAN,PR-3007,2026-03-17,08:00,17:00,45,12,6711
SE-412386,LUM-PTA,PR-3008,2026-03-17,08:00,17:00,20,27,3803
SE-412387,LUM-PTA,PR-3010,2026-03-17,08:00,17:00,30,18,5602
SE-412388,LUM-PTA,PR-3012,2026-03-17,08:00,17:00,20,27,4073
SE-412389,LUM-PTA,PR-3013,2026-03-17,08:00,17:00,30,18,5678
SE-412390,LUM-UMH,PR-3014,2026-03-17,08:00,17:00,20,27,3616
SE-412391,LUM-UMH,PR-3015,2026-03-17,08:00,17:00,30,18,4817
SE-412392,LUM-UMH,PR-3016,2026-03-17,08:00,17:00,30,18,3166
SE-412393,LUM-UMH,PR-3017,2026-03-17,08:00,17:00,25,21,7465
SE-412394,LUM-UMH,PR-3018,2026-03-17,08:00,17:00,20,27,3765
SE-412395,LUM-CLR,PR-3019,2026-03-17,08:00,17:00,20,27,4416
SE-412396,LUM-CLR,PR-3020,2026-03-17,08:00,17:00,30,18,3302
SE-412397,LUM-CLR,PR-3021,2026-03-17,08:00,17:00,20,27,4210
SE-412398,LUM-CLR,PR-3022,2026-03-17,08:00,17:00,20,27,4199
SE-412399,LUM-CLR,PR-3023,2026-03-17,08:00,17:00,20,27,3940
SE-412400,LUM-CLR,PR-3024,2026-03-17,08:00,17:00,20,27,4215
SE-412401,LUM-GQE,PR-3025,2026-03-17,08:00,17:00,20,27,3480
SE-412402,LUM-GQE,PR-3026,2026-03-17,08:00,17:00,20,27,4421
SE-412403,LUM-GQE,PR-3027,2026-03-17,08:00,17:00,30,18,5152
SE-412404,LUM-GQE,PR-3028,2026-03-17,08:00,17:00,20,27,4210
SE-412405,LUM-BFN,PR-3029,2026-03-17,08:00,17:00,30,18,4817
SE-412406,LUM-BFN,PR-3030,2026-03-17,08:00,17:00,30,18,2885
SE-412407,LUM-BFN,PR-3031,2026-03-17,08:00,17:00,30,18,3256
SE-412408,LUM-BFN,PR-3032,2026-03-17,08:00,17:00,30,18,2779
SE-412409,LUM-SAN,PR-3002,2026-03-18,08:00,17:00,30,18,5987
SE-412410,LUM-SAN,PR-3003,2026-03-18,08:00,17:00,20,27,3679
SE-412411,LUM-SAN,PR-3004,2026-03-18,08:00,17:00,20,27,4117
SE-412412,LUM-SAN,PR-3005,2026-03-18,08:00,17:00,20,27,4234
SE-412413,LUM-SAN,PR-3006,2026-03-18,08:00,17:00,30,18,3134
SE-412414,LUM-SAN,PR-3007,2026-03-18,08:00,17:00,45,12,6711
SE-412415,LUM-PTA,PR-3008,2026-03-18,08:00,17:00,20,27,3803
SE-412416,LUM-PTA,PR-3009,18/03/2026,08:00,17:00,25,21,8221
SE-412417,LUM-PTA,PR-3010,2026-03-18,08:00,17:00,30,18,5602
SE-412418,LUM-PTA,PR-3011,2026-03-18,08:00,17:00,20,27,4519
SE-412419,LUM-PTA,PR-3012,2026-03-18,08:00,17:00,20,27,4073
SE-412420,LUM-PTA,PR-3013,2026-03-18,08:00,17:00,30,18,5678
SE-412421,LUM-UMH,PR-3014,2026-03-18,08:00,17:00,20,27,3616
SE-412422,LUM-UMH,PR-3015,2026-03-18,08:00,17:00,30,18,4817
SE-412423,LUM-UMH,PR-3017,2026-03-18,08:00,17:00,25,21,7465
SE-412424,LUM-CLR,PR-3019,2026-03-18,08:00,17:00,20,27,4416
SE-412425,LUM-CLR,PR-3021,2026-03-18,08:00,17:00,20,27,4210
SE-412426,LUM-CLR,PR-3022,18/03/2026,08:00,17:00,20,27,4199
SE-412427,LUM-CLR,PR-3023,2026-03-18,08:00,17:00,20,27,3940
SE-412428,LUM-CLR,PR-3024,2026-03-18,08:00,17:00,20,27,4215
SE-412429,LUM-GQE,PR-3025,2026-03-18,08:00,17:00,20,27,3480
SE-412430,LUM-GQE,PR-3026,2026-03-18,08:00,17:00,20,27,4421
SE-412431,LUM-GQE,PR-3027,2026-03-18,08:00,17:00,30,18,5152
SE-412432,LUM-GQE,PR-3028,2026-03-18,08:00,17:00,20,27,4210
SE-412433,LUM-BFN,PR-3029,2026-03-18,08:00,17:00,30,18,4817
SE-412434,LUM-BFN,PR-3030,2026-03-18,08:00,17:00,30,18,2885
SE-412435,LUM-BFN,PR-3031,2026-03-18,08:00,17:00,30,18,3256
SE-412436,LUM-BFN,PR-3032,2026-03-18,08:00,17:00,30,18,2779
SE-412437,LUM-SAN,PR-3001,2026-03-19,08:00,17:00,20,27,4207
SE-412438,LUM-SAN,PR-3002,2026-03-19,08:00,17:00,30,18,5987
SE-412439,LUM-SAN,PR-3003,2026-03-19,08:00,17:00,20,27,3679
SE-412440,LUM-SAN,PR-3004,2026-03-19,08:00,17:00,20,27,4117
SE-412441,LUM-SAN,PR-3005,2026-03-19,08:00,17:00,20,27,4234
SE-412442,LUM-SAN,PR-3006,2026-03-19,08:00,17:00,30,18,3134
SE-412443,LUM-SAN,PR-3007,2026-03-19,08:00,17:00,45,12,6711
SE-412444,LUM-PTA,PR-3008,2026-03-19,08:00,17:00,20,27,3803
SE-412445,LUM-PTA,PR-3009,2026-03-19,08:00,17:00,25,21,8221
SE-412446,LUM-PTA,PR-3010,2026-03-19,08:00,17:00,30,18,5602
SE-412447,LUM-PTA,PR-3011,19/03/2026,08:00,17:00,20,27,4519
SE-412448,LUM-PTA,PR-3012,2026-03-19,08:00,17:00,20,27,4073
SE-412449,LUM-PTA,PR-3013,2026-03-19,08:00,17:00,30,18,5678
SE-412450,LUM-UMH,PR-3015,19/03/2026,08:00,17:00,30,18,4817
SE-412451,LUM-UMH,PR-3017,19/03/2026,08:00,17:00,25,21,7465
SE-412452,LUM-CLR,PR-3019,2026-03-19,08:00,17:00,20,27,4416
SE-412453,LUM-CLR,PR-3020,2026-03-19,08:00,17:00,30,18,3302
SE-412454,LUM-CLR,PR-3021,19/03/2026,08:00,17:00,20,27,4210
SE-412455,LUM-CLR,PR-3022,19/03/2026,08:00,17:00,20,27,4199
SE-412456,LUM-CLR,PR-3023,2026-03-19,08:00,17:00,20,27,3940
SE-412457,LUM-CLR,PR-3024,19/03/2026,08:00,17:00,20,27,4215
SE-412458,LUM-GQE,PR-3025,2026-03-19,08:00,17:00,20,27,3480
SE-412459,LUM-GQE,PR-3026,2026-03-19,08:00,17:00,20,27,4421
SE-412460,LUM-GQE,PR-3027,2026-03-19,08:00,17:00,30,18,5152
SE-412461,LUM-GQE,PR-3028,2026-03-19,08:00,17:00,20,27,4210
SE-412462,LUM-BFN,PR-3029,2026-03-19,08:00,17:00,30,18,4817
SE-412463,LUM-BFN,PR-3030,19/03/2026,08:00,17:00,30,18,2885
SE-412464,LUM-BFN,PR-3031,2026-03-19,08:00,17:00,30,18,3256
SE-412465,LUM-BFN,PR-3032,2026-03-19,08:00,17:00,30,18,2779
SE-412466,LUM-SAN,PR-3001,2026-03-20,08:00,17:00,20,27,4207
SE-412467,LUM-SAN,PR-3003,2026-03-20,08:00,17:00,20,27,3679
SE-412468,LUM-SAN,PR-3004,20/03/2026,08:00,17:00,20,27,4117
SE-412469,LUM-SAN,PR-3005,20/03/2026,08:00,17:00,20,27,4234
SE-412470,LUM-SAN,PR-3006,20/03/2026,08:00,17:00,30,18,3134
SE-412471,LUM-SAN,PR-3007,2026-03-20,08:00,17:00,45,12,6711
SE-412472,LUM-PTA,PR-3008,2026-03-20,08:00,17:00,20,27,3803
SE-412473,LUM-PTA,PR-3009,2026-03-20,08:00,17:00,25,21,8221
SE-412474,LUM-PTA,PR-3010,20/03/2026,08:00,17:00,30,18,5602
SE-412475,LUM-PTA,PR-3011,2026-03-20,08:00,17:00,20,27,4519
SE-412476,LUM-PTA,PR-3012,2026-03-20,08:00,17:00,20,27,4073
SE-412477,LUM-PTA,PR-3013,20/03/2026,08:00,17:00,30,18,5678
SE-412478,LUM-UMH,PR-3014,2026-03-20,08:00,17:00,20,27,3616
SE-412479,LUM-UMH,PR-3016,20/03/2026,08:00,17:00,30,18,3166
SE-412480,LUM-UMH,PR-3017,20/03/2026,08:00,17:00,25,21,7465
SE-412481,LUM-UMH,PR-3018,2026-03-20,08:00,17:00,20,27,3765
SE-412482,LUM-CLR,PR-3019,20/03/2026,08:00,17:00,20,27,4416
SE-412483,LUM-CLR,PR-3020,2026-03-20,08:00,17:00,30,18,3302
SE-412484,LUM-CLR,PR-3021,2026-03-20,08:00,17:00,20,27,4210
SE-412485,LUM-CLR,PR-3022,20/03/2026,08:00,17:00,20,27,4199
SE-412486,LUM-CLR,PR-3023,20/03/2026,08:00,17:00,20,27,3940
SE-412487,LUM-CLR,PR-3024,2026-03-20,08:00,17:00,20,27,4215
SE-412488,LUM-GQE,PR-3025,20/03/2026,08:00,17:00,20,27,3480
SE-412489,LUM-GQE,PR-3026,20/03/2026,08:00,17:00,20,27,4421
SE-412490,LUM-GQE,PR-3027,2026-03-20,08:00,17:00,30,18,5152
SE-412491,LUM-GQE,PR-3028,2026-03-20,08:00,17:00,20,27,4210
SE-412492,LUM-BFN,PR-3029,2026-03-20,08:00,17:00,30,18,4817
SE-412493,LUM-BFN,PR-3030,2026-03-20,08:00,17:00,30,18,2885
SE-412494,LUM-BFN,PR-3031,2026-03-20,08:00,17:00,30,18,3256
SE-412495,LUM-BFN,PR-3032,2026-03-20,08:00,17:00,30,18,2779
SE-412496,LUM-SAN,PR-3005,2026-03-21,08:00,13:00,20,15,2352.22
SE-412497,LUM-SAN,PR-3006,2026-03-21,08:00,13:00,30,10,1741.11
SE-412498,LUM-PTA,PR-3009,2026-03-21,08:00,13:00,25,12,4567.22
SE-412499,LUM-PTA,PR-3012,2026-03-21,08:00,13:00,20,15,2262.78
SE-412500,LUM-PTA,PR-3013,2026-03-21,08:00,13:00,30,10,3154.44
SE-412501,LUM-UMH,PR-3015,21/03/2026,08:00,13:00,30,10,2676.11
SE-412502,LUM-UMH,PR-3017,21/03/2026,08:00,13:00,25,12,4147.22
SE-412503,LUM-GQE,PR-3028,2026-03-21,08:00,13:00,20,15,2338.89
SE-412504,LUM-BFN,PR-3030,2026-03-21,08:00,13:00,30,10,1602.78
SE-412505,LUM-BFN,PR-3032,21/03/2026,08:00,13:00,30,10,1543.89
SE-412506,LUM-SAN,PR-3001,2026-03-23,08:00,17:00,20,27,4207
SE-412507,LUM-SAN,PR-3002,2026-03-23,08:00,17:00,30,18,5987
SE-412508,LUM-SAN,PR-3003,2026-03-23,08:00,17:00,20,27,3679
SE-412509,LUM-SAN,PR-3004,23/03/2026,08:00,17:00,20,27,4117
SE-412510,LUM-SAN,PR-3005,23/03/2026,08:00,17:00,20,27,4234
SE-412511,LUM-SAN,PR-3006,2026-03-23,08:00,17:00,30,18,3134
SE-412512,LUM-SAN,PR-3007,2026-03-23,08:00,17:00,45,12,6711
SE-412513,LUM-PTA,PR-3008,2026-03-23,08:00,17:00,20,27,3803
SE-412514,LUM-PTA,PR-3009,2026-03-23,08:00,17:00,25,21,8221
SE-412515,LUM-PTA,PR-3011,2026-03-23,08:00,17:00,20,27,4519
SE-412516,LUM-PTA,PR-3012,2026-03-23,08:00,17:00,20,27,4073
SE-412517,LUM-PTA,PR-3013,2026-03-23,08:00,17:00,30,18,5678
SE-412518,LUM-UMH,PR-3014,2026-03-23,08:00,17:00,20,27,3616
SE-412519,LUM-UMH,PR-3015,23/03/2026,08:00,17:00,30,18,4817
SE-412520,LUM-UMH,PR-3016,2026-03-23,08:00,17:00,30,18,3166
SE-412521,LUM-UMH,PR-3017,2026-03-23,08:00,17:00,25,21,7465
SE-412522,LUM-UMH,PR-3018,23/03/2026,08:00,17:00,20,27,3765
SE-412523,LUM-CLR,PR-3019,2026-03-23,08:00,17:00,20,27,4416
SE-412524,LUM-CLR,PR-3020,2026-03-23,08:00,17:00,30,18,3302
SE-412525,LUM-CLR,PR-3021,2026-03-23,08:00,17:00,20,27,4210
SE-412526,LUM-CLR,PR-3022,23/03/2026,08:00,17:00,20,27,4199
SE-412527,LUM-CLR,PR-3023,2026-03-23,08:00,17:00,20,27,3940
SE-412528,LUM-CLR,PR-3024,2026-03-23,08:00,17:00,20,27,4215
SE-412529,LUM-GQE,PR-3025,2026-03-23,08:00,17:00,20,27,3480
SE-412530,LUM-GQE,PR-3026,23/03/2026,08:00,17:00,20,27,4421
SE-412531,LUM-GQE,PR-3027,2026-03-23,08:00,17:00,30,18,5152
SE-412532,LUM-GQE,PR-3028,23/03/2026,08:00,17:00,20,27,4210
SE-412533,LUM-BFN,PR-3029,23/03/2026,08:00,17:00,30,18,4817
SE-412534,LUM-BFN,PR-3030,2026-03-23,08:00,17:00,30,18,2885
SE-412535,LUM-BFN,PR-3031,23/03/2026,08:00,17:00,30,18,3256
SE-412536,LUM-BFN,PR-3032,2026-03-23,08:00,17:00,30,18,2779
SE-412537,LUM-SAN,PR-3002,2026-03-24,08:00,17:00,30,18,5987
SE-412538,LUM-SAN,PR-3003,2026-03-24,08:00,17:00,20,27,3679
SE-412539,LUM-SAN,PR-3004,2026-03-24,08:00,17:00,20,27,4117
SE-412540,LUM-SAN,PR-3005,24/03/2026,08:00,17:00,20,27,4234
SE-412541,LUM-SAN,PR-3006,2026-03-24,08:00,17:00,30,18,3134
SE-412542,LUM-PTA,PR-3008,24/03/2026,08:00,17:00,20,27,3803
SE-412543,LUM-PTA,PR-3009,24/03/2026,08:00,17:00,25,21,8221
SE-412544,LUM-PTA,PR-3010,2026-03-24,08:00,17:00,30,18,5602
SE-412545,LUM-PTA,PR-3011,24/03/2026,08:00,17:00,20,27,4519
SE-412546,LUM-PTA,PR-3012,2026-03-24,08:00,17:00,20,27,4073
SE-412547,LUM-UMH,PR-3014,2026-03-24,08:00,17:00,20,27,3616
SE-412548,LUM-UMH,PR-3015,24/03/2026,08:00,17:00,30,18,4817
SE-412549,LUM-UMH,PR-3016,2026-03-24,08:00,17:00,30,18,3166
SE-412550,LUM-UMH,PR-3017,24/03/2026,08:00,17:00,25,21,7465
SE-412551,LUM-UMH,PR-3018,24/03/2026,08:00,17:00,20,27,3765
SE-412552,LUM-CLR,PR-3019,24/03/2026,08:00,17:00,20,27,4416
SE-412553,LUM-CLR,PR-3020,2026-03-24,08:00,17:00,30,18,3302
SE-412554,LUM-CLR,PR-3021,2026-03-24,08:00,17:00,20,27,4210
SE-412555,LUM-CLR,PR-3022,2026-03-24,08:00,17:00,20,27,4199
SE-412556,LUM-CLR,PR-3023,24/03/2026,08:00,17:00,20,27,3940
SE-412557,LUM-CLR,PR-3024,2026-03-24,08:00,17:00,20,27,4215
SE-412558,LUM-GQE,PR-3025,24/03/2026,08:00,17:00,20,27,3480
SE-412559,LUM-GQE,PR-3026,2026-03-24,08:00,17:00,20,27,4421
SE-412560,LUM-BFN,PR-3029,2026-03-24,08:00,17:00,30,18,4817
SE-412561,LUM-BFN,PR-3030,24/03/2026,08:00,17:00,30,18,2885
SE-412562,LUM-BFN,PR-3031,2026-03-24,08:00,17:00,30,18,3256
SE-412563,LUM-BFN,PR-3032,24/03/2026,08:00,17:00,30,18,2779
SE-412564,LUM-SAN,PR-3001,2026-03-25,08:00,17:00,20,27,4207
SE-412565,LUM-SAN,PR-3002,25/03/2026,08:00,17:00,30,18,5987
SE-412566,LUM-SAN,PR-3003,25/03/2026,08:00,17:00,20,27,3679
SE-412567,LUM-SAN,PR-3004,2026-03-25,08:00,17:00,20,27,4117
SE-412568,LUM-SAN,PR-3006,2026-03-25,08:00,17:00,30,18,3134
SE-412569,LUM-SAN,PR-3007,2026-03-25,08:00,17:00,45,12,6711
SE-412570,LUM-PTA,PR-3008,2026-03-25,08:00,17:00,20,27,3803
SE-412571,LUM-PTA,PR-3009,2026-03-25,08:00,17:00,25,21,8221
SE-412572,LUM-PTA,PR-3010,2026-03-25,08:00,17:00,30,18,5602
SE-412573,LUM-PTA,PR-3011,2026-03-25,08:00,17:00,20,27,4519
SE-412574,LUM-PTA,PR-3012,2026-03-25,08:00,17:00,20,27,4073
SE-412575,LUM-PTA,PR-3013,2026-03-25,08:00,17:00,30,18,5678
SE-412576,LUM-UMH,PR-3014,2026-03-25,08:00,17:00,20,27,3616
SE-412577,LUM-UMH,PR-3015,25/03/2026,08:00,17:00,30,18,4817
SE-412578,LUM-UMH,PR-3017,2026-03-25,08:00,17:00,25,21,7465
SE-412579,LUM-UMH,PR-3018,2026-03-25,08:00,17:00,20,27,3765
SE-412580,LUM-CLR,PR-3019,2026-03-25,08:00,17:00,20,27,4416
SE-412581,LUM-CLR,PR-3021,25/03/2026,08:00,17:00,20,27,4210
SE-412582,LUM-CLR,PR-3022,25/03/2026,08:00,17:00,20,27,4199
SE-412583,LUM-CLR,PR-3023,2026-03-25,08:00,17:00,20,27,3940
SE-412584,LUM-CLR,PR-3024,25/03/2026,08:00,17:00,20,27,4215
SE-412585,LUM-GQE,PR-3025,25/03/2026,08:00,17:00,20,27,3480
SE-412586,LUM-GQE,PR-3026,2026-03-25,08:00,17:00,20,27,4421
SE-412587,LUM-GQE,PR-3027,25/03/2026,08:00,17:00,30,18,5152
SE-412588,LUM-GQE,PR-3028,25/03/2026,08:00,17:00,20,27,4210
SE-412589,LUM-BFN,PR-3029,2026-03-25,08:00,17:00,30,18,4817
SE-412590,LUM-BFN,PR-3030,2026-03-25,08:00,17:00,30,18,2885
SE-412591,LUM-BFN,PR-3031,2026-03-25,08:00,17:00,30,18,3256
SE-412592,LUM-BFN,PR-3032,2026-03-25,08:00,17:00,30,18,2779
SE-412593,LUM-SAN,PR-3001,26/03/2026,08:00,17:00,20,27,4207
SE-412594,LUM-SAN,PR-3002,2026-03-26,08:00,17:00,30,18,5987
SE-412595,LUM-SAN,PR-3003,2026-03-26,08:00,17:00,20,27,3679
SE-412596,LUM-SAN,PR-3004,2026-03-26,08:00,17:00,20,27,4117
SE-412597,LUM-SAN,PR-3005,2026-03-26,08:00,17:00,20,27,4234
SE-412598,LUM-SAN,PR-3006,2026-03-26,08:00,17:00,30,18,3134
SE-412599,LUM-SAN,PR-3007,26/03/2026,08:00,17:00,45,12,6711
SE-412600,LUM-PTA,PR-3008,2026-03-26,08:00,17:00,20,27,3803
SE-412601,LUM-PTA,PR-3010,26/03/2026,08:00,17:00,30,18,5602
SE-412602,LUM-PTA,PR-3011,2026-03-26,08:00,17:00,20,27,4519
SE-412603,LUM-PTA,PR-3012,2026-03-26,08:00,17:00,20,27,4073
SE-412604,LUM-PTA,PR-3013,2026-03-26,08:00,17:00,30,18,5678
SE-412605,LUM-UMH,PR-3014,26/03/2026,08:00,17:00,20,27,3616
SE-412606,LUM-UMH,PR-3015,26/03/2026,08:00,17:00,30,18,4817
SE-412607,LUM-UMH,PR-3016,26/03/2026,08:00,17:00,30,18,3166
SE-412608,LUM-UMH,PR-3018,26/03/2026,08:00,17:00,20,27,3765
SE-412609,LUM-CLR,PR-3019,2026-03-26,08:00,17:00,20,27,4416
SE-412610,LUM-CLR,PR-3020,2026-03-26,08:00,17:00,30,18,3302
SE-412611,LUM-CLR,PR-3021,2026-03-26,08:00,17:00,20,27,4210
SE-412612,LUM-CLR,PR-3022,26/03/2026,08:00,17:00,20,27,4199
SE-412613,LUM-CLR,PR-3023,2026-03-26,08:00,17:00,20,27,3940
SE-412614,LUM-CLR,PR-3024,2026-03-26,08:00,17:00,20,27,4215
SE-412615,LUM-GQE,PR-3025,26/03/2026,08:00,17:00,20,27,3480
SE-412616,LUM-GQE,PR-3027,2026-03-26,08:00,17:00,30,18,5152
SE-412617,LUM-GQE,PR-3028,2026-03-26,08:00,17:00,20,27,4210
SE-412618,LUM-BFN,PR-3029,2026-03-26,08:00,17:00,30,18,4817
SE-412619,LUM-BFN,PR-3030,2026-03-26,08:00,17:00,30,18,2885
SE-412620,LUM-BFN,PR-3031,2026-03-26,08:00,17:00,30,18,3256
SE-412621,LUM-BFN,PR-3032,2026-03-26,08:00,17:00,30,18,2779
SE-412622,LUM-SAN,PR-3001,27/03/2026,08:00,17:00,20,27,4207
SE-412623,LUM-SAN,PR-3002,2026-03-27,08:00,17:00,30,18,5987
SE-412624,LUM-SAN,PR-3003,27/03/2026,08:00,17:00,20,27,3679
SE-412625,LUM-SAN,PR-3004,27/03/2026,08:00,17:00,20,27,4117
SE-412626,LUM-SAN,PR-3005,2026-03-27,08:00,17:00,20,27,4234
SE-412627,LUM-SAN,PR-3006,2026-03-27,08:00,17:00,30,18,3134
SE-412628,LUM-SAN,PR-3007,2026-03-27,08:00,17:00,45,12,6711
SE-412629,LUM-PTA,PR-3008,2026-03-27,08:00,17:00,20,27,3803
SE-412630,LUM-PTA,PR-3010,2026-03-27,08:00,17:00,30,18,5602
SE-412631,LUM-PTA,PR-3011,2026-03-27,08:00,17:00,20,27,4519
SE-412632,LUM-PTA,PR-3012,2026-03-27,08:00,17:00,20,27,4073
SE-412633,LUM-PTA,PR-3013,2026-03-27,08:00,17:00,30,18,5678
SE-412634,LUM-UMH,PR-3014,27/03/2026,08:00,17:00,20,27,3616
SE-412635,LUM-UMH,PR-3015,2026-03-27,08:00,17:00,30,18,4817
SE-412636,LUM-UMH,PR-3016,2026-03-27,08:00,17:00,30,18,3166
SE-412637,LUM-UMH,PR-3018,2026-03-27,08:00,17:00,20,27,3765
SE-412638,LUM-CLR,PR-3019,2026-03-27,08:00,17:00,20,27,4416
SE-412639,LUM-CLR,PR-3020,2026-03-27,08:00,17:00,30,18,3302
SE-412640,LUM-CLR,PR-3021,2026-03-27,08:00,17:00,20,27,4210
SE-412641,LUM-CLR,PR-3022,2026-03-27,08:00,17:00,20,27,4199
SE-412642,LUM-CLR,PR-3023,2026-03-27,08:00,17:00,20,27,3940
SE-412643,LUM-CLR,PR-3024,2026-03-27,08:00,17:00,20,27,4215
SE-412644,LUM-GQE,PR-3025,27/03/2026,08:00,17:00,20,27,3480
SE-412645,LUM-GQE,PR-3026,2026-03-27,08:00,17:00,20,27,4421
SE-412646,LUM-GQE,PR-3027,2026-03-27,08:00,17:00,30,18,5152
SE-412647,LUM-GQE,PR-3028,2026-03-27,08:00,17:00,20,27,4210
SE-412648,LUM-BFN,PR-3029,2026-03-27,08:00,17:00,30,18,4817
SE-412649,LUM-BFN,PR-3030,2026-03-27,08:00,17:00,30,18,2885
SE-412650,LUM-BFN,PR-3031,2026-03-27,08:00,17:00,30,18,3256
SE-412651,LUM-BFN,PR-3032,2026-03-27,08:00,17:00,30,18,2779
SE-412652,LUM-SAN,PR-3002,2026-03-28,08:00,13:00,30,10,3326.11
SE-412653,LUM-PTA,PR-3009,2026-03-28,08:00,13:00,25,12,4567.22
SE-412654,LUM-PTA,PR-3010,2026-03-28,08:00,13:00,30,10,3112.22
SE-412655,LUM-PTA,PR-3012,2026-03-28,08:00,13:00,20,15,2262.78
SE-412656,LUM-UMH,PR-3015,28/03/2026,08:00,13:00,30,10,2676.11
SE-412657,LUM-UMH,PR-3018,2026-03-28,08:00,13:00,20,15,2091.67
SE-412658,LUM-CLR,PR-3024,28/03/2026,08:00,13:00,20,15,2341.67
SE-412659,LUM-GQE,PR-3025,2026-03-28,08:00,13:00,20,15,1933.33
SE-412660,LUM-GQE,PR-3027,2026-03-28,08:00,13:00,30,10,2862.22
SE-412661,LUM-BFN,PR-3031,2026-03-28,08:00,13:00,30,10,1808.89
SE-412662,LUM-BFN,PR-3032,2026-03-28,08:00,13:00,30,10,1543.89
SE-412663,LUM-SAN,PR-3001,2026-03-30,08:00,17:00,20,27,4207
SE-412664,LUM-SAN,PR-3002,30/03/2026,08:00,17:00,30,18,5987
SE-412665,LUM-SAN,PR-3003,30/03/2026,08:00,17:00,20,27,3679
SE-412666,LUM-SAN,PR-3005,2026-03-30,08:00,17:00,20,27,4234
SE-412667,LUM-SAN,PR-3007,2026-03-30,08:00,17:00,45,12,6711
SE-412668,LUM-PTA,PR-3008,2026-03-30,08:00,17:00,20,27,3803
SE-412669,LUM-PTA,PR-3009,30/03/2026,08:00,17:00,25,21,8221
SE-412670,LUM-PTA,PR-3010,2026-03-30,08:00,17:00,30,18,5602
SE-412671,LUM-PTA,PR-3011,2026-03-30,08:00,17:00,20,27,4519
SE-412672,LUM-PTA,PR-3012,30/03/2026,08:00,17:00,20,27,4073
SE-412673,LUM-PTA,PR-3013,30/03/2026,08:00,17:00,30,18,5678
SE-412674,LUM-UMH,PR-3015,2026-03-30,08:00,17:00,30,18,4817
SE-412675,LUM-UMH,PR-3016,2026-03-30,08:00,17:00,30,18,3166
SE-412676,LUM-UMH,PR-3017,2026-03-30,08:00,17:00,25,21,7465
SE-412677,LUM-UMH,PR-3018,2026-03-30,08:00,17:00,20,27,3765
SE-412678,LUM-CLR,PR-3019,2026-03-30,08:00,17:00,20,27,4416
SE-412679,LUM-CLR,PR-3020,30/03/2026,08:00,17:00,30,18,3302
SE-412680,LUM-CLR,PR-3021,2026-03-30,08:00,17:00,20,27,4210
SE-412681,LUM-CLR,PR-3023,30/03/2026,08:00,17:00,20,27,3940
SE-412682,LUM-CLR,PR-3024,30/03/2026,08:00,17:00,20,27,4215
SE-412683,LUM-GQE,PR-3026,2026-03-30,08:00,17:00,20,27,4421
SE-412684,LUM-GQE,PR-3027,30/03/2026,08:00,17:00,30,18,5152
SE-412685,LUM-GQE,PR-3028,2026-03-30,08:00,17:00,20,27,4210
SE-412686,LUM-BFN,PR-3029,2026-03-30,08:00,17:00,30,18,4817
SE-412687,LUM-BFN,PR-3030,2026-03-30,08:00,17:00,30,18,2885
SE-412688,LUM-BFN,PR-3031,2026-03-30,08:00,17:00,30,18,3256
SE-412689,LUM-BFN,PR-3032,30/03/2026,08:00,17:00,30,18,2779
SE-412690,LUM-SAN,PR-3001,2026-03-31,08:00,17:00,20,27,4207
SE-412691,LUM-SAN,PR-3002,2026-03-31,08:00,17:00,30,18,5987
SE-412692,LUM-SAN,PR-3003,31/03/2026,08:00,17:00,20,27,3679
SE-412693,LUM-SAN,PR-3004,31/03/2026,08:00,17:00,20,27,4117
SE-412694,LUM-SAN,PR-3005,31/03/2026,08:00,17:00,20,27,4234
SE-412695,LUM-SAN,PR-3006,31/03/2026,08:00,17:00,30,18,3134
SE-412696,LUM-SAN,PR-3007,2026-03-31,08:00,17:00,45,12,6711
SE-412697,LUM-PTA,PR-3009,2026-03-31,08:00,17:00,25,21,8221
SE-412698,LUM-PTA,PR-3010,31/03/2026,08:00,17:00,30,18,5602
SE-412699,LUM-PTA,PR-3012,2026-03-31,08:00,17:00,20,27,4073
SE-412700,LUM-PTA,PR-3013,31/03/2026,08:00,17:00,30,18,5678
SE-412701,LUM-UMH,PR-3014,2026-03-31,08:00,17:00,20,27,3616
SE-412702,LUM-UMH,PR-3016,2026-03-31,08:00,17:00,30,18,3166
SE-412703,LUM-UMH,PR-3017,2026-03-31,08:00,17:00,25,21,7465
SE-412704,LUM-UMH,PR-3018,2026-03-31,08:00,17:00,20,27,3765
SE-412705,LUM-CLR,PR-3019,31/03/2026,08:00,17:00,20,27,4416
SE-412706,LUM-CLR,PR-3020,2026-03-31,08:00,17:00,30,18,3302
SE-412707,LUM-CLR,PR-3021,31/03/2026,08:00,17:00,20,27,4210
SE-412708,LUM-CLR,PR-3022,31/03/2026,08:00,17:00,20,27,4199
SE-412709,LUM-CLR,PR-3023,2026-03-31,08:00,17:00,20,27,3940
SE-412710,LUM-CLR,PR-3024,2026-03-31,08:00,17:00,20,27,4215
SE-412711,LUM-GQE,PR-3025,2026-03-31,08:00,17:00,20,27,3480
SE-412712,LUM-GQE,PR-3026,2026-03-31,08:00,17:00,20,27,4421
SE-412713,LUM-GQE,PR-3027,2026-03-31,08:00,17:00,30,18,5152
SE-412714,LUM-GQE,PR-3028,2026-03-31,08:00,17:00,20,27,4210
SE-412715,LUM-BFN,PR-3029,2026-03-31,08:00,17:00,30,18,4817
SE-412716,LUM-BFN,PR-3030,31/03/2026,08:00,17:00,30,18,2885
SE-412717,LUM-BFN,PR-3032,31/03/2026,08:00,17:00,30,18,2779
SE-412718,LUM-SAN,PR-3001,2026-04-01,08:00,17:00,20,27,4207
SE-412719,LUM-SAN,PR-3002,01/04/2026,08:00,17:00,30,18,5987
SE-412720,LUM-SAN,PR-3003,01/04/2026,08:00,17:00,20,27,3679
SE-412721,LUM-SAN,PR-3004,2026-04-01,08:00,17:00,20,27,4117
SE-412722,LUM-SAN,PR-3006,2026-04-01,08:00,17:00,30,18,3134
SE-412723,LUM-SAN,PR-3007,2026-04-01,08:00,17:00,45,12,6711
SE-412724,LUM-PTA,PR-3008,2026-04-01,08:00,17:00,20,27,3803
SE-412725,LUM-PTA,PR-3009,2026-04-01,08:00,17:00,25,21,8221
SE-412726,LUM-PTA,PR-3010,2026-04-01,08:00,17:00,30,18,5602
SE-412727,LUM-PTA,PR-3012,01/04/2026,08:00,17:00,20,27,4073
SE-412728,LUM-PTA,PR-3013,2026-04-01,08:00,17:00,30,18,5678
SE-412729,LUM-UMH,PR-3014,2026-04-01,08:00,17:00,20,27,3616
SE-412730,LUM-UMH,PR-3015,2026-04-01,08:00,17:00,30,18,4817
SE-412731,LUM-UMH,PR-3016,2026-04-01,08:00,17:00,30,18,3166
SE-412732,LUM-UMH,PR-3017,2026-04-01,08:00,17:00,25,21,7465
SE-412733,LUM-UMH,PR-3018,01/04/2026,08:00,17:00,20,27,3765
SE-412734,LUM-CLR,PR-3019,01/04/2026,08:00,17:00,20,27,4416
SE-412735,LUM-CLR,PR-3020,01/04/2026,08:00,17:00,30,18,3302
SE-412736,LUM-CLR,PR-3021,2026-04-01,08:00,17:00,20,27,4210
SE-412737,LUM-CLR,PR-3022,2026-04-01,08:00,17:00,20,27,4199
SE-412738,LUM-CLR,PR-3023,01/04/2026,08:00,17:00,20,27,3940
SE-412739,LUM-CLR,PR-3024,2026-04-01,08:00,17:00,20,27,4215
SE-412740,LUM-GQE,PR-3025,2026-04-01,08:00,17:00,20,27,3480
SE-412741,LUM-GQE,PR-3026,2026-04-01,08:00,17:00,20,27,4421
SE-412742,LUM-GQE,PR-3027,2026-04-01,08:00,17:00,30,18,5152
SE-412743,LUM-GQE,PR-3028,2026-04-01,08:00,17:00,20,27,4210
SE-412744,LUM-BFN,PR-3029,01/04/2026,08:00,17:00,30,18,4817
SE-412745,LUM-BFN,PR-3030,2026-04-01,08:00,17:00,30,18,2885
SE-412746,LUM-BFN,PR-3032,2026-04-01,08:00,17:00,30,18,2779
SE-412747,LUM-SAN,PR-3001,2026-04-02,08:00,17:00,20,27,4207
SE-412748,LUM-SAN,PR-3002,02/04/2026,08:00,17:00,30,18,5987
SE-412749,LUM-SAN,PR-3003,02/04/2026,08:00,17:00,20,27,3679
SE-412750,LUM-SAN,PR-3004,2026-04-02,08:00,17:00,20,27,4117
SE-412751,LUM-SAN,PR-3005,2026-04-02,08:00,17:00,20,27,4234
SE-412752,LUM-SAN,PR-3006,2026-04-02,08:00,17:00,30,18,3134
SE-412753,LUM-SAN,PR-3007,2026-04-02,08:00,17:00,45,12,6711
SE-412754,LUM-PTA,PR-3008,2026-04-02,08:00,17:00,20,27,3803
SE-412755,LUM-PTA,PR-3009,02/04/2026,08:00,17:00,25,21,8221
SE-412756,LUM-PTA,PR-3010,2026-04-02,08:00,17:00,30,18,5602
SE-412757,LUM-PTA,PR-3012,2026-04-02,08:00,17:00,20,27,4073
SE-412758,LUM-PTA,PR-3013,2026-04-02,08:00,17:00,30,18,5678
SE-412759,LUM-UMH,PR-3014,2026-04-02,08:00,17:00,20,27,3616
SE-412760,LUM-UMH,PR-3015,02/04/2026,08:00,17:00,30,18,4817
SE-412761,LUM-UMH,PR-3017,02/04/2026,08:00,17:00,25,21,7465
SE-412762,LUM-UMH,PR-3018,2026-04-02,08:00,17:00,20,27,3765
SE-412763,LUM-CLR,PR-3019,02/04/2026,08:00,17:00,20,27,4416
SE-412764,LUM-CLR,PR-3020,02/04/2026,08:00,17:00,30,18,3302
SE-412765,LUM-CLR,PR-3021,02/04/2026,08:00,17:00,20,27,4210
SE-412766,LUM-CLR,PR-3022,2026-04-02,08:00,17:00,20,27,4199
SE-412767,LUM-CLR,PR-3023,2026-04-02,08:00,17:00,20,27,3940
SE-412768,LUM-CLR,PR-3024,02/04/2026,08:00,17:00,20,27,4215
SE-412769,LUM-GQE,PR-3025,02/04/2026,08:00,17:00,20,27,3480
SE-412770,LUM-GQE,PR-3027,02/04/2026,08:00,17:00,30,18,5152
SE-412771,LUM-BFN,PR-3029,2026-04-02,08:00,17:00,30,18,4817
SE-412772,LUM-BFN,PR-3030,2026-04-02,08:00,17:00,30,18,2885
SE-412773,LUM-BFN,PR-3031,2026-04-02,08:00,17:00,30,18,3256
SE-412774,LUM-BFN,PR-3032,02/04/2026,08:00,17:00,30,18,2779
SE-412775,LUM-SAN,PR-3002,2026-04-03,08:00,17:00,30,18,5987
SE-412776,LUM-SAN,PR-3003,03/04/2026,08:00,17:00,20,27,3679
SE-412777,LUM-SAN,PR-3004,03/04/2026,08:00,17:00,20,27,4117
SE-412778,LUM-SAN,PR-3005,2026-04-03,08:00,17:00,20,27,4234
SE-412779,LUM-SAN,PR-3007,2026-04-03,08:00,17:00,45,12,6711
SE-412780,LUM-PTA,PR-3009,03/04/2026,08:00,17:00,25,21,8221
SE-412781,LUM-PTA,PR-3010,2026-04-03,08:00,17:00,30,18,5602
SE-412782,LUM-PTA,PR-3011,2026-04-03,08:00,17:00,20,27,4519
SE-412783,LUM-PTA,PR-3012,2026-04-03,08:00,17:00,20,27,4073
SE-412784,LUM-UMH,PR-3014,2026-04-03,08:00,17:00,20,27,3616
SE-412785,LUM-UMH,PR-3015,2026-04-03,08:00,17:00,30,18,4817
SE-412786,LUM-UMH,PR-3016,2026-04-03,08:00,17:00,30,18,3166
SE-412787,LUM-UMH,PR-3017,2026-04-03,08:00,17:00,25,21,7465
SE-412788,LUM-UMH,PR-3018,2026-04-03,08:00,17:00,20,27,3765
SE-412789,LUM-CLR,PR-3019,03/04/2026,08:00,17:00,20,27,4416
SE-412790,LUM-CLR,PR-3020,03/04/2026,08:00,17:00,30,18,3302
SE-412791,LUM-CLR,PR-3021,2026-04-03,08:00,17:00,20,27,4210
SE-412792,LUM-CLR,PR-3022,03/04/2026,08:00,17:00,20,27,4199
SE-412793,LUM-CLR,PR-3023,2026-04-03,08:00,17:00,20,27,3940
SE-412794,LUM-CLR,PR-3024,2026-04-03,08:00,17:00,20,27,4215
SE-412795,LUM-GQE,PR-3025,2026-04-03,08:00,17:00,20,27,3480
SE-412796,LUM-GQE,PR-3026,03/04/2026,08:00,17:00,20,27,4421
SE-412797,LUM-GQE,PR-3027,2026-04-03,08:00,17:00,30,18,5152
SE-412798,LUM-BFN,PR-3029,2026-04-03,08:00,17:00,30,18,4817
SE-412799,LUM-BFN,PR-3030,2026-04-03,08:00,17:00,30,18,2885
SE-412800,LUM-BFN,PR-3031,2026-04-03,08:00,17:00,30,18,3256
SE-412801,LUM-BFN,PR-3032,2026-04-03,08:00,17:00,30,18,2779
SE-412802,LUM-SAN,PR-3002,04/04/2026,08:00,13:00,30,10,3326.11
SE-412803,LUM-SAN,PR-3006,2026-04-04,08:00,13:00,30,10,1741.11
SE-412804,LUM-PTA,PR-3008,2026-04-04,08:00,13:00,20,15,2112.78
SE-412805,LUM-PTA,PR-3011,2026-04-04,08:00,13:00,20,15,2510.56
SE-412806,LUM-UMH,PR-3015,2026-04-04,08:00,13:00,30,10,2676.11
SE-412807,LUM-CLR,PR-3020,2026-04-04,08:00,13:00,30,10,1834.44
SE-412808,LUM-CLR,PR-3022,2026-04-04,08:00,13:00,20,15,2332.78
SE-412809,LUM-CLR,PR-3023,2026-04-04,08:00,13:00,20,15,2188.89
SE-412810,LUM-GQE,PR-3025,2026-04-04,08:00,13:00,20,15,1933.33
SE-412811,LUM-GQE,PR-3027,2026-04-04,08:00,13:00,30,10,2862.22
SE-412812,LUM-GQE,PR-3028,2026-04-04,08:00,13:00,20,15,2338.89
SE-412813,LUM-BFN,PR-3030,2026-04-04,08:00,13:00,30,10,1602.78
SE-412814,LUM-BFN,PR-3032,04/04/2026,08:00,13:00,30,10,1543.89
SE-412815,LUM-SAN,PR-3001,2026-04-06,08:00,17:00,20,27,4207
SE-412816,LUM-SAN,PR-3002,06/04/2026,08:00,17:00,30,18,5987
SE-412817,LUM-SAN,PR-3003,2026-04-06,08:00,17:00,20,27,3679
SE-412818,LUM-SAN,PR-3004,2026-04-06,08:00,17:00,20,27,4117
SE-412819,LUM-SAN,PR-3006,2026-04-06,08:00,17:00,30,18,3134
SE-412820,LUM-SAN,PR-3007,2026-04-06,08:00,17:00,45,12,6711
SE-412821,LUM-PTA,PR-3008,06/04/2026,08:00,17:00,20,27,3803
SE-412822,LUM-PTA,PR-3009,06/04/2026,08:00,17:00,25,21,8221
SE-412823,LUM-PTA,PR-3010,2026-04-06,08:00,17:00,30,18,5602
SE-412824,LUM-PTA,PR-3011,2026-04-06,08:00,17:00,20,27,4519
SE-412825,LUM-PTA,PR-3012,2026-04-06,08:00,17:00,20,27,4073
SE-412826,LUM-PTA,PR-3013,2026-04-06,08:00,17:00,30,18,5678
SE-412827,LUM-UMH,PR-3014,2026-04-06,08:00,17:00,20,27,3616
SE-412828,LUM-UMH,PR-3016,2026-04-06,08:00,17:00,30,18,3166
SE-412829,LUM-UMH,PR-3017,2026-04-06,08:00,17:00,25,21,7465
SE-412830,LUM-UMH,PR-3018,2026-04-06,08:00,17:00,20,27,3765
SE-412831,LUM-CLR,PR-3020,2026-04-06,08:00,17:00,30,18,3302
SE-412832,LUM-CLR,PR-3021,2026-04-06,08:00,17:00,20,27,4210
SE-412833,LUM-CLR,PR-3023,2026-04-06,08:00,17:00,20,27,3940
SE-412834,LUM-CLR,PR-3024,2026-04-06,08:00,17:00,20,27,4215
SE-412835,LUM-GQE,PR-3026,2026-04-06,08:00,17:00,20,27,4421
SE-412836,LUM-GQE,PR-3027,06/04/2026,08:00,17:00,30,18,5152
SE-412837,LUM-GQE,PR-3028,06/04/2026,08:00,17:00,20,27,4210
SE-412838,LUM-BFN,PR-3029,2026-04-06,08:00,17:00,30,18,4817
SE-412839,LUM-BFN,PR-3030,2026-04-06,08:00,17:00,30,18,2885
SE-412840,LUM-BFN,PR-3031,2026-04-06,08:00,17:00,30,18,3256
SE-412841,LUM-BFN,PR-3032,2026-04-06,08:00,17:00,30,18,2779
SE-412842,LUM-SAN,PR-3001,2026-04-07,08:00,17:00,20,27,4207
SE-412843,LUM-SAN,PR-3002,07/04/2026,08:00,17:00,30,18,5987
SE-412844,LUM-SAN,PR-3003,07/04/2026,08:00,17:00,20,27,3679
SE-412845,LUM-SAN,PR-3004,2026-04-07,08:00,17:00,20,27,4117
SE-412846,LUM-SAN,PR-3005,2026-04-07,08:00,17:00,20,27,4234
SE-412847,LUM-SAN,PR-3006,2026-04-07,08:00,17:00,30,18,3134
SE-412848,LUM-SAN,PR-3007,2026-04-07,08:00,17:00,45,12,6711
SE-412849,LUM-PTA,PR-3008,07/04/2026,08:00,17:00,20,27,3803
SE-412850,LUM-PTA,PR-3009,2026-04-07,08:00,17:00,25,21,8221
SE-412851,LUM-PTA,PR-3011,07/04/2026,08:00,17:00,20,27,4519
SE-412852,LUM-PTA,PR-3012,07/04/2026,08:00,17:00,20,27,4073
SE-412853,LUM-PTA,PR-3013,2026-04-07,08:00,17:00,30,18,5678
SE-412854,LUM-UMH,PR-3014,07/04/2026,08:00,17:00,20,27,3616
SE-412855,LUM-UMH,PR-3015,2026-04-07,08:00,17:00,30,18,4817
SE-412856,LUM-UMH,PR-3016,2026-04-07,08:00,17:00,30,18,3166
SE-412857,LUM-UMH,PR-3017,2026-04-07,08:00,17:00,25,21,7465
SE-412858,LUM-UMH,PR-3018,2026-04-07,08:00,17:00,20,27,3765
SE-412859,LUM-CLR,PR-3019,2026-04-07,08:00,17:00,20,27,4416
SE-412860,LUM-CLR,PR-3020,2026-04-07,08:00,17:00,30,18,3302
SE-412861,LUM-CLR,PR-3021,2026-04-07,08:00,17:00,20,27,4210
SE-412862,LUM-CLR,PR-3022,07/04/2026,08:00,17:00,20,27,4199
SE-412863,LUM-CLR,PR-3023,2026-04-07,08:00,17:00,20,27,3940
SE-412864,LUM-CLR,PR-3024,2026-04-07,08:00,17:00,20,27,4215
SE-412865,LUM-GQE,PR-3025,2026-04-07,08:00,17:00,20,27,3480
SE-412866,LUM-GQE,PR-3027,2026-04-07,08:00,17:00,30,18,5152
SE-412867,LUM-GQE,PR-3028,2026-04-07,08:00,17:00,20,27,4210
SE-412868,LUM-BFN,PR-3029,2026-04-07,08:00,17:00,30,18,4817
SE-412869,LUM-BFN,PR-3030,2026-04-07,08:00,17:00,30,18,2885
SE-412870,LUM-BFN,PR-3031,2026-04-07,08:00,17:00,30,18,3256
SE-412871,LUM-BFN,PR-3032,2026-04-07,08:00,17:00,30,18,2779
SE-412872,LUM-SAN,PR-3001,08/04/2026,08:00,17:00,20,27,4207
SE-412873,LUM-SAN,PR-3002,2026-04-08,08:00,17:00,30,18,5987
SE-412874,LUM-SAN,PR-3003,2026-04-08,08:00,17:00,20,27,3679
SE-412875,LUM-SAN,PR-3004,2026-04-08,08:00,17:00,20,27,4117
SE-412876,LUM-SAN,PR-3006,08/04/2026,08:00,17:00,30,18,3134
SE-412877,LUM-SAN,PR-3007,2026-04-08,08:00,17:00,45,12,6711
SE-412878,LUM-PTA,PR-3008,2026-04-08,08:00,17:00,20,27,3803
SE-412879,LUM-PTA,PR-3009,2026-04-08,08:00,17:00,25,21,8221
SE-412880,LUM-PTA,PR-3010,2026-04-08,08:00,17:00,30,18,5602
SE-412881,LUM-PTA,PR-3011,2026-04-08,08:00,17:00,20,27,4519
SE-412882,LUM-PTA,PR-3012,2026-04-08,08:00,17:00,20,27,4073
SE-412883,LUM-PTA,PR-3013,2026-04-08,08:00,17:00,30,18,5678
SE-412884,LUM-UMH,PR-3014,2026-04-08,08:00,17:00,20,27,3616
SE-412885,LUM-UMH,PR-3017,2026-04-08,08:00,17:00,25,21,7465
SE-412886,LUM-UMH,PR-3018,2026-04-08,08:00,17:00,20,27,3765
SE-412887,LUM-CLR,PR-3019,2026-04-08,08:00,17:00,20,27,4416
SE-412888,LUM-CLR,PR-3020,2026-04-08,08:00,17:00,30,18,3302
SE-412889,LUM-CLR,PR-3021,2026-04-08,08:00,17:00,20,27,4210
SE-412890,LUM-CLR,PR-3022,2026-04-08,08:00,17:00,20,27,4199
SE-412891,LUM-CLR,PR-3023,2026-04-08,08:00,17:00,20,27,3940
SE-412892,LUM-CLR,PR-3024,08/04/2026,08:00,17:00,20,27,4215
SE-412893,LUM-GQE,PR-3025,2026-04-08,08:00,17:00,20,27,3480
SE-412894,LUM-GQE,PR-3026,2026-04-08,08:00,17:00,20,27,4421
SE-412895,LUM-GQE,PR-3027,2026-04-08,08:00,17:00,30,18,5152
SE-412896,LUM-GQE,PR-3028,2026-04-08,08:00,17:00,20,27,4210
SE-412897,LUM-BFN,PR-3029,2026-04-08,08:00,17:00,30,18,4817
SE-412898,LUM-BFN,PR-3030,2026-04-08,08:00,17:00,30,18,2885
SE-412899,LUM-BFN,PR-3031,2026-04-08,08:00,17:00,30,18,3256
SE-412900,LUM-BFN,PR-3032,2026-04-08,08:00,17:00,30,18,2779
SE-412901,LUM-SAN,PR-3001,09/04/2026,08:00,17:00,20,27,4207
SE-412902,LUM-SAN,PR-3002,2026-04-09,08:00,17:00,30,18,5987
SE-412903,LUM-SAN,PR-3003,2026-04-09,08:00,17:00,20,27,3679
SE-412904,LUM-SAN,PR-3005,2026-04-09,08:00,17:00,20,27,4234
SE-412905,LUM-SAN,PR-3006,09/04/2026,08:00,17:00,30,18,3134
SE-412906,LUM-SAN,PR-3007,09/04/2026,08:00,17:00,45,12,6711
SE-412907,LUM-PTA,PR-3009,2026-04-09,08:00,17:00,25,21,8221
SE-412908,LUM-PTA,PR-3010,2026-04-09,08:00,17:00,30,18,5602
SE-412909,LUM-PTA,PR-3011,2026-04-09,08:00,17:00,20,27,4519
SE-412910,LUM-PTA,PR-3012,2026-04-09,08:00,17:00,20,27,4073
SE-412911,LUM-PTA,PR-3013,09/04/2026,08:00,17:00,30,18,5678
SE-412912,LUM-UMH,PR-3014,2026-04-09,08:00,17:00,20,27,3616
SE-412913,LUM-UMH,PR-3015,09/04/2026,08:00,17:00,30,18,4817
SE-412914,LUM-UMH,PR-3016,2026-04-09,08:00,17:00,30,18,3166
SE-412915,LUM-UMH,PR-3017,09/04/2026,08:00,17:00,25,21,7465
SE-412916,LUM-UMH,PR-3018,2026-04-09,08:00,17:00,20,27,3765
SE-412917,LUM-CLR,PR-3019,2026-04-09,08:00,17:00,20,27,4416
SE-412918,LUM-CLR,PR-3020,2026-04-09,08:00,17:00,30,18,3302
SE-412919,LUM-CLR,PR-3021,09/04/2026,08:00,17:00,20,27,4210
SE-412920,LUM-CLR,PR-3022,2026-04-09,08:00,17:00,20,27,4199
SE-412921,LUM-CLR,PR-3023,2026-04-09,08:00,17:00,20,27,3940
SE-412922,LUM-CLR,PR-3024,2026-04-09,08:00,17:00,20,27,4215
SE-412923,LUM-GQE,PR-3025,2026-04-09,08:00,17:00,20,27,3480
SE-412924,LUM-GQE,PR-3026,2026-04-09,08:00,17:00,20,27,4421
SE-412925,LUM-GQE,PR-3027,2026-04-09,08:00,17:00,30,18,5152
SE-412926,LUM-GQE,PR-3028,2026-04-09,08:00,17:00,20,27,4210
SE-412927,LUM-BFN,PR-3029,2026-04-09,08:00,17:00,30,18,4817
SE-412928,LUM-BFN,PR-3030,2026-04-09,08:00,17:00,30,18,2885
SE-412929,LUM-BFN,PR-3031,2026-04-09,08:00,17:00,30,18,3256
SE-412930,LUM-BFN,PR-3032,09/04/2026,08:00,17:00,30,18,2779
SE-412931,LUM-SAN,PR-3001,10/04/2026,08:00,17:00,20,27,4207
SE-412932,LUM-SAN,PR-3002,2026-04-10,08:00,17:00,30,18,5987
SE-412933,LUM-SAN,PR-3003,2026-04-10,08:00,17:00,20,27,3679
SE-412934,LUM-SAN,PR-3004,2026-04-10,08:00,17:00,20,27,4117
SE-412935,LUM-SAN,PR-3006,10/04/2026,08:00,17:00,30,18,3134
SE-412936,LUM-SAN,PR-3007,10/04/2026,08:00,17:00,45,12,6711
SE-412937,LUM-PTA,PR-3008,10/04/2026,08:00,17:00,20,27,3803
SE-412938,LUM-PTA,PR-3009,2026-04-10,08:00,17:00,25,21,8221
SE-412939,LUM-PTA,PR-3010,10/04/2026,08:00,17:00,30,18,5602
SE-412940,LUM-PTA,PR-3011,2026-04-10,08:00,17:00,20,27,4519
SE-412941,LUM-PTA,PR-3013,2026-04-10,08:00,17:00,30,18,5678
SE-412942,LUM-UMH,PR-3014,10/04/2026,08:00,17:00,20,27,3616
SE-412943,LUM-UMH,PR-3015,2026-04-10,08:00,17:00,30,18,4817
SE-412944,LUM-UMH,PR-3016,2026-04-10,08:00,17:00,30,18,3166
SE-412945,LUM-UMH,PR-3017,2026-04-10,08:00,17:00,25,21,7465
SE-412946,LUM-UMH,PR-3018,10/04/2026,08:00,17:00,20,27,3765
SE-412947,LUM-CLR,PR-3019,2026-04-10,08:00,17:00,20,27,4416
SE-412948,LUM-CLR,PR-3020,2026-04-10,08:00,17:00,30,18,3302
SE-412949,LUM-CLR,PR-3021,2026-04-10,08:00,17:00,20,27,4210
SE-412950,LUM-CLR,PR-3022,2026-04-10,08:00,17:00,20,27,4199
SE-412951,LUM-CLR,PR-3023,2026-04-10,08:00,17:00,20,27,3940
SE-412952,LUM-GQE,PR-3025,2026-04-10,08:00,17:00,20,27,3480
SE-412953,LUM-GQE,PR-3026,2026-04-10,08:00,17:00,20,27,4421
SE-412954,LUM-GQE,PR-3027,2026-04-10,08:00,17:00,30,18,5152
SE-412955,LUM-GQE,PR-3028,2026-04-10,08:00,17:00,20,27,4210
SE-412956,LUM-BFN,PR-3029,2026-04-10,08:00,17:00,30,18,4817
SE-412957,LUM-BFN,PR-3030,2026-04-10,08:00,17:00,30,18,2885
SE-412958,LUM-BFN,PR-3031,2026-04-10,08:00,17:00,30,18,3256
SE-412959,LUM-BFN,PR-3032,2026-04-10,08:00,17:00,30,18,2779
SE-412960,LUM-SAN,PR-3002,2026-04-11,08:00,13:00,30,10,3326.11
SE-412961,LUM-SAN,PR-3004,2026-04-11,08:00,13:00,20,15,2287.22
SE-412962,LUM-SAN,PR-3007,2026-04-11,08:00,13:00,45,6,3728.33
SE-412963,LUM-PTA,PR-3011,2026-04-11,08:00,13:00,20,15,2510.56
SE-412964,LUM-PTA,PR-3012,11/04/2026,08:00,13:00,20,15,2262.78
SE-412965,LUM-CLR,PR-3020,11/04/2026,08:00,13:00,30,10,1834.44
SE-412966,LUM-GQE,PR-3027,11/04/2026,08:00,13:00,30,10,2862.22
SE-412967,LUM-SAN,PR-3001,2026-04-13,08:00,17:00,20,27,4207
SE-412968,LUM-SAN,PR-3002,2026-04-13,08:00,17:00,30,18,5987
SE-412969,LUM-SAN,PR-3003,2026-04-13,08:00,17:00,20,27,3679
SE-412970,LUM-SAN,PR-3004,2026-04-13,08:00,17:00,20,27,4117
SE-412971,LUM-SAN,PR-3005,2026-04-13,08:00,17:00,20,27,4234
SE-412972,LUM-SAN,PR-3006,2026-04-13,08:00,17:00,30,18,3134
SE-412973,LUM-SAN,PR-3007,2026-04-13,08:00,17:00,45,12,6711
SE-412974,LUM-PTA,PR-3008,2026-04-13,08:00,17:00,20,27,3803
SE-412975,LUM-PTA,PR-3009,2026-04-13,08:00,17:00,25,21,8221
SE-412976,LUM-PTA,PR-3010,2026-04-13,08:00,17:00,30,18,5602
SE-412977,LUM-PTA,PR-3011,2026-04-13,08:00,17:00,20,27,4519
SE-412978,LUM-PTA,PR-3012,2026-04-13,08:00,17:00,20,27,4073
SE-412979,LUM-PTA,PR-3013,13/04/2026,08:00,17:00,30,18,5678
SE-412980,LUM-UMH,PR-3014,2026-04-13,08:00,17:00,20,27,3616
SE-412981,LUM-UMH,PR-3015,13/04/2026,08:00,17:00,30,18,4817
SE-412982,LUM-UMH,PR-3017,2026-04-13,08:00,17:00,25,21,7465
SE-412983,LUM-UMH,PR-3018,2026-04-13,08:00,17:00,20,27,3765
SE-412984,LUM-CLR,PR-3019,13/04/2026,08:00,17:00,20,27,4416
SE-412985,LUM-CLR,PR-3020,2026-04-13,08:00,17:00,30,18,3302
SE-412986,LUM-CLR,PR-3021,2026-04-13,08:00,17:00,20,27,4210
SE-412987,LUM-CLR,PR-3022,2026-04-13,08:00,17:00,20,27,4199
SE-412988,LUM-CLR,PR-3023,2026-04-13,08:00,17:00,20,27,3940
SE-412989,LUM-CLR,PR-3024,2026-04-13,08:00,17:00,20,27,4215
SE-412990,LUM-GQE,PR-3026,2026-04-13,08:00,17:00,20,27,4421
SE-412991,LUM-GQE,PR-3027,2026-04-13,08:00,17:00,30,18,5152
SE-412992,LUM-GQE,PR-3028,13/04/2026,08:00,17:00,20,27,4210
SE-412993,LUM-BFN,PR-3029,2026-04-13,08:00,17:00,30,18,4817
SE-412994,LUM-BFN,PR-3030,13/04/2026,08:00,17:00,30,18,2885
SE-412995,LUM-BFN,PR-3032,13/04/2026,08:00,17:00,30,18,2779
SE-412996,LUM-SAN,PR-3001,2026-04-14,08:00,17:00,20,27,4207
SE-412997,LUM-SAN,PR-3002,2026-04-14,08:00,17:00,30,18,5987
SE-412998,LUM-SAN,PR-3003,14/04/2026,08:00,17:00,20,27,3679
SE-412999,LUM-SAN,PR-3004,2026-04-14,08:00,17:00,20,27,4117
SE-413000,LUM-SAN,PR-3005,2026-04-14,08:00,17:00,20,27,4234
SE-413001,LUM-SAN,PR-3006,2026-04-14,08:00,17:00,30,18,3134
SE-413002,LUM-SAN,PR-3007,14/04/2026,08:00,17:00,45,12,6711
SE-413003,LUM-PTA,PR-3008,2026-04-14,08:00,17:00,20,27,3803
SE-413004,LUM-PTA,PR-3009,14/04/2026,08:00,17:00,25,21,8221
SE-413005,LUM-PTA,PR-3010,2026-04-14,08:00,17:00,30,18,5602
SE-413006,LUM-PTA,PR-3011,14/04/2026,08:00,17:00,20,27,4519
SE-413007,LUM-PTA,PR-3012,2026-04-14,08:00,17:00,20,27,4073
SE-413008,LUM-PTA,PR-3013,2026-04-14,08:00,17:00,30,18,5678
SE-413009,LUM-UMH,PR-3014,14/04/2026,08:00,17:00,20,27,3616
SE-413010,LUM-UMH,PR-3015,2026-04-14,08:00,17:00,30,18,4817
SE-413011,LUM-UMH,PR-3016,2026-04-14,08:00,17:00,30,18,3166
SE-413012,LUM-UMH,PR-3017,14/04/2026,08:00,17:00,25,21,7465
SE-413013,LUM-CLR,PR-3019,14/04/2026,08:00,17:00,20,27,4416
SE-413014,LUM-CLR,PR-3020,2026-04-14,08:00,17:00,30,18,3302
SE-413015,LUM-CLR,PR-3021,14/04/2026,08:00,17:00,20,27,4210
SE-413016,LUM-CLR,PR-3022,2026-04-14,08:00,17:00,20,27,4199
SE-413017,LUM-CLR,PR-3023,14/04/2026,08:00,17:00,20,27,3940
SE-413018,LUM-CLR,PR-3024,2026-04-14,08:00,17:00,20,27,4215
SE-413019,LUM-GQE,PR-3026,14/04/2026,08:00,17:00,20,27,4421
SE-413020,LUM-GQE,PR-3027,2026-04-14,08:00,17:00,30,18,5152
SE-413021,LUM-GQE,PR-3028,14/04/2026,08:00,17:00,20,27,4210
SE-413022,LUM-BFN,PR-3029,2026-04-14,08:00,17:00,30,18,4817
SE-413023,LUM-BFN,PR-3030,14/04/2026,08:00,17:00,30,18,2885
SE-413024,LUM-BFN,PR-3031,2026-04-14,08:00,17:00,30,18,3256
SE-413025,LUM-BFN,PR-3032,2026-04-14,08:00,17:00,30,18,2779
SE-413026,LUM-SAN,PR-3001,2026-04-15,08:00,17:00,20,27,4207
SE-413027,LUM-SAN,PR-3002,2026-04-15,08:00,17:00,30,18,5987
SE-413028,LUM-SAN,PR-3003,2026-04-15,08:00,17:00,20,27,3679
SE-413029,LUM-SAN,PR-3005,2026-04-15,08:00,17:00,20,27,4234
SE-413030,LUM-SAN,PR-3006,2026-04-15,08:00,17:00,30,18,3134
SE-413031,LUM-SAN,PR-3007,2026-04-15,08:00,17:00,45,12,6711
SE-413032,LUM-PTA,PR-3008,15/04/2026,08:00,17:00,20,27,3803
SE-413033,LUM-PTA,PR-3009,2026-04-15,08:00,17:00,25,21,8221
SE-413034,LUM-PTA,PR-3010,2026-04-15,08:00,17:00,30,18,5602
SE-413035,LUM-PTA,PR-3011,2026-04-15,08:00,17:00,20,27,4519
SE-413036,LUM-PTA,PR-3012,2026-04-15,08:00,17:00,20,27,4073
SE-413037,LUM-PTA,PR-3013,2026-04-15,08:00,17:00,30,18,5678
SE-413038,LUM-UMH,PR-3014,2026-04-15,08:00,17:00,20,27,3616
SE-413039,LUM-UMH,PR-3016,2026-04-15,08:00,17:00,30,18,3166
SE-413040,LUM-UMH,PR-3018,2026-04-15,08:00,17:00,20,27,3765
SE-413041,LUM-CLR,PR-3019,15/04/2026,08:00,17:00,20,27,4416
SE-413042,LUM-CLR,PR-3020,2026-04-15,08:00,17:00,30,18,3302
SE-413043,LUM-CLR,PR-3021,15/04/2026,08:00,17:00,20,27,4210
SE-413044,LUM-CLR,PR-3022,2026-04-15,08:00,17:00,20,27,4199
SE-413045,LUM-CLR,PR-3023,15/04/2026,08:00,17:00,20,27,3940
SE-413046,LUM-CLR,PR-3024,15/04/2026,08:00,17:00,20,27,4215
SE-413047,LUM-GQE,PR-3025,2026-04-15,08:00,17:00,20,27,3480
SE-413048,LUM-GQE,PR-3026,15/04/2026,08:00,17:00,20,27,4421
SE-413049,LUM-GQE,PR-3028,2026-04-15,08:00,17:00,20,27,4210
SE-413050,LUM-BFN,PR-3029,2026-04-15,08:00,17:00,30,18,4817
SE-413051,LUM-BFN,PR-3030,2026-04-15,08:00,17:00,30,18,2885
SE-413052,LUM-BFN,PR-3032,2026-04-15,08:00,17:00,30,18,2779
SE-413053,LUM-SAN,PR-3001,2026-04-16,08:00,17:00,20,27,4207
SE-413054,LUM-SAN,PR-3002,2026-04-16,08:00,17:00,30,18,5987
SE-413055,LUM-SAN,PR-3003,16/04/2026,08:00,17:00,20,27,3679
SE-413056,LUM-SAN,PR-3004,2026-04-16,08:00,17:00,20,27,4117
SE-413057,LUM-SAN,PR-3005,2026-04-16,08:00,17:00,20,27,4234
SE-413058,LUM-SAN,PR-3006,2026-04-16,08:00,17:00,30,18,3134
SE-413059,LUM-SAN,PR-3007,2026-04-16,08:00,17:00,45,12,6711
SE-413060,LUM-PTA,PR-3008,2026-04-16,08:00,17:00,20,27,3803
SE-413061,LUM-PTA,PR-3009,16/04/2026,08:00,17:00,25,21,8221
SE-413062,LUM-PTA,PR-3010,2026-04-16,08:00,17:00,30,18,5602
SE-413063,LUM-PTA,PR-3012,2026-04-16,08:00,17:00,20,27,4073
SE-413064,LUM-PTA,PR-3013,2026-04-16,08:00,17:00,30,18,5678
SE-413065,LUM-UMH,PR-3014,2026-04-16,08:00,17:00,20,27,3616
SE-413066,LUM-UMH,PR-3015,16/04/2026,08:00,17:00,30,18,4817
SE-413067,LUM-UMH,PR-3016,2026-04-16,08:00,17:00,30,18,3166
SE-413068,LUM-UMH,PR-3018,2026-04-16,08:00,17:00,20,27,3765
SE-413069,LUM-CLR,PR-3019,2026-04-16,08:00,17:00,20,27,4416
SE-413070,LUM-CLR,PR-3020,2026-04-16,08:00,17:00,30,18,3302
SE-413071,LUM-CLR,PR-3021,16/04/2026,08:00,17:00,20,27,4210
SE-413072,LUM-CLR,PR-3022,2026-04-16,08:00,17:00,20,27,4199
SE-413073,LUM-CLR,PR-3023,2026-04-16,08:00,17:00,20,27,3940
SE-413074,LUM-CLR,PR-3024,16/04/2026,08:00,17:00,20,27,4215
SE-413075,LUM-GQE,PR-3025,2026-04-16,08:00,17:00,20,27,3480
SE-413076,LUM-GQE,PR-3026,2026-04-16,08:00,17:00,20,27,4421
SE-413077,LUM-GQE,PR-3027,2026-04-16,08:00,17:00,30,18,5152
SE-413078,LUM-GQE,PR-3028,2026-04-16,08:00,17:00,20,27,4210
SE-413079,LUM-BFN,PR-3029,16/04/2026,08:00,17:00,30,18,4817
SE-413080,LUM-BFN,PR-3030,16/04/2026,08:00,17:00,30,18,2885
SE-413081,LUM-BFN,PR-3031,2026-04-16,08:00,17:00,30,18,3256
SE-413082,LUM-BFN,PR-3032,2026-04-16,08:00,17:00,30,18,2779
SE-413083,LUM-SAN,PR-3001,2026-04-17,08:00,17:00,20,27,4207
SE-413084,LUM-SAN,PR-3003,2026-04-17,08:00,17:00,20,27,3679
SE-413085,LUM-SAN,PR-3004,2026-04-17,08:00,17:00,20,27,4117
SE-413086,LUM-SAN,PR-3005,17/04/2026,08:00,17:00,20,27,4234
SE-413087,LUM-PTA,PR-3008,2026-04-17,08:00,17:00,20,27,3803
SE-413088,LUM-PTA,PR-3009,2026-04-17,08:00,17:00,25,21,8221
SE-413089,LUM-PTA,PR-3010,2026-04-17,08:00,17:00,30,18,5602
SE-413090,LUM-PTA,PR-3011,17/04/2026,08:00,17:00,20,27,4519
SE-413091,LUM-PTA,PR-3013,17/04/2026,08:00,17:00,30,18,5678
SE-413092,LUM-UMH,PR-3014,2026-04-17,08:00,17:00,20,27,3616
SE-413093,LUM-UMH,PR-3015,17/04/2026,08:00,17:00,30,18,4817
SE-413094,LUM-UMH,PR-3016,2026-04-17,08:00,17:00,30,18,3166
SE-413095,LUM-UMH,PR-3017,2026-04-17,08:00,17:00,25,21,7465
SE-413096,LUM-CLR,PR-3019,2026-04-17,08:00,17:00,20,27,4416
SE-413097,LUM-CLR,PR-3020,2026-04-17,08:00,17:00,30,18,3302
SE-413098,LUM-CLR,PR-3021,2026-04-17,08:00,17:00,20,27,4210
SE-413099,LUM-CLR,PR-3022,2026-04-17,08:00,17:00,20,27,4199
SE-413100,LUM-CLR,PR-3023,2026-04-17,08:00,17:00,20,27,3940
SE-413101,LUM-CLR,PR-3024,2026-04-17,08:00,17:00,20,27,4215
SE-413102,LUM-GQE,PR-3025,2026-04-17,08:00,17:00,20,27,3480
SE-413103,LUM-GQE,PR-3026,2026-04-17,08:00,17:00,20,27,4421
SE-413104,LUM-GQE,PR-3027,2026-04-17,08:00,17:00,30,18,5152
SE-413105,LUM-GQE,PR-3028,2026-04-17,08:00,17:00,20,27,4210
SE-413106,LUM-BFN,PR-3029,2026-04-17,08:00,17:00,30,18,4817
SE-413107,LUM-BFN,PR-3030,17/04/2026,08:00,17:00,30,18,2885
SE-413108,LUM-BFN,PR-3031,2026-04-17,08:00,17:00,30,18,3256
SE-413109,LUM-BFN,PR-3032,2026-04-17,08:00,17:00,30,18,2779
SE-413110,LUM-SAN,PR-3001,18/04/2026,08:00,13:00,20,15,2337.22
SE-413111,LUM-SAN,PR-3004,2026-04-18,08:00,13:00,20,15,2287.22
SE-413112,LUM-SAN,PR-3007,2026-04-18,08:00,13:00,45,6,3728.33
SE-413113,LUM-PTA,PR-3008,2026-04-18,08:00,13:00,20,15,2112.78
SE-413114,LUM-PTA,PR-3010,18/04/2026,08:00,13:00,30,10,3112.22
SE-413115,LUM-PTA,PR-3012,2026-04-18,08:00,13:00,20,15,2262.78
SE-413116,LUM-PTA,PR-3013,2026-04-18,08:00,13:00,30,10,3154.44
SE-413117,LUM-UMH,PR-3016,2026-04-18,08:00,13:00,30,10,1758.89
SE-413118,LUM-UMH,PR-3018,2026-04-18,08:00,13:00,20,15,2091.67
SE-413119,LUM-CLR,PR-3020,2026-04-18,08:00,13:00,30,10,1834.44
SE-413120,LUM-CLR,PR-3022,2026-04-18,08:00,13:00,20,15,2332.78
SE-413121,LUM-GQE,PR-3025,18/04/2026,08:00,13:00,20,15,1933.33
SE-413122,LUM-SAN,PR-3002,2026-04-20,08:00,17:00,30,18,5987
SE-413123,LUM-SAN,PR-3003,2026-04-20,08:00,17:00,20,27,3679
SE-413124,LUM-SAN,PR-3004,2026-04-20,08:00,17:00,20,27,4117
SE-413125,LUM-SAN,PR-3006,20/04/2026,08:00,17:00,30,18,3134
SE-413126,LUM-SAN,PR-3007,20/04/2026,08:00,17:00,45,12,6711
SE-413127,LUM-PTA,PR-3008,2026-04-20,08:00,17:00,20,27,3803
SE-413128,LUM-PTA,PR-3009,20/04/2026,08:00,17:00,25,21,8221
SE-413129,LUM-PTA,PR-3010,2026-04-20,08:00,17:00,30,18,5602
SE-413130,LUM-PTA,PR-3011,20/04/2026,08:00,17:00,20,27,4519
SE-413131,LUM-PTA,PR-3012,2026-04-20,08:00,17:00,20,27,4073
SE-413132,LUM-PTA,PR-3013,2026-04-20,08:00,17:00,30,18,5678
SE-413133,LUM-UMH,PR-3015,2026-04-20,08:00,17:00,30,18,4817
SE-413134,LUM-UMH,PR-3016,2026-04-20,08:00,17:00,30,18,3166
SE-413135,LUM-UMH,PR-3017,20/04/2026,08:00,17:00,25,21,7465
SE-413136,LUM-UMH,PR-3018,20/04/2026,08:00,17:00,20,27,3765
SE-413137,LUM-CLR,PR-3020,20/04/2026,08:00,17:00,30,18,3302
SE-413138,LUM-CLR,PR-3021,2026-04-20,08:00,17:00,20,27,4210
SE-413139,LUM-CLR,PR-3022,2026-04-20,08:00,17:00,20,27,4199
SE-413140,LUM-CLR,PR-3023,20/04/2026,08:00,17:00,20,27,3940
SE-413141,LUM-CLR,PR-3024,20/04/2026,08:00,17:00,20,27,4215
SE-413142,LUM-GQE,PR-3025,2026-04-20,08:00,17:00,20,27,3480
SE-413143,LUM-GQE,PR-3026,2026-04-20,08:00,17:00,20,27,4421
SE-413144,LUM-GQE,PR-3028,2026-04-20,08:00,17:00,20,27,4210
SE-413145,LUM-BFN,PR-3029,2026-04-20,08:00,17:00,30,18,4817
SE-413146,LUM-BFN,PR-3031,20/04/2026,08:00,17:00,30,18,3256
SE-413147,LUM-SAN,PR-3001,2026-04-21,08:00,17:00,20,27,4207
SE-413148,LUM-SAN,PR-3002,2026-04-21,08:00,17:00,30,18,5987
SE-413149,LUM-SAN,PR-3003,2026-04-21,08:00,17:00,20,27,3679
SE-413150,LUM-SAN,PR-3004,2026-04-21,08:00,17:00,20,27,4117
SE-413151,LUM-SAN,PR-3005,2026-04-21,08:00,17:00,20,27,4234
SE-413152,LUM-SAN,PR-3006,2026-04-21,08:00,17:00,30,18,3134
SE-413153,LUM-SAN,PR-3007,21/04/2026,08:00,17:00,45,12,6711
SE-413154,LUM-PTA,PR-3008,21/04/2026,08:00,17:00,20,27,3803
SE-413155,LUM-PTA,PR-3010,2026-04-21,08:00,17:00,30,18,5602
SE-413156,LUM-PTA,PR-3011,2026-04-21,08:00,17:00,20,27,4519
SE-413157,LUM-PTA,PR-3013,2026-04-21,08:00,17:00,30,18,5678
SE-413158,LUM-UMH,PR-3014,21/04/2026,08:00,17:00,20,27,3616
SE-413159,LUM-UMH,PR-3015,2026-04-21,08:00,17:00,30,18,4817
SE-413160,LUM-UMH,PR-3016,2026-04-21,08:00,17:00,30,18,3166
SE-413161,LUM-UMH,PR-3017,2026-04-21,08:00,17:00,25,21,7465
SE-413162,LUM-CLR,PR-3019,2026-04-21,08:00,17:00,20,27,4416
SE-413163,LUM-CLR,PR-3020,2026-04-21,08:00,17:00,30,18,3302
SE-413164,LUM-CLR,PR-3021,2026-04-21,08:00,17:00,20,27,4210
SE-413165,LUM-CLR,PR-3022,2026-04-21,08:00,17:00,20,27,4199
SE-413166,LUM-CLR,PR-3023,2026-04-21,08:00,17:00,20,27,3940
SE-413167,LUM-CLR,PR-3024,2026-04-21,08:00,17:00,20,27,4215
SE-413168,LUM-GQE,PR-3025,2026-04-21,08:00,17:00,20,27,3480
SE-413169,LUM-GQE,PR-3026,2026-04-21,08:00,17:00,20,27,4421
SE-413170,LUM-GQE,PR-3027,2026-04-21,08:00,17:00,30,18,5152
SE-413171,LUM-GQE,PR-3028,21/04/2026,08:00,17:00,20,27,4210
SE-413172,LUM-BFN,PR-3029,21/04/2026,08:00,17:00,30,18,4817
SE-413173,LUM-BFN,PR-3030,21/04/2026,08:00,17:00,30,18,2885
SE-413174,LUM-BFN,PR-3031,2026-04-21,08:00,17:00,30,18,3256
SE-413175,LUM-BFN,PR-3032,2026-04-21,08:00,17:00,30,18,2779
SE-413176,LUM-SAN,PR-3001,2026-04-22,08:00,17:00,20,27,4207
SE-413177,LUM-SAN,PR-3002,2026-04-22,08:00,17:00,30,18,5987
SE-413178,LUM-SAN,PR-3003,2026-04-22,08:00,17:00,20,27,3679
SE-413179,LUM-SAN,PR-3004,2026-04-22,08:00,17:00,20,27,4117
SE-413180,LUM-SAN,PR-3005,2026-04-22,08:00,17:00,20,27,4234
SE-413181,LUM-SAN,PR-3007,2026-04-22,08:00,17:00,45,12,6711
SE-413182,LUM-PTA,PR-3008,22/04/2026,08:00,17:00,20,27,3803
SE-413183,LUM-PTA,PR-3009,2026-04-22,08:00,17:00,25,21,8221
SE-413184,LUM-PTA,PR-3010,2026-04-22,08:00,17:00,30,18,5602
SE-413185,LUM-PTA,PR-3011,2026-04-22,08:00,17:00,20,27,4519
SE-413186,LUM-PTA,PR-3012,2026-04-22,08:00,17:00,20,27,4073
SE-413187,LUM-PTA,PR-3013,2026-04-22,08:00,17:00,30,18,5678
SE-413188,LUM-UMH,PR-3014,2026-04-22,08:00,17:00,20,27,3616
SE-413189,LUM-UMH,PR-3015,2026-04-22,08:00,17:00,30,18,4817
SE-413190,LUM-UMH,PR-3016,22/04/2026,08:00,17:00,30,18,3166
SE-413191,LUM-UMH,PR-3017,2026-04-22,08:00,17:00,25,21,7465
SE-413192,LUM-CLR,PR-3019,22/04/2026,08:00,17:00,20,27,4416
SE-413193,LUM-CLR,PR-3020,2026-04-22,08:00,17:00,30,18,3302
SE-413194,LUM-CLR,PR-3021,2026-04-22,08:00,17:00,20,27,4210
SE-413195,LUM-CLR,PR-3022,2026-04-22,08:00,17:00,20,27,4199
SE-413196,LUM-CLR,PR-3023,2026-04-22,08:00,17:00,20,27,3940
SE-413197,LUM-GQE,PR-3025,2026-04-22,08:00,17:00,20,27,3480
SE-413198,LUM-GQE,PR-3026,2026-04-22,08:00,17:00,20,27,4421
SE-413199,LUM-GQE,PR-3027,2026-04-22,08:00,17:00,30,18,5152
SE-413200,LUM-BFN,PR-3029,2026-04-22,08:00,17:00,30,18,4817
SE-413201,LUM-BFN,PR-3030,2026-04-22,08:00,17:00,30,18,2885
SE-413202,LUM-BFN,PR-3031,2026-04-22,08:00,17:00,30,18,3256
SE-413203,LUM-BFN,PR-3032,22/04/2026,08:00,17:00,30,18,2779
SE-413204,LUM-SAN,PR-3001,2026-04-23,08:00,17:00,20,27,4207
SE-413205,LUM-SAN,PR-3002,23/04/2026,08:00,17:00,30,18,5987
SE-413206,LUM-SAN,PR-3004,23/04/2026,08:00,17:00,20,27,4117
SE-413207,LUM-SAN,PR-3005,2026-04-23,08:00,17:00,20,27,4234
SE-413208,LUM-SAN,PR-3006,2026-04-23,08:00,17:00,30,18,3134
SE-413209,LUM-SAN,PR-3007,2026-04-23,08:00,17:00,45,12,6711
SE-413210,LUM-PTA,PR-3008,2026-04-23,08:00,17:00,20,27,3803
SE-413211,LUM-PTA,PR-3009,2026-04-23,08:00,17:00,25,21,8221
SE-413212,LUM-PTA,PR-3010,2026-04-23,08:00,17:00,30,18,5602
SE-413213,LUM-PTA,PR-3011,23/04/2026,08:00,17:00,20,27,4519
SE-413214,LUM-PTA,PR-3012,2026-04-23,08:00,17:00,20,27,4073
SE-413215,LUM-PTA,PR-3013,23/04/2026,08:00,17:00,30,18,5678
SE-413216,LUM-UMH,PR-3014,2026-04-23,08:00,17:00,20,27,3616
SE-413217,LUM-UMH,PR-3015,2026-04-23,08:00,17:00,30,18,4817
SE-413218,LUM-UMH,PR-3016,23/04/2026,08:00,17:00,30,18,3166
SE-413219,LUM-UMH,PR-3017,2026-04-23,08:00,17:00,25,21,7465
SE-413220,LUM-UMH,PR-3018,2026-04-23,08:00,17:00,20,27,3765
SE-413221,LUM-CLR,PR-3019,2026-04-23,08:00,17:00,20,27,4416
SE-413222,LUM-CLR,PR-3020,2026-04-23,08:00,17:00,30,18,3302
SE-413223,LUM-CLR,PR-3021,23/04/2026,08:00,17:00,20,27,4210
SE-413224,LUM-CLR,PR-3022,2026-04-23,08:00,17:00,20,27,4199
SE-413225,LUM-CLR,PR-3023,2026-04-23,08:00,17:00,20,27,3940
SE-413226,LUM-CLR,PR-3024,2026-04-23,08:00,17:00,20,27,4215
SE-413227,LUM-GQE,PR-3025,2026-04-23,08:00,17:00,20,27,3480
SE-413228,LUM-GQE,PR-3026,2026-04-23,08:00,17:00,20,27,4421
SE-413229,LUM-GQE,PR-3027,2026-04-23,08:00,17:00,30,18,5152
SE-413230,LUM-GQE,PR-3028,2026-04-23,08:00,17:00,20,27,4210
SE-413231,LUM-BFN,PR-3029,2026-04-23,08:00,17:00,30,18,4817
SE-413232,LUM-BFN,PR-3030,2026-04-23,08:00,17:00,30,18,2885
SE-413233,LUM-BFN,PR-3031,2026-04-23,08:00,17:00,30,18,3256
SE-413234,LUM-BFN,PR-3032,2026-04-23,08:00,17:00,30,18,2779
SE-413235,LUM-SAN,PR-3001,2026-04-24,08:00,17:00,20,27,4207
SE-413236,LUM-SAN,PR-3002,24/04/2026,08:00,17:00,30,18,5987
SE-413237,LUM-SAN,PR-3003,2026-04-24,08:00,17:00,20,27,3679
SE-413238,LUM-SAN,PR-3004,2026-04-24,08:00,17:00,20,27,4117
SE-413239,LUM-SAN,PR-3005,24/04/2026,08:00,17:00,20,27,4234
SE-413240,LUM-SAN,PR-3006,2026-04-24,08:00,17:00,30,18,3134
SE-413241,LUM-SAN,PR-3007,2026-04-24,08:00,17:00,45,12,6711
SE-413242,LUM-PTA,PR-3008,2026-04-24,08:00,17:00,20,27,3803
SE-413243,LUM-PTA,PR-3009,2026-04-24,08:00,17:00,25,21,8221
SE-413244,LUM-PTA,PR-3010,2026-04-24,08:00,17:00,30,18,5602
SE-413245,LUM-PTA,PR-3012,2026-04-24,08:00,17:00,20,27,4073
SE-413246,LUM-PTA,PR-3013,2026-04-24,08:00,17:00,30,18,5678
SE-413247,LUM-UMH,PR-3014,24/04/2026,08:00,17:00,20,27,3616
SE-413248,LUM-UMH,PR-3015,2026-04-24,08:00,17:00,30,18,4817
SE-413249,LUM-UMH,PR-3016,2026-04-24,08:00,17:00,30,18,3166
SE-413250,LUM-UMH,PR-3017,24/04/2026,08:00,17:00,25,21,7465
SE-413251,LUM-UMH,PR-3018,2026-04-24,08:00,17:00,20,27,3765
SE-413252,LUM-CLR,PR-3019,2026-04-24,08:00,17:00,20,27,4416
SE-413253,LUM-CLR,PR-3020,24/04/2026,08:00,17:00,30,18,3302
SE-413254,LUM-CLR,PR-3021,2026-04-24,08:00,17:00,20,27,4210
SE-413255,LUM-CLR,PR-3022,2026-04-24,08:00,17:00,20,27,4199
SE-413256,LUM-CLR,PR-3023,2026-04-24,08:00,17:00,20,27,3940
SE-413257,LUM-CLR,PR-3024,2026-04-24,08:00,17:00,20,27,4215
SE-413258,LUM-GQE,PR-3025,24/04/2026,08:00,17:00,20,27,3480
SE-413259,LUM-GQE,PR-3026,2026-04-24,08:00,17:00,20,27,4421
SE-413260,LUM-GQE,PR-3027,2026-04-24,08:00,17:00,30,18,5152
SE-413261,LUM-GQE,PR-3028,2026-04-24,08:00,17:00,20,27,4210
SE-413262,LUM-BFN,PR-3029,24/04/2026,08:00,17:00,30,18,4817
SE-413263,LUM-BFN,PR-3030,24/04/2026,08:00,17:00,30,18,2885
SE-413264,LUM-BFN,PR-3031,2026-04-24,08:00,17:00,30,18,3256
SE-413265,LUM-BFN,PR-3032,2026-04-24,08:00,17:00,30,18,2779
SE-413266,LUM-SAN,PR-3001,2026-04-25,08:00,13:00,20,15,2337.22
SE-413267,LUM-SAN,PR-3003,25/04/2026,08:00,13:00,20,15,2043.89
SE-413268,LUM-PTA,PR-3008,25/04/2026,08:00,13:00,20,15,2112.78
SE-413269,LUM-PTA,PR-3010,2026-04-25,08:00,13:00,30,10,3112.22
SE-413270,LUM-UMH,PR-3015,2026-04-25,08:00,13:00,30,10,2676.11
SE-413271,LUM-UMH,PR-3016,2026-04-25,08:00,13:00,30,10,1758.89
SE-413272,LUM-UMH,PR-3018,2026-04-25,08:00,13:00,20,15,2091.67
SE-413273,LUM-CLR,PR-3020,2026-04-25,08:00,13:00,30,10,1834.44
SE-413274,LUM-SAN,PR-3001,2026-04-27,08:00,17:00,20,27,4207
SE-413275,LUM-SAN,PR-3002,27/04/2026,08:00,17:00,30,18,5987
SE-413276,LUM-SAN,PR-3003,27/04/2026,08:00,17:00,20,27,3679
SE-413277,LUM-SAN,PR-3004,2026-04-27,08:00,17:00,20,27,4117
SE-413278,LUM-SAN,PR-3006,2026-04-27,08:00,17:00,30,18,3134
SE-413279,LUM-PTA,PR-3008,27/04/2026,08:00,17:00,20,27,3803
SE-413280,LUM-PTA,PR-3009,27/04/2026,08:00,17:00,25,21,8221
SE-413281,LUM-PTA,PR-3011,2026-04-27,08:00,17:00,20,27,4519
SE-413282,LUM-PTA,PR-3012,2026-04-27,08:00,17:00,20,27,4073
SE-413283,LUM-PTA,PR-3013,2026-04-27,08:00,17:00,30,18,5678
SE-413284,LUM-UMH,PR-3014,27/04/2026,08:00,17:00,20,27,3616
SE-413285,LUM-UMH,PR-3016,2026-04-27,08:00,17:00,30,18,3166
SE-413286,LUM-UMH,PR-3017,27/04/2026,08:00,17:00,25,21,7465
SE-413287,LUM-CLR,PR-3019,2026-04-27,08:00,17:00,20,27,4416
SE-413288,LUM-CLR,PR-3021,2026-04-27,08:00,17:00,20,27,4210
SE-413289,LUM-CLR,PR-3022,27/04/2026,08:00,17:00,20,27,4199
SE-413290,LUM-CLR,PR-3023,2026-04-27,08:00,17:00,20,27,3940
SE-413291,LUM-CLR,PR-3024,27/04/2026,08:00,17:00,20,27,4215
SE-413292,LUM-GQE,PR-3025,2026-04-27,08:00,17:00,20,27,3480
SE-413293,LUM-GQE,PR-3026,2026-04-27,08:00,17:00,20,27,4421
SE-413294,LUM-GQE,PR-3027,2026-04-27,08:00,17:00,30,18,5152
SE-413295,LUM-GQE,PR-3028,2026-04-27,08:00,17:00,20,27,4210
SE-413296,LUM-BFN,PR-3029,2026-04-27,08:00,17:00,30,18,4817
SE-413297,LUM-BFN,PR-3030,2026-04-27,08:00,17:00,30,18,2885
SE-413298,LUM-BFN,PR-3031,2026-04-27,08:00,17:00,30,18,3256
SE-413299,LUM-BFN,PR-3032,2026-04-27,08:00,17:00,30,18,2779
SE-413300,LUM-SAN,PR-3001,2026-04-28,08:00,17:00,20,27,4207
SE-413301,LUM-SAN,PR-3002,2026-04-28,08:00,17:00,30,18,5987
SE-413302,LUM-SAN,PR-3003,2026-04-28,08:00,17:00,20,27,3679
SE-413303,LUM-SAN,PR-3004,2026-04-28,08:00,17:00,20,27,4117
SE-413304,LUM-SAN,PR-3005,2026-04-28,08:00,17:00,20,27,4234
SE-413305,LUM-SAN,PR-3006,2026-04-28,08:00,17:00,30,18,3134
SE-413306,LUM-SAN,PR-3007,2026-04-28,08:00,17:00,45,12,6711
SE-413307,LUM-PTA,PR-3008,2026-04-28,08:00,17:00,20,27,3803
SE-413308,LUM-PTA,PR-3009,2026-04-28,08:00,17:00,25,21,8221
SE-413309,LUM-PTA,PR-3010,2026-04-28,08:00,17:00,30,18,5602
SE-413310,LUM-PTA,PR-3011,2026-04-28,08:00,17:00,20,27,4519
SE-413311,LUM-PTA,PR-3012,2026-04-28,08:00,17:00,20,27,4073
SE-413312,LUM-PTA,PR-3013,2026-04-28,08:00,17:00,30,18,5678
SE-413313,LUM-UMH,PR-3014,2026-04-28,08:00,17:00,20,27,3616
SE-413314,LUM-UMH,PR-3015,2026-04-28,08:00,17:00,30,18,4817
SE-413315,LUM-UMH,PR-3016,2026-04-28,08:00,17:00,30,18,3166
SE-413316,LUM-UMH,PR-3017,2026-04-28,08:00,17:00,25,21,7465
SE-413317,LUM-CLR,PR-3019,2026-04-28,08:00,17:00,20,27,4416
SE-413318,LUM-CLR,PR-3020,28/04/2026,08:00,17:00,30,18,3302
SE-413319,LUM-CLR,PR-3022,2026-04-28,08:00,17:00,20,27,4199
SE-413320,LUM-CLR,PR-3023,2026-04-28,08:00,17:00,20,27,3940
SE-413321,LUM-CLR,PR-3024,2026-04-28,08:00,17:00,20,27,4215
SE-413322,LUM-GQE,PR-3025,2026-04-28,08:00,17:00,20,27,3480
SE-413323,LUM-GQE,PR-3027,28/04/2026,08:00,17:00,30,18,5152
SE-413324,LUM-GQE,PR-3028,2026-04-28,08:00,17:00,20,27,4210
SE-413325,LUM-BFN,PR-3029,2026-04-28,08:00,17:00,30,18,4817
SE-413326,LUM-BFN,PR-3030,2026-04-28,08:00,17:00,30,18,2885
SE-413327,LUM-BFN,PR-3031,2026-04-28,08:00,17:00,30,18,3256
SE-413328,LUM-SAN,PR-3001,2026-04-29,08:00,17:00,20,27,4207
SE-413329,LUM-SAN,PR-3002,29/04/2026,08:00,17:00,30,18,5987
SE-413330,LUM-SAN,PR-3003,29/04/2026,08:00,17:00,20,27,3679
SE-413331,LUM-SAN,PR-3004,2026-04-29,08:00,17:00,20,27,4117
SE-413332,LUM-SAN,PR-3005,29/04/2026,08:00,17:00,20,27,4234
SE-413333,LUM-SAN,PR-3006,2026-04-29,08:00,17:00,30,18,3134
SE-413334,LUM-SAN,PR-3007,2026-04-29,08:00,17:00,45,12,6711
SE-413335,LUM-PTA,PR-3008,2026-04-29,08:00,17:00,20,27,3803
SE-413336,LUM-PTA,PR-3009,2026-04-29,08:00,17:00,25,21,8221
SE-413337,LUM-PTA,PR-3010,2026-04-29,08:00,17:00,30,18,5602
SE-413338,LUM-PTA,PR-3011,2026-04-29,08:00,17:00,20,27,4519
SE-413339,LUM-PTA,PR-3012,2026-04-29,08:00,17:00,20,27,4073
SE-413340,LUM-PTA,PR-3013,2026-04-29,08:00,17:00,30,18,5678
SE-413341,LUM-UMH,PR-3014,29/04/2026,08:00,17:00,20,27,3616
SE-413342,LUM-UMH,PR-3015,2026-04-29,08:00,17:00,30,18,4817
SE-413343,LUM-UMH,PR-3016,2026-04-29,08:00,17:00,30,18,3166
SE-413344,LUM-UMH,PR-3017,2026-04-29,08:00,17:00,25,21,7465
SE-413345,LUM-UMH,PR-3018,2026-04-29,08:00,17:00,20,27,3765
SE-413346,LUM-CLR,PR-3019,2026-04-29,08:00,17:00,20,27,4416
SE-413347,LUM-CLR,PR-3020,2026-04-29,08:00,17:00,30,18,3302
SE-413348,LUM-CLR,PR-3021,2026-04-29,08:00,17:00,20,27,4210
SE-413349,LUM-CLR,PR-3022,2026-04-29,08:00,17:00,20,27,4199
SE-413350,LUM-CLR,PR-3023,2026-04-29,08:00,17:00,20,27,3940
SE-413351,LUM-CLR,PR-3024,2026-04-29,08:00,17:00,20,27,4215
SE-413352,LUM-GQE,PR-3025,2026-04-29,08:00,17:00,20,27,3480
SE-413353,LUM-GQE,PR-3026,2026-04-29,08:00,17:00,20,27,4421
SE-413354,LUM-GQE,PR-3027,2026-04-29,08:00,17:00,30,18,5152
SE-413355,LUM-GQE,PR-3028,29/04/2026,08:00,17:00,20,27,4210
SE-413356,LUM-BFN,PR-3029,2026-04-29,08:00,17:00,30,18,4817
SE-413357,LUM-BFN,PR-3030,2026-04-29,08:00,17:00,30,18,2885
SE-413358,LUM-BFN,PR-3031,2026-04-29,08:00,17:00,30,18,3256
SE-413359,LUM-BFN,PR-3032,2026-04-29,08:00,17:00,30,18,2779
SE-413360,LUM-SAN,PR-3001,2026-04-30,08:00,17:00,20,27,4207
SE-413361,LUM-SAN,PR-3002,2026-04-30,08:00,17:00,30,18,5987
SE-413362,LUM-SAN,PR-3003,2026-04-30,08:00,17:00,20,27,3679
SE-413363,LUM-SAN,PR-3004,30/04/2026,08:00,17:00,20,27,4117
SE-413364,LUM-SAN,PR-3005,2026-04-30,08:00,17:00,20,27,4234
SE-413365,LUM-SAN,PR-3006,2026-04-30,08:00,17:00,30,18,3134
SE-413366,LUM-SAN,PR-3007,2026-04-30,08:00,17:00,45,12,6711
SE-413367,LUM-PTA,PR-3008,2026-04-30,08:00,17:00,20,27,3803
SE-413368,LUM-PTA,PR-3009,2026-04-30,08:00,17:00,25,21,8221
SE-413369,LUM-PTA,PR-3010,2026-04-30,08:00,17:00,30,18,5602
SE-413370,LUM-PTA,PR-3011,2026-04-30,08:00,17:00,20,27,4519
SE-413371,LUM-PTA,PR-3012,30/04/2026,08:00,17:00,20,27,4073
SE-413372,LUM-PTA,PR-3013,2026-04-30,08:00,17:00,30,18,5678
SE-413373,LUM-UMH,PR-3014,2026-04-30,08:00,17:00,20,27,3616
SE-413374,LUM-UMH,PR-3015,30/04/2026,08:00,17:00,30,18,4817
SE-413375,LUM-UMH,PR-3017,30/04/2026,08:00,17:00,25,21,7465
SE-413376,LUM-CLR,PR-3019,2026-04-30,08:00,17:00,20,27,4416
SE-413377,LUM-CLR,PR-3020,2026-04-30,08:00,17:00,30,18,3302
SE-413378,LUM-CLR,PR-3021,2026-04-30,08:00,17:00,20,27,4210
SE-413379,LUM-CLR,PR-3023,2026-04-30,08:00,17:00,20,27,3940
SE-413380,LUM-CLR,PR-3024,2026-04-30,08:00,17:00,20,27,4215
SE-413381,LUM-GQE,PR-3026,30/04/2026,08:00,17:00,20,27,4421
SE-413382,LUM-GQE,PR-3027,30/04/2026,08:00,17:00,30,18,5152
SE-413383,LUM-GQE,PR-3028,2026-04-30,08:00,17:00,20,27,4210
SE-413384,LUM-BFN,PR-3029,30/04/2026,08:00,17:00,30,18,4817
SE-413385,LUM-BFN,PR-3030,2026-04-30,08:00,17:00,30,18,2885
SE-413386,LUM-BFN,PR-3031,30/04/2026,08:00,17:00,30,18,3256
SE-413387,LUM-BFN,PR-3032,2026-04-30,08:00,17:00,30,18,2779
SE-413388,LUM-SAN,PR-3001,2026-05-01,08:00,17:00,20,27,4207
SE-413389,LUM-SAN,PR-3003,2026-05-01,08:00,17:00,20,27,3679
SE-413390,LUM-SAN,PR-3004,2026-05-01,08:00,17:00,20,27,4117
SE-413391,LUM-SAN,PR-3005,2026-05-01,08:00,17:00,20,27,4234
SE-413392,LUM-SAN,PR-3006,01/05/2026,08:00,17:00,30,18,3134
SE-413393,LUM-SAN,PR-3007,2026-05-01,08:00,17:00,45,12,6711
SE-413394,LUM-PTA,PR-3008,01/05/2026,08:00,17:00,20,27,3803
SE-413395,LUM-PTA,PR-3009,2026-05-01,08:00,17:00,25,21,8221
SE-413396,LUM-PTA,PR-3010,2026-05-01,08:00,17:00,30,18,5602
SE-413397,LUM-PTA,PR-3011,2026-05-01,08:00,17:00,20,27,4519
SE-413398,LUM-PTA,PR-3012,01/05/2026,08:00,17:00,20,27,4073
SE-413399,LUM-PTA,PR-3013,2026-05-01,08:00,17:00,30,18,5678
SE-413400,LUM-UMH,PR-3014,2026-05-01,08:00,17:00,20,27,3616
SE-413401,LUM-UMH,PR-3015,2026-05-01,08:00,17:00,30,18,4817
SE-413402,LUM-UMH,PR-3016,01/05/2026,08:00,17:00,30,18,3166
SE-413403,LUM-UMH,PR-3018,01/05/2026,08:00,17:00,20,27,3765
SE-413404,LUM-CLR,PR-3019,2026-05-01,08:00,17:00,20,27,4416
SE-413405,LUM-CLR,PR-3020,2026-05-01,08:00,17:00,30,18,3302
SE-413406,LUM-CLR,PR-3021,2026-05-01,08:00,17:00,20,27,4210
SE-413407,LUM-CLR,PR-3022,2026-05-01,08:00,17:00,20,27,4199
SE-413408,LUM-CLR,PR-3023,2026-05-01,08:00,17:00,20,27,3940
SE-413409,LUM-CLR,PR-3024,2026-05-01,08:00,17:00,20,27,4215
SE-413410,LUM-GQE,PR-3025,2026-05-01,08:00,17:00,20,27,3480
SE-413411,LUM-GQE,PR-3026,2026-05-01,08:00,17:00,20,27,4421
SE-413412,LUM-GQE,PR-3028,2026-05-01,08:00,17:00,20,27,4210
SE-413413,LUM-BFN,PR-3029,2026-05-01,08:00,17:00,30,18,4817
SE-413414,LUM-BFN,PR-3030,2026-05-01,08:00,17:00,30,18,2885
SE-413415,LUM-BFN,PR-3032,2026-05-01,08:00,17:00,30,18,2779
SE-413416,LUM-SAN,PR-3001,02/05/2026,08:00,13:00,20,15,2337.22
SE-413417,LUM-SAN,PR-3003,02/05/2026,08:00,13:00,20,15,2043.89
SE-413418,LUM-PTA,PR-3009,2026-05-02,08:00,13:00,25,12,4567.22
SE-413419,LUM-PTA,PR-3011,2026-05-02,08:00,13:00,20,15,2510.56
SE-413420,LUM-UMH,PR-3015,2026-05-02,08:00,13:00,30,10,2676.11
SE-413421,LUM-UMH,PR-3017,2026-05-02,08:00,13:00,25,12,4147.22
SE-413422,LUM-CLR,PR-3020,2026-05-02,08:00,13:00,30,10,1834.44
SE-413423,LUM-CLR,PR-3021,2026-05-02,08:00,13:00,20,15,2338.89
SE-413424,LUM-BFN,PR-3029,2026-05-02,08:00,13:00,30,10,2676.11
SE-413425,LUM-BFN,PR-3032,2026-05-02,08:00,13:00,30,10,1543.89
SE-413426,LUM-SAN,PR-3001,2026-05-04,08:00,17:00,20,27,4207
SE-413427,LUM-SAN,PR-3002,2026-05-04,08:00,17:00,30,18,5987
SE-413428,LUM-SAN,PR-3003,2026-05-04,08:00,17:00,20,27,3679
SE-413429,LUM-SAN,PR-3004,2026-05-04,08:00,17:00,20,27,4117
SE-413430,LUM-SAN,PR-3005,04/05/2026,08:00,17:00,20,27,4234
SE-413431,LUM-SAN,PR-3006,2026-05-04,08:00,17:00,30,18,3134
SE-413432,LUM-SAN,PR-3007,2026-05-04,08:00,17:00,45,12,6711
SE-413433,LUM-PTA,PR-3008,04/05/2026,08:00,17:00,20,27,3803
SE-413434,LUM-PTA,PR-3009,2026-05-04,08:00,17:00,25,21,8221
SE-413435,LUM-PTA,PR-3011,2026-05-04,08:00,17:00,20,27,4519
SE-413436,LUM-PTA,PR-3012,2026-05-04,08:00,17:00,20,27,4073
SE-413437,LUM-PTA,PR-3013,04/05/2026,08:00,17:00,30,18,5678
SE-413438,LUM-UMH,PR-3014,04/05/2026,08:00,17:00,20,27,3616
SE-413439,LUM-UMH,PR-3015,2026-05-04,08:00,17:00,30,18,4817
SE-413440,LUM-UMH,PR-3016,2026-05-04,08:00,17:00,30,18,3166
SE-413441,LUM-UMH,PR-3017,2026-05-04,08:00,17:00,25,21,7465
SE-413442,LUM-UMH,PR-3018,2026-05-04,08:00,17:00,20,27,3765
SE-413443,LUM-CLR,PR-3019,04/05/2026,08:00,17:00,20,27,4416
SE-413444,LUM-CLR,PR-3020,2026-05-04,08:00,17:00,30,18,3302
SE-413445,LUM-CLR,PR-3021,2026-05-04,08:00,17:00,20,27,4210
SE-413446,LUM-CLR,PR-3022,2026-05-04,08:00,17:00,20,27,4199
SE-413447,LUM-CLR,PR-3023,2026-05-04,08:00,17:00,20,27,3940
SE-413448,LUM-CLR,PR-3024,04/05/2026,08:00,17:00,20,27,4215
SE-413449,LUM-GQE,PR-3025,2026-05-04,08:00,17:00,20,27,3480
SE-413450,LUM-GQE,PR-3026,04/05/2026,08:00,17:00,20,27,4421
SE-413451,LUM-GQE,PR-3027,2026-05-04,08:00,17:00,30,18,5152
SE-413452,LUM-GQE,PR-3028,2026-05-04,08:00,17:00,20,27,4210
SE-413453,LUM-BFN,PR-3029,2026-05-04,08:00,17:00,30,18,4817
SE-413454,LUM-BFN,PR-3030,04/05/2026,08:00,17:00,30,18,2885
SE-413455,LUM-BFN,PR-3031,2026-05-04,08:00,17:00,30,18,3256
SE-413456,LUM-BFN,PR-3032,2026-05-04,08:00,17:00,30,18,2779
SE-413457,LUM-SAN,PR-3001,2026-05-05,08:00,17:00,20,27,4207
SE-413458,LUM-SAN,PR-3002,05/05/2026,08:00,17:00,30,18,5987
SE-413459,LUM-SAN,PR-3003,2026-05-05,08:00,17:00,20,27,3679
SE-413460,LUM-SAN,PR-3004,2026-05-05,08:00,17:00,20,27,4117
SE-413461,LUM-SAN,PR-3005,2026-05-05,08:00,17:00,20,27,4234
SE-413462,LUM-SAN,PR-3006,2026-05-05,08:00,17:00,30,18,3134
SE-413463,LUM-SAN,PR-3007,2026-05-05,08:00,17:00,45,12,6711
SE-413464,LUM-PTA,PR-3008,2026-05-05,08:00,17:00,20,27,3803
SE-413465,LUM-PTA,PR-3009,05/05/2026,08:00,17:00,25,21,8221
SE-413466,LUM-PTA,PR-3010,2026-05-05,08:00,17:00,30,18,5602
SE-413467,LUM-PTA,PR-3011,2026-05-05,08:00,17:00,20,27,4519
SE-413468,LUM-PTA,PR-3012,2026-05-05,08:00,17:00,20,27,4073
SE-413469,LUM-PTA,PR-3013,2026-05-05,08:00,17:00,30,18,5678
SE-413470,LUM-UMH,PR-3014,2026-05-05,08:00,17:00,20,27,3616
SE-413471,LUM-UMH,PR-3015,2026-05-05,08:00,17:00,30,18,4817
SE-413472,LUM-UMH,PR-3016,2026-05-05,08:00,17:00,30,18,3166
SE-413473,LUM-UMH,PR-3017,2026-05-05,08:00,17:00,25,21,7465
SE-413474,LUM-UMH,PR-3018,2026-05-05,08:00,17:00,20,27,3765
SE-413475,LUM-CLR,PR-3019,2026-05-05,08:00,17:00,20,27,4416
SE-413476,LUM-CLR,PR-3021,05/05/2026,08:00,17:00,20,27,4210
SE-413477,LUM-CLR,PR-3022,05/05/2026,08:00,17:00,20,27,4199
SE-413478,LUM-CLR,PR-3023,05/05/2026,08:00,17:00,20,27,3940
SE-413479,LUM-CLR,PR-3024,05/05/2026,08:00,17:00,20,27,4215
SE-413480,LUM-GQE,PR-3025,2026-05-05,08:00,17:00,20,27,3480
SE-413481,LUM-GQE,PR-3026,2026-05-05,08:00,17:00,20,27,4421
SE-413482,LUM-GQE,PR-3027,2026-05-05,08:00,17:00,30,18,5152
SE-413483,LUM-GQE,PR-3028,2026-05-05,08:00,17:00,20,27,4210
SE-413484,LUM-BFN,PR-3029,2026-05-05,08:00,17:00,30,18,4817
SE-413485,LUM-BFN,PR-3030,2026-05-05,08:00,17:00,30,18,2885
SE-413486,LUM-BFN,PR-3031,2026-05-05,08:00,17:00,30,18,3256
SE-413487,LUM-BFN,PR-3032,2026-05-05,08:00,17:00,30,18,2779
SE-413488,LUM-SAN,PR-3001,06/05/2026,08:00,17:00,20,27,4207
SE-413489,LUM-SAN,PR-3002,2026-05-06,08:00,17:00,30,18,5987
SE-413490,LUM-SAN,PR-3003,2026-05-06,08:00,17:00,20,27,3679
SE-413491,LUM-SAN,PR-3004,2026-05-06,08:00,17:00,20,27,4117
SE-413492,LUM-SAN,PR-3005,06/05/2026,08:00,17:00,20,27,4234
SE-413493,LUM-SAN,PR-3006,06/05/2026,08:00,17:00,30,18,3134
SE-413494,LUM-PTA,PR-3008,2026-05-06,08:00,17:00,20,27,3803
SE-413495,LUM-PTA,PR-3009,2026-05-06,08:00,17:00,25,21,8221
SE-413496,LUM-PTA,PR-3010,2026-05-06,08:00,17:00,30,18,5602
SE-413497,LUM-PTA,PR-3011,06/05/2026,08:00,17:00,20,27,4519
SE-413498,LUM-PTA,PR-3013,06/05/2026,08:00,17:00,30,18,5678
SE-413499,LUM-UMH,PR-3015,2026-05-06,08:00,17:00,30,18,4817
SE-413500,LUM-UMH,PR-3016,2026-05-06,08:00,17:00,30,18,3166
SE-413501,LUM-UMH,PR-3017,06/05/2026,08:00,17:00,25,21,7465
SE-413502,LUM-UMH,PR-3018,2026-05-06,08:00,17:00,20,27,3765
SE-413503,LUM-CLR,PR-3019,2026-05-06,08:00,17:00,20,27,4416
SE-413504,LUM-CLR,PR-3020,2026-05-06,08:00,17:00,30,18,3302
SE-413505,LUM-CLR,PR-3021,06/05/2026,08:00,17:00,20,27,4210
SE-413506,LUM-CLR,PR-3022,06/05/2026,08:00,17:00,20,27,4199
SE-413507,LUM-CLR,PR-3023,2026-05-06,08:00,17:00,20,27,3940
SE-413508,LUM-CLR,PR-3024,2026-05-06,08:00,17:00,20,27,4215
SE-413509,LUM-GQE,PR-3025,2026-05-06,08:00,17:00,20,27,3480
SE-413510,LUM-GQE,PR-3026,2026-05-06,08:00,17:00,20,27,4421
SE-413511,LUM-GQE,PR-3027,2026-05-06,08:00,17:00,30,18,5152
SE-413512,LUM-GQE,PR-3028,2026-05-06,08:00,17:00,20,27,4210
SE-413513,LUM-BFN,PR-3029,2026-05-06,08:00,17:00,30,18,4817
SE-413514,LUM-BFN,PR-3030,06/05/2026,08:00,17:00,30,18,2885
SE-413515,LUM-BFN,PR-3031,06/05/2026,08:00,17:00,30,18,3256
SE-413516,LUM-BFN,PR-3032,2026-05-06,08:00,17:00,30,18,2779
SE-413517,LUM-SAN,PR-3001,2026-05-07,08:00,17:00,20,27,4207
SE-413518,LUM-SAN,PR-3002,2026-05-07,08:00,17:00,30,18,5987
SE-413519,LUM-SAN,PR-3003,07/05/2026,08:00,17:00,20,27,3679
SE-413520,LUM-SAN,PR-3005,07/05/2026,08:00,17:00,20,27,4234
SE-413521,LUM-SAN,PR-3006,2026-05-07,08:00,17:00,30,18,3134
SE-413522,LUM-SAN,PR-3007,2026-05-07,08:00,17:00,45,12,6711
SE-413523,LUM-PTA,PR-3008,2026-05-07,08:00,17:00,20,27,3803
SE-413524,LUM-PTA,PR-3009,07/05/2026,08:00,17:00,25,21,8221
SE-413525,LUM-PTA,PR-3010,2026-05-07,08:00,17:00,30,18,5602
SE-413526,LUM-PTA,PR-3011,07/05/2026,08:00,17:00,20,27,4519
SE-413527,LUM-PTA,PR-3012,2026-05-07,08:00,17:00,20,27,4073
SE-413528,LUM-PTA,PR-3013,07/05/2026,08:00,17:00,30,18,5678
SE-413529,LUM-UMH,PR-3014,07/05/2026,08:00,17:00,20,27,3616
SE-413530,LUM-UMH,PR-3015,2026-05-07,08:00,17:00,30,18,4817
SE-413531,LUM-UMH,PR-3016,2026-05-07,08:00,17:00,30,18,3166
SE-413532,LUM-UMH,PR-3017,07/05/2026,08:00,17:00,25,21,7465
SE-413533,LUM-UMH,PR-3018,2026-05-07,08:00,17:00,20,27,3765
SE-413534,LUM-CLR,PR-3019,2026-05-07,08:00,17:00,20,27,4416
SE-413535,LUM-CLR,PR-3020,2026-05-07,08:00,17:00,30,18,3302
SE-413536,LUM-CLR,PR-3021,2026-05-07,08:00,17:00,20,27,4210
SE-413537,LUM-CLR,PR-3022,2026-05-07,08:00,17:00,20,27,4199
SE-413538,LUM-CLR,PR-3023,07/05/2026,08:00,17:00,20,27,3940
SE-413539,LUM-CLR,PR-3024,2026-05-07,08:00,17:00,20,27,4215
SE-413540,LUM-GQE,PR-3025,07/05/2026,08:00,17:00,20,27,3480
SE-413541,LUM-GQE,PR-3026,2026-05-07,08:00,17:00,20,27,4421
SE-413542,LUM-GQE,PR-3027,07/05/2026,08:00,17:00,30,18,5152
SE-413543,LUM-GQE,PR-3028,2026-05-07,08:00,17:00,20,27,4210
SE-413544,LUM-BFN,PR-3029,2026-05-07,08:00,17:00,30,18,4817
SE-413545,LUM-BFN,PR-3030,2026-05-07,08:00,17:00,30,18,2885
SE-413546,LUM-BFN,PR-3031,2026-05-07,08:00,17:00,30,18,3256
SE-413547,LUM-BFN,PR-3032,2026-05-07,08:00,17:00,30,18,2779
SE-413548,LUM-SAN,PR-3001,2026-05-08,08:00,17:00,20,27,4207
SE-413549,LUM-SAN,PR-3002,2026-05-08,08:00,17:00,30,18,5987
SE-413550,LUM-SAN,PR-3003,2026-05-08,08:00,17:00,20,27,3679
SE-413551,LUM-SAN,PR-3005,2026-05-08,08:00,17:00,20,27,4234
SE-413552,LUM-SAN,PR-3006,2026-05-08,08:00,17:00,30,18,3134
SE-413553,LUM-SAN,PR-3007,2026-05-08,08:00,17:00,45,12,6711
SE-413554,LUM-PTA,PR-3008,2026-05-08,08:00,17:00,20,27,3803
SE-413555,LUM-PTA,PR-3009,08/05/2026,08:00,17:00,25,21,8221
SE-413556,LUM-PTA,PR-3010,08/05/2026,08:00,17:00,30,18,5602
SE-413557,LUM-PTA,PR-3011,2026-05-08,08:00,17:00,20,27,4519
SE-413558,LUM-PTA,PR-3012,2026-05-08,08:00,17:00,20,27,4073
SE-413559,LUM-PTA,PR-3013,2026-05-08,08:00,17:00,30,18,5678
SE-413560,LUM-UMH,PR-3014,08/05/2026,08:00,17:00,20,27,3616
SE-413561,LUM-UMH,PR-3015,2026-05-08,08:00,17:00,30,18,4817
SE-413562,LUM-UMH,PR-3016,2026-05-08,08:00,17:00,30,18,3166
SE-413563,LUM-UMH,PR-3017,2026-05-08,08:00,17:00,25,21,7465
SE-413564,LUM-UMH,PR-3018,2026-05-08,08:00,17:00,20,27,3765
SE-413565,LUM-CLR,PR-3019,2026-05-08,08:00,17:00,20,27,4416
SE-413566,LUM-CLR,PR-3020,2026-05-08,08:00,17:00,30,18,3302
SE-413567,LUM-CLR,PR-3021,2026-05-08,08:00,17:00,20,27,4210
SE-413568,LUM-CLR,PR-3022,2026-05-08,08:00,17:00,20,27,4199
SE-413569,LUM-CLR,PR-3023,2026-05-08,08:00,17:00,20,27,3940
SE-413570,LUM-CLR,PR-3024,2026-05-08,08:00,17:00,20,27,4215
SE-413571,LUM-GQE,PR-3025,2026-05-08,08:00,17:00,20,27,3480
SE-413572,LUM-GQE,PR-3026,2026-05-08,08:00,17:00,20,27,4421
SE-413573,LUM-GQE,PR-3027,2026-05-08,08:00,17:00,30,18,5152
SE-413574,LUM-GQE,PR-3028,2026-05-08,08:00,17:00,20,27,4210
SE-413575,LUM-BFN,PR-3029,2026-05-08,08:00,17:00,30,18,4817
SE-413576,LUM-BFN,PR-3030,2026-05-08,08:00,17:00,30,18,2885
SE-413577,LUM-BFN,PR-3031,08/05/2026,08:00,17:00,30,18,3256
SE-413578,LUM-BFN,PR-3032,08/05/2026,08:00,17:00,30,18,2779
SE-413579,LUM-SAN,PR-3003,2026-05-09,08:00,13:00,20,15,2043.89
SE-413580,LUM-PTA,PR-3013,2026-05-09,08:00,13:00,30,10,3154.44
SE-413581,LUM-UMH,PR-3016,2026-05-09,08:00,13:00,30,10,1758.89
SE-413582,LUM-CLR,PR-3019,2026-05-09,08:00,13:00,20,15,2453.33
SE-413583,LUM-CLR,PR-3022,2026-05-09,08:00,13:00,20,15,2332.78
SE-413584,LUM-GQE,PR-3026,09/05/2026,08:00,13:00,20,15,2456.11
SE-413585,LUM-SAN,PR-3001,11/05/2026,08:00,17:00,20,27,4207
SE-413586,LUM-SAN,PR-3002,2026-05-11,08:00,17:00,30,18,5987
SE-413587,LUM-SAN,PR-3003,11/05/2026,08:00,17:00,20,27,3679
SE-413588,LUM-SAN,PR-3005,2026-05-11,08:00,17:00,20,27,4234
SE-413589,LUM-SAN,PR-3006,2026-05-11,08:00,17:00,30,18,3134
SE-413590,LUM-SAN,PR-3007,2026-05-11,08:00,17:00,45,12,6711
SE-413591,LUM-PTA,PR-3008,2026-05-11,08:00,17:00,20,27,3803
SE-413592,LUM-PTA,PR-3009,2026-05-11,08:00,17:00,25,21,8221
SE-413593,LUM-PTA,PR-3010,2026-05-11,08:00,17:00,30,18,5602
SE-413594,LUM-PTA,PR-3011,2026-05-11,08:00,17:00,20,27,4519
SE-413595,LUM-PTA,PR-3012,2026-05-11,08:00,17:00,20,27,4073
SE-413596,LUM-PTA,PR-3013,2026-05-11,08:00,17:00,30,18,5678
SE-413597,LUM-UMH,PR-3014,11/05/2026,08:00,17:00,20,27,3616
SE-413598,LUM-UMH,PR-3015,2026-05-11,08:00,17:00,30,18,4817
SE-413599,LUM-UMH,PR-3016,11/05/2026,08:00,17:00,30,18,3166
SE-413600,LUM-UMH,PR-3017,2026-05-11,08:00,17:00,25,21,7465
SE-413601,LUM-UMH,PR-3018,11/05/2026,08:00,17:00,20,27,3765
SE-413602,LUM-CLR,PR-3019,2026-05-11,08:00,17:00,20,27,4416
SE-413603,LUM-CLR,PR-3020,2026-05-11,08:00,17:00,30,18,3302
SE-413604,LUM-CLR,PR-3021,11/05/2026,08:00,17:00,20,27,4210
SE-413605,LUM-CLR,PR-3022,11/05/2026,08:00,17:00,20,27,4199
SE-413606,LUM-CLR,PR-3023,11/05/2026,08:00,17:00,20,27,3940
SE-413607,LUM-CLR,PR-3024,2026-05-11,08:00,17:00,20,27,4215
SE-413608,LUM-GQE,PR-3025,11/05/2026,08:00,17:00,20,27,3480
SE-413609,LUM-GQE,PR-3026,2026-05-11,08:00,17:00,20,27,4421
SE-413610,LUM-GQE,PR-3027,2026-05-11,08:00,17:00,30,18,5152
SE-413611,LUM-GQE,PR-3028,11/05/2026,08:00,17:00,20,27,4210
SE-413612,LUM-BFN,PR-3029,2026-05-11,08:00,17:00,30,18,4817
SE-413613,LUM-BFN,PR-3030,2026-05-11,08:00,17:00,30,18,2885
SE-413614,LUM-BFN,PR-3031,2026-05-11,08:00,17:00,30,18,3256
SE-413615,LUM-BFN,PR-3032,11/05/2026,08:00,17:00,30,18,2779
SE-413616,LUM-SAN,PR-3001,12/05/2026,08:00,17:00,20,27,4207
SE-413617,LUM-SAN,PR-3002,2026-05-12,08:00,17:00,30,18,5987
SE-413618,LUM-SAN,PR-3003,2026-05-12,08:00,17:00,20,27,3679
SE-413619,LUM-SAN,PR-3004,2026-05-12,08:00,17:00,20,27,4117
SE-413620,LUM-SAN,PR-3006,2026-05-12,08:00,17:00,30,18,3134
SE-413621,LUM-SAN,PR-3007,2026-05-12,08:00,17:00,45,12,6711
SE-413622,LUM-PTA,PR-3008,2026-05-12,08:00,17:00,20,27,3803
SE-413623,LUM-PTA,PR-3009,12/05/2026,08:00,17:00,25,21,8221
SE-413624,LUM-PTA,PR-3010,2026-05-12,08:00,17:00,30,18,5602
SE-413625,LUM-PTA,PR-3011,2026-05-12,08:00,17:00,20,27,4519
SE-413626,LUM-UMH,PR-3014,2026-05-12,08:00,17:00,20,27,3616
SE-413627,LUM-UMH,PR-3015,2026-05-12,08:00,17:00,30,18,4817
SE-413628,LUM-UMH,PR-3016,2026-05-12,08:00,17:00,30,18,3166
SE-413629,LUM-UMH,PR-3017,2026-05-12,08:00,17:00,25,21,7465
SE-413630,LUM-UMH,PR-3018,2026-05-12,08:00,17:00,20,27,3765
SE-413631,LUM-CLR,PR-3019,12/05/2026,08:00,17:00,20,27,4416
SE-413632,LUM-CLR,PR-3020,12/05/2026,08:00,17:00,30,18,3302
SE-413633,LUM-CLR,PR-3021,2026-05-12,08:00,17:00,20,27,4210
SE-413634,LUM-CLR,PR-3022,2026-05-12,08:00,17:00,20,27,4199
SE-413635,LUM-CLR,PR-3023,2026-05-12,08:00,17:00,20,27,3940
SE-413636,LUM-GQE,PR-3025,2026-05-12,08:00,17:00,20,27,3480
SE-413637,LUM-GQE,PR-3026,2026-05-12,08:00,17:00,20,27,4421
SE-413638,LUM-GQE,PR-3027,2026-05-12,08:00,17:00,30,18,5152
SE-413639,LUM-GQE,PR-3028,2026-05-12,08:00,17:00,20,27,4210
SE-413640,LUM-BFN,PR-3029,12/05/2026,08:00,17:00,30,18,4817
SE-413641,LUM-BFN,PR-3030,12/05/2026,08:00,17:00,30,18,2885
SE-413642,LUM-BFN,PR-3031,2026-05-12,08:00,17:00,30,18,3256
SE-413643,LUM-BFN,PR-3032,2026-05-12,08:00,17:00,30,18,2779
SE-413644,LUM-SAN,PR-3002,2026-05-13,08:00,17:00,30,18,5987
SE-413645,LUM-SAN,PR-3003,2026-05-13,08:00,17:00,20,27,3679
SE-413646,LUM-SAN,PR-3005,13/05/2026,08:00,17:00,20,27,4234
SE-413647,LUM-SAN,PR-3007,2026-05-13,08:00,17:00,45,12,6711
SE-413648,LUM-PTA,PR-3008,13/05/2026,08:00,17:00,20,27,3803
SE-413649,LUM-PTA,PR-3009,2026-05-13,08:00,17:00,25,21,8221
SE-413650,LUM-PTA,PR-3011,13/05/2026,08:00,17:00,20,27,4519
SE-413651,LUM-PTA,PR-3012,13/05/2026,08:00,17:00,20,27,4073
SE-413652,LUM-PTA,PR-3013,2026-05-13,08:00,17:00,30,18,5678
SE-413653,LUM-UMH,PR-3014,2026-05-13,08:00,17:00,20,27,3616
SE-413654,LUM-UMH,PR-3015,2026-05-13,08:00,17:00,30,18,4817
SE-413655,LUM-UMH,PR-3016,2026-05-13,08:00,17:00,30,18,3166
SE-413656,LUM-UMH,PR-3017,2026-05-13,08:00,17:00,25,21,7465
SE-413657,LUM-UMH,PR-3018,2026-05-13,08:00,17:00,20,27,3765
SE-413658,LUM-CLR,PR-3019,2026-05-13,08:00,17:00,20,27,4416
SE-413659,LUM-CLR,PR-3020,2026-05-13,08:00,17:00,30,18,3302
SE-413660,LUM-CLR,PR-3021,2026-05-13,08:00,17:00,20,27,4210
SE-413661,LUM-CLR,PR-3022,2026-05-13,08:00,17:00,20,27,4199
SE-413662,LUM-CLR,PR-3023,2026-05-13,08:00,17:00,20,27,3940
SE-413663,LUM-CLR,PR-3024,2026-05-13,08:00,17:00,20,27,4215
SE-413664,LUM-GQE,PR-3025,2026-05-13,08:00,17:00,20,27,3480
SE-413665,LUM-GQE,PR-3027,13/05/2026,08:00,17:00,30,18,5152
SE-413666,LUM-GQE,PR-3028,2026-05-13,08:00,17:00,20,27,4210
SE-413667,LUM-BFN,PR-3029,13/05/2026,08:00,17:00,30,18,4817
SE-413668,LUM-BFN,PR-3030,13/05/2026,08:00,17:00,30,18,2885
SE-413669,LUM-BFN,PR-3032,2026-05-13,08:00,17:00,30,18,2779
SE-413670,LUM-SAN,PR-3001,14/05/2026,08:00,17:00,20,27,4207
SE-413671,LUM-SAN,PR-3002,2026-05-14,08:00,17:00,30,18,5987
SE-413672,LUM-SAN,PR-3003,2026-05-14,08:00,17:00,20,27,3679
SE-413673,LUM-SAN,PR-3004,2026-05-14,08:00,17:00,20,27,4117
SE-413674,LUM-SAN,PR-3005,2026-05-14,08:00,17:00,20,27,4234
SE-413675,LUM-SAN,PR-3006,2026-05-14,08:00,17:00,30,18,3134
SE-413676,LUM-SAN,PR-3007,14/05/2026,08:00,17:00,45,12,6711
SE-413677,LUM-PTA,PR-3008,2026-05-14,08:00,17:00,20,27,3803
SE-413678,LUM-PTA,PR-3009,2026-05-14,08:00,17:00,25,21,8221
SE-413679,LUM-PTA,PR-3010,2026-05-14,08:00,17:00,30,18,5602
SE-413680,LUM-PTA,PR-3011,14/05/2026,08:00,17:00,20,27,4519
SE-413681,LUM-PTA,PR-3012,2026-05-14,08:00,17:00,20,27,4073
SE-413682,LUM-UMH,PR-3014,14/05/2026,08:00,17:00,20,27,3616
SE-413683,LUM-UMH,PR-3016,2026-05-14,08:00,17:00,30,18,3166
SE-413684,LUM-UMH,PR-3017,2026-05-14,08:00,17:00,25,21,7465
SE-413685,LUM-UMH,PR-3018,2026-05-14,08:00,17:00,20,27,3765
SE-413686,LUM-CLR,PR-3019,2026-05-14,08:00,17:00,20,27,4416
SE-413687,LUM-CLR,PR-3020,2026-05-14,08:00,17:00,30,18,3302
SE-413688,LUM-CLR,PR-3021,2026-05-14,08:00,17:00,20,27,4210
SE-413689,LUM-CLR,PR-3022,2026-05-14,08:00,17:00,20,27,4199
SE-413690,LUM-CLR,PR-3023,2026-05-14,08:00,17:00,20,27,3940
SE-413691,LUM-CLR,PR-3024,2026-05-14,08:00,17:00,20,27,4215
SE-413692,LUM-GQE,PR-3025,2026-05-14,08:00,17:00,20,27,3480
SE-413693,LUM-GQE,PR-3026,14/05/2026,08:00,17:00,20,27,4421
SE-413694,LUM-GQE,PR-3028,2026-05-14,08:00,17:00,20,27,4210
SE-413695,LUM-BFN,PR-3029,2026-05-14,08:00,17:00,30,18,4817
SE-413696,LUM-BFN,PR-3030,2026-05-14,08:00,17:00,30,18,2885
SE-413697,LUM-BFN,PR-3031,2026-05-14,08:00,17:00,30,18,3256
SE-413698,LUM-BFN,PR-3032,2026-05-14,08:00,17:00,30,18,2779
SE-413699,LUM-SAN,PR-3001,2026-05-15,08:00,17:00,20,27,4207
SE-413700,LUM-SAN,PR-3002,15/05/2026,08:00,17:00,30,18,5987
SE-413701,LUM-SAN,PR-3003,2026-05-15,08:00,17:00,20,27,3679
SE-413702,LUM-SAN,PR-3004,2026-05-15,08:00,17:00,20,27,4117
SE-413703,LUM-SAN,PR-3005,15/05/2026,08:00,17:00,20,27,4234
SE-413704,LUM-SAN,PR-3006,2026-05-15,08:00,17:00,30,18,3134
SE-413705,LUM-SAN,PR-3007,2026-05-15,08:00,17:00,45,12,6711
SE-413706,LUM-PTA,PR-3008,2026-05-15,08:00,17:00,20,27,3803
SE-413707,LUM-PTA,PR-3009,2026-05-15,08:00,17:00,25,21,8221
SE-413708,LUM-PTA,PR-3010,2026-05-15,08:00,17:00,30,18,5602
SE-413709,LUM-PTA,PR-3011,2026-05-15,08:00,17:00,20,27,4519
SE-413710,LUM-PTA,PR-3012,2026-05-15,08:00,17:00,20,27,4073
SE-413711,LUM-PTA,PR-3013,2026-05-15,08:00,17:00,30,18,5678
SE-413712,LUM-UMH,PR-3014,15/05/2026,08:00,17:00,20,27,3616
SE-413713,LUM-UMH,PR-3015,2026-05-15,08:00,17:00,30,18,4817
SE-413714,LUM-UMH,PR-3016,2026-05-15,08:00,17:00,30,18,3166
SE-413715,LUM-UMH,PR-3017,2026-05-15,08:00,17:00,25,21,7465
SE-413716,LUM-UMH,PR-3018,15/05/2026,08:00,17:00,20,27,3765
SE-413717,LUM-CLR,PR-3019,2026-05-15,08:00,17:00,20,27,4416
SE-413718,LUM-CLR,PR-3020,15/05/2026,08:00,17:00,30,18,3302
SE-413719,LUM-CLR,PR-3021,2026-05-15,08:00,17:00,20,27,4210
SE-413720,LUM-CLR,PR-3022,15/05/2026,08:00,17:00,20,27,4199
SE-413721,LUM-CLR,PR-3023,2026-05-15,08:00,17:00,20,27,3940
SE-413722,LUM-CLR,PR-3024,2026-05-15,08:00,17:00,20,27,4215
SE-413723,LUM-GQE,PR-3025,2026-05-15,08:00,17:00,20,27,3480
SE-413724,LUM-GQE,PR-3026,2026-05-15,08:00,17:00,20,27,4421
SE-413725,LUM-GQE,PR-3027,15/05/2026,08:00,17:00,30,18,5152
SE-413726,LUM-GQE,PR-3028,2026-05-15,08:00,17:00,20,27,4210
SE-413727,LUM-BFN,PR-3029,15/05/2026,08:00,17:00,30,18,4817
SE-413728,LUM-BFN,PR-3030,2026-05-15,08:00,17:00,30,18,2885
SE-413729,LUM-BFN,PR-3031,2026-05-15,08:00,17:00,30,18,3256
SE-413730,LUM-BFN,PR-3032,2026-05-15,08:00,17:00,30,18,2779
SE-413731,LUM-SAN,PR-3003,2026-05-16,08:00,13:00,20,15,2043.89
SE-413732,LUM-SAN,PR-3005,2026-05-16,08:00,13:00,20,15,2352.22
SE-413733,LUM-PTA,PR-3008,2026-05-16,08:00,13:00,20,15,2112.78
SE-413734,LUM-PTA,PR-3009,2026-05-16,08:00,13:00,25,12,4567.22
SE-413735,LUM-PTA,PR-3012,16/05/2026,08:00,13:00,20,15,2262.78
SE-413736,LUM-PTA,PR-3013,2026-05-16,08:00,13:00,30,10,3154.44
SE-413737,LUM-UMH,PR-3014,2026-05-16,08:00,13:00,20,15,2008.89
SE-413738,LUM-UMH,PR-3018,16/05/2026,08:00,13:00,20,15,2091.67
SE-413739,LUM-CLR,PR-3019,16/05/2026,08:00,13:00,20,15,2453.33
SE-413740,LUM-CLR,PR-3020,16/05/2026,08:00,13:00,30,10,1834.44
SE-413741,LUM-CLR,PR-3021,16/05/2026,08:00,13:00,20,15,2338.89
SE-413742,LUM-GQE,PR-3026,16/05/2026,08:00,13:00,20,15,2456.11
SE-413743,LUM-BFN,PR-3029,2026-05-16,08:00,13:00,30,10,2676.11
SE-413744,LUM-BFN,PR-3030,2026-05-16,08:00,13:00,30,10,1602.78
SE-413745,LUM-BFN,PR-3032,2026-05-16,08:00,13:00,30,10,1543.89
SE-413746,LUM-SAN,PR-3002,2026-05-18,08:00,17:00,30,18,5987
SE-413747,LUM-SAN,PR-3003,2026-05-18,08:00,17:00,20,27,3679
SE-413748,LUM-SAN,PR-3004,2026-05-18,08:00,17:00,20,27,4117
SE-413749,LUM-SAN,PR-3005,2026-05-18,08:00,17:00,20,27,4234
SE-413750,LUM-SAN,PR-3006,2026-05-18,08:00,17:00,30,18,3134
SE-413751,LUM-SAN,PR-3007,2026-05-18,08:00,17:00,45,12,6711
SE-413752,LUM-PTA,PR-3008,2026-05-18,08:00,17:00,20,27,3803
SE-413753,LUM-PTA,PR-3009,18/05/2026,08:00,17:00,25,21,8221
SE-413754,LUM-PTA,PR-3010,2026-05-18,08:00,17:00,30,18,5602
SE-413755,LUM-PTA,PR-3011,18/05/2026,08:00,17:00,20,27,4519
SE-413756,LUM-PTA,PR-3012,2026-05-18,08:00,17:00,20,27,4073
SE-413757,LUM-PTA,PR-3013,2026-05-18,08:00,17:00,30,18,5678
SE-413758,LUM-UMH,PR-3014,18/05/2026,08:00,17:00,20,27,3616
SE-413759,LUM-UMH,PR-3015,2026-05-18,08:00,17:00,30,18,4817
SE-413760,LUM-UMH,PR-3018,2026-05-18,08:00,17:00,20,27,3765
SE-413761,LUM-CLR,PR-3019,18/05/2026,08:00,17:00,20,27,4416
SE-413762,LUM-CLR,PR-3020,18/05/2026,08:00,17:00,30,18,3302
SE-413763,LUM-CLR,PR-3021,2026-05-18,08:00,17:00,20,27,4210
SE-413764,LUM-CLR,PR-3024,2026-05-18,08:00,17:00,20,27,4215
SE-413765,LUM-GQE,PR-3025,18/05/2026,08:00,17:00,20,27,3480
SE-413766,LUM-GQE,PR-3026,2026-05-18,08:00,17:00,20,27,4421
SE-413767,LUM-GQE,PR-3027,2026-05-18,08:00,17:00,30,18,5152
SE-413768,LUM-GQE,PR-3028,2026-05-18,08:00,17:00,20,27,4210
SE-413769,LUM-BFN,PR-3029,2026-05-18,08:00,17:00,30,18,4817
SE-413770,LUM-BFN,PR-3030,2026-05-18,08:00,17:00,30,18,2885
SE-413771,LUM-BFN,PR-3031,2026-05-18,08:00,17:00,30,18,3256
SE-413772,LUM-BFN,PR-3032,18/05/2026,08:00,17:00,30,18,2779
SE-413773,LUM-SAN,PR-3001,2026-05-19,08:00,17:00,20,27,4207
SE-413774,LUM-SAN,PR-3002,2026-05-19,08:00,17:00,30,18,5987
SE-413775,LUM-SAN,PR-3003,19/05/2026,08:00,17:00,20,27,3679
SE-413776,LUM-SAN,PR-3004,2026-05-19,08:00,17:00,20,27,4117
SE-413777,LUM-SAN,PR-3005,2026-05-19,08:00,17:00,20,27,4234
SE-413778,LUM-SAN,PR-3006,19/05/2026,08:00,17:00,30,18,3134
SE-413779,LUM-SAN,PR-3007,2026-05-19,08:00,17:00,45,12,6711
SE-413780,LUM-PTA,PR-3008,2026-05-19,08:00,17:00,20,27,3803
SE-413781,LUM-PTA,PR-3009,2026-05-19,08:00,17:00,25,21,8221
SE-413782,LUM-PTA,PR-3010,19/05/2026,08:00,17:00,30,18,5602
SE-413783,LUM-PTA,PR-3011,2026-05-19,08:00,17:00,20,27,4519
SE-413784,LUM-PTA,PR-3012,19/05/2026,08:00,17:00,20,27,4073
SE-413785,LUM-PTA,PR-3013,19/05/2026,08:00,17:00,30,18,5678
SE-413786,LUM-UMH,PR-3014,2026-05-19,08:00,17:00,20,27,3616
SE-413787,LUM-UMH,PR-3015,2026-05-19,08:00,17:00,30,18,4817
SE-413788,LUM-UMH,PR-3016,19/05/2026,08:00,17:00,30,18,3166
SE-413789,LUM-UMH,PR-3017,19/05/2026,08:00,17:00,25,21,7465
SE-413790,LUM-UMH,PR-3018,19/05/2026,08:00,17:00,20,27,3765
SE-413791,LUM-CLR,PR-3019,2026-05-19,08:00,17:00,20,27,4416
SE-413792,LUM-CLR,PR-3020,2026-05-19,08:00,17:00,30,18,3302
SE-413793,LUM-CLR,PR-3021,2026-05-19,08:00,17:00,20,27,4210
SE-413794,LUM-CLR,PR-3022,2026-05-19,08:00,17:00,20,27,4199
SE-413795,LUM-CLR,PR-3023,2026-05-19,08:00,17:00,20,27,3940
SE-413796,LUM-CLR,PR-3024,2026-05-19,08:00,17:00,20,27,4215
SE-413797,LUM-GQE,PR-3025,2026-05-19,08:00,17:00,20,27,3480
SE-413798,LUM-GQE,PR-3026,2026-05-19,08:00,17:00,20,27,4421
SE-413799,LUM-GQE,PR-3027,19/05/2026,08:00,17:00,30,18,5152
SE-413800,LUM-GQE,PR-3028,2026-05-19,08:00,17:00,20,27,4210
SE-413801,LUM-BFN,PR-3029,2026-05-19,08:00,17:00,30,18,4817
SE-413802,LUM-BFN,PR-3030,19/05/2026,08:00,17:00,30,18,2885
SE-413803,LUM-BFN,PR-3032,2026-05-19,08:00,17:00,30,18,2779
SE-413804,LUM-SAN,PR-3001,20/05/2026,08:00,17:00,20,27,4207
SE-413805,LUM-SAN,PR-3002,2026-05-20,08:00,17:00,30,18,5987
SE-413806,LUM-SAN,PR-3003,20/05/2026,08:00,17:00,20,27,3679
SE-413807,LUM-SAN,PR-3004,2026-05-20,08:00,17:00,20,27,4117
SE-413808,LUM-SAN,PR-3005,20/05/2026,08:00,17:00,20,27,4234
SE-413809,LUM-PTA,PR-3008,20/05/2026,08:00,17:00,20,27,3803
SE-413810,LUM-PTA,PR-3009,2026-05-20,08:00,17:00,25,21,8221
SE-413811,LUM-PTA,PR-3010,2026-05-20,08:00,17:00,30,18,5602
SE-413812,LUM-PTA,PR-3011,2026-05-20,08:00,17:00,20,27,4519
SE-413813,LUM-PTA,PR-3012,2026-05-20,08:00,17:00,20,27,4073
SE-413814,LUM-PTA,PR-3013,2026-05-20,08:00,17:00,30,18,5678
SE-413815,LUM-UMH,PR-3014,2026-05-20,08:00,17:00,20,27,3616
SE-413816,LUM-UMH,PR-3015,2026-05-20,08:00,17:00,30,18,4817
SE-413817,LUM-UMH,PR-3016,2026-05-20,08:00,17:00,30,18,3166
SE-413818,LUM-UMH,PR-3017,2026-05-20,08:00,17:00,25,21,7465
SE-413819,LUM-UMH,PR-3018,20/05/2026,08:00,17:00,20,27,3765
SE-413820,LUM-CLR,PR-3019,2026-05-20,08:00,17:00,20,27,4416
SE-413821,LUM-CLR,PR-3020,20/05/2026,08:00,17:00,30,18,3302
SE-413822,LUM-CLR,PR-3021,20/05/2026,08:00,17:00,20,27,4210
SE-413823,LUM-CLR,PR-3022,20/05/2026,08:00,17:00,20,27,4199
SE-413824,LUM-CLR,PR-3023,2026-05-20,08:00,17:00,20,27,3940
SE-413825,LUM-CLR,PR-3024,2026-05-20,08:00,17:00,20,27,4215
SE-413826,LUM-GQE,PR-3025,20/05/2026,08:00,17:00,20,27,3480
SE-413827,LUM-GQE,PR-3026,2026-05-20,08:00,17:00,20,27,4421
SE-413828,LUM-GQE,PR-3028,20/05/2026,08:00,17:00,20,27,4210
SE-413829,LUM-BFN,PR-3029,2026-05-20,08:00,17:00,30,18,4817
SE-413830,LUM-BFN,PR-3030,2026-05-20,08:00,17:00,30,18,2885
SE-413831,LUM-BFN,PR-3031,2026-05-20,08:00,17:00,30,18,3256
SE-413832,LUM-BFN,PR-3032,2026-05-20,08:00,17:00,30,18,2779
SE-413833,LUM-SAN,PR-3001,2026-05-21,08:00,17:00,20,27,4207
SE-413834,LUM-SAN,PR-3002,2026-05-21,08:00,17:00,30,18,5987
SE-413835,LUM-SAN,PR-3003,2026-05-21,08:00,17:00,20,27,3679
SE-413836,LUM-SAN,PR-3006,21/05/2026,08:00,17:00,30,18,3134
SE-413837,LUM-SAN,PR-3007,2026-05-21,08:00,17:00,45,12,6711
SE-413838,LUM-PTA,PR-3008,2026-05-21,08:00,17:00,20,27,3803
SE-413839,LUM-PTA,PR-3009,2026-05-21,08:00,17:00,25,21,8221
SE-413840,LUM-PTA,PR-3010,2026-05-21,08:00,17:00,30,18,5602
SE-413841,LUM-PTA,PR-3011,2026-05-21,08:00,17:00,20,27,4519
SE-413842,LUM-PTA,PR-3012,2026-05-21,08:00,17:00,20,27,4073
SE-413843,LUM-PTA,PR-3013,2026-05-21,08:00,17:00,30,18,5678
SE-413844,LUM-UMH,PR-3014,2026-05-21,08:00,17:00,20,27,3616
SE-413845,LUM-UMH,PR-3015,2026-05-21,08:00,17:00,30,18,4817
SE-413846,LUM-UMH,PR-3016,2026-05-21,08:00,17:00,30,18,3166
SE-413847,LUM-UMH,PR-3017,21/05/2026,08:00,17:00,25,21,7465
SE-413848,LUM-UMH,PR-3018,21/05/2026,08:00,17:00,20,27,3765
SE-413849,LUM-CLR,PR-3019,2026-05-21,08:00,17:00,20,27,4416
SE-413850,LUM-CLR,PR-3020,2026-05-21,08:00,17:00,30,18,3302
SE-413851,LUM-CLR,PR-3021,2026-05-21,08:00,17:00,20,27,4210
SE-413852,LUM-CLR,PR-3022,2026-05-21,08:00,17:00,20,27,4199
SE-413853,LUM-CLR,PR-3023,21/05/2026,08:00,17:00,20,27,3940
SE-413854,LUM-CLR,PR-3024,21/05/2026,08:00,17:00,20,27,4215
SE-413855,LUM-GQE,PR-3025,2026-05-21,08:00,17:00,20,27,3480
SE-413856,LUM-GQE,PR-3027,2026-05-21,08:00,17:00,30,18,5152
SE-413857,LUM-GQE,PR-3028,2026-05-21,08:00,17:00,20,27,4210
SE-413858,LUM-BFN,PR-3030,2026-05-21,08:00,17:00,30,18,2885
SE-413859,LUM-BFN,PR-3031,2026-05-21,08:00,17:00,30,18,3256
SE-413860,LUM-BFN,PR-3032,2026-05-21,08:00,17:00,30,18,2779
SE-413861,LUM-SAN,PR-3001,22/05/2026,08:00,17:00,20,27,4207
SE-413862,LUM-SAN,PR-3002,2026-05-22,08:00,17:00,30,18,5987
SE-413863,LUM-SAN,PR-3003,22/05/2026,08:00,17:00,20,27,3679
SE-413864,LUM-SAN,PR-3004,2026-05-22,08:00,17:00,20,27,4117
SE-413865,LUM-SAN,PR-3005,22/05/2026,08:00,17:00,20,27,4234
SE-413866,LUM-SAN,PR-3007,2026-05-22,08:00,17:00,45,12,6711
SE-413867,LUM-PTA,PR-3009,22/05/2026,08:00,17:00,25,21,8221
SE-413868,LUM-PTA,PR-3010,22/05/2026,08:00,17:00,30,18,5602
SE-413869,LUM-PTA,PR-3011,2026-05-22,08:00,17:00,20,27,4519
SE-413870,LUM-PTA,PR-3012,2026-05-22,08:00,17:00,20,27,4073
SE-413871,LUM-PTA,PR-3013,2026-05-22,08:00,17:00,30,18,5678
SE-413872,LUM-UMH,PR-3014,2026-05-22,08:00,17:00,20,27,3616
SE-413873,LUM-UMH,PR-3015,2026-05-22,08:00,17:00,30,18,4817
SE-413874,LUM-UMH,PR-3016,2026-05-22,08:00,17:00,30,18,3166
SE-413875,LUM-UMH,PR-3017,22/05/2026,08:00,17:00,25,21,7465
SE-413876,LUM-UMH,PR-3018,2026-05-22,08:00,17:00,20,27,3765
SE-413877,LUM-CLR,PR-3019,2026-05-22,08:00,17:00,20,27,4416
SE-413878,LUM-CLR,PR-3020,22/05/2026,08:00,17:00,30,18,3302
SE-413879,LUM-CLR,PR-3021,22/05/2026,08:00,17:00,20,27,4210
SE-413880,LUM-CLR,PR-3023,22/05/2026,08:00,17:00,20,27,3940
SE-413881,LUM-CLR,PR-3024,2026-05-22,08:00,17:00,20,27,4215
SE-413882,LUM-GQE,PR-3025,2026-05-22,08:00,17:00,20,27,3480
SE-413883,LUM-GQE,PR-3027,2026-05-22,08:00,17:00,30,18,5152
SE-413884,LUM-GQE,PR-3028,2026-05-22,08:00,17:00,20,27,4210
SE-413885,LUM-BFN,PR-3029,2026-05-22,08:00,17:00,30,18,4817
SE-413886,LUM-BFN,PR-3030,2026-05-22,08:00,17:00,30,18,2885
SE-413887,LUM-BFN,PR-3031,2026-05-22,08:00,17:00,30,18,3256
SE-413888,LUM-BFN,PR-3032,2026-05-22,08:00,17:00,30,18,2779
SE-413889,LUM-PTA,PR-3008,23/05/2026,08:00,13:00,20,15,2112.78
SE-413890,LUM-UMH,PR-3014,2026-05-23,08:00,13:00,20,15,2008.89
SE-413891,LUM-UMH,PR-3016,2026-05-23,08:00,13:00,30,10,1758.89
SE-413892,LUM-CLR,PR-3019,2026-05-23,08:00,13:00,20,15,2453.33
SE-413893,LUM-CLR,PR-3021,2026-05-23,08:00,13:00,20,15,2338.89
SE-413894,LUM-CLR,PR-3024,2026-05-23,08:00,13:00,20,15,2341.67
SE-413895,LUM-GQE,PR-3025,2026-05-23,08:00,13:00,20,15,1933.33
SE-413896,LUM-GQE,PR-3027,2026-05-23,08:00,13:00,30,10,2862.22
SE-413897,LUM-GQE,PR-3028,2026-05-23,08:00,13:00,20,15,2338.89
SE-413898,LUM-SAN,PR-3001,25/05/2026,08:00,17:00,20,27,4207
SE-413899,LUM-SAN,PR-3002,2026-05-25,08:00,17:00,30,18,5987
SE-413900,LUM-SAN,PR-3003,2026-05-25,08:00,17:00,20,27,3679
SE-413901,LUM-SAN,PR-3004,25/05/2026,08:00,17:00,20,27,4117
SE-413902,LUM-SAN,PR-3005,2026-05-25,08:00,17:00,20,27,4234
SE-413903,LUM-SAN,PR-3006,2026-05-25,08:00,17:00,30,18,3134
SE-413904,LUM-SAN,PR-3007,25/05/2026,08:00,17:00,45,12,6711
SE-413905,LUM-PTA,PR-3008,2026-05-25,08:00,17:00,20,27,3803
SE-413906,LUM-PTA,PR-3009,2026-05-25,08:00,17:00,25,21,8221
SE-413907,LUM-PTA,PR-3010,2026-05-25,08:00,17:00,30,18,5602
SE-413908,LUM-PTA,PR-3011,2026-05-25,08:00,17:00,20,27,4519
SE-413909,LUM-PTA,PR-3012,2026-05-25,08:00,17:00,20,27,4073
SE-413910,LUM-PTA,PR-3013,2026-05-25,08:00,17:00,30,18,5678
SE-413911,LUM-UMH,PR-3014,2026-05-25,08:00,17:00,20,27,3616
SE-413912,LUM-UMH,PR-3017,2026-05-25,08:00,17:00,25,21,7465
SE-413913,LUM-UMH,PR-3018,2026-05-25,08:00,17:00,20,27,3765
SE-413914,LUM-CLR,PR-3019,2026-05-25,08:00,17:00,20,27,4416
SE-413915,LUM-CLR,PR-3020,2026-05-25,08:00,17:00,30,18,3302
SE-413916,LUM-CLR,PR-3021,2026-05-25,08:00,17:00,20,27,4210
SE-413917,LUM-CLR,PR-3022,2026-05-25,08:00,17:00,20,27,4199
SE-413918,LUM-CLR,PR-3023,25/05/2026,08:00,17:00,20,27,3940
SE-413919,LUM-GQE,PR-3025,2026-05-25,08:00,17:00,20,27,3480
SE-413920,LUM-GQE,PR-3026,2026-05-25,08:00,17:00,20,27,4421
SE-413921,LUM-GQE,PR-3027,2026-05-25,08:00,17:00,30,18,5152
SE-413922,LUM-GQE,PR-3028,2026-05-25,08:00,17:00,20,27,4210
SE-413923,LUM-BFN,PR-3029,25/05/2026,08:00,17:00,30,18,4817
SE-413924,LUM-BFN,PR-3030,2026-05-25,08:00,17:00,30,18,2885
SE-413925,LUM-BFN,PR-3032,2026-05-25,08:00,17:00,30,18,2779
SE-413926,LUM-SAN,PR-3001,2026-05-26,08:00,17:00,20,27,4207
SE-413927,LUM-SAN,PR-3002,2026-05-26,08:00,17:00,30,18,5987
SE-413928,LUM-SAN,PR-3003,2026-05-26,08:00,17:00,20,27,3679
SE-413929,LUM-SAN,PR-3004,2026-05-26,08:00,17:00,20,27,4117
SE-413930,LUM-SAN,PR-3005,26/05/2026,08:00,17:00,20,27,4234
SE-413931,LUM-SAN,PR-3006,2026-05-26,08:00,17:00,30,18,3134
SE-413932,LUM-PTA,PR-3008,26/05/2026,08:00,17:00,20,27,3803
SE-413933,LUM-PTA,PR-3009,2026-05-26,08:00,17:00,25,21,8221
SE-413934,LUM-PTA,PR-3010,2026-05-26,08:00,17:00,30,18,5602
SE-413935,LUM-PTA,PR-3011,26/05/2026,08:00,17:00,20,27,4519
SE-413936,LUM-UMH,PR-3015,2026-05-26,08:00,17:00,30,18,4817
SE-413937,LUM-UMH,PR-3016,2026-05-26,08:00,17:00,30,18,3166
SE-413938,LUM-UMH,PR-3017,2026-05-26,08:00,17:00,25,21,7465
SE-413939,LUM-CLR,PR-3019,26/05/2026,08:00,17:00,20,27,4416
SE-413940,LUM-CLR,PR-3020,2026-05-26,08:00,17:00,30,18,3302
SE-413941,LUM-CLR,PR-3021,26/05/2026,08:00,17:00,20,27,4210
SE-413942,LUM-CLR,PR-3023,26/05/2026,08:00,17:00,20,27,3940
SE-413943,LUM-CLR,PR-3024,2026-05-26,08:00,17:00,20,27,4215
SE-413944,LUM-GQE,PR-3025,2026-05-26,08:00,17:00,20,27,3480
SE-413945,LUM-GQE,PR-3026,2026-05-26,08:00,17:00,20,27,4421
SE-413946,LUM-GQE,PR-3027,2026-05-26,08:00,17:00,30,18,5152
SE-413947,LUM-GQE,PR-3028,26/05/2026,08:00,17:00,20,27,4210
SE-413948,LUM-BFN,PR-3029,2026-05-26,08:00,17:00,30,18,4817
SE-413949,LUM-BFN,PR-3030,2026-05-26,08:00,17:00,30,18,2885
SE-413950,LUM-BFN,PR-3031,2026-05-26,08:00,17:00,30,18,3256
SE-413951,LUM-BFN,PR-3032,2026-05-26,08:00,17:00,30,18,2779
SE-413952,LUM-SAN,PR-3002,2026-05-27,08:00,17:00,30,18,5987
SE-413953,LUM-SAN,PR-3003,2026-05-27,08:00,17:00,20,27,3679
SE-413954,LUM-SAN,PR-3004,2026-05-27,08:00,17:00,20,27,4117
SE-413955,LUM-SAN,PR-3005,27/05/2026,08:00,17:00,20,27,4234
SE-413956,LUM-SAN,PR-3006,2026-05-27,08:00,17:00,30,18,3134
SE-413957,LUM-SAN,PR-3007,27/05/2026,08:00,17:00,45,12,6711
SE-413958,LUM-PTA,PR-3008,2026-05-27,08:00,17:00,20,27,3803
SE-413959,LUM-PTA,PR-3009,2026-05-27,08:00,17:00,25,21,8221
SE-413960,LUM-PTA,PR-3010,27/05/2026,08:00,17:00,30,18,5602
SE-413961,LUM-PTA,PR-3012,2026-05-27,08:00,17:00,20,27,4073
SE-413962,LUM-PTA,PR-3013,2026-05-27,08:00,17:00,30,18,5678
SE-413963,LUM-UMH,PR-3014,27/05/2026,08:00,17:00,20,27,3616
SE-413964,LUM-UMH,PR-3015,27/05/2026,08:00,17:00,30,18,4817
SE-413965,LUM-UMH,PR-3016,27/05/2026,08:00,17:00,30,18,3166
SE-413966,LUM-UMH,PR-3017,2026-05-27,08:00,17:00,25,21,7465
SE-413967,LUM-UMH,PR-3018,27/05/2026,08:00,17:00,20,27,3765
SE-413968,LUM-CLR,PR-3020,2026-05-27,08:00,17:00,30,18,3302
SE-413969,LUM-CLR,PR-3021,2026-05-27,08:00,17:00,20,27,4210
SE-413970,LUM-CLR,PR-3022,2026-05-27,08:00,17:00,20,27,4199
SE-413971,LUM-CLR,PR-3023,2026-05-27,08:00,17:00,20,27,3940
SE-413972,LUM-CLR,PR-3024,2026-05-27,08:00,17:00,20,27,4215
SE-413973,LUM-GQE,PR-3025,2026-05-27,08:00,17:00,20,27,3480
SE-413974,LUM-GQE,PR-3027,2026-05-27,08:00,17:00,30,18,5152
SE-413975,LUM-BFN,PR-3029,2026-05-27,08:00,17:00,30,18,4817
SE-413976,LUM-BFN,PR-3030,2026-05-27,08:00,17:00,30,18,2885
SE-413977,LUM-BFN,PR-3031,2026-05-27,08:00,17:00,30,18,3256
SE-413978,LUM-SAN,PR-3001,2026-05-28,08:00,17:00,20,27,4207
SE-413979,LUM-SAN,PR-3004,28/05/2026,08:00,17:00,20,27,4117
SE-413980,LUM-SAN,PR-3005,2026-05-28,08:00,17:00,20,27,4234
SE-413981,LUM-SAN,PR-3006,2026-05-28,08:00,17:00,30,18,3134
SE-413982,LUM-SAN,PR-3007,2026-05-28,08:00,17:00,45,12,6711
SE-413983,LUM-PTA,PR-3009,28/05/2026,08:00,17:00,25,21,8221
SE-413984,LUM-PTA,PR-3010,2026-05-28,08:00,17:00,30,18,5602
SE-413985,LUM-PTA,PR-3011,2026-05-28,08:00,17:00,20,27,4519
SE-413986,LUM-PTA,PR-3012,2026-05-28,08:00,17:00,20,27,4073
SE-413987,LUM-PTA,PR-3013,2026-05-28,08:00,17:00,30,18,5678
SE-413988,LUM-UMH,PR-3014,2026-05-28,08:00,17:00,20,27,3616
SE-413989,LUM-UMH,PR-3015,2026-05-28,08:00,17:00,30,18,4817
SE-413990,LUM-UMH,PR-3016,2026-05-28,08:00,17:00,30,18,3166
SE-413991,LUM-UMH,PR-3017,2026-05-28,08:00,17:00,25,21,7465
SE-413992,LUM-UMH,PR-3018,2026-05-28,08:00,17:00,20,27,3765
SE-413993,LUM-CLR,PR-3019,28/05/2026,08:00,17:00,20,27,4416
SE-413994,LUM-CLR,PR-3020,28/05/2026,08:00,17:00,30,18,3302
SE-413995,LUM-CLR,PR-3021,2026-05-28,08:00,17:00,20,27,4210
SE-413996,LUM-GQE,PR-3025,28/05/2026,08:00,17:00,20,27,3480
SE-413997,LUM-GQE,PR-3027,2026-05-28,08:00,17:00,30,18,5152
SE-413998,LUM-GQE,PR-3028,2026-05-28,08:00,17:00,20,27,4210
SE-413999,LUM-BFN,PR-3029,2026-05-28,08:00,17:00,30,18,4817
SE-414000,LUM-BFN,PR-3030,2026-05-28,08:00,17:00,30,18,2885
SE-414001,LUM-BFN,PR-3031,2026-05-28,08:00,17:00,30,18,3256
SE-414002,LUM-SAN,PR-3001,2026-05-29,08:00,17:00,20,27,4207
SE-414003,LUM-SAN,PR-3002,2026-05-29,08:00,17:00,30,18,5987
SE-414004,LUM-SAN,PR-3003,2026-05-29,08:00,17:00,20,27,3679
SE-414005,LUM-SAN,PR-3004,2026-05-29,08:00,17:00,20,27,4117
SE-414006,LUM-SAN,PR-3006,2026-05-29,08:00,17:00,30,18,3134
SE-414007,LUM-SAN,PR-3007,2026-05-29,08:00,17:00,45,12,6711
SE-414008,LUM-PTA,PR-3008,29/05/2026,08:00,17:00,20,27,3803
SE-414009,LUM-PTA,PR-3009,2026-05-29,08:00,17:00,25,21,8221
SE-414010,LUM-PTA,PR-3010,29/05/2026,08:00,17:00,30,18,5602
SE-414011,LUM-PTA,PR-3011,2026-05-29,08:00,17:00,20,27,4519
SE-414012,LUM-PTA,PR-3013,2026-05-29,08:00,17:00,30,18,5678
SE-414013,LUM-UMH,PR-3014,2026-05-29,08:00,17:00,20,27,3616
SE-414014,LUM-UMH,PR-3015,29/05/2026,08:00,17:00,30,18,4817
SE-414015,LUM-UMH,PR-3016,2026-05-29,08:00,17:00,30,18,3166
SE-414016,LUM-UMH,PR-3017,2026-05-29,08:00,17:00,25,21,7465
SE-414017,LUM-UMH,PR-3018,29/05/2026,08:00,17:00,20,27,3765
SE-414018,LUM-CLR,PR-3019,29/05/2026,08:00,17:00,20,27,4416
SE-414019,LUM-CLR,PR-3021,29/05/2026,08:00,17:00,20,27,4210
SE-414020,LUM-CLR,PR-3022,2026-05-29,08:00,17:00,20,27,4199
SE-414021,LUM-CLR,PR-3023,29/05/2026,08:00,17:00,20,27,3940
SE-414022,LUM-CLR,PR-3024,2026-05-29,08:00,17:00,20,27,4215
SE-414023,LUM-GQE,PR-3025,2026-05-29,08:00,17:00,20,27,3480
SE-414024,LUM-GQE,PR-3027,2026-05-29,08:00,17:00,30,18,5152
SE-414025,LUM-GQE,PR-3028,2026-05-29,08:00,17:00,20,27,4210
SE-414026,LUM-BFN,PR-3030,2026-05-29,08:00,17:00,30,18,2885
SE-414027,LUM-BFN,PR-3031,2026-05-29,08:00,17:00,30,18,3256
SE-414028,LUM-BFN,PR-3032,2026-05-29,08:00,17:00,30,18,2779
SE-414029,LUM-SAN,PR-3003,30/05/2026,08:00,13:00,20,15,2043.89
SE-414030,LUM-SAN,PR-3006,30/05/2026,08:00,13:00,30,10,1741.11
SE-414031,LUM-PTA,PR-3010,2026-05-30,08:00,13:00,30,10,3112.22
SE-414032,LUM-PTA,PR-3011,2026-05-30,08:00,13:00,20,15,2510.56
SE-414033,LUM-UMH,PR-3015,2026-05-30,08:00,13:00,30,10,2676.11
SE-414034,LUM-CLR,PR-3021,30/05/2026,08:00,13:00,20,15,2338.89
SE-414035,LUM-GQE,PR-3026,2026-05-30,08:00,13:00,20,15,2456.11
SE-414036,LUM-BFN,PR-3032,30/05/2026,08:00,13:00,30,10,1543.89
SE-414037,LUM-SAN,PR-3001,2026-06-01,08:00,17:00,20,27,4207
SE-414038,LUM-SAN,PR-3002,2026-06-01,08:00,17:00,30,18,5987
SE-414039,LUM-SAN,PR-3003,2026-06-01,08:00,17:00,20,27,3679
SE-414040,LUM-SAN,PR-3004,01/06/2026,08:00,17:00,20,27,4117
SE-414041,LUM-SAN,PR-3005,2026-06-01,08:00,17:00,20,27,4234
SE-414042,LUM-SAN,PR-3006,2026-06-01,08:00,17:00,30,18,3134
SE-414043,LUM-SAN,PR-3007,2026-06-01,08:00,17:00,45,12,6711
SE-414044,LUM-PTA,PR-3008,01/06/2026,08:00,17:00,20,27,3803
SE-414045,LUM-PTA,PR-3009,2026-06-01,08:00,17:00,25,21,8221
SE-414046,LUM-PTA,PR-3010,01/06/2026,08:00,17:00,30,18,5602
SE-414047,LUM-PTA,PR-3011,01/06/2026,08:00,17:00,20,27,4519
SE-414048,LUM-PTA,PR-3012,01/06/2026,08:00,17:00,20,27,4073
SE-414049,LUM-PTA,PR-3013,2026-06-01,08:00,17:00,30,18,5678
SE-414050,LUM-UMH,PR-3015,2026-06-01,08:00,17:00,30,18,4817
SE-414051,LUM-UMH,PR-3016,01/06/2026,08:00,17:00,30,18,3166
SE-414052,LUM-UMH,PR-3017,2026-06-01,08:00,17:00,25,21,7465
SE-414053,LUM-UMH,PR-3018,2026-06-01,08:00,17:00,20,27,3765
SE-414054,LUM-CLR,PR-3019,2026-06-01,08:00,17:00,20,27,4416
SE-414055,LUM-CLR,PR-3020,01/06/2026,08:00,17:00,30,18,3302
SE-414056,LUM-CLR,PR-3022,2026-06-01,08:00,17:00,20,27,4199
SE-414057,LUM-CLR,PR-3023,2026-06-01,08:00,17:00,20,27,3940
SE-414058,LUM-CLR,PR-3024,2026-06-01,08:00,17:00,20,27,4215
SE-414059,LUM-GQE,PR-3025,2026-06-01,08:00,17:00,20,27,3480
SE-414060,LUM-GQE,PR-3026,2026-06-01,08:00,17:00,20,27,4421
SE-414061,LUM-GQE,PR-3027,2026-06-01,08:00,17:00,30,18,5152
SE-414062,LUM-GQE,PR-3028,2026-06-01,08:00,17:00,20,27,4210
SE-414063,LUM-BFN,PR-3029,01/06/2026,08:00,17:00,30,18,4817
SE-414064,LUM-BFN,PR-3030,2026-06-01,08:00,17:00,30,18,2885
SE-414065,LUM-BFN,PR-3031,2026-06-01,08:00,17:00,30,18,3256
SE-414066,LUM-BFN,PR-3032,2026-06-01,08:00,17:00,30,18,2779
SE-414067,LUM-SAN,PR-3001,2026-06-02,08:00,17:00,20,27,4207
SE-414068,LUM-SAN,PR-3002,2026-06-02,08:00,17:00,30,18,5987
SE-414069,LUM-SAN,PR-3003,2026-06-02,08:00,17:00,20,27,3679
SE-414070,LUM-SAN,PR-3004,2026-06-02,08:00,17:00,20,27,4117
SE-414071,LUM-SAN,PR-3005,2026-06-02,08:00,17:00,20,27,4234
SE-414072,LUM-SAN,PR-3006,2026-06-02,08:00,17:00,30,18,3134
SE-414073,LUM-SAN,PR-3007,2026-06-02,08:00,17:00,45,12,6711
SE-414074,LUM-PTA,PR-3008,2026-06-02,08:00,17:00,20,27,3803
SE-414075,LUM-PTA,PR-3009,02/06/2026,08:00,17:00,25,21,8221
SE-414076,LUM-PTA,PR-3010,2026-06-02,08:00,17:00,30,18,5602
SE-414077,LUM-PTA,PR-3012,2026-06-02,08:00,17:00,20,27,4073
SE-414078,LUM-PTA,PR-3013,2026-06-02,08:00,17:00,30,18,5678
SE-414079,LUM-UMH,PR-3014,02/06/2026,08:00,17:00,20,27,3616
SE-414080,LUM-UMH,PR-3015,2026-06-02,08:00,17:00,30,18,4817
SE-414081,LUM-UMH,PR-3016,02/06/2026,08:00,17:00,30,18,3166
SE-414082,LUM-UMH,PR-3017,2026-06-02,08:00,17:00,25,21,7465
SE-414083,LUM-CLR,PR-3019,2026-06-02,08:00,17:00,20,27,4416
SE-414084,LUM-CLR,PR-3020,02/06/2026,08:00,17:00,30,18,3302
SE-414085,LUM-CLR,PR-3021,2026-06-02,08:00,17:00,20,27,4210
SE-414086,LUM-CLR,PR-3022,2026-06-02,08:00,17:00,20,27,4199
SE-414087,LUM-CLR,PR-3023,02/06/2026,08:00,17:00,20,27,3940
SE-414088,LUM-GQE,PR-3025,2026-06-02,08:00,17:00,20,27,3480
SE-414089,LUM-GQE,PR-3028,02/06/2026,08:00,17:00,20,27,4210
SE-414090,LUM-BFN,PR-3029,02/06/2026,08:00,17:00,30,18,4817
SE-414091,LUM-BFN,PR-3030,02/06/2026,08:00,17:00,30,18,2885
SE-414092,LUM-BFN,PR-3031,2026-06-02,08:00,17:00,30,18,3256
SE-414093,LUM-BFN,PR-3032,2026-06-02,08:00,17:00,30,18,2779
SE-414094,LUM-SAN,PR-3001,2026-06-03,08:00,17:00,20,27,4207
SE-414095,LUM-SAN,PR-3002,2026-06-03,08:00,17:00,30,18,5987
SE-414096,LUM-SAN,PR-3003,03/06/2026,08:00,17:00,20,27,3679
SE-414097,LUM-SAN,PR-3004,03/06/2026,08:00,17:00,20,27,4117
SE-414098,LUM-SAN,PR-3005,03/06/2026,08:00,17:00,20,27,4234
SE-414099,LUM-SAN,PR-3006,2026-06-03,08:00,17:00,30,18,3134
SE-414100,LUM-SAN,PR-3007,2026-06-03,08:00,17:00,45,12,6711
SE-414101,LUM-PTA,PR-3008,03/06/2026,08:00,17:00,20,27,3803
SE-414102,LUM-PTA,PR-3009,2026-06-03,08:00,17:00,25,21,8221
SE-414103,LUM-PTA,PR-3010,2026-06-03,08:00,17:00,30,18,5602
SE-414104,LUM-PTA,PR-3011,2026-06-03,08:00,17:00,20,27,4519
SE-414105,LUM-PTA,PR-3012,2026-06-03,08:00,17:00,20,27,4073
SE-414106,LUM-PTA,PR-3013,2026-06-03,08:00,17:00,30,18,5678
SE-414107,LUM-UMH,PR-3014,2026-06-03,08:00,17:00,20,27,3616
SE-414108,LUM-UMH,PR-3015,2026-06-03,08:00,17:00,30,18,4817
SE-414109,LUM-UMH,PR-3016,2026-06-03,08:00,17:00,30,18,3166
SE-414110,LUM-UMH,PR-3017,03/06/2026,08:00,17:00,25,21,7465
SE-414111,LUM-UMH,PR-3018,2026-06-03,08:00,17:00,20,27,3765
SE-414112,LUM-CLR,PR-3019,2026-06-03,08:00,17:00,20,27,4416
SE-414113,LUM-CLR,PR-3020,2026-06-03,08:00,17:00,30,18,3302
SE-414114,LUM-CLR,PR-3021,03/06/2026,08:00,17:00,20,27,4210
SE-414115,LUM-CLR,PR-3022,03/06/2026,08:00,17:00,20,27,4199
SE-414116,LUM-CLR,PR-3024,2026-06-03,08:00,17:00,20,27,4215
SE-414117,LUM-GQE,PR-3025,2026-06-03,08:00,17:00,20,27,3480
SE-414118,LUM-GQE,PR-3026,2026-06-03,08:00,17:00,20,27,4421
SE-414119,LUM-GQE,PR-3027,03/06/2026,08:00,17:00,30,18,5152
SE-414120,LUM-GQE,PR-3028,2026-06-03,08:00,17:00,20,27,4210
SE-414121,LUM-BFN,PR-3029,2026-06-03,08:00,17:00,30,18,4817
SE-414122,LUM-BFN,PR-3030,2026-06-03,08:00,17:00,30,18,2885
SE-414123,LUM-BFN,PR-3031,2026-06-03,08:00,17:00,30,18,3256
SE-414124,LUM-BFN,PR-3032,2026-06-03,08:00,17:00,30,18,2779
SE-414125,LUM-SAN,PR-3001,04/06/2026,08:00,17:00,20,27,4207
SE-414126,LUM-SAN,PR-3002,2026-06-04,08:00,17:00,30,18,5987
SE-414127,LUM-SAN,PR-3003,2026-06-04,08:00,17:00,20,27,3679
SE-414128,LUM-SAN,PR-3004,2026-06-04,08:00,17:00,20,27,4117
SE-414129,LUM-SAN,PR-3005,2026-06-04,08:00,17:00,20,27,4234
SE-414130,LUM-SAN,PR-3006,04/06/2026,08:00,17:00,30,18,3134
SE-414131,LUM-SAN,PR-3007,04/06/2026,08:00,17:00,45,12,6711
SE-414132,LUM-PTA,PR-3008,2026-06-04,08:00,17:00,20,27,3803
SE-414133,LUM-PTA,PR-3009,2026-06-04,08:00,17:00,25,21,8221
SE-414134,LUM-PTA,PR-3010,2026-06-04,08:00,17:00,30,18,5602
SE-414135,LUM-PTA,PR-3011,2026-06-04,08:00,17:00,20,27,4519
SE-414136,LUM-PTA,PR-3012,2026-06-04,08:00,17:00,20,27,4073
SE-414137,LUM-PTA,PR-3013,2026-06-04,08:00,17:00,30,18,5678
SE-414138,LUM-UMH,PR-3014,2026-06-04,08:00,17:00,20,27,3616
SE-414139,LUM-UMH,PR-3016,2026-06-04,08:00,17:00,30,18,3166
SE-414140,LUM-UMH,PR-3017,04/06/2026,08:00,17:00,25,21,7465
SE-414141,LUM-UMH,PR-3018,2026-06-04,08:00,17:00,20,27,3765
SE-414142,LUM-CLR,PR-3019,2026-06-04,08:00,17:00,20,27,4416
SE-414143,LUM-CLR,PR-3020,2026-06-04,08:00,17:00,30,18,3302
SE-414144,LUM-CLR,PR-3021,2026-06-04,08:00,17:00,20,27,4210
SE-414145,LUM-CLR,PR-3022,2026-06-04,08:00,17:00,20,27,4199
SE-414146,LUM-CLR,PR-3023,2026-06-04,08:00,17:00,20,27,3940
SE-414147,LUM-CLR,PR-3024,04/06/2026,08:00,17:00,20,27,4215
SE-414148,LUM-GQE,PR-3025,2026-06-04,08:00,17:00,20,27,3480
SE-414149,LUM-GQE,PR-3026,2026-06-04,08:00,17:00,20,27,4421
SE-414150,LUM-GQE,PR-3027,2026-06-04,08:00,17:00,30,18,5152
SE-414151,LUM-GQE,PR-3028,2026-06-04,08:00,17:00,20,27,4210
SE-414152,LUM-BFN,PR-3029,2026-06-04,08:00,17:00,30,18,4817
SE-414153,LUM-BFN,PR-3030,2026-06-04,08:00,17:00,30,18,2885
SE-414154,LUM-SAN,PR-3001,05/06/2026,08:00,17:00,20,27,4207
SE-414155,LUM-SAN,PR-3002,2026-06-05,08:00,17:00,30,18,5987
SE-414156,LUM-SAN,PR-3003,2026-06-05,08:00,17:00,20,27,3679
SE-414157,LUM-SAN,PR-3004,2026-06-05,08:00,17:00,20,27,4117
SE-414158,LUM-SAN,PR-3005,05/06/2026,08:00,17:00,20,27,4234
SE-414159,LUM-SAN,PR-3006,2026-06-05,08:00,17:00,30,18,3134
SE-414160,LUM-SAN,PR-3007,2026-06-05,08:00,17:00,45,12,6711
SE-414161,LUM-PTA,PR-3008,2026-06-05,08:00,17:00,20,27,3803
SE-414162,LUM-PTA,PR-3009,2026-06-05,08:00,17:00,25,21,8221
SE-414163,LUM-PTA,PR-3010,2026-06-05,08:00,17:00,30,18,5602
SE-414164,LUM-PTA,PR-3011,05/06/2026,08:00,17:00,20,27,4519
SE-414165,LUM-PTA,PR-3012,2026-06-05,08:00,17:00,20,27,4073
SE-414166,LUM-UMH,PR-3015,2026-06-05,08:00,17:00,30,18,4817
SE-414167,LUM-UMH,PR-3017,2026-06-05,08:00,17:00,25,21,7465
SE-414168,LUM-UMH,PR-3018,2026-06-05,08:00,17:00,20,27,3765
SE-414169,LUM-CLR,PR-3019,2026-06-05,08:00,17:00,20,27,4416
SE-414170,LUM-CLR,PR-3020,2026-06-05,08:00,17:00,30,18,3302
SE-414171,LUM-CLR,PR-3021,2026-06-05,08:00,17:00,20,27,4210
SE-414172,LUM-CLR,PR-3022,2026-06-05,08:00,17:00,20,27,4199
SE-414173,LUM-CLR,PR-3023,2026-06-05,08:00,17:00,20,27,3940
SE-414174,LUM-CLR,PR-3024,2026-06-05,08:00,17:00,20,27,4215
SE-414175,LUM-GQE,PR-3025,2026-06-05,08:00,17:00,20,27,3480
SE-414176,LUM-GQE,PR-3026,05/06/2026,08:00,17:00,20,27,4421
SE-414177,LUM-GQE,PR-3027,2026-06-05,08:00,17:00,30,18,5152
SE-414178,LUM-GQE,PR-3028,05/06/2026,08:00,17:00,20,27,4210
SE-414179,LUM-BFN,PR-3029,2026-06-05,08:00,17:00,30,18,4817
SE-414180,LUM-BFN,PR-3030,2026-06-05,08:00,17:00,30,18,2885
SE-414181,LUM-BFN,PR-3031,2026-06-05,08:00,17:00,30,18,3256
SE-414182,LUM-SAN,PR-3001,2026-06-06,08:00,13:00,20,15,2337.22
SE-414183,LUM-SAN,PR-3003,06/06/2026,08:00,13:00,20,15,2043.89
SE-414184,LUM-SAN,PR-3006,2026-06-06,08:00,13:00,30,10,1741.11
SE-414185,LUM-SAN,PR-3007,06/06/2026,08:00,13:00,45,6,3728.33
SE-414186,LUM-PTA,PR-3008,06/06/2026,08:00,13:00,20,15,2112.78
SE-414187,LUM-PTA,PR-3009,2026-06-06,08:00,13:00,25,12,4567.22
SE-414188,LUM-PTA,PR-3012,2026-06-06,08:00,13:00,20,15,2262.78
SE-414189,LUM-UMH,PR-3015,2026-06-06,08:00,13:00,30,10,2676.11
SE-414190,LUM-UMH,PR-3017,2026-06-06,08:00,13:00,25,12,4147.22
SE-414191,LUM-UMH,PR-3018,06/06/2026,08:00,13:00,20,15,2091.67
SE-414192,LUM-CLR,PR-3024,06/06/2026,08:00,13:00,20,15,2341.67
SE-414193,LUM-GQE,PR-3026,2026-06-06,08:00,13:00,20,15,2456.11
SE-414194,LUM-GQE,PR-3028,2026-06-06,08:00,13:00,20,15,2338.89
SE-414195,LUM-BFN,PR-3031,2026-06-06,08:00,13:00,30,10,1808.89
SE-414196,LUM-SAN,PR-3002,2026-06-08,08:00,17:00,30,18,5987
SE-414197,LUM-SAN,PR-3003,2026-06-08,08:00,17:00,20,27,3679
SE-414198,LUM-SAN,PR-3004,2026-06-08,08:00,17:00,20,27,4117
SE-414199,LUM-SAN,PR-3005,08/06/2026,08:00,17:00,20,27,4234
SE-414200,LUM-SAN,PR-3006,2026-06-08,08:00,17:00,30,18,3134
SE-414201,LUM-SAN,PR-3007,2026-06-08,08:00,17:00,45,12,6711
SE-414202,LUM-PTA,PR-3008,2026-06-08,08:00,17:00,20,27,3803
SE-414203,LUM-PTA,PR-3009,08/06/2026,08:00,17:00,25,21,8221
SE-414204,LUM-PTA,PR-3010,2026-06-08,08:00,17:00,30,18,5602
SE-414205,LUM-PTA,PR-3011,08/06/2026,08:00,17:00,20,27,4519
SE-414206,LUM-PTA,PR-3012,08/06/2026,08:00,17:00,20,27,4073
SE-414207,LUM-PTA,PR-3013,08/06/2026,08:00,17:00,30,18,5678
SE-414208,LUM-UMH,PR-3015,2026-06-08,08:00,17:00,30,18,4817
SE-414209,LUM-UMH,PR-3016,2026-06-08,08:00,17:00,30,18,3166
SE-414210,LUM-UMH,PR-3018,2026-06-08,08:00,17:00,20,27,3765
SE-414211,LUM-CLR,PR-3019,2026-06-08,08:00,17:00,20,27,4416
SE-414212,LUM-CLR,PR-3020,08/06/2026,08:00,17:00,30,18,3302
SE-414213,LUM-CLR,PR-3021,2026-06-08,08:00,17:00,20,27,4210
SE-414214,LUM-CLR,PR-3022,2026-06-08,08:00,17:00,20,27,4199
SE-414215,LUM-CLR,PR-3023,2026-06-08,08:00,17:00,20,27,3940
SE-414216,LUM-CLR,PR-3024,2026-06-08,08:00,17:00,20,27,4215
SE-414217,LUM-GQE,PR-3025,2026-06-08,08:00,17:00,20,27,3480
SE-414218,LUM-GQE,PR-3026,2026-06-08,08:00,17:00,20,27,4421
SE-414219,LUM-GQE,PR-3027,2026-06-08,08:00,17:00,30,18,5152
SE-414220,LUM-GQE,PR-3028,2026-06-08,08:00,17:00,20,27,4210
SE-414221,LUM-BFN,PR-3029,2026-06-08,08:00,17:00,30,18,4817
SE-414222,LUM-BFN,PR-3030,2026-06-08,08:00,17:00,30,18,2885
SE-414223,LUM-BFN,PR-3031,2026-06-08,08:00,17:00,30,18,3256
SE-414224,LUM-BFN,PR-3032,2026-06-08,08:00,17:00,30,18,2779
SE-414225,LUM-SAN,PR-3002,09/06/2026,08:00,17:00,30,18,5987
SE-414226,LUM-SAN,PR-3003,2026-06-09,08:00,17:00,20,27,3679
SE-414227,LUM-SAN,PR-3004,2026-06-09,08:00,17:00,20,27,4117
SE-414228,LUM-SAN,PR-3005,09/06/2026,08:00,17:00,20,27,4234
SE-414229,LUM-SAN,PR-3006,2026-06-09,08:00,17:00,30,18,3134
SE-414230,LUM-SAN,PR-3007,2026-06-09,08:00,17:00,45,12,6711
SE-414231,LUM-PTA,PR-3008,2026-06-09,08:00,17:00,20,27,3803
SE-414232,LUM-PTA,PR-3009,2026-06-09,08:00,17:00,25,21,8221
SE-414233,LUM-PTA,PR-3010,2026-06-09,08:00,17:00,30,18,5602
SE-414234,LUM-PTA,PR-3011,2026-06-09,08:00,17:00,20,27,4519
SE-414235,LUM-UMH,PR-3015,2026-06-09,08:00,17:00,30,18,4817
SE-414236,LUM-UMH,PR-3016,2026-06-09,08:00,17:00,30,18,3166
SE-414237,LUM-UMH,PR-3018,09/06/2026,08:00,17:00,20,27,3765
SE-414238,LUM-CLR,PR-3019,2026-06-09,08:00,17:00,20,27,4416
SE-414239,LUM-CLR,PR-3020,2026-06-09,08:00,17:00,30,18,3302
SE-414240,LUM-CLR,PR-3021,2026-06-09,08:00,17:00,20,27,4210
SE-414241,LUM-CLR,PR-3022,2026-06-09,08:00,17:00,20,27,4199
SE-414242,LUM-CLR,PR-3023,2026-06-09,08:00,17:00,20,27,3940
SE-414243,LUM-CLR,PR-3024,2026-06-09,08:00,17:00,20,27,4215
SE-414244,LUM-GQE,PR-3025,2026-06-09,08:00,17:00,20,27,3480
SE-414245,LUM-GQE,PR-3027,2026-06-09,08:00,17:00,30,18,5152
SE-414246,LUM-GQE,PR-3028,2026-06-09,08:00,17:00,20,27,4210
SE-414247,LUM-BFN,PR-3029,09/06/2026,08:00,17:00,30,18,4817
SE-414248,LUM-BFN,PR-3031,2026-06-09,08:00,17:00,30,18,3256
SE-414249,LUM-BFN,PR-3032,2026-06-09,08:00,17:00,30,18,2779
SE-414250,LUM-SAN,PR-3001,2026-06-10,08:00,17:00,20,27,4207
SE-414251,LUM-SAN,PR-3002,2026-06-10,08:00,17:00,30,18,5987
SE-414252,LUM-SAN,PR-3003,2026-06-10,08:00,17:00,20,27,3679
SE-414253,LUM-SAN,PR-3004,10/06/2026,08:00,17:00,20,27,4117
SE-414254,LUM-SAN,PR-3005,2026-06-10,08:00,17:00,20,27,4234
SE-414255,LUM-SAN,PR-3006,2026-06-10,08:00,17:00,30,18,3134
SE-414256,LUM-SAN,PR-3007,2026-06-10,08:00,17:00,45,12,6711
SE-414257,LUM-PTA,PR-3008,2026-06-10,08:00,17:00,20,27,3803
SE-414258,LUM-PTA,PR-3009,10/06/2026,08:00,17:00,25,21,8221
SE-414259,LUM-PTA,PR-3010,10/06/2026,08:00,17:00,30,18,5602
SE-414260,LUM-PTA,PR-3011,2026-06-10,08:00,17:00,20,27,4519
SE-414261,LUM-PTA,PR-3012,2026-06-10,08:00,17:00,20,27,4073
SE-414262,LUM-PTA,PR-3013,2026-06-10,08:00,17:00,30,18,5678
SE-414263,LUM-UMH,PR-3014,2026-06-10,08:00,17:00,20,27,3616
SE-414264,LUM-UMH,PR-3015,2026-06-10,08:00,17:00,30,18,4817
SE-414265,LUM-UMH,PR-3016,2026-06-10,08:00,17:00,30,18,3166
SE-414266,LUM-UMH,PR-3017,10/06/2026,08:00,17:00,25,21,7465
SE-414267,LUM-UMH,PR-3018,2026-06-10,08:00,17:00,20,27,3765
SE-414268,LUM-CLR,PR-3019,2026-06-10,08:00,17:00,20,27,4416
SE-414269,LUM-CLR,PR-3020,2026-06-10,08:00,17:00,30,18,3302
SE-414270,LUM-CLR,PR-3021,2026-06-10,08:00,17:00,20,27,4210
SE-414271,LUM-CLR,PR-3023,2026-06-10,08:00,17:00,20,27,3940
SE-414272,LUM-CLR,PR-3024,2026-06-10,08:00,17:00,20,27,4215
SE-414273,LUM-GQE,PR-3025,2026-06-10,08:00,17:00,20,27,3480
SE-414274,LUM-GQE,PR-3026,10/06/2026,08:00,17:00,20,27,4421
SE-414275,LUM-GQE,PR-3027,2026-06-10,08:00,17:00,30,18,5152
SE-414276,LUM-GQE,PR-3028,2026-06-10,08:00,17:00,20,27,4210
SE-414277,LUM-BFN,PR-3029,2026-06-10,08:00,17:00,30,18,4817
SE-414278,LUM-BFN,PR-3030,10/06/2026,08:00,17:00,30,18,2885
SE-414279,LUM-BFN,PR-3031,10/06/2026,08:00,17:00,30,18,3256
SE-414280,LUM-BFN,PR-3032,2026-06-10,08:00,17:00,30,18,2779
SE-414281,LUM-SAN,PR-3001,11/06/2026,08:00,17:00,20,27,4207
SE-414282,LUM-SAN,PR-3002,11/06/2026,08:00,17:00,30,18,5987
SE-414283,LUM-SAN,PR-3003,11/06/2026,08:00,17:00,20,27,3679
SE-414284,LUM-SAN,PR-3004,2026-06-11,08:00,17:00,20,27,4117
SE-414285,LUM-SAN,PR-3005,11/06/2026,08:00,17:00,20,27,4234
SE-414286,LUM-SAN,PR-3006,2026-06-11,08:00,17:00,30,18,3134
SE-414287,LUM-SAN,PR-3007,11/06/2026,08:00,17:00,45,12,6711
SE-414288,LUM-PTA,PR-3008,2026-06-11,08:00,17:00,20,27,3803
SE-414289,LUM-PTA,PR-3009,2026-06-11,08:00,17:00,25,21,8221
SE-414290,LUM-PTA,PR-3011,2026-06-11,08:00,17:00,20,27,4519
SE-414291,LUM-PTA,PR-3013,11/06/2026,08:00,17:00,30,18,5678
SE-414292,LUM-UMH,PR-3014,2026-06-11,08:00,17:00,20,27,3616
SE-414293,LUM-UMH,PR-3015,11/06/2026,08:00,17:00,30,18,4817
SE-414294,LUM-UMH,PR-3016,2026-06-11,08:00,17:00,30,18,3166
SE-414295,LUM-UMH,PR-3017,11/06/2026,08:00,17:00,25,21,7465
SE-414296,LUM-UMH,PR-3018,2026-06-11,08:00,17:00,20,27,3765
SE-414297,LUM-CLR,PR-3019,2026-06-11,08:00,17:00,20,27,4416
SE-414298,LUM-CLR,PR-3021,11/06/2026,08:00,17:00,20,27,4210
SE-414299,LUM-CLR,PR-3022,2026-06-11,08:00,17:00,20,27,4199
SE-414300,LUM-CLR,PR-3023,2026-06-11,08:00,17:00,20,27,3940
SE-414301,LUM-CLR,PR-3024,11/06/2026,08:00,17:00,20,27,4215
SE-414302,LUM-GQE,PR-3025,11/06/2026,08:00,17:00,20,27,3480
SE-414303,LUM-GQE,PR-3027,2026-06-11,08:00,17:00,30,18,5152
SE-414304,LUM-GQE,PR-3028,2026-06-11,08:00,17:00,20,27,4210
SE-414305,LUM-BFN,PR-3030,2026-06-11,08:00,17:00,30,18,2885
SE-414306,LUM-BFN,PR-3031,2026-06-11,08:00,17:00,30,18,3256
SE-414307,LUM-BFN,PR-3032,2026-06-11,08:00,17:00,30,18,2779
SE-414308,LUM-SAN,PR-3001,2026-06-12,08:00,17:00,20,27,4207
SE-414309,LUM-SAN,PR-3002,2026-06-12,08:00,17:00,30,18,5987
SE-414310,LUM-SAN,PR-3003,2026-06-12,08:00,17:00,20,27,3679
SE-414311,LUM-SAN,PR-3004,2026-06-12,08:00,17:00,20,27,4117
SE-414312,LUM-SAN,PR-3005,2026-06-12,08:00,17:00,20,27,4234
SE-414313,LUM-SAN,PR-3007,2026-06-12,08:00,17:00,45,12,6711
SE-414314,LUM-PTA,PR-3008,12/06/2026,08:00,17:00,20,27,3803
SE-414315,LUM-PTA,PR-3010,2026-06-12,08:00,17:00,30,18,5602
SE-414316,LUM-PTA,PR-3011,12/06/2026,08:00,17:00,20,27,4519
SE-414317,LUM-PTA,PR-3012,12/06/2026,08:00,17:00,20,27,4073
SE-414318,LUM-PTA,PR-3013,2026-06-12,08:00,17:00,30,18,5678
SE-414319,LUM-UMH,PR-3014,2026-06-12,08:00,17:00,20,27,3616
SE-414320,LUM-UMH,PR-3015,2026-06-12,08:00,17:00,30,18,4817
SE-414321,LUM-UMH,PR-3016,2026-06-12,08:00,17:00,30,18,3166
SE-414322,LUM-UMH,PR-3017,2026-06-12,08:00,17:00,25,21,7465
SE-414323,LUM-CLR,PR-3019,2026-06-12,08:00,17:00,20,27,4416
SE-414324,LUM-CLR,PR-3020,2026-06-12,08:00,17:00,30,18,3302
SE-414325,LUM-CLR,PR-3021,2026-06-12,08:00,17:00,20,27,4210
SE-414326,LUM-CLR,PR-3022,12/06/2026,08:00,17:00,20,27,4199
SE-414327,LUM-CLR,PR-3023,2026-06-12,08:00,17:00,20,27,3940
SE-414328,LUM-CLR,PR-3024,2026-06-12,08:00,17:00,20,27,4215
SE-414329,LUM-GQE,PR-3025,2026-06-12,08:00,17:00,20,27,3480
SE-414330,LUM-GQE,PR-3027,2026-06-12,08:00,17:00,30,18,5152
SE-414331,LUM-GQE,PR-3028,2026-06-12,08:00,17:00,20,27,4210
SE-414332,LUM-BFN,PR-3029,2026-06-12,08:00,17:00,30,18,4817
SE-414333,LUM-BFN,PR-3030,12/06/2026,08:00,17:00,30,18,2885
SE-414334,LUM-BFN,PR-3032,2026-06-12,08:00,17:00,30,18,2779
SE-414335,LUM-SAN,PR-3002,13/06/2026,08:00,13:00,30,10,3326.11
SE-414336,LUM-SAN,PR-3007,2026-06-13,08:00,13:00,45,6,3728.33
SE-414337,LUM-PTA,PR-3008,13/06/2026,08:00,13:00,20,15,2112.78
SE-414338,LUM-PTA,PR-3011,13/06/2026,08:00,13:00,20,15,2510.56
SE-414339,LUM-UMH,PR-3014,2026-06-13,08:00,13:00,20,15,2008.89
SE-414340,LUM-UMH,PR-3017,13/06/2026,08:00,13:00,25,12,4147.22
SE-414341,LUM-UMH,PR-3018,2026-06-13,08:00,13:00,20,15,2091.67
SE-414342,LUM-CLR,PR-3020,2026-06-13,08:00,13:00,30,10,1834.44
SE-414343,LUM-CLR,PR-3021,2026-06-13,08:00,13:00,20,15,2338.89
SE-414344,LUM-GQE,PR-3028,13/06/2026,08:00,13:00,20,15,2338.89
SE-414345,LUM-BFN,PR-3031,2026-06-13,08:00,13:00,30,10,1808.89
SE-414346,LUM-SAN,PR-3001,2026-06-15,08:00,17:00,20,27,4207
SE-414347,LUM-SAN,PR-3002,15/06/2026,08:00,17:00,30,18,5987
SE-414348,LUM-SAN,PR-3003,15/06/2026,08:00,17:00,20,27,3679
SE-414349,LUM-SAN,PR-3004,15/06/2026,08:00,17:00,20,27,4117
SE-414350,LUM-SAN,PR-3005,2026-06-15,08:00,17:00,20,27,4234
SE-414351,LUM-SAN,PR-3006,15/06/2026,08:00,17:00,30,18,3134
SE-414352,LUM-SAN,PR-3007,2026-06-15,08:00,17:00,45,12,6711
SE-414353,LUM-PTA,PR-3008,15/06/2026,08:00,17:00,20,27,3803
SE-414354,LUM-PTA,PR-3009,15/06/2026,08:00,17:00,25,21,8221
SE-414355,LUM-PTA,PR-3012,2026-06-15,08:00,17:00,20,27,4073
SE-414356,LUM-PTA,PR-3013,2026-06-15,08:00,17:00,30,18,5678
SE-414357,LUM-UMH,PR-3014,2026-06-15,08:00,17:00,20,27,3616
SE-414358,LUM-UMH,PR-3015,2026-06-15,08:00,17:00,30,18,4817
SE-414359,LUM-UMH,PR-3017,2026-06-15,08:00,17:00,25,21,7465
SE-414360,LUM-UMH,PR-3018,15/06/2026,08:00,17:00,20,27,3765
SE-414361,LUM-CLR,PR-3019,2026-06-15,08:00,17:00,20,27,4416
SE-414362,LUM-CLR,PR-3020,2026-06-15,08:00,17:00,30,18,3302
SE-414363,LUM-CLR,PR-3021,15/06/2026,08:00,17:00,20,27,4210
SE-414364,LUM-CLR,PR-3022,2026-06-15,08:00,17:00,20,27,4199
SE-414365,LUM-CLR,PR-3023,2026-06-15,08:00,17:00,20,27,3940
SE-414366,LUM-CLR,PR-3024,15/06/2026,08:00,17:00,20,27,4215
SE-414367,LUM-GQE,PR-3026,2026-06-15,08:00,17:00,20,27,4421
SE-414368,LUM-GQE,PR-3027,2026-06-15,08:00,17:00,30,18,5152
SE-414369,LUM-BFN,PR-3029,2026-06-15,08:00,17:00,30,18,4817
SE-414370,LUM-BFN,PR-3030,15/06/2026,08:00,17:00,30,18,2885
SE-414371,LUM-BFN,PR-3031,15/06/2026,08:00,17:00,30,18,3256
SE-414372,LUM-BFN,PR-3032,2026-06-15,08:00,17:00,30,18,2779
SE-414373,LUM-SAN,PR-3001,2026-06-16,08:00,17:00,20,27,4207
SE-414374,LUM-SAN,PR-3002,16/06/2026,08:00,17:00,30,18,5987
SE-414375,LUM-SAN,PR-3003,16/06/2026,08:00,17:00,20,27,3679
SE-414376,LUM-SAN,PR-3005,2026-06-16,08:00,17:00,20,27,4234
SE-414377,LUM-SAN,PR-3006,2026-06-16,08:00,17:00,30,18,3134
SE-414378,LUM-SAN,PR-3007,16/06/2026,08:00,17:00,45,12,6711
SE-414379,LUM-PTA,PR-3008,2026-06-16,08:00,17:00,20,27,3803
SE-414380,LUM-PTA,PR-3009,2026-06-16,08:00,17:00,25,21,8221
SE-414381,LUM-PTA,PR-3010,2026-06-16,08:00,17:00,30,18,5602
SE-414382,LUM-PTA,PR-3011,16/06/2026,08:00,17:00,20,27,4519
SE-414383,LUM-PTA,PR-3012,16/06/2026,08:00,17:00,20,27,4073
SE-414384,LUM-PTA,PR-3013,2026-06-16,08:00,17:00,30,18,5678
SE-414385,LUM-UMH,PR-3014,16/06/2026,08:00,17:00,20,27,3616
SE-414386,LUM-UMH,PR-3016,2026-06-16,08:00,17:00,30,18,3166
SE-414387,LUM-UMH,PR-3017,2026-06-16,08:00,17:00,25,21,7465
SE-414388,LUM-CLR,PR-3019,2026-06-16,08:00,17:00,20,27,4416
SE-414389,LUM-CLR,PR-3020,16/06/2026,08:00,17:00,30,18,3302
SE-414390,LUM-CLR,PR-3021,16/06/2026,08:00,17:00,20,27,4210
SE-414391,LUM-CLR,PR-3022,2026-06-16,08:00,17:00,20,27,4199
SE-414392,LUM-CLR,PR-3023,2026-06-16,08:00,17:00,20,27,3940
SE-414393,LUM-CLR,PR-3024,2026-06-16,08:00,17:00,20,27,4215
SE-414394,LUM-GQE,PR-3026,2026-06-16,08:00,17:00,20,27,4421
SE-414395,LUM-GQE,PR-3027,16/06/2026,08:00,17:00,30,18,5152
SE-414396,LUM-GQE,PR-3028,2026-06-16,08:00,17:00,20,27,4210
SE-414397,LUM-BFN,PR-3029,2026-06-16,08:00,17:00,30,18,4817
SE-414398,LUM-BFN,PR-3030,2026-06-16,08:00,17:00,30,18,2885
SE-414399,LUM-BFN,PR-3031,2026-06-16,08:00,17:00,30,18,3256
SE-414400,LUM-BFN,PR-3032,16/06/2026,08:00,17:00,30,18,2779
SE-414401,LUM-SAN,PR-3001,17/06/2026,08:00,17:00,20,27,4207
SE-414402,LUM-SAN,PR-3002,17/06/2026,08:00,17:00,30,18,5987
SE-414403,LUM-SAN,PR-3003,2026-06-17,08:00,17:00,20,27,3679
SE-414404,LUM-SAN,PR-3004,2026-06-17,08:00,17:00,20,27,4117
SE-414405,LUM-SAN,PR-3005,2026-06-17,08:00,17:00,20,27,4234
SE-414406,LUM-SAN,PR-3006,2026-06-17,08:00,17:00,30,18,3134
SE-414407,LUM-SAN,PR-3007,17/06/2026,08:00,17:00,45,12,6711
SE-414408,LUM-PTA,PR-3008,2026-06-17,08:00,17:00,20,27,3803
SE-414409,LUM-PTA,PR-3009,17/06/2026,08:00,17:00,25,21,8221
SE-414410,LUM-PTA,PR-3010,2026-06-17,08:00,17:00,30,18,5602
SE-414411,LUM-PTA,PR-3011,2026-06-17,08:00,17:00,20,27,4519
SE-414412,LUM-PTA,PR-3012,2026-06-17,08:00,17:00,20,27,4073
SE-414413,LUM-PTA,PR-3013,17/06/2026,08:00,17:00,30,18,5678
SE-414414,LUM-UMH,PR-3014,2026-06-17,08:00,17:00,20,27,3616
SE-414415,LUM-UMH,PR-3015,17/06/2026,08:00,17:00,30,18,4817
SE-414416,LUM-UMH,PR-3016,2026-06-17,08:00,17:00,30,18,3166
SE-414417,LUM-UMH,PR-3017,2026-06-17,08:00,17:00,25,21,7465
SE-414418,LUM-UMH,PR-3018,17/06/2026,08:00,17:00,20,27,3765
SE-414419,LUM-CLR,PR-3019,2026-06-17,08:00,17:00,20,27,4416
SE-414420,LUM-CLR,PR-3020,2026-06-17,08:00,17:00,30,18,3302
SE-414421,LUM-CLR,PR-3022,2026-06-17,08:00,17:00,20,27,4199
SE-414422,LUM-CLR,PR-3023,2026-06-17,08:00,17:00,20,27,3940
SE-414423,LUM-CLR,PR-3024,2026-06-17,08:00,17:00,20,27,4215
SE-414424,LUM-GQE,PR-3025,17/06/2026,08:00,17:00,20,27,3480
SE-414425,LUM-GQE,PR-3026,17/06/2026,08:00,17:00,20,27,4421
SE-414426,LUM-GQE,PR-3027,2026-06-17,08:00,17:00,30,18,5152
SE-414427,LUM-GQE,PR-3028,17/06/2026,08:00,17:00,20,27,4210
SE-414428,LUM-BFN,PR-3029,17/06/2026,08:00,17:00,30,18,4817
SE-414429,LUM-BFN,PR-3030,17/06/2026,08:00,17:00,30,18,2885
SE-414430,LUM-BFN,PR-3031,2026-06-17,08:00,17:00,30,18,3256
SE-414431,LUM-BFN,PR-3032,2026-06-17,08:00,17:00,30,18,2779
SE-414432,LUM-SAN,PR-3001,18/06/2026,08:00,17:00,20,27,4207
SE-414433,LUM-SAN,PR-3002,2026-06-18,08:00,17:00,30,18,5987
SE-414434,LUM-SAN,PR-3004,2026-06-18,08:00,17:00,20,27,4117
SE-414435,LUM-SAN,PR-3005,2026-06-18,08:00,17:00,20,27,4234
SE-414436,LUM-SAN,PR-3006,2026-06-18,08:00,17:00,30,18,3134
SE-414437,LUM-SAN,PR-3007,18/06/2026,08:00,17:00,45,12,6711
SE-414438,LUM-PTA,PR-3008,2026-06-18,08:00,17:00,20,27,3803
SE-414439,LUM-PTA,PR-3009,2026-06-18,08:00,17:00,25,21,8221
SE-414440,LUM-PTA,PR-3010,2026-06-18,08:00,17:00,30,18,5602
SE-414441,LUM-PTA,PR-3011,2026-06-18,08:00,17:00,20,27,4519
SE-414442,LUM-PTA,PR-3012,2026-06-18,08:00,17:00,20,27,4073
SE-414443,LUM-PTA,PR-3013,2026-06-18,08:00,17:00,30,18,5678
SE-414444,LUM-UMH,PR-3014,2026-06-18,08:00,17:00,20,27,3616
SE-414445,LUM-UMH,PR-3015,2026-06-18,08:00,17:00,30,18,4817
SE-414446,LUM-UMH,PR-3016,18/06/2026,08:00,17:00,30,18,3166
SE-414447,LUM-UMH,PR-3017,2026-06-18,08:00,17:00,25,21,7465
SE-414448,LUM-UMH,PR-3018,18/06/2026,08:00,17:00,20,27,3765
SE-414449,LUM-CLR,PR-3020,2026-06-18,08:00,17:00,30,18,3302
SE-414450,LUM-CLR,PR-3021,2026-06-18,08:00,17:00,20,27,4210
SE-414451,LUM-CLR,PR-3022,18/06/2026,08:00,17:00,20,27,4199
SE-414452,LUM-CLR,PR-3023,2026-06-18,08:00,17:00,20,27,3940
SE-414453,LUM-CLR,PR-3024,2026-06-18,08:00,17:00,20,27,4215
SE-414454,LUM-GQE,PR-3025,2026-06-18,08:00,17:00,20,27,3480
SE-414455,LUM-GQE,PR-3026,2026-06-18,08:00,17:00,20,27,4421
SE-414456,LUM-GQE,PR-3027,2026-06-18,08:00,17:00,30,18,5152
SE-414457,LUM-GQE,PR-3028,2026-06-18,08:00,17:00,20,27,4210
SE-414458,LUM-BFN,PR-3029,2026-06-18,08:00,17:00,30,18,4817
SE-414459,LUM-BFN,PR-3031,2026-06-18,08:00,17:00,30,18,3256
SE-414460,LUM-BFN,PR-3032,2026-06-18,08:00,17:00,30,18,2779
SE-414461,LUM-SAN,PR-3001,2026-06-19,08:00,17:00,20,27,4207
SE-414462,LUM-SAN,PR-3002,2026-06-19,08:00,17:00,30,18,5987
SE-414463,LUM-SAN,PR-3003,19/06/2026,08:00,17:00,20,27,3679
SE-414464,LUM-SAN,PR-3004,2026-06-19,08:00,17:00,20,27,4117
SE-414465,LUM-SAN,PR-3005,19/06/2026,08:00,17:00,20,27,4234
SE-414466,LUM-SAN,PR-3007,2026-06-19,08:00,17:00,45,12,6711
SE-414467,LUM-PTA,PR-3008,2026-06-19,08:00,17:00,20,27,3803
SE-414468,LUM-PTA,PR-3009,2026-06-19,08:00,17:00,25,21,8221
SE-414469,LUM-PTA,PR-3011,2026-06-19,08:00,17:00,20,27,4519
SE-414470,LUM-PTA,PR-3012,19/06/2026,08:00,17:00,20,27,4073
SE-414471,LUM-PTA,PR-3013,2026-06-19,08:00,17:00,30,18,5678
SE-414472,LUM-UMH,PR-3014,19/06/2026,08:00,17:00,20,27,3616
SE-414473,LUM-UMH,PR-3015,19/06/2026,08:00,17:00,30,18,4817
SE-414474,LUM-UMH,PR-3016,2026-06-19,08:00,17:00,30,18,3166
SE-414475,LUM-UMH,PR-3017,2026-06-19,08:00,17:00,25,21,7465
SE-414476,LUM-UMH,PR-3018,2026-06-19,08:00,17:00,20,27,3765
SE-414477,LUM-CLR,PR-3019,2026-06-19,08:00,17:00,20,27,4416
SE-414478,LUM-CLR,PR-3020,19/06/2026,08:00,17:00,30,18,3302
SE-414479,LUM-CLR,PR-3021,2026-06-19,08:00,17:00,20,27,4210
SE-414480,LUM-CLR,PR-3022,2026-06-19,08:00,17:00,20,27,4199
SE-414481,LUM-CLR,PR-3024,2026-06-19,08:00,17:00,20,27,4215
SE-414482,LUM-GQE,PR-3025,2026-06-19,08:00,17:00,20,27,3480
SE-414483,LUM-GQE,PR-3026,2026-06-19,08:00,17:00,20,27,4421
SE-414484,LUM-GQE,PR-3027,19/06/2026,08:00,17:00,30,18,5152
SE-414485,LUM-GQE,PR-3028,2026-06-19,08:00,17:00,20,27,4210
SE-414486,LUM-BFN,PR-3029,2026-06-19,08:00,17:00,30,18,4817
SE-414487,LUM-BFN,PR-3030,2026-06-19,08:00,17:00,30,18,2885
SE-414488,LUM-BFN,PR-3031,19/06/2026,08:00,17:00,30,18,3256
SE-414489,LUM-BFN,PR-3032,19/06/2026,08:00,17:00,30,18,2779
SE-414490,LUM-SAN,PR-3001,2026-06-20,08:00,13:00,20,15,2337.22
SE-414491,LUM-SAN,PR-3003,20/06/2026,08:00,13:00,20,15,2043.89
SE-414492,LUM-SAN,PR-3004,20/06/2026,08:00,13:00,20,15,2287.22
SE-414493,LUM-PTA,PR-3010,2026-06-20,08:00,13:00,30,10,3112.22
SE-414494,LUM-PTA,PR-3011,2026-06-20,08:00,13:00,20,15,2510.56
SE-414495,LUM-UMH,PR-3015,20/06/2026,08:00,13:00,30,10,2676.11
SE-414496,LUM-UMH,PR-3016,2026-06-20,08:00,13:00,30,10,1758.89
SE-414497,LUM-UMH,PR-3017,2026-06-20,08:00,13:00,25,12,4147.22
SE-414498,LUM-CLR,PR-3019,2026-06-20,08:00,13:00,20,15,2453.33
SE-414499,LUM-CLR,PR-3024,2026-06-20,08:00,13:00,20,15,2341.67
SE-414500,LUM-GQE,PR-3027,2026-06-20,08:00,13:00,30,10,2862.22
SE-414501,LUM-BFN,PR-3031,2026-06-20,08:00,13:00,30,10,1808.89
SE-414502,LUM-SAN,PR-3001,2026-06-22,08:00,17:00,20,27,4207
SE-414503,LUM-SAN,PR-3002,2026-06-22,08:00,17:00,30,18,5987
SE-414504,LUM-SAN,PR-3004,2026-06-22,08:00,17:00,20,27,4117
SE-414505,LUM-SAN,PR-3005,22/06/2026,08:00,17:00,20,27,4234
SE-414506,LUM-SAN,PR-3007,22/06/2026,08:00,17:00,45,12,6711
SE-414507,LUM-PTA,PR-3008,2026-06-22,08:00,17:00,20,27,3803
SE-414508,LUM-PTA,PR-3009,2026-06-22,08:00,17:00,25,21,8221
SE-414509,LUM-PTA,PR-3010,2026-06-22,08:00,17:00,30,18,5602
SE-414510,LUM-PTA,PR-3011,2026-06-22,08:00,17:00,20,27,4519
SE-414511,LUM-PTA,PR-3012,2026-06-22,08:00,17:00,20,27,4073
SE-414512,LUM-PTA,PR-3013,2026-06-22,08:00,17:00,30,18,5678
SE-414513,LUM-UMH,PR-3014,2026-06-22,08:00,17:00,20,27,3616
SE-414514,LUM-UMH,PR-3015,2026-06-22,08:00,17:00,30,18,4817
SE-414515,LUM-UMH,PR-3016,2026-06-22,08:00,17:00,30,18,3166
SE-414516,LUM-UMH,PR-3017,2026-06-22,08:00,17:00,25,21,7465
SE-414517,LUM-UMH,PR-3018,2026-06-22,08:00,17:00,20,27,3765
SE-414518,LUM-CLR,PR-3019,2026-06-22,08:00,17:00,20,27,4416
SE-414519,LUM-CLR,PR-3020,2026-06-22,08:00,17:00,30,18,3302
SE-414520,LUM-CLR,PR-3021,2026-06-22,08:00,17:00,20,27,4210
SE-414521,LUM-CLR,PR-3022,2026-06-22,08:00,17:00,20,27,4199
SE-414522,LUM-CLR,PR-3023,2026-06-22,08:00,17:00,20,27,3940
SE-414523,LUM-CLR,PR-3024,22/06/2026,08:00,17:00,20,27,4215
SE-414524,LUM-GQE,PR-3025,2026-06-22,08:00,17:00,20,27,3480
SE-414525,LUM-GQE,PR-3027,2026-06-22,08:00,17:00,30,18,5152
SE-414526,LUM-GQE,PR-3028,22/06/2026,08:00,17:00,20,27,4210
SE-414527,LUM-BFN,PR-3029,2026-06-22,08:00,17:00,30,18,4817
SE-414528,LUM-BFN,PR-3030,2026-06-22,08:00,17:00,30,18,2885
SE-414529,LUM-BFN,PR-3032,22/06/2026,08:00,17:00,30,18,2779
SE-414530,LUM-SAN,PR-3001,2026-06-23,08:00,17:00,20,27,4207
SE-414531,LUM-SAN,PR-3002,23/06/2026,08:00,17:00,30,18,5987
SE-414532,LUM-SAN,PR-3003,2026-06-23,08:00,17:00,20,27,3679
SE-414533,LUM-SAN,PR-3005,23/06/2026,08:00,17:00,20,27,4234
SE-414534,LUM-SAN,PR-3006,2026-06-23,08:00,17:00,30,18,3134
SE-414535,LUM-SAN,PR-3007,2026-06-23,08:00,17:00,45,12,6711
SE-414536,LUM-PTA,PR-3008,23/06/2026,08:00,17:00,20,27,3803
SE-414537,LUM-PTA,PR-3009,23/06/2026,08:00,17:00,25,21,8221
SE-414538,LUM-PTA,PR-3010,2026-06-23,08:00,17:00,30,18,5602
SE-414539,LUM-PTA,PR-3011,2026-06-23,08:00,17:00,20,27,4519
SE-414540,LUM-PTA,PR-3012,23/06/2026,08:00,17:00,20,27,4073
SE-414541,LUM-PTA,PR-3013,2026-06-23,08:00,17:00,30,18,5678
SE-414542,LUM-UMH,PR-3014,2026-06-23,08:00,17:00,20,27,3616
SE-414543,LUM-UMH,PR-3016,2026-06-23,08:00,17:00,30,18,3166
SE-414544,LUM-UMH,PR-3017,23/06/2026,08:00,17:00,25,21,7465
SE-414545,LUM-UMH,PR-3018,23/06/2026,08:00,17:00,20,27,3765
SE-414546,LUM-CLR,PR-3019,2026-06-23,08:00,17:00,20,27,4416
SE-414547,LUM-CLR,PR-3020,23/06/2026,08:00,17:00,30,18,3302
SE-414548,LUM-CLR,PR-3021,2026-06-23,08:00,17:00,20,27,4210
SE-414549,LUM-CLR,PR-3022,2026-06-23,08:00,17:00,20,27,4199
SE-414550,LUM-CLR,PR-3023,2026-06-23,08:00,17:00,20,27,3940
SE-414551,LUM-CLR,PR-3024,2026-06-23,08:00,17:00,20,27,4215
SE-414552,LUM-GQE,PR-3025,2026-06-23,08:00,17:00,20,27,3480
SE-414553,LUM-GQE,PR-3026,2026-06-23,08:00,17:00,20,27,4421
SE-414554,LUM-GQE,PR-3027,2026-06-23,08:00,17:00,30,18,5152
SE-414555,LUM-GQE,PR-3028,2026-06-23,08:00,17:00,20,27,4210
SE-414556,LUM-BFN,PR-3029,2026-06-23,08:00,17:00,30,18,4817
SE-414557,LUM-BFN,PR-3030,2026-06-23,08:00,17:00,30,18,2885
SE-414558,LUM-BFN,PR-3031,2026-06-23,08:00,17:00,30,18,3256
SE-414559,LUM-BFN,PR-3032,23/06/2026,08:00,17:00,30,18,2779
SE-414560,LUM-SAN,PR-3001,24/06/2026,08:00,17:00,20,27,4207
SE-414561,LUM-SAN,PR-3002,24/06/2026,08:00,17:00,30,18,5987
SE-414562,LUM-SAN,PR-3003,24/06/2026,08:00,17:00,20,27,3679
SE-414563,LUM-SAN,PR-3005,2026-06-24,08:00,17:00,20,27,4234
SE-414564,LUM-SAN,PR-3006,2026-06-24,08:00,17:00,30,18,3134
SE-414565,LUM-SAN,PR-3007,2026-06-24,08:00,17:00,45,12,6711
SE-414566,LUM-PTA,PR-3008,24/06/2026,08:00,17:00,20,27,3803
SE-414567,LUM-PTA,PR-3009,24/06/2026,08:00,17:00,25,21,8221
SE-414568,LUM-PTA,PR-3010,2026-06-24,08:00,17:00,30,18,5602
SE-414569,LUM-PTA,PR-3011,2026-06-24,08:00,17:00,20,27,4519
SE-414570,LUM-PTA,PR-3012,2026-06-24,08:00,17:00,20,27,4073
SE-414571,LUM-PTA,PR-3013,2026-06-24,08:00,17:00,30,18,5678
SE-414572,LUM-UMH,PR-3014,24/06/2026,08:00,17:00,20,27,3616
SE-414573,LUM-UMH,PR-3015,24/06/2026,08:00,17:00,30,18,4817
SE-414574,LUM-UMH,PR-3016,24/06/2026,08:00,17:00,30,18,3166
SE-414575,LUM-UMH,PR-3017,2026-06-24,08:00,17:00,25,21,7465
SE-414576,LUM-UMH,PR-3018,24/06/2026,08:00,17:00,20,27,3765
SE-414577,LUM-CLR,PR-3019,2026-06-24,08:00,17:00,20,27,4416
SE-414578,LUM-CLR,PR-3020,2026-06-24,08:00,17:00,30,18,3302
SE-414579,LUM-CLR,PR-3022,24/06/2026,08:00,17:00,20,27,4199
SE-414580,LUM-CLR,PR-3023,2026-06-24,08:00,17:00,20,27,3940
SE-414581,LUM-CLR,PR-3024,2026-06-24,08:00,17:00,20,27,4215
SE-414582,LUM-GQE,PR-3025,24/06/2026,08:00,17:00,20,27,3480
SE-414583,LUM-GQE,PR-3026,24/06/2026,08:00,17:00,20,27,4421
SE-414584,LUM-GQE,PR-3027,24/06/2026,08:00,17:00,30,18,5152
SE-414585,LUM-GQE,PR-3028,24/06/2026,08:00,17:00,20,27,4210
SE-414586,LUM-BFN,PR-3029,2026-06-24,08:00,17:00,30,18,4817
SE-414587,LUM-BFN,PR-3030,2026-06-24,08:00,17:00,30,18,2885
SE-414588,LUM-BFN,PR-3031,2026-06-24,08:00,17:00,30,18,3256
SE-414589,LUM-BFN,PR-3032,2026-06-24,08:00,17:00,30,18,2779
SE-414590,LUM-SAN,PR-3001,2026-06-25,08:00,17:00,20,27,4207
SE-414591,LUM-SAN,PR-3002,25/06/2026,08:00,17:00,30,18,5987
SE-414592,LUM-SAN,PR-3003,2026-06-25,08:00,17:00,20,27,3679
SE-414593,LUM-SAN,PR-3004,2026-06-25,08:00,17:00,20,27,4117
SE-414594,LUM-SAN,PR-3005,2026-06-25,08:00,17:00,20,27,4234
SE-414595,LUM-SAN,PR-3006,25/06/2026,08:00,17:00,30,18,3134
SE-414596,LUM-SAN,PR-3007,2026-06-25,08:00,17:00,45,12,6711
SE-414597,LUM-PTA,PR-3008,2026-06-25,08:00,17:00,20,27,3803
SE-414598,LUM-PTA,PR-3009,2026-06-25,08:00,17:00,25,21,8221
SE-414599,LUM-PTA,PR-3010,2026-06-25,08:00,17:00,30,18,5602
SE-414600,LUM-PTA,PR-3011,25/06/2026,08:00,17:00,20,27,4519
SE-414601,LUM-PTA,PR-3013,2026-06-25,08:00,17:00,30,18,5678
SE-414602,LUM-UMH,PR-3014,2026-06-25,08:00,17:00,20,27,3616
SE-414603,LUM-UMH,PR-3015,25/06/2026,08:00,17:00,30,18,4817
SE-414604,LUM-UMH,PR-3016,2026-06-25,08:00,17:00,30,18,3166
SE-414605,LUM-UMH,PR-3018,2026-06-25,08:00,17:00,20,27,3765
SE-414606,LUM-CLR,PR-3019,2026-06-25,08:00,17:00,20,27,4416
SE-414607,LUM-CLR,PR-3021,25/06/2026,08:00,17:00,20,27,4210
SE-414608,LUM-CLR,PR-3022,2026-06-25,08:00,17:00,20,27,4199
SE-414609,LUM-CLR,PR-3023,25/06/2026,08:00,17:00,20,27,3940
SE-414610,LUM-GQE,PR-3025,2026-06-25,08:00,17:00,20,27,3480
SE-414611,LUM-BFN,PR-3029,2026-06-25,08:00,17:00,30,18,4817
SE-414612,LUM-BFN,PR-3030,2026-06-25,08:00,17:00,30,18,2885
SE-414613,LUM-BFN,PR-3031,2026-06-25,08:00,17:00,30,18,3256
SE-414614,LUM-BFN,PR-3032,2026-06-25,08:00,17:00,30,18,2779
SE-414615,LUM-SAN,PR-3001,26/06/2026,08:00,17:00,20,27,4207
SE-414616,LUM-SAN,PR-3003,2026-06-26,08:00,17:00,20,27,3679
SE-414617,LUM-SAN,PR-3004,2026-06-26,08:00,17:00,20,27,4117
SE-414618,LUM-SAN,PR-3006,2026-06-26,08:00,17:00,30,18,3134
SE-414619,LUM-SAN,PR-3007,26/06/2026,08:00,17:00,45,12,6711
SE-414620,LUM-PTA,PR-3008,2026-06-26,08:00,17:00,20,27,3803
SE-414621,LUM-PTA,PR-3009,2026-06-26,08:00,17:00,25,21,8221
SE-414622,LUM-PTA,PR-3010,26/06/2026,08:00,17:00,30,18,5602
SE-414623,LUM-PTA,PR-3011,2026-06-26,08:00,17:00,20,27,4519
SE-414624,LUM-PTA,PR-3012,2026-06-26,08:00,17:00,20,27,4073
SE-414625,LUM-PTA,PR-3013,2026-06-26,08:00,17:00,30,18,5678
SE-414626,LUM-UMH,PR-3014,2026-06-26,08:00,17:00,20,27,3616
SE-414627,LUM-UMH,PR-3015,2026-06-26,08:00,17:00,30,18,4817
SE-414628,LUM-UMH,PR-3016,2026-06-26,08:00,17:00,30,18,3166
SE-414629,LUM-UMH,PR-3018,26/06/2026,08:00,17:00,20,27,3765
SE-414630,LUM-CLR,PR-3020,2026-06-26,08:00,17:00,30,18,3302
SE-414631,LUM-CLR,PR-3021,2026-06-26,08:00,17:00,20,27,4210
SE-414632,LUM-CLR,PR-3022,2026-06-26,08:00,17:00,20,27,4199
SE-414633,LUM-CLR,PR-3023,2026-06-26,08:00,17:00,20,27,3940
SE-414634,LUM-CLR,PR-3024,26/06/2026,08:00,17:00,20,27,4215
SE-414635,LUM-GQE,PR-3025,2026-06-26,08:00,17:00,20,27,3480
SE-414636,LUM-GQE,PR-3026,2026-06-26,08:00,17:00,20,27,4421
SE-414637,LUM-GQE,PR-3027,2026-06-26,08:00,17:00,30,18,5152
SE-414638,LUM-GQE,PR-3028,2026-06-26,08:00,17:00,20,27,4210
SE-414639,LUM-BFN,PR-3029,26/06/2026,08:00,17:00,30,18,4817
SE-414640,LUM-BFN,PR-3030,2026-06-26,08:00,17:00,30,18,2885
SE-414641,LUM-BFN,PR-3031,26/06/2026,08:00,17:00,30,18,3256
SE-414642,LUM-BFN,PR-3032,2026-06-26,08:00,17:00,30,18,2779
SE-414643,LUM-SAN,PR-3001,27/06/2026,08:00,13:00,20,15,2337.22
SE-414644,LUM-PTA,PR-3008,27/06/2026,08:00,13:00,20,15,2112.78
SE-414645,LUM-PTA,PR-3012,2026-06-27,08:00,13:00,20,15,2262.78
SE-414646,LUM-UMH,PR-3014,2026-06-27,08:00,13:00,20,15,2008.89
SE-414647,LUM-UMH,PR-3016,2026-06-27,08:00,13:00,30,10,1758.89
SE-414648,LUM-UMH,PR-3017,2026-06-27,08:00,13:00,25,12,4147.22
SE-414649,LUM-CLR,PR-3020,2026-06-27,08:00,13:00,30,10,1834.44
SE-414650,LUM-CLR,PR-3023,27/06/2026,08:00,13:00,20,15,2188.89
SE-414651,LUM-CLR,PR-3024,27/06/2026,08:00,13:00,20,15,2341.67
SE-414652,LUM-GQE,PR-3025,27/06/2026,08:00,13:00,20,15,1933.33
SE-414653,LUM-GQE,PR-3027,2026-06-27,08:00,13:00,30,10,2862.22
SE-414654,LUM-BFN,PR-3032,2026-06-27,08:00,13:00,30,10,1543.89
SE-414655,LUM-SAN,PR-3001,2026-06-29,08:00,17:00,20,27,4207
SE-414656,LUM-SAN,PR-3002,29/06/2026,08:00,17:00,30,18,5987
SE-414657,LUM-SAN,PR-3003,2026-06-29,08:00,17:00,20,27,3679
SE-414658,LUM-SAN,PR-3004,2026-06-29,08:00,17:00,20,27,4117
SE-414659,LUM-SAN,PR-3005,2026-06-29,08:00,17:00,20,27,4234
SE-414660,LUM-SAN,PR-3006,2026-06-29,08:00,17:00,30,18,3134
SE-414661,LUM-SAN,PR-3007,2026-06-29,08:00,17:00,45,12,6711
SE-414662,LUM-PTA,PR-3008,2026-06-29,08:00,17:00,20,27,3803
SE-414663,LUM-PTA,PR-3009,2026-06-29,08:00,17:00,25,21,8221
SE-414664,LUM-PTA,PR-3010,2026-06-29,08:00,17:00,30,18,5602
SE-414665,LUM-PTA,PR-3011,29/06/2026,08:00,17:00,20,27,4519
SE-414666,LUM-PTA,PR-3012,29/06/2026,08:00,17:00,20,27,4073
SE-414667,LUM-PTA,PR-3013,2026-06-29,08:00,17:00,30,18,5678
SE-414668,LUM-UMH,PR-3014,2026-06-29,08:00,17:00,20,27,3616
SE-414669,LUM-UMH,PR-3015,2026-06-29,08:00,17:00,30,18,4817
SE-414670,LUM-UMH,PR-3016,29/06/2026,08:00,17:00,30,18,3166
SE-414671,LUM-UMH,PR-3017,29/06/2026,08:00,17:00,25,21,7465
SE-414672,LUM-UMH,PR-3018,2026-06-29,08:00,17:00,20,27,3765
SE-414673,LUM-CLR,PR-3019,2026-06-29,08:00,17:00,20,27,4416
SE-414674,LUM-CLR,PR-3020,2026-06-29,08:00,17:00,30,18,3302
SE-414675,LUM-CLR,PR-3021,29/06/2026,08:00,17:00,20,27,4210
SE-414676,LUM-CLR,PR-3023,2026-06-29,08:00,17:00,20,27,3940
SE-414677,LUM-CLR,PR-3024,2026-06-29,08:00,17:00,20,27,4215
SE-414678,LUM-GQE,PR-3025,2026-06-29,08:00,17:00,20,27,3480
SE-414679,LUM-GQE,PR-3027,2026-06-29,08:00,17:00,30,18,5152
SE-414680,LUM-BFN,PR-3029,2026-06-29,08:00,17:00,30,18,4817
SE-414681,LUM-BFN,PR-3030,2026-06-29,08:00,17:00,30,18,2885
SE-414682,LUM-BFN,PR-3031,2026-06-29,08:00,17:00,30,18,3256
SE-414683,LUM-SAN,PR-3001,2026-06-30,08:00,17:00,20,27,4207
SE-414684,LUM-SAN,PR-3002,2026-06-30,08:00,17:00,30,18,5987
SE-414685,LUM-SAN,PR-3004,2026-06-30,08:00,17:00,20,27,4117
SE-414686,LUM-SAN,PR-3005,2026-06-30,08:00,17:00,20,27,4234
SE-414687,LUM-SAN,PR-3007,2026-06-30,08:00,17:00,45,12,6711
SE-414688,LUM-PTA,PR-3008,30/06/2026,08:00,17:00,20,27,3803
SE-414689,LUM-PTA,PR-3009,2026-06-30,08:00,17:00,25,21,8221
SE-414690,LUM-PTA,PR-3010,30/06/2026,08:00,17:00,30,18,5602
SE-414691,LUM-PTA,PR-3011,30/06/2026,08:00,17:00,20,27,4519
SE-414692,LUM-PTA,PR-3012,2026-06-30,08:00,17:00,20,27,4073
SE-414693,LUM-PTA,PR-3013,2026-06-30,08:00,17:00,30,18,5678
SE-414694,LUM-UMH,PR-3014,2026-06-30,08:00,17:00,20,27,3616
SE-414695,LUM-UMH,PR-3015,2026-06-30,08:00,17:00,30,18,4817
SE-414696,LUM-UMH,PR-3016,2026-06-30,08:00,17:00,30,18,3166
SE-414697,LUM-UMH,PR-3017,2026-06-30,08:00,17:00,25,21,7465
SE-414698,LUM-UMH,PR-3018,2026-06-30,08:00,17:00,20,27,3765
SE-414699,LUM-CLR,PR-3019,2026-06-30,08:00,17:00,20,27,4416
SE-414700,LUM-CLR,PR-3020,2026-06-30,08:00,17:00,30,18,3302
SE-414701,LUM-CLR,PR-3021,2026-06-30,08:00,17:00,20,27,4210
SE-414702,LUM-CLR,PR-3023,2026-06-30,08:00,17:00,20,27,3940
SE-414703,LUM-CLR,PR-3024,2026-06-30,08:00,17:00,20,27,4215
SE-414704,LUM-GQE,PR-3025,30/06/2026,08:00,17:00,20,27,3480
SE-414705,LUM-GQE,PR-3026,2026-06-30,08:00,17:00,20,27,4421
SE-414706,LUM-GQE,PR-3027,30/06/2026,08:00,17:00,30,18,5152
SE-414707,LUM-GQE,PR-3028,2026-06-30,08:00,17:00,20,27,4210
SE-414708,LUM-BFN,PR-3029,2026-06-30,08:00,17:00,30,18,4817
SE-414709,LUM-BFN,PR-3031,2026-06-30,08:00,17:00,30,18,3256
SE-414710,LUM-BFN,PR-3032,2026-06-30,08:00,17:00,30,18,2779
SE-414711,LUM-SAN,PR-3002,2026-07-01,08:00,17:00,30,18,5987
SE-414712,LUM-SAN,PR-3003,2026-07-01,08:00,17:00,20,27,3679
SE-414713,LUM-SAN,PR-3004,01/07/2026,08:00,17:00,20,27,4117
SE-414714,LUM-SAN,PR-3005,01/07/2026,08:00,17:00,20,27,4234
SE-414715,LUM-SAN,PR-3006,2026-07-01,08:00,17:00,30,18,3134
SE-414716,LUM-SAN,PR-3007,2026-07-01,08:00,17:00,45,12,6711
SE-414717,LUM-PTA,PR-3008,2026-07-01,08:00,17:00,20,27,3803
SE-414718,LUM-PTA,PR-3009,2026-07-01,08:00,17:00,25,21,8221
SE-414719,LUM-PTA,PR-3010,01/07/2026,08:00,17:00,30,18,5602
SE-414720,LUM-PTA,PR-3011,01/07/2026,08:00,17:00,20,27,4519
SE-414721,LUM-PTA,PR-3013,2026-07-01,08:00,17:00,30,18,5678
SE-414722,LUM-UMH,PR-3014,2026-07-01,08:00,17:00,20,27,3616
SE-414723,LUM-UMH,PR-3015,2026-07-01,08:00,17:00,30,18,4817
SE-414724,LUM-UMH,PR-3016,2026-07-01,08:00,17:00,30,18,3166
SE-414725,LUM-UMH,PR-3017,2026-07-01,08:00,17:00,25,21,7465
SE-414726,LUM-CLR,PR-3019,2026-07-01,08:00,17:00,20,27,4416
SE-414727,LUM-CLR,PR-3020,2026-07-01,08:00,17:00,30,18,3302
SE-414728,LUM-CLR,PR-3021,2026-07-01,08:00,17:00,20,27,4210
SE-414729,LUM-CLR,PR-3022,2026-07-01,08:00,17:00,20,27,4199
SE-414730,LUM-CLR,PR-3024,2026-07-01,08:00,17:00,20,27,4215
SE-414731,LUM-GQE,PR-3025,2026-07-01,08:00,17:00,20,27,3480
SE-414732,LUM-GQE,PR-3026,2026-07-01,08:00,17:00,20,27,4421
SE-414733,LUM-GQE,PR-3027,2026-07-01,08:00,17:00,30,18,5152
SE-414734,LUM-GQE,PR-3028,2026-07-01,08:00,17:00,20,27,4210
SE-414735,LUM-BFN,PR-3029,2026-07-01,08:00,17:00,30,18,4817
SE-414736,LUM-BFN,PR-3030,01/07/2026,08:00,17:00,30,18,2885
SE-414737,LUM-BFN,PR-3031,01/07/2026,08:00,17:00,30,18,3256
SE-414738,LUM-BFN,PR-3032,01/07/2026,08:00,17:00,30,18,2779
SE-414739,LUM-SAN,PR-3001,2026-07-02,08:00,17:00,20,27,4207
SE-414740,LUM-SAN,PR-3002,2026-07-02,08:00,17:00,30,18,5987
SE-414741,LUM-SAN,PR-3003,2026-07-02,08:00,17:00,20,27,3679
SE-414742,LUM-SAN,PR-3005,2026-07-02,08:00,17:00,20,27,4234
SE-414743,LUM-SAN,PR-3006,02/07/2026,08:00,17:00,30,18,3134
SE-414744,LUM-SAN,PR-3007,2026-07-02,08:00,17:00,45,12,6711
SE-414745,LUM-PTA,PR-3008,2026-07-02,08:00,17:00,20,27,3803
SE-414746,LUM-PTA,PR-3009,2026-07-02,08:00,17:00,25,21,8221
SE-414747,LUM-PTA,PR-3010,2026-07-02,08:00,17:00,30,18,5602
SE-414748,LUM-PTA,PR-3011,2026-07-02,08:00,17:00,20,27,4519
SE-414749,LUM-PTA,PR-3013,2026-07-02,08:00,17:00,30,18,5678
SE-414750,LUM-UMH,PR-3014,2026-07-02,08:00,17:00,20,27,3616
SE-414751,LUM-UMH,PR-3015,2026-07-02,08:00,17:00,30,18,4817
SE-414752,LUM-UMH,PR-3016,2026-07-02,08:00,17:00,30,18,3166
SE-414753,LUM-CLR,PR-3019,2026-07-02,08:00,17:00,20,27,4416
SE-414754,LUM-CLR,PR-3020,2026-07-02,08:00,17:00,30,18,3302
SE-414755,LUM-CLR,PR-3021,2026-07-02,08:00,17:00,20,27,4210
SE-414756,LUM-CLR,PR-3022,2026-07-02,08:00,17:00,20,27,4199
SE-414757,LUM-CLR,PR-3023,2026-07-02,08:00,17:00,20,27,3940
SE-414758,LUM-CLR,PR-3024,2026-07-02,08:00,17:00,20,27,4215
SE-414759,LUM-GQE,PR-3025,2026-07-02,08:00,17:00,20,27,3480
SE-414760,LUM-GQE,PR-3026,2026-07-02,08:00,17:00,20,27,4421
SE-414761,LUM-GQE,PR-3027,02/07/2026,08:00,17:00,30,18,5152
SE-414762,LUM-GQE,PR-3028,02/07/2026,08:00,17:00,20,27,4210
SE-414763,LUM-BFN,PR-3029,2026-07-02,08:00,17:00,30,18,4817
SE-414764,LUM-BFN,PR-3030,2026-07-02,08:00,17:00,30,18,2885
SE-414765,LUM-BFN,PR-3031,2026-07-02,08:00,17:00,30,18,3256
SE-414766,LUM-BFN,PR-3032,02/07/2026,08:00,17:00,30,18,2779
SE-414767,LUM-SAN,PR-3001,03/07/2026,08:00,17:00,20,27,4207
SE-414768,LUM-SAN,PR-3002,2026-07-03,08:00,17:00,30,18,5987
SE-414769,LUM-SAN,PR-3003,2026-07-03,08:00,17:00,20,27,3679
SE-414770,LUM-SAN,PR-3004,2026-07-03,08:00,17:00,20,27,4117
SE-414771,LUM-SAN,PR-3007,2026-07-03,08:00,17:00,45,12,6711
SE-414772,LUM-PTA,PR-3008,03/07/2026,08:00,17:00,20,27,3803
SE-414773,LUM-PTA,PR-3009,03/07/2026,08:00,17:00,25,21,8221
SE-414774,LUM-PTA,PR-3010,03/07/2026,08:00,17:00,30,18,5602
SE-414775,LUM-PTA,PR-3011,2026-07-03,08:00,17:00,20,27,4519
SE-414776,LUM-PTA,PR-3012,2026-07-03,08:00,17:00,20,27,4073
SE-414777,LUM-PTA,PR-3013,2026-07-03,08:00,17:00,30,18,5678
SE-414778,LUM-UMH,PR-3014,03/07/2026,08:00,17:00,20,27,3616
SE-414779,LUM-UMH,PR-3015,2026-07-03,08:00,17:00,30,18,4817
SE-414780,LUM-UMH,PR-3016,2026-07-03,08:00,17:00,30,18,3166
SE-414781,LUM-UMH,PR-3017,2026-07-03,08:00,17:00,25,21,7465
SE-414782,LUM-UMH,PR-3018,2026-07-03,08:00,17:00,20,27,3765
SE-414783,LUM-CLR,PR-3019,2026-07-03,08:00,17:00,20,27,4416
SE-414784,LUM-CLR,PR-3020,03/07/2026,08:00,17:00,30,18,3302
SE-414785,LUM-CLR,PR-3021,03/07/2026,08:00,17:00,20,27,4210
SE-414786,LUM-CLR,PR-3022,2026-07-03,08:00,17:00,20,27,4199
SE-414787,LUM-CLR,PR-3023,2026-07-03,08:00,17:00,20,27,3940
SE-414788,LUM-CLR,PR-3024,2026-07-03,08:00,17:00,20,27,4215
SE-414789,LUM-GQE,PR-3025,2026-07-03,08:00,17:00,20,27,3480
SE-414790,LUM-GQE,PR-3026,2026-07-03,08:00,17:00,20,27,4421
SE-414791,LUM-GQE,PR-3027,2026-07-03,08:00,17:00,30,18,5152
SE-414792,LUM-GQE,PR-3028,2026-07-03,08:00,17:00,20,27,4210
SE-414793,LUM-BFN,PR-3029,2026-07-03,08:00,17:00,30,18,4817
SE-414794,LUM-BFN,PR-3030,2026-07-03,08:00,17:00,30,18,2885
SE-414795,LUM-BFN,PR-3031,03/07/2026,08:00,17:00,30,18,3256
SE-414796,LUM-BFN,PR-3032,03/07/2026,08:00,17:00,30,18,2779
SE-414797,LUM-SAN,PR-3003,2026-07-04,08:00,13:00,20,15,2043.89
SE-414798,LUM-SAN,PR-3005,2026-07-04,08:00,13:00,20,15,2352.22
SE-414799,LUM-PTA,PR-3009,2026-07-04,08:00,13:00,25,12,4567.22
SE-414800,LUM-PTA,PR-3011,2026-07-04,08:00,13:00,20,15,2510.56
SE-414801,LUM-CLR,PR-3019,2026-07-04,08:00,13:00,20,15,2453.33
SE-414802,LUM-CLR,PR-3020,04/07/2026,08:00,13:00,30,10,1834.44
SE-414803,LUM-GQE,PR-3027,2026-07-04,08:00,13:00,30,10,2862.22
SE-414804,LUM-BFN,PR-3029,04/07/2026,08:00,13:00,30,10,2676.11
SE-414805,LUM-SAN,PR-3001,2026-07-06,08:00,17:00,20,27,4207
SE-414806,LUM-SAN,PR-3002,2026-07-06,08:00,17:00,30,18,5987
SE-414807,LUM-SAN,PR-3003,06/07/2026,08:00,17:00,20,27,3679
SE-414808,LUM-SAN,PR-3004,06/07/2026,08:00,17:00,20,27,4117
SE-414809,LUM-SAN,PR-3005,2026-07-06,08:00,17:00,20,27,4234
SE-414810,LUM-SAN,PR-3006,2026-07-06,08:00,17:00,30,18,3134
SE-414811,LUM-SAN,PR-3007,06/07/2026,08:00,17:00,45,12,6711
SE-414812,LUM-PTA,PR-3008,2026-07-06,08:00,17:00,20,27,3803
SE-414813,LUM-PTA,PR-3009,2026-07-06,08:00,17:00,25,21,8221
SE-414814,LUM-PTA,PR-3010,2026-07-06,08:00,17:00,30,18,5602
SE-414815,LUM-PTA,PR-3011,2026-07-06,08:00,17:00,20,27,4519
SE-414816,LUM-PTA,PR-3012,2026-07-06,08:00,17:00,20,27,4073
SE-414817,LUM-PTA,PR-3013,2026-07-06,08:00,17:00,30,18,5678
SE-414818,LUM-UMH,PR-3014,2026-07-06,08:00,17:00,20,27,3616
SE-414819,LUM-UMH,PR-3015,2026-07-06,08:00,17:00,30,18,4817
SE-414820,LUM-UMH,PR-3016,2026-07-06,08:00,17:00,30,18,3166
SE-414821,LUM-UMH,PR-3018,2026-07-06,08:00,17:00,20,27,3765
SE-414822,LUM-CLR,PR-3019,2026-07-06,08:00,17:00,20,27,4416
SE-414823,LUM-CLR,PR-3020,2026-07-06,08:00,17:00,30,18,3302
SE-414824,LUM-CLR,PR-3021,2026-07-06,08:00,17:00,20,27,4210
SE-414825,LUM-CLR,PR-3024,2026-07-06,08:00,17:00,20,27,4215
SE-414826,LUM-GQE,PR-3025,2026-07-06,08:00,17:00,20,27,3480
SE-414827,LUM-GQE,PR-3026,2026-07-06,08:00,17:00,20,27,4421
SE-414828,LUM-GQE,PR-3027,2026-07-06,08:00,17:00,30,18,5152
SE-414829,LUM-GQE,PR-3028,2026-07-06,08:00,17:00,20,27,4210
SE-414830,LUM-BFN,PR-3029,2026-07-06,08:00,17:00,30,18,4817
SE-414831,LUM-BFN,PR-3030,2026-07-06,08:00,17:00,30,18,2885
SE-414832,LUM-BFN,PR-3031,2026-07-06,08:00,17:00,30,18,3256
SE-414833,LUM-BFN,PR-3032,2026-07-06,08:00,17:00,30,18,2779
SE-414834,LUM-SAN,PR-3001,07/07/2026,08:00,17:00,20,27,4207
SE-414835,LUM-SAN,PR-3002,2026-07-07,08:00,17:00,30,18,5987
SE-414836,LUM-SAN,PR-3003,2026-07-07,08:00,17:00,20,27,3679
SE-414837,LUM-SAN,PR-3004,07/07/2026,08:00,17:00,20,27,4117
SE-414838,LUM-SAN,PR-3005,2026-07-07,08:00,17:00,20,27,4234
SE-414839,LUM-SAN,PR-3006,2026-07-07,08:00,17:00,30,18,3134
SE-414840,LUM-SAN,PR-3007,07/07/2026,08:00,17:00,45,12,6711
SE-414841,LUM-PTA,PR-3008,2026-07-07,08:00,17:00,20,27,3803
SE-414842,LUM-PTA,PR-3009,2026-07-07,08:00,17:00,25,21,8221
SE-414843,LUM-PTA,PR-3010,2026-07-07,08:00,17:00,30,18,5602
SE-414844,LUM-PTA,PR-3011,07/07/2026,08:00,17:00,20,27,4519
SE-414845,LUM-PTA,PR-3012,2026-07-07,08:00,17:00,20,27,4073
SE-414846,LUM-UMH,PR-3014,2026-07-07,08:00,17:00,20,27,3616
SE-414847,LUM-UMH,PR-3016,2026-07-07,08:00,17:00,30,18,3166
SE-414848,LUM-UMH,PR-3017,2026-07-07,08:00,17:00,25,21,7465
SE-414849,LUM-UMH,PR-3018,2026-07-07,08:00,17:00,20,27,3765
SE-414850,LUM-CLR,PR-3019,07/07/2026,08:00,17:00,20,27,4416
SE-414851,LUM-CLR,PR-3020,2026-07-07,08:00,17:00,30,18,3302
SE-414852,LUM-CLR,PR-3021,2026-07-07,08:00,17:00,20,27,4210
SE-414853,LUM-CLR,PR-3022,2026-07-07,08:00,17:00,20,27,4199
SE-414854,LUM-CLR,PR-3023,2026-07-07,08:00,17:00,20,27,3940
SE-414855,LUM-GQE,PR-3025,07/07/2026,08:00,17:00,20,27,3480
SE-414856,LUM-GQE,PR-3026,2026-07-07,08:00,17:00,20,27,4421
SE-414857,LUM-GQE,PR-3027,2026-07-07,08:00,17:00,30,18,5152
SE-414858,LUM-GQE,PR-3028,2026-07-07,08:00,17:00,20,27,4210
SE-414859,LUM-BFN,PR-3029,2026-07-07,08:00,17:00,30,18,4817
SE-414860,LUM-BFN,PR-3032,2026-07-07,08:00,17:00,30,18,2779
SE-414861,LUM-SAN,PR-3002,2026-07-08,08:00,17:00,30,18,5987
SE-414862,LUM-SAN,PR-3003,08/07/2026,08:00,17:00,20,27,3679
SE-414863,LUM-SAN,PR-3004,2026-07-08,08:00,17:00,20,27,4117
SE-414864,LUM-SAN,PR-3006,2026-07-08,08:00,17:00,30,18,3134
SE-414865,LUM-PTA,PR-3008,08/07/2026,08:00,17:00,20,27,3803
SE-414866,LUM-PTA,PR-3009,2026-07-08,08:00,17:00,25,21,8221
SE-414867,LUM-PTA,PR-3010,08/07/2026,08:00,17:00,30,18,5602
SE-414868,LUM-PTA,PR-3011,2026-07-08,08:00,17:00,20,27,4519
SE-414869,LUM-PTA,PR-3012,2026-07-08,08:00,17:00,20,27,4073
SE-414870,LUM-PTA,PR-3013,2026-07-08,08:00,17:00,30,18,5678
SE-414871,LUM-UMH,PR-3014,2026-07-08,08:00,17:00,20,27,3616
SE-414872,LUM-UMH,PR-3015,2026-07-08,08:00,17:00,30,18,4817
SE-414873,LUM-UMH,PR-3016,2026-07-08,08:00,17:00,30,18,3166
SE-414874,LUM-UMH,PR-3017,2026-07-08,08:00,17:00,25,21,7465
SE-414875,LUM-UMH,PR-3018,2026-07-08,08:00,17:00,20,27,3765
SE-414876,LUM-CLR,PR-3019,2026-07-08,08:00,17:00,20,27,4416
SE-414877,LUM-CLR,PR-3020,2026-07-08,08:00,17:00,30,18,3302
SE-414878,LUM-CLR,PR-3021,2026-07-08,08:00,17:00,20,27,4210
SE-414879,LUM-CLR,PR-3022,08/07/2026,08:00,17:00,20,27,4199
SE-414880,LUM-CLR,PR-3024,2026-07-08,08:00,17:00,20,27,4215
SE-414881,LUM-GQE,PR-3025,2026-07-08,08:00,17:00,20,27,3480
SE-414882,LUM-GQE,PR-3026,08/07/2026,08:00,17:00,20,27,4421
SE-414883,LUM-GQE,PR-3027,2026-07-08,08:00,17:00,30,18,5152
SE-414884,LUM-GQE,PR-3028,08/07/2026,08:00,17:00,20,27,4210
SE-414885,LUM-BFN,PR-3029,2026-07-08,08:00,17:00,30,18,4817
SE-414886,LUM-BFN,PR-3030,2026-07-08,08:00,17:00,30,18,2885
SE-414887,LUM-BFN,PR-3031,2026-07-08,08:00,17:00,30,18,3256
SE-414888,LUM-BFN,PR-3032,2026-07-08,08:00,17:00,30,18,2779
SE-414889,LUM-SAN,PR-3001,09/07/2026,08:00,17:00,20,27,4207
SE-414890,LUM-SAN,PR-3002,2026-07-09,08:00,17:00,30,18,5987
SE-414891,LUM-SAN,PR-3003,2026-07-09,08:00,17:00,20,27,3679
SE-414892,LUM-SAN,PR-3005,2026-07-09,08:00,17:00,20,27,4234
SE-414893,LUM-SAN,PR-3006,2026-07-09,08:00,17:00,30,18,3134
SE-414894,LUM-SAN,PR-3007,09/07/2026,08:00,17:00,45,12,6711
SE-414895,LUM-PTA,PR-3008,2026-07-09,08:00,17:00,20,27,3803
SE-414896,LUM-PTA,PR-3009,2026-07-09,08:00,17:00,25,21,8221
SE-414897,LUM-PTA,PR-3010,09/07/2026,08:00,17:00,30,18,5602
SE-414898,LUM-PTA,PR-3012,2026-07-09,08:00,17:00,20,27,4073
SE-414899,LUM-PTA,PR-3013,09/07/2026,08:00,17:00,30,18,5678
SE-414900,LUM-UMH,PR-3015,2026-07-09,08:00,17:00,30,18,4817
SE-414901,LUM-UMH,PR-3016,2026-07-09,08:00,17:00,30,18,3166
SE-414902,LUM-UMH,PR-3018,2026-07-09,08:00,17:00,20,27,3765
SE-414903,LUM-CLR,PR-3019,2026-07-09,08:00,17:00,20,27,4416
SE-414904,LUM-CLR,PR-3020,2026-07-09,08:00,17:00,30,18,3302
SE-414905,LUM-CLR,PR-3021,2026-07-09,08:00,17:00,20,27,4210
SE-414906,LUM-CLR,PR-3022,2026-07-09,08:00,17:00,20,27,4199
SE-414907,LUM-CLR,PR-3023,2026-07-09,08:00,17:00,20,27,3940
SE-414908,LUM-CLR,PR-3024,2026-07-09,08:00,17:00,20,27,4215
SE-414909,LUM-GQE,PR-3025,2026-07-09,08:00,17:00,20,27,3480
SE-414910,LUM-GQE,PR-3027,2026-07-09,08:00,17:00,30,18,5152
SE-414911,LUM-GQE,PR-3028,2026-07-09,08:00,17:00,20,27,4210
SE-414912,LUM-BFN,PR-3029,09/07/2026,08:00,17:00,30,18,4817
SE-414913,LUM-BFN,PR-3030,2026-07-09,08:00,17:00,30,18,2885
SE-414914,LUM-BFN,PR-3031,09/07/2026,08:00,17:00,30,18,3256
SE-414915,LUM-BFN,PR-3032,09/07/2026,08:00,17:00,30,18,2779
SE-414916,LUM-SAN,PR-3001,10/07/2026,08:00,17:00,20,27,4207
SE-414917,LUM-SAN,PR-3002,2026-07-10,08:00,17:00,30,18,5987
SE-414918,LUM-SAN,PR-3003,2026-07-10,08:00,17:00,20,27,3679
SE-414919,LUM-SAN,PR-3004,2026-07-10,08:00,17:00,20,27,4117
SE-414920,LUM-SAN,PR-3005,2026-07-10,08:00,17:00,20,27,4234
SE-414921,LUM-SAN,PR-3006,2026-07-10,08:00,17:00,30,18,3134
SE-414922,LUM-SAN,PR-3007,2026-07-10,08:00,17:00,45,12,6711
SE-414923,LUM-PTA,PR-3008,2026-07-10,08:00,17:00,20,27,3803
SE-414924,LUM-PTA,PR-3009,10/07/2026,08:00,17:00,25,21,8221
SE-414925,LUM-PTA,PR-3010,2026-07-10,08:00,17:00,30,18,5602
SE-414926,LUM-PTA,PR-3011,10/07/2026,08:00,17:00,20,27,4519
SE-414927,LUM-PTA,PR-3012,2026-07-10,08:00,17:00,20,27,4073
SE-414928,LUM-PTA,PR-3013,2026-07-10,08:00,17:00,30,18,5678
SE-414929,LUM-UMH,PR-3014,2026-07-10,08:00,17:00,20,27,3616
SE-414930,LUM-UMH,PR-3015,2026-07-10,08:00,17:00,30,18,4817
SE-414931,LUM-UMH,PR-3016,10/07/2026,08:00,17:00,30,18,3166
SE-414932,LUM-UMH,PR-3017,2026-07-10,08:00,17:00,25,21,7465
SE-414933,LUM-UMH,PR-3018,2026-07-10,08:00,17:00,20,27,3765
SE-414934,LUM-CLR,PR-3019,2026-07-10,08:00,17:00,20,27,4416
SE-414935,LUM-CLR,PR-3021,2026-07-10,08:00,17:00,20,27,4210
SE-414936,LUM-CLR,PR-3022,2026-07-10,08:00,17:00,20,27,4199
SE-414937,LUM-CLR,PR-3023,2026-07-10,08:00,17:00,20,27,3940
SE-414938,LUM-CLR,PR-3024,10/07/2026,08:00,17:00,20,27,4215
SE-414939,LUM-GQE,PR-3025,2026-07-10,08:00,17:00,20,27,3480
SE-414940,LUM-GQE,PR-3026,2026-07-10,08:00,17:00,20,27,4421
SE-414941,LUM-GQE,PR-3027,2026-07-10,08:00,17:00,30,18,5152
SE-414942,LUM-GQE,PR-3028,2026-07-10,08:00,17:00,20,27,4210
SE-414943,LUM-BFN,PR-3029,2026-07-10,08:00,17:00,30,18,4817
SE-414944,LUM-BFN,PR-3031,10/07/2026,08:00,17:00,30,18,3256
SE-414945,LUM-BFN,PR-3032,2026-07-10,08:00,17:00,30,18,2779
SE-414946,LUM-SAN,PR-3001,2026-07-11,08:00,13:00,20,15,2337.22
SE-414947,LUM-SAN,PR-3003,2026-07-11,08:00,13:00,20,15,2043.89
SE-414948,LUM-PTA,PR-3009,2026-07-11,08:00,13:00,25,12,4567.22
SE-414949,LUM-PTA,PR-3013,2026-07-11,08:00,13:00,30,10,3154.44
SE-414950,LUM-UMH,PR-3016,2026-07-11,08:00,13:00,30,10,1758.89
SE-414951,LUM-UMH,PR-3017,2026-07-11,08:00,13:00,25,12,4147.22
SE-414952,LUM-UMH,PR-3018,11/07/2026,08:00,13:00,20,15,2091.67
SE-414953,LUM-CLR,PR-3022,2026-07-11,08:00,13:00,20,15,2332.78
SE-414954,LUM-CLR,PR-3023,2026-07-11,08:00,13:00,20,15,2188.89
SE-414955,LUM-CLR,PR-3024,2026-07-11,08:00,13:00,20,15,2341.67
SE-414956,LUM-GQE,PR-3025,2026-07-11,08:00,13:00,20,15,1933.33
SE-414957,LUM-BFN,PR-3030,11/07/2026,08:00,13:00,30,10,1602.78
SE-414958,LUM-SAN,PR-3001,2026-07-13,08:00,17:00,20,27,4207
SE-414959,LUM-SAN,PR-3002,2026-07-13,08:00,17:00,30,18,5987
SE-414960,LUM-SAN,PR-3004,13/07/2026,08:00,17:00,20,27,4117
SE-414961,LUM-SAN,PR-3005,2026-07-13,08:00,17:00,20,27,4234
SE-414962,LUM-SAN,PR-3006,2026-07-13,08:00,17:00,30,18,3134
SE-414963,LUM-SAN,PR-3007,13/07/2026,08:00,17:00,45,12,6711
SE-414964,LUM-PTA,PR-3008,2026-07-13,08:00,17:00,20,27,3803
SE-414965,LUM-PTA,PR-3009,13/07/2026,08:00,17:00,25,21,8221
SE-414966,LUM-PTA,PR-3010,2026-07-13,08:00,17:00,30,18,5602
SE-414967,LUM-PTA,PR-3011,2026-07-13,08:00,17:00,20,27,4519
SE-414968,LUM-PTA,PR-3013,2026-07-13,08:00,17:00,30,18,5678
SE-414969,LUM-UMH,PR-3014,2026-07-13,08:00,17:00,20,27,3616
SE-414970,LUM-UMH,PR-3015,2026-07-13,08:00,17:00,30,18,4817
SE-414971,LUM-UMH,PR-3016,2026-07-13,08:00,17:00,30,18,3166
SE-414972,LUM-UMH,PR-3017,2026-07-13,08:00,17:00,25,21,7465
SE-414973,LUM-UMH,PR-3018,2026-07-13,08:00,17:00,20,27,3765
SE-414974,LUM-CLR,PR-3020,2026-07-13,08:00,17:00,30,18,3302
SE-414975,LUM-CLR,PR-3021,2026-07-13,08:00,17:00,20,27,4210
SE-414976,LUM-CLR,PR-3022,13/07/2026,08:00,17:00,20,27,4199
SE-414977,LUM-CLR,PR-3024,2026-07-13,08:00,17:00,20,27,4215
SE-414978,LUM-GQE,PR-3025,13/07/2026,08:00,17:00,20,27,3480
SE-414979,LUM-GQE,PR-3026,2026-07-13,08:00,17:00,20,27,4421
SE-414980,LUM-GQE,PR-3027,13/07/2026,08:00,17:00,30,18,5152
SE-414981,LUM-GQE,PR-3028,2026-07-13,08:00,17:00,20,27,4210
SE-414982,LUM-BFN,PR-3029,13/07/2026,08:00,17:00,30,18,4817
SE-414983,LUM-BFN,PR-3030,2026-07-13,08:00,17:00,30,18,2885
SE-414984,LUM-BFN,PR-3031,13/07/2026,08:00,17:00,30,18,3256
SE-414985,LUM-BFN,PR-3032,2026-07-13,08:00,17:00,30,18,2779
SE-414986,LUM-SAN,PR-3001,2026-07-14,08:00,17:00,20,27,4207
SE-414987,LUM-SAN,PR-3002,2026-07-14,08:00,17:00,30,18,5987
SE-414988,LUM-SAN,PR-3003,2026-07-14,08:00,17:00,20,27,3679
SE-414989,LUM-SAN,PR-3004,2026-07-14,08:00,17:00,20,27,4117
SE-414990,LUM-SAN,PR-3005,14/07/2026,08:00,17:00,20,27,4234
SE-414991,LUM-SAN,PR-3006,2026-07-14,08:00,17:00,30,18,3134
SE-414992,LUM-SAN,PR-3007,14/07/2026,08:00,17:00,45,12,6711
SE-414993,LUM-PTA,PR-3008,2026-07-14,08:00,17:00,20,27,3803
SE-414994,LUM-PTA,PR-3009,2026-07-14,08:00,17:00,25,21,8221
SE-414995,LUM-PTA,PR-3011,14/07/2026,08:00,17:00,20,27,4519
SE-414996,LUM-PTA,PR-3012,2026-07-14,08:00,17:00,20,27,4073
SE-414997,LUM-PTA,PR-3013,2026-07-14,08:00,17:00,30,18,5678
SE-414998,LUM-UMH,PR-3014,2026-07-14,08:00,17:00,20,27,3616
SE-414999,LUM-UMH,PR-3016,2026-07-14,08:00,17:00,30,18,3166
SE-415000,LUM-UMH,PR-3017,2026-07-14,08:00,17:00,25,21,7465
SE-415001,LUM-CLR,PR-3019,2026-07-14,08:00,17:00,20,27,4416
SE-415002,LUM-CLR,PR-3020,14/07/2026,08:00,17:00,30,18,3302
SE-415003,LUM-CLR,PR-3021,2026-07-14,08:00,17:00,20,27,4210
SE-415004,LUM-CLR,PR-3022,2026-07-14,08:00,17:00,20,27,4199
SE-415005,LUM-CLR,PR-3023,2026-07-14,08:00,17:00,20,27,3940
SE-415006,LUM-CLR,PR-3024,14/07/2026,08:00,17:00,20,27,4215
SE-415007,LUM-GQE,PR-3025,2026-07-14,08:00,17:00,20,27,3480
SE-415008,LUM-GQE,PR-3026,14/07/2026,08:00,17:00,20,27,4421
SE-415009,LUM-GQE,PR-3027,14/07/2026,08:00,17:00,30,18,5152
SE-415010,LUM-GQE,PR-3028,2026-07-14,08:00,17:00,20,27,4210
SE-415011,LUM-BFN,PR-3029,2026-07-14,08:00,17:00,30,18,4817
SE-415012,LUM-BFN,PR-3030,2026-07-14,08:00,17:00,30,18,2885
SE-415013,LUM-BFN,PR-3032,14/07/2026,08:00,17:00,30,18,2779
SE-415014,LUM-SAN,PR-3001,2026-07-15,08:00,17:00,20,27,4207
SE-415015,LUM-SAN,PR-3002,2026-07-15,08:00,17:00,30,18,5987
SE-415016,LUM-SAN,PR-3003,2026-07-15,08:00,17:00,20,27,3679
SE-415017,LUM-SAN,PR-3004,15/07/2026,08:00,17:00,20,27,4117
SE-415018,LUM-SAN,PR-3005,2026-07-15,08:00,17:00,20,27,4234
SE-415019,LUM-SAN,PR-3006,2026-07-15,08:00,17:00,30,18,3134
SE-415020,LUM-SAN,PR-3007,2026-07-15,08:00,17:00,45,12,6711
SE-415021,LUM-PTA,PR-3008,15/07/2026,08:00,17:00,20,27,3803
SE-415022,LUM-PTA,PR-3009,2026-07-15,08:00,17:00,25,21,8221
SE-415023,LUM-PTA,PR-3010,2026-07-15,08:00,17:00,30,18,5602
SE-415024,LUM-PTA,PR-3011,15/07/2026,08:00,17:00,20,27,4519
SE-415025,LUM-PTA,PR-3013,2026-07-15,08:00,17:00,30,18,5678
SE-415026,LUM-UMH,PR-3014,2026-07-15,08:00,17:00,20,27,3616
SE-415027,LUM-UMH,PR-3015,2026-07-15,08:00,17:00,30,18,4817
SE-415028,LUM-UMH,PR-3016,2026-07-15,08:00,17:00,30,18,3166
SE-415029,LUM-UMH,PR-3017,2026-07-15,08:00,17:00,25,21,7465
SE-415030,LUM-UMH,PR-3018,2026-07-15,08:00,17:00,20,27,3765
SE-415031,LUM-CLR,PR-3019,2026-07-15,08:00,17:00,20,27,4416
SE-415032,LUM-CLR,PR-3020,2026-07-15,08:00,17:00,30,18,3302
SE-415033,LUM-CLR,PR-3021,15/07/2026,08:00,17:00,20,27,4210
SE-415034,LUM-CLR,PR-3022,2026-07-15,08:00,17:00,20,27,4199
SE-415035,LUM-CLR,PR-3023,15/07/2026,08:00,17:00,20,27,3940
SE-415036,LUM-CLR,PR-3024,2026-07-15,08:00,17:00,20,27,4215
SE-415037,LUM-GQE,PR-3025,2026-07-15,08:00,17:00,20,27,3480
SE-415038,LUM-GQE,PR-3026,2026-07-15,08:00,17:00,20,27,4421
SE-415039,LUM-GQE,PR-3027,2026-07-15,08:00,17:00,30,18,5152
SE-415040,LUM-GQE,PR-3028,2026-07-15,08:00,17:00,20,27,4210
SE-415041,LUM-BFN,PR-3029,2026-07-15,08:00,17:00,30,18,4817
SE-415042,LUM-BFN,PR-3030,2026-07-15,08:00,17:00,30,18,2885
SE-415043,LUM-BFN,PR-3031,2026-07-15,08:00,17:00,30,18,3256
SE-415044,LUM-BFN,PR-3032,15/07/2026,08:00,17:00,30,18,2779
SE-415045,LUM-SAN,PR-3002,2026-07-16,08:00,17:00,30,18,5987
SE-415046,LUM-SAN,PR-3003,2026-07-16,08:00,17:00,20,27,3679
SE-415047,LUM-SAN,PR-3004,2026-07-16,08:00,17:00,20,27,4117
SE-415048,LUM-SAN,PR-3005,2026-07-16,08:00,17:00,20,27,4234
SE-415049,LUM-SAN,PR-3006,2026-07-16,08:00,17:00,30,18,3134
SE-415050,LUM-SAN,PR-3007,2026-07-16,08:00,17:00,45,12,6711
SE-415051,LUM-PTA,PR-3008,2026-07-16,08:00,17:00,20,27,3803
SE-415052,LUM-PTA,PR-3009,2026-07-16,08:00,17:00,25,21,8221
SE-415053,LUM-PTA,PR-3010,2026-07-16,08:00,17:00,30,18,5602
SE-415054,LUM-PTA,PR-3011,16/07/2026,08:00,17:00,20,27,4519
SE-415055,LUM-PTA,PR-3012,16/07/2026,08:00,17:00,20,27,4073
SE-415056,LUM-PTA,PR-3013,2026-07-16,08:00,17:00,30,18,5678
SE-415057,LUM-UMH,PR-3014,2026-07-16,08:00,17:00,20,27,3616
SE-415058,LUM-UMH,PR-3015,2026-07-16,08:00,17:00,30,18,4817
SE-415059,LUM-UMH,PR-3016,2026-07-16,08:00,17:00,30,18,3166
SE-415060,LUM-UMH,PR-3017,2026-07-16,08:00,17:00,25,21,7465
SE-415061,LUM-UMH,PR-3018,16/07/2026,08:00,17:00,20,27,3765
SE-415062,LUM-CLR,PR-3019,2026-07-16,08:00,17:00,20,27,4416
SE-415063,LUM-CLR,PR-3020,2026-07-16,08:00,17:00,30,18,3302
SE-415064,LUM-CLR,PR-3021,2026-07-16,08:00,17:00,20,27,4210
SE-415065,LUM-CLR,PR-3022,2026-07-16,08:00,17:00,20,27,4199
SE-415066,LUM-CLR,PR-3023,2026-07-16,08:00,17:00,20,27,3940
SE-415067,LUM-CLR,PR-3024,2026-07-16,08:00,17:00,20,27,4215
SE-415068,LUM-GQE,PR-3026,2026-07-16,08:00,17:00,20,27,4421
SE-415069,LUM-GQE,PR-3027,2026-07-16,08:00,17:00,30,18,5152
SE-415070,LUM-GQE,PR-3028,2026-07-16,08:00,17:00,20,27,4210
SE-415071,LUM-BFN,PR-3029,2026-07-16,08:00,17:00,30,18,4817
SE-415072,LUM-BFN,PR-3030,2026-07-16,08:00,17:00,30,18,2885
SE-415073,LUM-BFN,PR-3031,2026-07-16,08:00,17:00,30,18,3256
SE-415074,LUM-SAN,PR-3001,2026-07-17,08:00,17:00,20,27,4207
SE-415075,LUM-SAN,PR-3002,2026-07-17,08:00,17:00,30,18,5987
SE-415076,LUM-SAN,PR-3003,2026-07-17,08:00,17:00,20,27,3679
SE-415077,LUM-SAN,PR-3004,2026-07-17,08:00,17:00,20,27,4117
SE-415078,LUM-SAN,PR-3005,2026-07-17,08:00,17:00,20,27,4234
SE-415079,LUM-SAN,PR-3006,2026-07-17,08:00,17:00,30,18,3134
SE-415080,LUM-SAN,PR-3007,2026-07-17,08:00,17:00,45,12,6711
SE-415081,LUM-PTA,PR-3009,2026-07-17,08:00,17:00,25,21,8221
SE-415082,LUM-PTA,PR-3010,17/07/2026,08:00,17:00,30,18,5602
SE-415083,LUM-PTA,PR-3011,2026-07-17,08:00,17:00,20,27,4519
SE-415084,LUM-PTA,PR-3012,2026-07-17,08:00,17:00,20,27,4073
SE-415085,LUM-PTA,PR-3013,17/07/2026,08:00,17:00,30,18,5678
SE-415086,LUM-UMH,PR-3014,17/07/2026,08:00,17:00,20,27,3616
SE-415087,LUM-UMH,PR-3015,2026-07-17,08:00,17:00,30,18,4817
SE-415088,LUM-UMH,PR-3016,2026-07-17,08:00,17:00,30,18,3166
SE-415089,LUM-UMH,PR-3017,2026-07-17,08:00,17:00,25,21,7465
SE-415090,LUM-UMH,PR-3018,17/07/2026,08:00,17:00,20,27,3765
SE-415091,LUM-CLR,PR-3019,17/07/2026,08:00,17:00,20,27,4416
SE-415092,LUM-CLR,PR-3020,2026-07-17,08:00,17:00,30,18,3302
SE-415093,LUM-CLR,PR-3021,2026-07-17,08:00,17:00,20,27,4210
SE-415094,LUM-CLR,PR-3022,2026-07-17,08:00,17:00,20,27,4199
SE-415095,LUM-CLR,PR-3023,2026-07-17,08:00,17:00,20,27,3940
SE-415096,LUM-CLR,PR-3024,17/07/2026,08:00,17:00,20,27,4215
SE-415097,LUM-GQE,PR-3025,2026-07-17,08:00,17:00,20,27,3480
SE-415098,LUM-GQE,PR-3026,17/07/2026,08:00,17:00,20,27,4421
SE-415099,LUM-GQE,PR-3027,2026-07-17,08:00,17:00,30,18,5152
SE-415100,LUM-GQE,PR-3028,2026-07-17,08:00,17:00,20,27,4210
SE-415101,LUM-BFN,PR-3029,2026-07-17,08:00,17:00,30,18,4817
SE-415102,LUM-BFN,PR-3030,2026-07-17,08:00,17:00,30,18,2885
SE-415103,LUM-BFN,PR-3031,17/07/2026,08:00,17:00,30,18,3256
SE-415104,LUM-BFN,PR-3032,2026-07-17,08:00,17:00,30,18,2779
SE-415105,LUM-SAN,PR-3002,2026-07-18,08:00,13:00,30,10,3326.11
SE-415106,LUM-SAN,PR-3004,18/07/2026,08:00,13:00,20,15,2287.22
SE-415107,LUM-SAN,PR-3007,2026-07-18,08:00,13:00,45,6,3728.33
SE-415108,LUM-PTA,PR-3010,2026-07-18,08:00,13:00,30,10,3112.22
SE-415109,LUM-CLR,PR-3022,2026-07-18,08:00,13:00,20,15,2332.78
SE-415110,LUM-CLR,PR-3023,2026-07-18,08:00,13:00,20,15,2188.89
SE-415111,LUM-GQE,PR-3025,2026-07-18,08:00,13:00,20,15,1933.33
SE-415112,LUM-BFN,PR-3032,2026-07-18,08:00,13:00,30,10,1543.89
SE-415113,LUM-SAN,PR-3001,2026-07-20,08:00,17:00,20,27,4207
SE-415114,LUM-SAN,PR-3002,2026-07-20,08:00,17:00,30,18,5987
SE-415115,LUM-SAN,PR-3003,2026-07-20,08:00,17:00,20,27,3679
SE-415116,LUM-SAN,PR-3004,2026-07-20,08:00,17:00,20,27,4117
SE-415117,LUM-SAN,PR-3005,2026-07-20,08:00,17:00,20,27,4234
SE-415118,LUM-SAN,PR-3006,2026-07-20,08:00,17:00,30,18,3134
SE-415119,LUM-SAN,PR-3007,20/07/2026,08:00,17:00,45,12,6711
SE-415120,LUM-PTA,PR-3008,20/07/2026,08:00,17:00,20,27,3803
SE-415121,LUM-PTA,PR-3009,2026-07-20,08:00,17:00,25,21,8221
SE-415122,LUM-PTA,PR-3010,20/07/2026,08:00,17:00,30,18,5602
SE-415123,LUM-PTA,PR-3012,2026-07-20,08:00,17:00,20,27,4073
SE-415124,LUM-PTA,PR-3013,20/07/2026,08:00,17:00,30,18,5678
SE-415125,LUM-UMH,PR-3014,2026-07-20,08:00,17:00,20,27,3616
SE-415126,LUM-UMH,PR-3015,2026-07-20,08:00,17:00,30,18,4817
SE-415127,LUM-UMH,PR-3016,2026-07-20,08:00,17:00,30,18,3166
SE-415128,LUM-UMH,PR-3017,2026-07-20,08:00,17:00,25,21,7465
SE-415129,LUM-UMH,PR-3018,2026-07-20,08:00,17:00,20,27,3765
SE-415130,LUM-CLR,PR-3020,20/07/2026,08:00,17:00,30,18,3302
SE-415131,LUM-CLR,PR-3022,2026-07-20,08:00,17:00,20,27,4199
SE-415132,LUM-CLR,PR-3023,2026-07-20,08:00,17:00,20,27,3940
SE-415133,LUM-CLR,PR-3024,20/07/2026,08:00,17:00,20,27,4215
SE-415134,LUM-GQE,PR-3026,2026-07-20,08:00,17:00,20,27,4421
SE-415135,LUM-GQE,PR-3027,2026-07-20,08:00,17:00,30,18,5152
SE-415136,LUM-GQE,PR-3028,2026-07-20,08:00,17:00,20,27,4210
SE-415137,LUM-BFN,PR-3029,2026-07-20,08:00,17:00,30,18,4817
SE-415138,LUM-BFN,PR-3030,2026-07-20,08:00,17:00,30,18,2885
SE-415139,LUM-BFN,PR-3031,20/07/2026,08:00,17:00,30,18,3256
SE-415140,LUM-BFN,PR-3032,2026-07-20,08:00,17:00,30,18,2779
SE-415141,LUM-SAN,PR-3001,2026-07-21,08:00,17:00,20,27,4207
SE-415142,LUM-SAN,PR-3002,2026-07-21,08:00,17:00,30,18,5987
SE-415143,LUM-SAN,PR-3004,21/07/2026,08:00,17:00,20,27,4117
SE-415144,LUM-SAN,PR-3005,2026-07-21,08:00,17:00,20,27,4234
SE-415145,LUM-SAN,PR-3006,2026-07-21,08:00,17:00,30,18,3134
SE-415146,LUM-SAN,PR-3007,2026-07-21,08:00,17:00,45,12,6711
SE-415147,LUM-PTA,PR-3008,2026-07-21,08:00,17:00,20,27,3803
SE-415148,LUM-PTA,PR-3009,2026-07-21,08:00,17:00,25,21,8221
SE-415149,LUM-PTA,PR-3010,21/07/2026,08:00,17:00,30,18,5602
SE-415150,LUM-PTA,PR-3011,21/07/2026,08:00,17:00,20,27,4519
SE-415151,LUM-PTA,PR-3012,2026-07-21,08:00,17:00,20,27,4073
SE-415152,LUM-PTA,PR-3013,21/07/2026,08:00,17:00,30,18,5678
SE-415153,LUM-UMH,PR-3014,2026-07-21,08:00,17:00,20,27,3616
SE-415154,LUM-UMH,PR-3015,21/07/2026,08:00,17:00,30,18,4817
SE-415155,LUM-UMH,PR-3016,21/07/2026,08:00,17:00,30,18,3166
SE-415156,LUM-UMH,PR-3017,21/07/2026,08:00,17:00,25,21,7465
SE-415157,LUM-UMH,PR-3018,2026-07-21,08:00,17:00,20,27,3765
SE-415158,LUM-CLR,PR-3019,21/07/2026,08:00,17:00,20,27,4416
SE-415159,LUM-CLR,PR-3020,2026-07-21,08:00,17:00,30,18,3302
SE-415160,LUM-CLR,PR-3021,21/07/2026,08:00,17:00,20,27,4210
SE-415161,LUM-CLR,PR-3022,2026-07-21,08:00,17:00,20,27,4199
SE-415162,LUM-CLR,PR-3023,2026-07-21,08:00,17:00,20,27,3940
SE-415163,LUM-CLR,PR-3024,21/07/2026,08:00,17:00,20,27,4215
SE-415164,LUM-GQE,PR-3025,21/07/2026,08:00,17:00,20,27,3480
SE-415165,LUM-GQE,PR-3026,21/07/2026,08:00,17:00,20,27,4421
SE-415166,LUM-GQE,PR-3027,2026-07-21,08:00,17:00,30,18,5152
SE-415167,LUM-GQE,PR-3028,2026-07-21,08:00,17:00,20,27,4210
SE-415168,LUM-BFN,PR-3029,2026-07-21,08:00,17:00,30,18,4817
SE-415169,LUM-BFN,PR-3030,21/07/2026,08:00,17:00,30,18,2885
SE-415170,LUM-BFN,PR-3031,21/07/2026,08:00,17:00,30,18,3256
SE-415171,LUM-BFN,PR-3032,2026-07-21,08:00,17:00,30,18,2779
SE-415172,LUM-SAN,PR-3001,2026-07-22,08:00,17:00,20,27,4207
SE-415173,LUM-SAN,PR-3002,2026-07-22,08:00,17:00,30,18,5987
SE-415174,LUM-SAN,PR-3003,2026-07-22,08:00,17:00,20,27,3679
SE-415175,LUM-SAN,PR-3004,2026-07-22,08:00,17:00,20,27,4117
SE-415176,LUM-SAN,PR-3005,2026-07-22,08:00,17:00,20,27,4234
SE-415177,LUM-SAN,PR-3006,2026-07-22,08:00,17:00,30,18,3134
SE-415178,LUM-SAN,PR-3007,2026-07-22,08:00,17:00,45,12,6711
SE-415179,LUM-PTA,PR-3008,2026-07-22,08:00,17:00,20,27,3803
SE-415180,LUM-PTA,PR-3009,2026-07-22,08:00,17:00,25,21,8221
SE-415181,LUM-PTA,PR-3010,2026-07-22,08:00,17:00,30,18,5602
SE-415182,LUM-PTA,PR-3011,2026-07-22,08:00,17:00,20,27,4519
SE-415183,LUM-PTA,PR-3012,2026-07-22,08:00,17:00,20,27,4073
SE-415184,LUM-PTA,PR-3013,2026-07-22,08:00,17:00,30,18,5678
SE-415185,LUM-UMH,PR-3014,2026-07-22,08:00,17:00,20,27,3616
SE-415186,LUM-UMH,PR-3015,22/07/2026,08:00,17:00,30,18,4817
SE-415187,LUM-UMH,PR-3016,2026-07-22,08:00,17:00,30,18,3166
SE-415188,LUM-UMH,PR-3017,22/07/2026,08:00,17:00,25,21,7465
SE-415189,LUM-UMH,PR-3018,2026-07-22,08:00,17:00,20,27,3765
SE-415190,LUM-CLR,PR-3019,2026-07-22,08:00,17:00,20,27,4416
SE-415191,LUM-CLR,PR-3020,2026-07-22,08:00,17:00,30,18,3302
SE-415192,LUM-CLR,PR-3022,2026-07-22,08:00,17:00,20,27,4199
SE-415193,LUM-CLR,PR-3023,2026-07-22,08:00,17:00,20,27,3940
SE-415194,LUM-CLR,PR-3024,2026-07-22,08:00,17:00,20,27,4215
SE-415195,LUM-GQE,PR-3025,2026-07-22,08:00,17:00,20,27,3480
SE-415196,LUM-GQE,PR-3026,2026-07-22,08:00,17:00,20,27,4421
SE-415197,LUM-GQE,PR-3027,2026-07-22,08:00,17:00,30,18,5152
SE-415198,LUM-GQE,PR-3028,2026-07-22,08:00,17:00,20,27,4210
SE-415199,LUM-BFN,PR-3029,2026-07-22,08:00,17:00,30,18,4817
SE-415200,LUM-BFN,PR-3030,2026-07-22,08:00,17:00,30,18,2885
SE-415201,LUM-BFN,PR-3031,22/07/2026,08:00,17:00,30,18,3256
SE-415202,LUM-BFN,PR-3032,2026-07-22,08:00,17:00,30,18,2779
SE-415203,LUM-SAN,PR-3001,2026-07-23,08:00,17:00,20,27,4207
SE-415204,LUM-SAN,PR-3002,2026-07-23,08:00,17:00,30,18,5987
SE-415205,LUM-SAN,PR-3003,2026-07-23,08:00,17:00,20,27,3679
SE-415206,LUM-SAN,PR-3004,23/07/2026,08:00,17:00,20,27,4117
SE-415207,LUM-SAN,PR-3005,23/07/2026,08:00,17:00,20,27,4234
SE-415208,LUM-SAN,PR-3006,2026-07-23,08:00,17:00,30,18,3134
SE-415209,LUM-SAN,PR-3007,2026-07-23,08:00,17:00,45,12,6711
SE-415210,LUM-PTA,PR-3008,2026-07-23,08:00,17:00,20,27,3803
SE-415211,LUM-PTA,PR-3009,2026-07-23,08:00,17:00,25,21,8221
SE-415212,LUM-PTA,PR-3010,2026-07-23,08:00,17:00,30,18,5602
SE-415213,LUM-PTA,PR-3011,2026-07-23,08:00,17:00,20,27,4519
SE-415214,LUM-PTA,PR-3012,2026-07-23,08:00,17:00,20,27,4073
SE-415215,LUM-PTA,PR-3013,2026-07-23,08:00,17:00,30,18,5678
SE-415216,LUM-UMH,PR-3014,2026-07-23,08:00,17:00,20,27,3616
SE-415217,LUM-UMH,PR-3015,2026-07-23,08:00,17:00,30,18,4817
SE-415218,LUM-UMH,PR-3017,2026-07-23,08:00,17:00,25,21,7465
SE-415219,LUM-UMH,PR-3018,2026-07-23,08:00,17:00,20,27,3765
SE-415220,LUM-CLR,PR-3019,23/07/2026,08:00,17:00,20,27,4416
SE-415221,LUM-CLR,PR-3020,2026-07-23,08:00,17:00,30,18,3302
SE-415222,LUM-CLR,PR-3021,23/07/2026,08:00,17:00,20,27,4210
SE-415223,LUM-CLR,PR-3022,2026-07-23,08:00,17:00,20,27,4199
SE-415224,LUM-CLR,PR-3023,2026-07-23,08:00,17:00,20,27,3940
SE-415225,LUM-CLR,PR-3024,23/07/2026,08:00,17:00,20,27,4215
SE-415226,LUM-GQE,PR-3025,23/07/2026,08:00,17:00,20,27,3480
SE-415227,LUM-GQE,PR-3026,23/07/2026,08:00,17:00,20,27,4421
SE-415228,LUM-GQE,PR-3027,23/07/2026,08:00,17:00,30,18,5152
SE-415229,LUM-GQE,PR-3028,2026-07-23,08:00,17:00,20,27,4210
SE-415230,LUM-BFN,PR-3029,2026-07-23,08:00,17:00,30,18,4817
SE-415231,LUM-BFN,PR-3030,2026-07-23,08:00,17:00,30,18,2885
SE-415232,LUM-BFN,PR-3031,2026-07-23,08:00,17:00,30,18,3256
SE-415233,LUM-BFN,PR-3032,2026-07-23,08:00,17:00,30,18,2779
SE-415234,LUM-SAN,PR-3001,2026-07-24,08:00,17:00,20,27,4207
SE-415235,LUM-SAN,PR-3002,2026-07-24,08:00,17:00,30,18,5987
SE-415236,LUM-SAN,PR-3003,24/07/2026,08:00,17:00,20,27,3679
SE-415237,LUM-SAN,PR-3004,2026-07-24,08:00,17:00,20,27,4117
SE-415238,LUM-SAN,PR-3005,2026-07-24,08:00,17:00,20,27,4234
SE-415239,LUM-SAN,PR-3006,2026-07-24,08:00,17:00,30,18,3134
SE-415240,LUM-SAN,PR-3007,2026-07-24,08:00,17:00,45,12,6711
SE-415241,LUM-PTA,PR-3008,2026-07-24,08:00,17:00,20,27,3803
SE-415242,LUM-PTA,PR-3009,2026-07-24,08:00,17:00,25,21,8221
SE-415243,LUM-PTA,PR-3010,2026-07-24,08:00,17:00,30,18,5602
SE-415244,LUM-PTA,PR-3011,2026-07-24,08:00,17:00,20,27,4519
SE-415245,LUM-PTA,PR-3012,2026-07-24,08:00,17:00,20,27,4073
SE-415246,LUM-PTA,PR-3013,2026-07-24,08:00,17:00,30,18,5678
SE-415247,LUM-UMH,PR-3014,2026-07-24,08:00,17:00,20,27,3616
SE-415248,LUM-UMH,PR-3015,2026-07-24,08:00,17:00,30,18,4817
SE-415249,LUM-UMH,PR-3016,2026-07-24,08:00,17:00,30,18,3166
SE-415250,LUM-UMH,PR-3018,2026-07-24,08:00,17:00,20,27,3765
SE-415251,LUM-CLR,PR-3019,24/07/2026,08:00,17:00,20,27,4416
SE-415252,LUM-CLR,PR-3020,2026-07-24,08:00,17:00,30,18,3302
SE-415253,LUM-CLR,PR-3021,2026-07-24,08:00,17:00,20,27,4210
SE-415254,LUM-CLR,PR-3022,24/07/2026,08:00,17:00,20,27,4199
SE-415255,LUM-CLR,PR-3023,2026-07-24,08:00,17:00,20,27,3940
SE-415256,LUM-GQE,PR-3025,2026-07-24,08:00,17:00,20,27,3480
SE-415257,LUM-GQE,PR-3026,24/07/2026,08:00,17:00,20,27,4421
SE-415258,LUM-GQE,PR-3027,2026-07-24,08:00,17:00,30,18,5152
SE-415259,LUM-GQE,PR-3028,24/07/2026,08:00,17:00,20,27,4210
SE-415260,LUM-BFN,PR-3029,2026-07-24,08:00,17:00,30,18,4817
SE-415261,LUM-BFN,PR-3030,2026-07-24,08:00,17:00,30,18,2885
SE-415262,LUM-BFN,PR-3031,2026-07-24,08:00,17:00,30,18,3256
SE-415263,LUM-BFN,PR-3032,24/07/2026,08:00,17:00,30,18,2779
SE-415264,LUM-SAN,PR-3002,2026-07-25,08:00,13:00,30,10,3326.11
SE-415265,LUM-SAN,PR-3004,2026-07-25,08:00,13:00,20,15,2287.22
SE-415266,LUM-SAN,PR-3007,2026-07-25,08:00,13:00,45,6,3728.33
SE-415267,LUM-PTA,PR-3011,25/07/2026,08:00,13:00,20,15,2510.56
SE-415268,LUM-UMH,PR-3015,2026-07-25,08:00,13:00,30,10,2676.11
SE-415269,LUM-UMH,PR-3017,25/07/2026,08:00,13:00,25,12,4147.22
SE-415270,LUM-CLR,PR-3020,2026-07-25,08:00,13:00,30,10,1834.44
SE-415271,LUM-CLR,PR-3024,2026-07-25,08:00,13:00,20,15,2341.67
SE-415272,LUM-BFN,PR-3032,25/07/2026,08:00,13:00,30,10,1543.89
SE-415273,LUM-SAN,PR-3001,27/07/2026,08:00,17:00,20,27,4207
SE-415274,LUM-SAN,PR-3002,27/07/2026,08:00,17:00,30,18,5987
SE-415275,LUM-SAN,PR-3004,2026-07-27,08:00,17:00,20,27,4117
SE-415276,LUM-SAN,PR-3005,2026-07-27,08:00,17:00,20,27,4234
SE-415277,LUM-SAN,PR-3006,2026-07-27,08:00,17:00,30,18,3134
SE-415278,LUM-SAN,PR-3007,2026-07-27,08:00,17:00,45,12,6711
SE-415279,LUM-PTA,PR-3008,2026-07-27,08:00,17:00,20,27,3803
SE-415280,LUM-PTA,PR-3009,2026-07-27,08:00,17:00,25,21,8221
SE-415281,LUM-PTA,PR-3010,27/07/2026,08:00,17:00,30,18,5602
SE-415282,LUM-PTA,PR-3011,27/07/2026,08:00,17:00,20,27,4519
SE-415283,LUM-PTA,PR-3012,2026-07-27,08:00,17:00,20,27,4073
SE-415284,LUM-PTA,PR-3013,2026-07-27,08:00,17:00,30,18,5678
SE-415285,LUM-UMH,PR-3014,2026-07-27,08:00,17:00,20,27,3616
SE-415286,LUM-UMH,PR-3015,27/07/2026,08:00,17:00,30,18,4817
SE-415287,LUM-UMH,PR-3016,2026-07-27,08:00,17:00,30,18,3166
SE-415288,LUM-UMH,PR-3017,27/07/2026,08:00,17:00,25,21,7465
SE-415289,LUM-UMH,PR-3018,2026-07-27,08:00,17:00,20,27,3765
SE-415290,LUM-CLR,PR-3019,2026-07-27,08:00,17:00,20,27,4416
SE-415291,LUM-CLR,PR-3020,2026-07-27,08:00,17:00,30,18,3302
SE-415292,LUM-CLR,PR-3022,2026-07-27,08:00,17:00,20,27,4199
SE-415293,LUM-CLR,PR-3023,2026-07-27,08:00,17:00,20,27,3940
SE-415294,LUM-CLR,PR-3024,2026-07-27,08:00,17:00,20,27,4215
SE-415295,LUM-GQE,PR-3026,2026-07-27,08:00,17:00,20,27,4421
SE-415296,LUM-GQE,PR-3027,2026-07-27,08:00,17:00,30,18,5152
SE-415297,LUM-GQE,PR-3028,2026-07-27,08:00,17:00,20,27,4210
SE-415298,LUM-BFN,PR-3029,27/07/2026,08:00,17:00,30,18,4817
SE-415299,LUM-BFN,PR-3030,2026-07-27,08:00,17:00,30,18,2885
SE-415300,LUM-BFN,PR-3031,2026-07-27,08:00,17:00,30,18,3256
SE-415301,LUM-BFN,PR-3032,2026-07-27,08:00,17:00,30,18,2779
SE-415302,LUM-SAN,PR-3002,2026-07-28,08:00,17:00,30,18,5987
SE-415303,LUM-SAN,PR-3003,28/07/2026,08:00,17:00,20,27,3679
SE-415304,LUM-SAN,PR-3004,2026-07-28,08:00,17:00,20,27,4117
SE-415305,LUM-SAN,PR-3005,2026-07-28,08:00,17:00,20,27,4234
SE-415306,LUM-SAN,PR-3006,2026-07-28,08:00,17:00,30,18,3134
SE-415307,LUM-SAN,PR-3007,2026-07-28,08:00,17:00,45,12,6711
SE-415308,LUM-PTA,PR-3008,2026-07-28,08:00,17:00,20,27,3803
SE-415309,LUM-PTA,PR-3009,2026-07-28,08:00,17:00,25,21,8221
SE-415310,LUM-PTA,PR-3010,2026-07-28,08:00,17:00,30,18,5602
SE-415311,LUM-PTA,PR-3011,28/07/2026,08:00,17:00,20,27,4519
SE-415312,LUM-PTA,PR-3012,2026-07-28,08:00,17:00,20,27,4073
SE-415313,LUM-PTA,PR-3013,2026-07-28,08:00,17:00,30,18,5678
SE-415314,LUM-UMH,PR-3014,2026-07-28,08:00,17:00,20,27,3616
SE-415315,LUM-UMH,PR-3015,2026-07-28,08:00,17:00,30,18,4817
SE-415316,LUM-UMH,PR-3016,2026-07-28,08:00,17:00,30,18,3166
SE-415317,LUM-UMH,PR-3017,2026-07-28,08:00,17:00,25,21,7465
SE-415318,LUM-UMH,PR-3018,28/07/2026,08:00,17:00,20,27,3765
SE-415319,LUM-CLR,PR-3019,2026-07-28,08:00,17:00,20,27,4416
SE-415320,LUM-CLR,PR-3020,2026-07-28,08:00,17:00,30,18,3302
SE-415321,LUM-CLR,PR-3022,2026-07-28,08:00,17:00,20,27,4199
SE-415322,LUM-CLR,PR-3023,2026-07-28,08:00,17:00,20,27,3940
SE-415323,LUM-CLR,PR-3024,2026-07-28,08:00,17:00,20,27,4215
SE-415324,LUM-GQE,PR-3025,28/07/2026,08:00,17:00,20,27,3480
SE-415325,LUM-GQE,PR-3026,28/07/2026,08:00,17:00,20,27,4421
SE-415326,LUM-GQE,PR-3027,2026-07-28,08:00,17:00,30,18,5152
SE-415327,LUM-GQE,PR-3028,2026-07-28,08:00,17:00,20,27,4210
SE-415328,LUM-BFN,PR-3029,28/07/2026,08:00,17:00,30,18,4817
SE-415329,LUM-BFN,PR-3030,2026-07-28,08:00,17:00,30,18,2885
SE-415330,LUM-SAN,PR-3001,29/07/2026,08:00,17:00,20,27,4207
SE-415331,LUM-SAN,PR-3002,29/07/2026,08:00,17:00,30,18,5987
SE-415332,LUM-SAN,PR-3003,2026-07-29,08:00,17:00,20,27,3679
SE-415333,LUM-SAN,PR-3004,2026-07-29,08:00,17:00,20,27,4117
SE-415334,LUM-SAN,PR-3005,29/07/2026,08:00,17:00,20,27,4234
SE-415335,LUM-SAN,PR-3006,2026-07-29,08:00,17:00,30,18,3134
SE-415336,LUM-SAN,PR-3007,2026-07-29,08:00,17:00,45,12,6711
SE-415337,LUM-PTA,PR-3008,2026-07-29,08:00,17:00,20,27,3803
SE-415338,LUM-PTA,PR-3009,29/07/2026,08:00,17:00,25,21,8221
SE-415339,LUM-PTA,PR-3010,2026-07-29,08:00,17:00,30,18,5602
SE-415340,LUM-PTA,PR-3011,29/07/2026,08:00,17:00,20,27,4519
SE-415341,LUM-PTA,PR-3012,2026-07-29,08:00,17:00,20,27,4073
SE-415342,LUM-PTA,PR-3013,2026-07-29,08:00,17:00,30,18,5678
SE-415343,LUM-UMH,PR-3014,2026-07-29,08:00,17:00,20,27,3616
SE-415344,LUM-UMH,PR-3015,2026-07-29,08:00,17:00,30,18,4817
SE-415345,LUM-UMH,PR-3016,2026-07-29,08:00,17:00,30,18,3166
SE-415346,LUM-UMH,PR-3017,2026-07-29,08:00,17:00,25,21,7465
SE-415347,LUM-UMH,PR-3018,2026-07-29,08:00,17:00,20,27,3765
SE-415348,LUM-CLR,PR-3019,2026-07-29,08:00,17:00,20,27,4416
SE-415349,LUM-CLR,PR-3020,2026-07-29,08:00,17:00,30,18,3302
SE-415350,LUM-CLR,PR-3022,2026-07-29,08:00,17:00,20,27,4199
SE-415351,LUM-CLR,PR-3023,2026-07-29,08:00,17:00,20,27,3940
SE-415352,LUM-GQE,PR-3025,29/07/2026,08:00,17:00,20,27,3480
SE-415353,LUM-GQE,PR-3026,2026-07-29,08:00,17:00,20,27,4421
SE-415354,LUM-GQE,PR-3027,2026-07-29,08:00,17:00,30,18,5152
SE-415355,LUM-GQE,PR-3028,2026-07-29,08:00,17:00,20,27,4210
SE-415356,LUM-BFN,PR-3029,2026-07-29,08:00,17:00,30,18,4817
SE-415357,LUM-BFN,PR-3031,29/07/2026,08:00,17:00,30,18,3256
SE-415358,LUM-BFN,PR-3032,2026-07-29,08:00,17:00,30,18,2779
SE-415359,LUM-SAN,PR-3001,2026-07-30,08:00,17:00,20,27,4207
SE-415360,LUM-SAN,PR-3002,30/07/2026,08:00,17:00,30,18,5987
SE-415361,LUM-SAN,PR-3003,30/07/2026,08:00,17:00,20,27,3679
SE-415362,LUM-SAN,PR-3004,2026-07-30,08:00,17:00,20,27,4117
SE-415363,LUM-SAN,PR-3005,2026-07-30,08:00,17:00,20,27,4234
SE-415364,LUM-SAN,PR-3006,2026-07-30,08:00,17:00,30,18,3134
SE-415365,LUM-SAN,PR-3007,2026-07-30,08:00,17:00,45,12,6711
SE-415366,LUM-PTA,PR-3009,2026-07-30,08:00,17:00,25,21,8221
SE-415367,LUM-PTA,PR-3010,2026-07-30,08:00,17:00,30,18,5602
SE-415368,LUM-PTA,PR-3011,2026-07-30,08:00,17:00,20,27,4519
SE-415369,LUM-PTA,PR-3012,2026-07-30,08:00,17:00,20,27,4073
SE-415370,LUM-PTA,PR-3013,30/07/2026,08:00,17:00,30,18,5678
SE-415371,LUM-UMH,PR-3014,2026-07-30,08:00,17:00,20,27,3616
SE-415372,LUM-UMH,PR-3015,2026-07-30,08:00,17:00,30,18,4817
SE-415373,LUM-UMH,PR-3016,2026-07-30,08:00,17:00,30,18,3166
SE-415374,LUM-UMH,PR-3017,2026-07-30,08:00,17:00,25,21,7465
SE-415375,LUM-UMH,PR-3018,30/07/2026,08:00,17:00,20,27,3765
SE-415376,LUM-CLR,PR-3019,2026-07-30,08:00,17:00,20,27,4416
SE-415377,LUM-CLR,PR-3021,2026-07-30,08:00,17:00,20,27,4210
SE-415378,LUM-CLR,PR-3023,2026-07-30,08:00,17:00,20,27,3940
SE-415379,LUM-CLR,PR-3024,2026-07-30,08:00,17:00,20,27,4215
SE-415380,LUM-GQE,PR-3025,2026-07-30,08:00,17:00,20,27,3480
SE-415381,LUM-GQE,PR-3026,2026-07-30,08:00,17:00,20,27,4421
SE-415382,LUM-GQE,PR-3027,2026-07-30,08:00,17:00,30,18,5152
SE-415383,LUM-BFN,PR-3029,2026-07-30,08:00,17:00,30,18,4817
SE-415384,LUM-BFN,PR-3030,2026-07-30,08:00,17:00,30,18,2885
SE-415385,LUM-BFN,PR-3031,2026-07-30,08:00,17:00,30,18,3256
SE-415386,LUM-BFN,PR-3032,30/07/2026,08:00,17:00,30,18,2779
SE-415387,LUM-SAN,PR-3001,2026-07-31,08:00,17:00,20,27,4207
SE-415388,LUM-SAN,PR-3003,2026-07-31,08:00,17:00,20,27,3679
SE-415389,LUM-SAN,PR-3004,31/07/2026,08:00,17:00,20,27,4117
SE-415390,LUM-SAN,PR-3005,2026-07-31,08:00,17:00,20,27,4234
SE-415391,LUM-SAN,PR-3006,31/07/2026,08:00,17:00,30,18,3134
SE-415392,LUM-SAN,PR-3007,2026-07-31,08:00,17:00,45,12,6711
SE-415393,LUM-PTA,PR-3009,31/07/2026,08:00,17:00,25,21,8221
SE-415394,LUM-PTA,PR-3012,2026-07-31,08:00,17:00,20,27,4073
SE-415395,LUM-PTA,PR-3013,2026-07-31,08:00,17:00,30,18,5678
SE-415396,LUM-UMH,PR-3014,2026-07-31,08:00,17:00,20,27,3616
SE-415397,LUM-UMH,PR-3015,31/07/2026,08:00,17:00,30,18,4817
SE-415398,LUM-UMH,PR-3016,31/07/2026,08:00,17:00,30,18,3166
SE-415399,LUM-UMH,PR-3017,2026-07-31,08:00,17:00,25,21,7465
SE-415400,LUM-UMH,PR-3018,2026-07-31,08:00,17:00,20,27,3765
SE-415401,LUM-CLR,PR-3019,2026-07-31,08:00,17:00,20,27,4416
SE-415402,LUM-CLR,PR-3020,2026-07-31,08:00,17:00,30,18,3302
SE-415403,LUM-CLR,PR-3022,2026-07-31,08:00,17:00,20,27,4199
SE-415404,LUM-CLR,PR-3023,2026-07-31,08:00,17:00,20,27,3940
SE-415405,LUM-CLR,PR-3024,2026-07-31,08:00,17:00,20,27,4215
SE-415406,LUM-GQE,PR-3025,31/07/2026,08:00,17:00,20,27,3480
SE-415407,LUM-GQE,PR-3026,2026-07-31,08:00,17:00,20,27,4421
SE-415408,LUM-GQE,PR-3027,2026-07-31,08:00,17:00,30,18,5152
SE-415409,LUM-GQE,PR-3028,2026-07-31,08:00,17:00,20,27,4210
SE-415410,LUM-BFN,PR-3029,2026-07-31,08:00,17:00,30,18,4817
SE-415411,LUM-BFN,PR-3030,2026-07-31,08:00,17:00,30,18,2885
SE-415412,LUM-BFN,PR-3031,2026-07-31,08:00,17:00,30,18,3256
SE-415413,LUM-BFN,PR-3032,2026-07-31,08:00,17:00,30,18,2779
SE-415414,LUM-SAN,PR-3002,01/08/2026,08:00,13:00,30,10,3326.11
SE-415415,LUM-SAN,PR-3004,2026-08-01,08:00,13:00,20,15,2287.22
SE-415416,LUM-SAN,PR-3006,2026-08-01,08:00,13:00,30,10,1741.11
SE-415417,LUM-SAN,PR-3007,2026-08-01,08:00,13:00,45,6,3728.33
SE-415418,LUM-PTA,PR-3012,01/08/2026,08:00,13:00,20,15,2262.78
SE-415419,LUM-PTA,PR-3013,2026-08-01,08:00,13:00,30,10,3154.44
SE-415420,LUM-UMH,PR-3014,01/08/2026,08:00,13:00,20,15,2008.89
SE-415421,LUM-CLR,PR-3023,2026-08-01,08:00,13:00,20,15,2188.89
SE-415422,LUM-GQE,PR-3025,01/08/2026,08:00,13:00,20,15,1933.33
SE-415423,LUM-GQE,PR-3026,01/08/2026,08:00,13:00,20,15,2456.11
SE-415424,LUM-BFN,PR-3030,2026-08-01,08:00,13:00,30,10,1602.78
SE-415425,LUM-SAN,PR-3001,03/08/2026,08:00,17:00,20,27,4207
SE-415426,LUM-SAN,PR-3002,2026-08-03,08:00,17:00,30,18,5987
SE-415427,LUM-SAN,PR-3004,03/08/2026,08:00,17:00,20,27,4117
SE-415428,LUM-SAN,PR-3005,2026-08-03,08:00,17:00,20,27,4234
SE-415429,LUM-SAN,PR-3006,03/08/2026,08:00,17:00,30,18,3134
SE-415430,LUM-SAN,PR-3007,2026-08-03,08:00,17:00,45,12,6711
SE-415431,LUM-PTA,PR-3008,2026-08-03,08:00,17:00,20,27,3803
SE-415432,LUM-PTA,PR-3009,03/08/2026,08:00,17:00,25,21,8221
SE-415433,LUM-PTA,PR-3010,2026-08-03,08:00,17:00,30,18,5602
SE-415434,LUM-PTA,PR-3012,2026-08-03,08:00,17:00,20,27,4073
SE-415435,LUM-PTA,PR-3013,2026-08-03,08:00,17:00,30,18,5678
SE-415436,LUM-UMH,PR-3014,2026-08-03,08:00,17:00,20,27,3616
SE-415437,LUM-UMH,PR-3015,03/08/2026,08:00,17:00,30,18,4817
SE-415438,LUM-UMH,PR-3016,03/08/2026,08:00,17:00,30,18,3166
SE-415439,LUM-UMH,PR-3017,2026-08-03,08:00,17:00,25,21,7465
SE-415440,LUM-UMH,PR-3018,2026-08-03,08:00,17:00,20,27,3765
SE-415441,LUM-CLR,PR-3019,2026-08-03,08:00,17:00,20,27,4416
SE-415442,LUM-CLR,PR-3020,2026-08-03,08:00,17:00,30,18,3302
SE-415443,LUM-CLR,PR-3023,2026-08-03,08:00,17:00,20,27,3940
SE-415444,LUM-CLR,PR-3024,2026-08-03,08:00,17:00,20,27,4215
SE-415445,LUM-GQE,PR-3025,03/08/2026,08:00,17:00,20,27,3480
SE-415446,LUM-GQE,PR-3026,03/08/2026,08:00,17:00,20,27,4421
SE-415447,LUM-GQE,PR-3027,2026-08-03,08:00,17:00,30,18,5152
SE-415448,LUM-GQE,PR-3028,2026-08-03,08:00,17:00,20,27,4210
SE-415449,LUM-BFN,PR-3029,2026-08-03,08:00,17:00,30,18,4817
SE-415450,LUM-BFN,PR-3030,03/08/2026,08:00,17:00,30,18,2885
SE-415451,LUM-BFN,PR-3031,2026-08-03,08:00,17:00,30,18,3256
SE-415452,LUM-BFN,PR-3032,2026-08-03,08:00,17:00,30,18,2779
SE-415453,LUM-SAN,PR-3001,04/08/2026,08:00,17:00,20,27,4207
SE-415454,LUM-SAN,PR-3002,04/08/2026,08:00,17:00,30,18,5987
SE-415455,LUM-SAN,PR-3003,2026-08-04,08:00,17:00,20,27,3679
SE-415456,LUM-SAN,PR-3004,04/08/2026,08:00,17:00,20,27,4117
SE-415457,LUM-SAN,PR-3007,2026-08-04,08:00,17:00,45,12,6711
SE-415458,LUM-PTA,PR-3008,04/08/2026,08:00,17:00,20,27,3803
SE-415459,LUM-PTA,PR-3009,2026-08-04,08:00,17:00,25,21,8221
SE-415460,LUM-PTA,PR-3010,2026-08-04,08:00,17:00,30,18,5602
SE-415461,LUM-PTA,PR-3011,04/08/2026,08:00,17:00,20,27,4519
SE-415462,LUM-PTA,PR-3013,2026-08-04,08:00,17:00,30,18,5678
SE-415463,LUM-UMH,PR-3014,2026-08-04,08:00,17:00,20,27,3616
SE-415464,LUM-UMH,PR-3015,2026-08-04,08:00,17:00,30,18,4817
SE-415465,LUM-UMH,PR-3016,2026-08-04,08:00,17:00,30,18,3166
SE-415466,LUM-UMH,PR-3017,2026-08-04,08:00,17:00,25,21,7465
SE-415467,LUM-UMH,PR-3018,2026-08-04,08:00,17:00,20,27,3765
SE-415468,LUM-CLR,PR-3019,2026-08-04,08:00,17:00,20,27,4416
SE-415469,LUM-CLR,PR-3021,2026-08-04,08:00,17:00,20,27,4210
SE-415470,LUM-CLR,PR-3022,2026-08-04,08:00,17:00,20,27,4199
SE-415471,LUM-CLR,PR-3023,2026-08-04,08:00,17:00,20,27,3940
SE-415472,LUM-CLR,PR-3024,2026-08-04,08:00,17:00,20,27,4215
SE-415473,LUM-GQE,PR-3025,04/08/2026,08:00,17:00,20,27,3480
SE-415474,LUM-GQE,PR-3026,2026-08-04,08:00,17:00,20,27,4421
SE-415475,LUM-GQE,PR-3027,2026-08-04,08:00,17:00,30,18,5152
SE-415476,LUM-GQE,PR-3028,04/08/2026,08:00,17:00,20,27,4210
SE-415477,LUM-BFN,PR-3029,2026-08-04,08:00,17:00,30,18,4817
SE-415478,LUM-BFN,PR-3030,2026-08-04,08:00,17:00,30,18,2885
SE-415479,LUM-BFN,PR-3031,2026-08-04,08:00,17:00,30,18,3256
SE-415480,LUM-BFN,PR-3032,04/08/2026,08:00,17:00,30,18,2779
SE-415481,LUM-SAN,PR-3002,2026-08-05,08:00,17:00,30,18,5987
SE-415482,LUM-SAN,PR-3003,05/08/2026,08:00,17:00,20,27,3679
SE-415483,LUM-SAN,PR-3004,05/08/2026,08:00,17:00,20,27,4117
SE-415484,LUM-SAN,PR-3005,2026-08-05,08:00,17:00,20,27,4234
SE-415485,LUM-SAN,PR-3006,2026-08-05,08:00,17:00,30,18,3134
SE-415486,LUM-SAN,PR-3007,2026-08-05,08:00,17:00,45,12,6711
SE-415487,LUM-PTA,PR-3008,2026-08-05,08:00,17:00,20,27,3803
SE-415488,LUM-PTA,PR-3009,2026-08-05,08:00,17:00,25,21,8221
SE-415489,LUM-PTA,PR-3010,05/08/2026,08:00,17:00,30,18,5602
SE-415490,LUM-PTA,PR-3011,2026-08-05,08:00,17:00,20,27,4519
SE-415491,LUM-PTA,PR-3012,2026-08-05,08:00,17:00,20,27,4073
SE-415492,LUM-PTA,PR-3013,2026-08-05,08:00,17:00,30,18,5678
SE-415493,LUM-UMH,PR-3014,2026-08-05,08:00,17:00,20,27,3616
SE-415494,LUM-UMH,PR-3015,05/08/2026,08:00,17:00,30,18,4817
SE-415495,LUM-UMH,PR-3016,2026-08-05,08:00,17:00,30,18,3166
SE-415496,LUM-UMH,PR-3017,2026-08-05,08:00,17:00,25,21,7465
SE-415497,LUM-UMH,PR-3018,2026-08-05,08:00,17:00,20,27,3765
SE-415498,LUM-CLR,PR-3019,2026-08-05,08:00,17:00,20,27,4416
SE-415499,LUM-CLR,PR-3020,05/08/2026,08:00,17:00,30,18,3302
SE-415500,LUM-CLR,PR-3021,2026-08-05,08:00,17:00,20,27,4210
SE-415501,LUM-CLR,PR-3023,2026-08-05,08:00,17:00,20,27,3940
SE-415502,LUM-GQE,PR-3025,05/08/2026,08:00,17:00,20,27,3480
SE-415503,LUM-GQE,PR-3026,2026-08-05,08:00,17:00,20,27,4421
SE-415504,LUM-GQE,PR-3027,05/08/2026,08:00,17:00,30,18,5152
SE-415505,LUM-GQE,PR-3028,2026-08-05,08:00,17:00,20,27,4210
SE-415506,LUM-BFN,PR-3029,2026-08-05,08:00,17:00,30,18,4817
SE-415507,LUM-BFN,PR-3030,2026-08-05,08:00,17:00,30,18,2885
SE-415508,LUM-BFN,PR-3031,2026-08-05,08:00,17:00,30,18,3256
SE-415509,LUM-BFN,PR-3032,2026-08-05,08:00,17:00,30,18,2779
SE-415510,LUM-SAN,PR-3001,2026-08-06,08:00,17:00,20,27,4207
SE-415511,LUM-SAN,PR-3002,2026-08-06,08:00,17:00,30,18,5987
SE-415512,LUM-SAN,PR-3003,06/08/2026,08:00,17:00,20,27,3679
SE-415513,LUM-SAN,PR-3004,06/08/2026,08:00,17:00,20,27,4117
SE-415514,LUM-SAN,PR-3005,2026-08-06,08:00,17:00,20,27,4234
SE-415515,LUM-SAN,PR-3006,2026-08-06,08:00,17:00,30,18,3134
SE-415516,LUM-PTA,PR-3008,2026-08-06,08:00,17:00,20,27,3803
SE-415517,LUM-PTA,PR-3009,06/08/2026,08:00,17:00,25,21,8221
SE-415518,LUM-PTA,PR-3010,2026-08-06,08:00,17:00,30,18,5602
SE-415519,LUM-PTA,PR-3011,2026-08-06,08:00,17:00,20,27,4519
SE-415520,LUM-PTA,PR-3012,06/08/2026,08:00,17:00,20,27,4073
SE-415521,LUM-UMH,PR-3014,06/08/2026,08:00,17:00,20,27,3616
SE-415522,LUM-UMH,PR-3016,2026-08-06,08:00,17:00,30,18,3166
SE-415523,LUM-UMH,PR-3017,2026-08-06,08:00,17:00,25,21,7465
SE-415524,LUM-UMH,PR-3018,06/08/2026,08:00,17:00,20,27,3765
SE-415525,LUM-CLR,PR-3019,2026-08-06,08:00,17:00,20,27,4416
SE-415526,LUM-CLR,PR-3020,06/08/2026,08:00,17:00,30,18,3302
SE-415527,LUM-CLR,PR-3021,2026-08-06,08:00,17:00,20,27,4210
SE-415528,LUM-CLR,PR-3023,2026-08-06,08:00,17:00,20,27,3940
SE-415529,LUM-CLR,PR-3024,06/08/2026,08:00,17:00,20,27,4215
SE-415530,LUM-GQE,PR-3025,2026-08-06,08:00,17:00,20,27,3480
SE-415531,LUM-GQE,PR-3028,2026-08-06,08:00,17:00,20,27,4210
SE-415532,LUM-BFN,PR-3029,2026-08-06,08:00,17:00,30,18,4817
SE-415533,LUM-BFN,PR-3030,2026-08-06,08:00,17:00,30,18,2885
SE-415534,LUM-BFN,PR-3031,2026-08-06,08:00,17:00,30,18,3256
SE-415535,LUM-BFN,PR-3032,2026-08-06,08:00,17:00,30,18,2779
SE-415536,LUM-SAN,PR-3001,2026-08-07,08:00,17:00,20,27,4207
SE-415537,LUM-SAN,PR-3002,2026-08-07,08:00,17:00,30,18,5987
SE-415538,LUM-SAN,PR-3003,2026-08-07,08:00,17:00,20,27,3679
SE-415539,LUM-SAN,PR-3004,2026-08-07,08:00,17:00,20,27,4117
SE-415540,LUM-SAN,PR-3005,07/08/2026,08:00,17:00,20,27,4234
SE-415541,LUM-SAN,PR-3006,2026-08-07,08:00,17:00,30,18,3134
SE-415542,LUM-SAN,PR-3007,2026-08-07,08:00,17:00,45,12,6711
SE-415543,LUM-PTA,PR-3008,07/08/2026,08:00,17:00,20,27,3803
SE-415544,LUM-PTA,PR-3009,07/08/2026,08:00,17:00,25,21,8221
SE-415545,LUM-PTA,PR-3010,2026-08-07,08:00,17:00,30,18,5602
SE-415546,LUM-PTA,PR-3011,2026-08-07,08:00,17:00,20,27,4519
SE-415547,LUM-PTA,PR-3012,2026-08-07,08:00,17:00,20,27,4073
SE-415548,LUM-UMH,PR-3015,2026-08-07,08:00,17:00,30,18,4817
SE-415549,LUM-UMH,PR-3016,2026-08-07,08:00,17:00,30,18,3166
SE-415550,LUM-UMH,PR-3017,2026-08-07,08:00,17:00,25,21,7465
SE-415551,LUM-UMH,PR-3018,2026-08-07,08:00,17:00,20,27,3765
SE-415552,LUM-CLR,PR-3019,2026-08-07,08:00,17:00,20,27,4416
SE-415553,LUM-CLR,PR-3021,2026-08-07,08:00,17:00,20,27,4210
SE-415554,LUM-CLR,PR-3022,2026-08-07,08:00,17:00,20,27,4199
SE-415555,LUM-CLR,PR-3023,07/08/2026,08:00,17:00,20,27,3940
SE-415556,LUM-GQE,PR-3025,2026-08-07,08:00,17:00,20,27,3480
SE-415557,LUM-GQE,PR-3027,2026-08-07,08:00,17:00,30,18,5152
SE-415558,LUM-GQE,PR-3028,2026-08-07,08:00,17:00,20,27,4210
SE-415559,LUM-BFN,PR-3029,2026-08-07,08:00,17:00,30,18,4817
SE-415560,LUM-BFN,PR-3030,2026-08-07,08:00,17:00,30,18,2885
SE-415561,LUM-BFN,PR-3032,2026-08-07,08:00,17:00,30,18,2779
SE-415562,LUM-SAN,PR-3002,08/08/2026,08:00,13:00,30,10,3326.11
SE-415563,LUM-SAN,PR-3003,2026-08-08,08:00,13:00,20,15,2043.89
SE-415564,LUM-SAN,PR-3006,2026-08-08,08:00,13:00,30,10,1741.11
SE-415565,LUM-SAN,PR-3007,2026-08-08,08:00,13:00,45,6,3728.33
SE-415566,LUM-PTA,PR-3009,2026-08-08,08:00,13:00,25,12,4567.22
SE-415567,LUM-PTA,PR-3013,08/08/2026,08:00,13:00,30,10,3154.44
SE-415568,LUM-UMH,PR-3014,2026-08-08,08:00,13:00,20,15,2008.89
SE-415569,LUM-UMH,PR-3016,2026-08-08,08:00,13:00,30,10,1758.89
SE-415570,LUM-UMH,PR-3017,2026-08-08,08:00,13:00,25,12,4147.22
SE-415571,LUM-CLR,PR-3019,2026-08-08,08:00,13:00,20,15,2453.33
SE-415572,LUM-GQE,PR-3026,08/08/2026,08:00,13:00,20,15,2456.11
SE-415573,LUM-GQE,PR-3027,2026-08-08,08:00,13:00,30,10,2862.22
SE-415574,LUM-BFN,PR-3029,2026-08-08,08:00,13:00,30,10,2676.11
SE-415575,LUM-SAN,PR-3001,2026-08-10,08:00,17:00,20,27,4207
SE-415576,LUM-SAN,PR-3002,2026-08-10,08:00,17:00,30,18,5987
SE-415577,LUM-SAN,PR-3003,2026-08-10,08:00,17:00,20,27,3679
SE-415578,LUM-SAN,PR-3004,2026-08-10,08:00,17:00,20,27,4117
SE-415579,LUM-SAN,PR-3005,2026-08-10,08:00,17:00,20,27,4234
SE-415580,LUM-SAN,PR-3006,10/08/2026,08:00,17:00,30,18,3134
SE-415581,LUM-SAN,PR-3007,2026-08-10,08:00,17:00,45,12,6711
SE-415582,LUM-PTA,PR-3008,2026-08-10,08:00,17:00,20,27,3803
SE-415583,LUM-PTA,PR-3009,2026-08-10,08:00,17:00,25,21,8221
SE-415584,LUM-PTA,PR-3010,2026-08-10,08:00,17:00,30,18,5602
SE-415585,LUM-PTA,PR-3011,2026-08-10,08:00,17:00,20,27,4519
SE-415586,LUM-PTA,PR-3012,10/08/2026,08:00,17:00,20,27,4073
SE-415587,LUM-PTA,PR-3013,10/08/2026,08:00,17:00,30,18,5678
SE-415588,LUM-UMH,PR-3014,2026-08-10,08:00,17:00,20,27,3616
SE-415589,LUM-UMH,PR-3015,2026-08-10,08:00,17:00,30,18,4817
SE-415590,LUM-UMH,PR-3016,10/08/2026,08:00,17:00,30,18,3166
SE-415591,LUM-UMH,PR-3017,2026-08-10,08:00,17:00,25,21,7465
SE-415592,LUM-UMH,PR-3018,2026-08-10,08:00,17:00,20,27,3765
SE-415593,LUM-CLR,PR-3019,10/08/2026,08:00,17:00,20,27,4416
SE-415594,LUM-CLR,PR-3020,2026-08-10,08:00,17:00,30,18,3302
SE-415595,LUM-CLR,PR-3021,2026-08-10,08:00,17:00,20,27,4210
SE-415596,LUM-CLR,PR-3022,10/08/2026,08:00,17:00,20,27,4199
SE-415597,LUM-CLR,PR-3023,2026-08-10,08:00,17:00,20,27,3940
SE-415598,LUM-CLR,PR-3024,10/08/2026,08:00,17:00,20,27,4215
SE-415599,LUM-GQE,PR-3025,2026-08-10,08:00,17:00,20,27,3480
SE-415600,LUM-GQE,PR-3026,2026-08-10,08:00,17:00,20,27,4421
SE-415601,LUM-GQE,PR-3027,2026-08-10,08:00,17:00,30,18,5152
SE-415602,LUM-GQE,PR-3028,2026-08-10,08:00,17:00,20,27,4210
SE-415603,LUM-BFN,PR-3029,2026-08-10,08:00,17:00,30,18,4817
SE-415604,LUM-BFN,PR-3030,2026-08-10,08:00,17:00,30,18,2885
SE-415605,LUM-BFN,PR-3031,2026-08-10,08:00,17:00,30,18,3256
SE-415606,LUM-SAN,PR-3001,11/08/2026,08:00,17:00,20,27,4207
SE-415607,LUM-SAN,PR-3002,2026-08-11,08:00,17:00,30,18,5987
SE-415608,LUM-SAN,PR-3003,2026-08-11,08:00,17:00,20,27,3679
SE-415609,LUM-SAN,PR-3004,2026-08-11,08:00,17:00,20,27,4117
SE-415610,LUM-SAN,PR-3005,2026-08-11,08:00,17:00,20,27,4234
SE-415611,LUM-SAN,PR-3006,2026-08-11,08:00,17:00,30,18,3134
SE-415612,LUM-SAN,PR-3007,2026-08-11,08:00,17:00,45,12,6711
SE-415613,LUM-PTA,PR-3008,11/08/2026,08:00,17:00,20,27,3803
SE-415614,LUM-PTA,PR-3009,2026-08-11,08:00,17:00,25,21,8221
SE-415615,LUM-PTA,PR-3010,2026-08-11,08:00,17:00,30,18,5602
SE-415616,LUM-PTA,PR-3011,11/08/2026,08:00,17:00,20,27,4519
SE-415617,LUM-PTA,PR-3012,11/08/2026,08:00,17:00,20,27,4073
SE-415618,LUM-PTA,PR-3013,11/08/2026,08:00,17:00,30,18,5678
SE-415619,LUM-UMH,PR-3014,11/08/2026,08:00,17:00,20,27,3616
SE-415620,LUM-UMH,PR-3015,11/08/2026,08:00,17:00,30,18,4817
SE-415621,LUM-UMH,PR-3016,11/08/2026,08:00,17:00,30,18,3166
SE-415622,LUM-UMH,PR-3017,2026-08-11,08:00,17:00,25,21,7465
SE-415623,LUM-UMH,PR-3018,2026-08-11,08:00,17:00,20,27,3765
SE-415624,LUM-CLR,PR-3019,2026-08-11,08:00,17:00,20,27,4416
SE-415625,LUM-CLR,PR-3020,2026-08-11,08:00,17:00,30,18,3302
SE-415626,LUM-CLR,PR-3021,2026-08-11,08:00,17:00,20,27,4210
SE-415627,LUM-CLR,PR-3022,2026-08-11,08:00,17:00,20,27,4199
SE-415628,LUM-CLR,PR-3024,11/08/2026,08:00,17:00,20,27,4215
SE-415629,LUM-GQE,PR-3025,2026-08-11,08:00,17:00,20,27,3480
SE-415630,LUM-GQE,PR-3026,2026-08-11,08:00,17:00,20,27,4421
SE-415631,LUM-GQE,PR-3028,2026-08-11,08:00,17:00,20,27,4210
SE-415632,LUM-BFN,PR-3029,2026-08-11,08:00,17:00,30,18,4817
SE-415633,LUM-BFN,PR-3030,2026-08-11,08:00,17:00,30,18,2885
SE-415634,LUM-BFN,PR-3031,2026-08-11,08:00,17:00,30,18,3256
SE-415635,LUM-SAN,PR-3001,2026-08-12,08:00,17:00,20,27,4207
SE-415636,LUM-SAN,PR-3002,2026-08-12,08:00,17:00,30,18,5987
SE-415637,LUM-SAN,PR-3003,2026-08-12,08:00,17:00,20,27,3679
SE-415638,LUM-SAN,PR-3004,2026-08-12,08:00,17:00,20,27,4117
SE-415639,LUM-SAN,PR-3005,12/08/2026,08:00,17:00,20,27,4234
SE-415640,LUM-SAN,PR-3006,12/08/2026,08:00,17:00,30,18,3134
SE-415641,LUM-SAN,PR-3007,2026-08-12,08:00,17:00,45,12,6711
SE-415642,LUM-PTA,PR-3008,12/08/2026,08:00,17:00,20,27,3803
SE-415643,LUM-PTA,PR-3010,2026-08-12,08:00,17:00,30,18,5602
SE-415644,LUM-PTA,PR-3011,12/08/2026,08:00,17:00,20,27,4519
SE-415645,LUM-PTA,PR-3012,2026-08-12,08:00,17:00,20,27,4073
SE-415646,LUM-UMH,PR-3014,12/08/2026,08:00,17:00,20,27,3616
SE-415647,LUM-UMH,PR-3015,2026-08-12,08:00,17:00,30,18,4817
SE-415648,LUM-UMH,PR-3016,2026-08-12,08:00,17:00,30,18,3166
SE-415649,LUM-UMH,PR-3017,2026-08-12,08:00,17:00,25,21,7465
SE-415650,LUM-UMH,PR-3018,2026-08-12,08:00,17:00,20,27,3765
SE-415651,LUM-CLR,PR-3019,12/08/2026,08:00,17:00,20,27,4416
SE-415652,LUM-CLR,PR-3020,2026-08-12,08:00,17:00,30,18,3302
SE-415653,LUM-CLR,PR-3021,2026-08-12,08:00,17:00,20,27,4210
SE-415654,LUM-CLR,PR-3022,2026-08-12,08:00,17:00,20,27,4199
SE-415655,LUM-CLR,PR-3023,2026-08-12,08:00,17:00,20,27,3940
SE-415656,LUM-CLR,PR-3024,2026-08-12,08:00,17:00,20,27,4215
SE-415657,LUM-GQE,PR-3025,2026-08-12,08:00,17:00,20,27,3480
SE-415658,LUM-GQE,PR-3026,2026-08-12,08:00,17:00,20,27,4421
SE-415659,LUM-GQE,PR-3027,2026-08-12,08:00,17:00,30,18,5152
SE-415660,LUM-GQE,PR-3028,2026-08-12,08:00,17:00,20,27,4210
SE-415661,LUM-BFN,PR-3029,2026-08-12,08:00,17:00,30,18,4817
SE-415662,LUM-BFN,PR-3030,12/08/2026,08:00,17:00,30,18,2885
SE-415663,LUM-BFN,PR-3031,2026-08-12,08:00,17:00,30,18,3256
SE-415664,LUM-BFN,PR-3032,2026-08-12,08:00,17:00,30,18,2779
SE-415665,LUM-SAN,PR-3001,2026-08-13,08:00,17:00,20,27,4207
SE-415666,LUM-SAN,PR-3002,13/08/2026,08:00,17:00,30,18,5987
SE-415667,LUM-SAN,PR-3003,2026-08-13,08:00,17:00,20,27,3679
SE-415668,LUM-SAN,PR-3004,2026-08-13,08:00,17:00,20,27,4117
SE-415669,LUM-SAN,PR-3005,2026-08-13,08:00,17:00,20,27,4234
SE-415670,LUM-SAN,PR-3006,2026-08-13,08:00,17:00,30,18,3134
SE-415671,LUM-SAN,PR-3007,2026-08-13,08:00,17:00,45,12,6711
SE-415672,LUM-PTA,PR-3008,2026-08-13,08:00,17:00,20,27,3803
SE-415673,LUM-PTA,PR-3009,2026-08-13,08:00,17:00,25,21,8221
SE-415674,LUM-PTA,PR-3010,2026-08-13,08:00,17:00,30,18,5602
SE-415675,LUM-PTA,PR-3011,13/08/2026,08:00,17:00,20,27,4519
SE-415676,LUM-PTA,PR-3012,13/08/2026,08:00,17:00,20,27,4073
SE-415677,LUM-PTA,PR-3013,2026-08-13,08:00,17:00,30,18,5678
SE-415678,LUM-UMH,PR-3014,2026-08-13,08:00,17:00,20,27,3616
SE-415679,LUM-UMH,PR-3015,2026-08-13,08:00,17:00,30,18,4817
SE-415680,LUM-UMH,PR-3017,2026-08-13,08:00,17:00,25,21,7465
SE-415681,LUM-UMH,PR-3018,2026-08-13,08:00,17:00,20,27,3765
SE-415682,LUM-CLR,PR-3019,2026-08-13,08:00,17:00,20,27,4416
SE-415683,LUM-CLR,PR-3020,2026-08-13,08:00,17:00,30,18,3302
SE-415684,LUM-CLR,PR-3021,2026-08-13,08:00,17:00,20,27,4210
SE-415685,LUM-CLR,PR-3022,13/08/2026,08:00,17:00,20,27,4199
SE-415686,LUM-CLR,PR-3023,2026-08-13,08:00,17:00,20,27,3940
SE-415687,LUM-CLR,PR-3024,2026-08-13,08:00,17:00,20,27,4215
SE-415688,LUM-GQE,PR-3025,2026-08-13,08:00,17:00,20,27,3480
SE-415689,LUM-GQE,PR-3026,2026-08-13,08:00,17:00,20,27,4421
SE-415690,LUM-GQE,PR-3027,2026-08-13,08:00,17:00,30,18,5152
SE-415691,LUM-GQE,PR-3028,13/08/2026,08:00,17:00,20,27,4210
SE-415692,LUM-BFN,PR-3029,2026-08-13,08:00,17:00,30,18,4817
SE-415693,LUM-BFN,PR-3030,2026-08-13,08:00,17:00,30,18,2885
SE-415694,LUM-BFN,PR-3031,2026-08-13,08:00,17:00,30,18,3256
SE-415695,LUM-BFN,PR-3032,2026-08-13,08:00,17:00,30,18,2779
SE-415696,LUM-SAN,PR-3001,2026-08-14,08:00,17:00,20,27,4207
SE-415697,LUM-SAN,PR-3002,2026-08-14,08:00,17:00,30,18,5987
SE-415698,LUM-SAN,PR-3003,14/08/2026,08:00,17:00,20,27,3679
SE-415699,LUM-SAN,PR-3004,2026-08-14,08:00,17:00,20,27,4117
SE-415700,LUM-SAN,PR-3005,2026-08-14,08:00,17:00,20,27,4234
SE-415701,LUM-SAN,PR-3006,14/08/2026,08:00,17:00,30,18,3134
SE-415702,LUM-SAN,PR-3007,2026-08-14,08:00,17:00,45,12,6711
SE-415703,LUM-PTA,PR-3008,2026-08-14,08:00,17:00,20,27,3803
SE-415704,LUM-PTA,PR-3009,14/08/2026,08:00,17:00,25,21,8221
SE-415705,LUM-PTA,PR-3010,2026-08-14,08:00,17:00,30,18,5602
SE-415706,LUM-PTA,PR-3011,2026-08-14,08:00,17:00,20,27,4519
SE-415707,LUM-PTA,PR-3012,2026-08-14,08:00,17:00,20,27,4073
SE-415708,LUM-PTA,PR-3013,14/08/2026,08:00,17:00,30,18,5678
SE-415709,LUM-UMH,PR-3014,2026-08-14,08:00,17:00,20,27,3616
SE-415710,LUM-UMH,PR-3015,2026-08-14,08:00,17:00,30,18,4817
SE-415711,LUM-UMH,PR-3016,14/08/2026,08:00,17:00,30,18,3166
SE-415712,LUM-UMH,PR-3017,14/08/2026,08:00,17:00,25,21,7465
SE-415713,LUM-UMH,PR-3018,2026-08-14,08:00,17:00,20,27,3765
SE-415714,LUM-CLR,PR-3019,2026-08-14,08:00,17:00,20,27,4416
SE-415715,LUM-CLR,PR-3020,14/08/2026,08:00,17:00,30,18,3302
SE-415716,LUM-CLR,PR-3021,2026-08-14,08:00,17:00,20,27,4210
SE-415717,LUM-CLR,PR-3022,2026-08-14,08:00,17:00,20,27,4199
SE-415718,LUM-CLR,PR-3023,2026-08-14,08:00,17:00,20,27,3940
SE-415719,LUM-CLR,PR-3024,2026-08-14,08:00,17:00,20,27,4215
SE-415720,LUM-GQE,PR-3025,2026-08-14,08:00,17:00,20,27,3480
SE-415721,LUM-GQE,PR-3026,14/08/2026,08:00,17:00,20,27,4421
SE-415722,LUM-GQE,PR-3028,14/08/2026,08:00,17:00,20,27,4210
SE-415723,LUM-BFN,PR-3030,2026-08-14,08:00,17:00,30,18,2885
SE-415724,LUM-BFN,PR-3031,2026-08-14,08:00,17:00,30,18,3256
SE-415725,LUM-BFN,PR-3032,2026-08-14,08:00,17:00,30,18,2779
SE-415726,LUM-SAN,PR-3003,2026-08-15,08:00,13:00,20,15,2043.89
SE-415727,LUM-PTA,PR-3009,2026-08-15,08:00,13:00,25,12,4567.22
SE-415728,LUM-PTA,PR-3012,2026-08-15,08:00,13:00,20,15,2262.78
SE-415729,LUM-UMH,PR-3014,2026-08-15,08:00,13:00,20,15,2008.89
SE-415730,LUM-UMH,PR-3015,2026-08-15,08:00,13:00,30,10,2676.11
SE-415731,LUM-UMH,PR-3016,2026-08-15,08:00,13:00,30,10,1758.89
SE-415732,LUM-CLR,PR-3019,2026-08-15,08:00,13:00,20,15,2453.33
SE-415733,LUM-CLR,PR-3023,2026-08-15,08:00,13:00,20,15,2188.89
SE-415734,LUM-GQE,PR-3026,2026-08-15,08:00,13:00,20,15,2456.11
SE-415735,LUM-GQE,PR-3028,2026-08-15,08:00,13:00,20,15,2338.89
SE-415736,LUM-BFN,PR-3029,2026-08-15,08:00,13:00,30,10,2676.11
SE-415737,LUM-SAN,PR-3002,17/08/2026,08:00,17:00,30,18,5987
SE-415738,LUM-SAN,PR-3003,2026-08-17,08:00,17:00,20,27,3679
SE-415739,LUM-SAN,PR-3004,17/08/2026,08:00,17:00,20,27,4117
SE-415740,LUM-SAN,PR-3005,2026-08-17,08:00,17:00,20,27,4234
SE-415741,LUM-SAN,PR-3006,2026-08-17,08:00,17:00,30,18,3134
SE-415742,LUM-SAN,PR-3007,17/08/2026,08:00,17:00,45,12,6711
SE-415743,LUM-PTA,PR-3008,17/08/2026,08:00,17:00,20,27,3803
SE-415744,LUM-PTA,PR-3009,2026-08-17,08:00,17:00,25,21,8221
SE-415745,LUM-PTA,PR-3010,2026-08-17,08:00,17:00,30,18,5602
SE-415746,LUM-PTA,PR-3011,2026-08-17,08:00,17:00,20,27,4519
SE-415747,LUM-PTA,PR-3012,2026-08-17,08:00,17:00,20,27,4073
SE-415748,LUM-PTA,PR-3013,2026-08-17,08:00,17:00,30,18,5678
SE-415749,LUM-UMH,PR-3014,2026-08-17,08:00,17:00,20,27,3616
SE-415750,LUM-UMH,PR-3015,2026-08-17,08:00,17:00,30,18,4817
SE-415751,LUM-UMH,PR-3016,2026-08-17,08:00,17:00,30,18,3166
SE-415752,LUM-UMH,PR-3017,2026-08-17,08:00,17:00,25,21,7465
SE-415753,LUM-UMH,PR-3018,2026-08-17,08:00,17:00,20,27,3765
SE-415754,LUM-CLR,PR-3019,2026-08-17,08:00,17:00,20,27,4416
SE-415755,LUM-CLR,PR-3021,17/08/2026,08:00,17:00,20,27,4210
SE-415756,LUM-CLR,PR-3022,2026-08-17,08:00,17:00,20,27,4199
SE-415757,LUM-GQE,PR-3025,2026-08-17,08:00,17:00,20,27,3480
SE-415758,LUM-GQE,PR-3026,17/08/2026,08:00,17:00,20,27,4421
SE-415759,LUM-GQE,PR-3027,2026-08-17,08:00,17:00,30,18,5152
SE-415760,LUM-GQE,PR-3028,2026-08-17,08:00,17:00,20,27,4210
SE-415761,LUM-BFN,PR-3029,2026-08-17,08:00,17:00,30,18,4817
SE-415762,LUM-BFN,PR-3030,2026-08-17,08:00,17:00,30,18,2885
SE-415763,LUM-BFN,PR-3031,2026-08-17,08:00,17:00,30,18,3256
SE-415764,LUM-BFN,PR-3032,17/08/2026,08:00,17:00,30,18,2779
SE-415765,LUM-SAN,PR-3001,2026-08-18,08:00,17:00,20,27,4207
SE-415766,LUM-SAN,PR-3002,2026-08-18,08:00,17:00,30,18,5987
SE-415767,LUM-SAN,PR-3003,2026-08-18,08:00,17:00,20,27,3679
SE-415768,LUM-SAN,PR-3004,18/08/2026,08:00,17:00,20,27,4117
SE-415769,LUM-SAN,PR-3005,2026-08-18,08:00,17:00,20,27,4234
SE-415770,LUM-SAN,PR-3006,2026-08-18,08:00,17:00,30,18,3134
SE-415771,LUM-PTA,PR-3008,2026-08-18,08:00,17:00,20,27,3803
SE-415772,LUM-PTA,PR-3009,2026-08-18,08:00,17:00,25,21,8221
SE-415773,LUM-PTA,PR-3010,2026-08-18,08:00,17:00,30,18,5602
SE-415774,LUM-PTA,PR-3011,2026-08-18,08:00,17:00,20,27,4519
SE-415775,LUM-PTA,PR-3012,18/08/2026,08:00,17:00,20,27,4073
SE-415776,LUM-PTA,PR-3013,2026-08-18,08:00,17:00,30,18,5678
SE-415777,LUM-UMH,PR-3014,2026-08-18,08:00,17:00,20,27,3616
SE-415778,LUM-UMH,PR-3016,18/08/2026,08:00,17:00,30,18,3166
SE-415779,LUM-UMH,PR-3017,2026-08-18,08:00,17:00,25,21,7465
SE-415780,LUM-UMH,PR-3018,2026-08-18,08:00,17:00,20,27,3765
SE-415781,LUM-CLR,PR-3019,2026-08-18,08:00,17:00,20,27,4416
SE-415782,LUM-CLR,PR-3020,2026-08-18,08:00,17:00,30,18,3302
SE-415783,LUM-CLR,PR-3021,18/08/2026,08:00,17:00,20,27,4210
SE-415784,LUM-CLR,PR-3022,2026-08-18,08:00,17:00,20,27,4199
SE-415785,LUM-CLR,PR-3023,18/08/2026,08:00,17:00,20,27,3940
SE-415786,LUM-CLR,PR-3024,2026-08-18,08:00,17:00,20,27,4215
SE-415787,LUM-GQE,PR-3025,18/08/2026,08:00,17:00,20,27,3480
SE-415788,LUM-GQE,PR-3026,18/08/2026,08:00,17:00,20,27,4421
SE-415789,LUM-GQE,PR-3028,2026-08-18,08:00,17:00,20,27,4210
SE-415790,LUM-BFN,PR-3029,2026-08-18,08:00,17:00,30,18,4817
SE-415791,LUM-BFN,PR-3030,2026-08-18,08:00,17:00,30,18,2885
SE-415792,LUM-BFN,PR-3031,18/08/2026,08:00,17:00,30,18,3256
SE-415793,LUM-BFN,PR-3032,18/08/2026,08:00,17:00,30,18,2779
SE-415794,LUM-SAN,PR-3001,2026-08-19,08:00,17:00,20,27,4207
SE-415795,LUM-SAN,PR-3002,2026-08-19,08:00,17:00,30,18,5987
SE-415796,LUM-SAN,PR-3003,2026-08-19,08:00,17:00,20,27,3679
SE-415797,LUM-SAN,PR-3004,19/08/2026,08:00,17:00,20,27,4117
SE-415798,LUM-SAN,PR-3005,2026-08-19,08:00,17:00,20,27,4234
SE-415799,LUM-SAN,PR-3006,2026-08-19,08:00,17:00,30,18,3134
SE-415800,LUM-SAN,PR-3007,2026-08-19,08:00,17:00,45,12,6711
SE-415801,LUM-PTA,PR-3008,2026-08-19,08:00,17:00,20,27,3803
SE-415802,LUM-PTA,PR-3009,2026-08-19,08:00,17:00,25,21,8221
SE-415803,LUM-PTA,PR-3010,2026-08-19,08:00,17:00,30,18,5602
SE-415804,LUM-PTA,PR-3011,2026-08-19,08:00,17:00,20,27,4519
SE-415805,LUM-PTA,PR-3012,2026-08-19,08:00,17:00,20,27,4073
SE-415806,LUM-PTA,PR-3013,19/08/2026,08:00,17:00,30,18,5678
SE-415807,LUM-UMH,PR-3015,2026-08-19,08:00,17:00,30,18,4817
SE-415808,LUM-UMH,PR-3016,2026-08-19,08:00,17:00,30,18,3166
SE-415809,LUM-UMH,PR-3017,2026-08-19,08:00,17:00,25,21,7465
SE-415810,LUM-UMH,PR-3018,2026-08-19,08:00,17:00,20,27,3765
SE-415811,LUM-CLR,PR-3019,2026-08-19,08:00,17:00,20,27,4416
SE-415812,LUM-CLR,PR-3022,2026-08-19,08:00,17:00,20,27,4199
SE-415813,LUM-CLR,PR-3023,19/08/2026,08:00,17:00,20,27,3940
SE-415814,LUM-CLR,PR-3024,2026-08-19,08:00,17:00,20,27,4215
SE-415815,LUM-GQE,PR-3025,2026-08-19,08:00,17:00,20,27,3480
SE-415816,LUM-GQE,PR-3026,2026-08-19,08:00,17:00,20,27,4421
SE-415817,LUM-GQE,PR-3027,2026-08-19,08:00,17:00,30,18,5152
SE-415818,LUM-GQE,PR-3028,2026-08-19,08:00,17:00,20,27,4210
SE-415819,LUM-BFN,PR-3029,19/08/2026,08:00,17:00,30,18,4817
SE-415820,LUM-BFN,PR-3030,2026-08-19,08:00,17:00,30,18,2885
SE-415821,LUM-BFN,PR-3031,2026-08-19,08:00,17:00,30,18,3256
SE-415822,LUM-BFN,PR-3032,2026-08-19,08:00,17:00,30,18,2779
SE-415823,LUM-SAN,PR-3001,20/08/2026,08:00,17:00,20,27,4207
SE-415824,LUM-SAN,PR-3002,2026-08-20,08:00,17:00,30,18,5987
SE-415825,LUM-SAN,PR-3003,20/08/2026,08:00,17:00,20,27,3679
SE-415826,LUM-SAN,PR-3004,20/08/2026,08:00,17:00,20,27,4117
SE-415827,LUM-SAN,PR-3005,20/08/2026,08:00,17:00,20,27,4234
SE-415828,LUM-SAN,PR-3007,2026-08-20,08:00,17:00,45,12,6711
SE-415829,LUM-PTA,PR-3008,2026-08-20,08:00,17:00,20,27,3803
SE-415830,LUM-PTA,PR-3009,2026-08-20,08:00,17:00,25,21,8221
SE-415831,LUM-PTA,PR-3010,20/08/2026,08:00,17:00,30,18,5602
SE-415832,LUM-PTA,PR-3011,2026-08-20,08:00,17:00,20,27,4519
SE-415833,LUM-PTA,PR-3012,20/08/2026,08:00,17:00,20,27,4073
SE-415834,LUM-PTA,PR-3013,2026-08-20,08:00,17:00,30,18,5678
SE-415835,LUM-UMH,PR-3015,2026-08-20,08:00,17:00,30,18,4817
SE-415836,LUM-UMH,PR-3016,2026-08-20,08:00,17:00,30,18,3166
SE-415837,LUM-UMH,PR-3017,2026-08-20,08:00,17:00,25,21,7465
SE-415838,LUM-UMH,PR-3018,2026-08-20,08:00,17:00,20,27,3765
SE-415839,LUM-CLR,PR-3019,2026-08-20,08:00,17:00,20,27,4416
SE-415840,LUM-CLR,PR-3020,2026-08-20,08:00,17:00,30,18,3302
SE-415841,LUM-CLR,PR-3021,2026-08-20,08:00,17:00,20,27,4210
SE-415842,LUM-CLR,PR-3022,20/08/2026,08:00,17:00,20,27,4199
SE-415843,LUM-CLR,PR-3023,2026-08-20,08:00,17:00,20,27,3940
SE-415844,LUM-CLR,PR-3024,2026-08-20,08:00,17:00,20,27,4215
SE-415845,LUM-GQE,PR-3025,2026-08-20,08:00,17:00,20,27,3480
SE-415846,LUM-GQE,PR-3026,2026-08-20,08:00,17:00,20,27,4421
SE-415847,LUM-GQE,PR-3027,2026-08-20,08:00,17:00,30,18,5152
SE-415848,LUM-GQE,PR-3028,2026-08-20,08:00,17:00,20,27,4210
SE-415849,LUM-BFN,PR-3030,2026-08-20,08:00,17:00,30,18,2885
SE-415850,LUM-BFN,PR-3031,2026-08-20,08:00,17:00,30,18,3256
SE-415851,LUM-BFN,PR-3032,2026-08-20,08:00,17:00,30,18,2779
SE-415852,LUM-SAN,PR-3001,21/08/2026,08:00,17:00,20,27,4207
SE-415853,LUM-SAN,PR-3002,2026-08-21,08:00,17:00,30,18,5987
SE-415854,LUM-SAN,PR-3003,21/08/2026,08:00,17:00,20,27,3679
SE-415855,LUM-SAN,PR-3004,2026-08-21,08:00,17:00,20,27,4117
SE-415856,LUM-SAN,PR-3005,21/08/2026,08:00,17:00,20,27,4234
SE-415857,LUM-SAN,PR-3006,2026-08-21,08:00,17:00,30,18,3134
SE-415858,LUM-SAN,PR-3007,2026-08-21,08:00,17:00,45,12,6711
SE-415859,LUM-PTA,PR-3008,21/08/2026,08:00,17:00,20,27,3803
SE-415860,LUM-PTA,PR-3009,2026-08-21,08:00,17:00,25,21,8221
SE-415861,LUM-PTA,PR-3010,2026-08-21,08:00,17:00,30,18,5602
SE-415862,LUM-PTA,PR-3011,2026-08-21,08:00,17:00,20,27,4519
SE-415863,LUM-PTA,PR-3012,2026-08-21,08:00,17:00,20,27,4073
SE-415864,LUM-PTA,PR-3013,21/08/2026,08:00,17:00,30,18,5678
SE-415865,LUM-UMH,PR-3014,21/08/2026,08:00,17:00,20,27,3616
SE-415866,LUM-UMH,PR-3015,2026-08-21,08:00,17:00,30,18,4817
SE-415867,LUM-UMH,PR-3016,2026-08-21,08:00,17:00,30,18,3166
SE-415868,LUM-UMH,PR-3017,2026-08-21,08:00,17:00,25,21,7465
SE-415869,LUM-UMH,PR-3018,2026-08-21,08:00,17:00,20,27,3765
SE-415870,LUM-CLR,PR-3020,21/08/2026,08:00,17:00,30,18,3302
SE-415871,LUM-CLR,PR-3021,2026-08-21,08:00,17:00,20,27,4210
SE-415872,LUM-CLR,PR-3023,2026-08-21,08:00,17:00,20,27,3940
SE-415873,LUM-GQE,PR-3025,2026-08-21,08:00,17:00,20,27,3480
SE-415874,LUM-GQE,PR-3026,21/08/2026,08:00,17:00,20,27,4421
SE-415875,LUM-GQE,PR-3027,2026-08-21,08:00,17:00,30,18,5152
SE-415876,LUM-BFN,PR-3029,21/08/2026,08:00,17:00,30,18,4817
SE-415877,LUM-BFN,PR-3030,2026-08-21,08:00,17:00,30,18,2885
SE-415878,LUM-BFN,PR-3031,2026-08-21,08:00,17:00,30,18,3256
SE-415879,LUM-BFN,PR-3032,2026-08-21,08:00,17:00,30,18,2779
SE-415880,LUM-SAN,PR-3005,2026-08-22,08:00,13:00,20,15,2352.22
SE-415881,LUM-SAN,PR-3007,2026-08-22,08:00,13:00,45,6,3728.33
SE-415882,LUM-PTA,PR-3008,22/08/2026,08:00,13:00,20,15,2112.78
SE-415883,LUM-UMH,PR-3016,2026-08-22,08:00,13:00,30,10,1758.89
SE-415884,LUM-CLR,PR-3019,2026-08-22,08:00,13:00,20,15,2453.33
SE-415885,LUM-CLR,PR-3024,2026-08-22,08:00,13:00,20,15,2341.67
SE-415886,LUM-GQE,PR-3025,2026-08-22,08:00,13:00,20,15,1933.33
SE-415887,LUM-GQE,PR-3027,2026-08-22,08:00,13:00,30,10,2862.22
SE-415888,LUM-BFN,PR-3030,2026-08-22,08:00,13:00,30,10,1602.78
SE-415889,LUM-SAN,PR-3001,24/08/2026,08:00,17:00,20,27,4207
SE-415890,LUM-SAN,PR-3002,2026-08-24,08:00,17:00,30,18,5987
SE-415891,LUM-SAN,PR-3003,24/08/2026,08:00,17:00,20,27,3679
SE-415892,LUM-SAN,PR-3004,2026-08-24,08:00,17:00,20,27,4117
SE-415893,LUM-SAN,PR-3005,24/08/2026,08:00,17:00,20,27,4234
SE-415894,LUM-SAN,PR-3006,24/08/2026,08:00,17:00,30,18,3134
SE-415895,LUM-SAN,PR-3007,2026-08-24,08:00,17:00,45,12,6711
SE-415896,LUM-PTA,PR-3008,2026-08-24,08:00,17:00,20,27,3803
SE-415897,LUM-PTA,PR-3009,2026-08-24,08:00,17:00,25,21,8221
SE-415898,LUM-PTA,PR-3011,2026-08-24,08:00,17:00,20,27,4519
SE-415899,LUM-UMH,PR-3014,24/08/2026,08:00,17:00,20,27,3616
SE-415900,LUM-UMH,PR-3016,2026-08-24,08:00,17:00,30,18,3166
SE-415901,LUM-UMH,PR-3017,2026-08-24,08:00,17:00,25,21,7465
SE-415902,LUM-UMH,PR-3018,2026-08-24,08:00,17:00,20,27,3765
SE-415903,LUM-CLR,PR-3019,2026-08-24,08:00,17:00,20,27,4416
SE-415904,LUM-CLR,PR-3020,24/08/2026,08:00,17:00,30,18,3302
SE-415905,LUM-CLR,PR-3021,2026-08-24,08:00,17:00,20,27,4210
SE-415906,LUM-CLR,PR-3022,2026-08-24,08:00,17:00,20,27,4199
SE-415907,LUM-CLR,PR-3023,2026-08-24,08:00,17:00,20,27,3940
SE-415908,LUM-GQE,PR-3025,2026-08-24,08:00,17:00,20,27,3480
SE-415909,LUM-GQE,PR-3026,2026-08-24,08:00,17:00,20,27,4421
SE-415910,LUM-GQE,PR-3027,2026-08-24,08:00,17:00,30,18,5152
SE-415911,LUM-GQE,PR-3028,2026-08-24,08:00,17:00,20,27,4210
SE-415912,LUM-BFN,PR-3029,2026-08-24,08:00,17:00,30,18,4817
SE-415913,LUM-BFN,PR-3030,2026-08-24,08:00,17:00,30,18,2885
SE-415914,LUM-BFN,PR-3031,2026-08-24,08:00,17:00,30,18,3256
SE-415915,LUM-BFN,PR-3032,2026-08-24,08:00,17:00,30,18,2779
SE-415916,LUM-SAN,PR-3001,2026-08-25,08:00,17:00,20,27,4207
SE-415917,LUM-SAN,PR-3002,2026-08-25,08:00,17:00,30,18,5987
SE-415918,LUM-SAN,PR-3003,2026-08-25,08:00,17:00,20,27,3679
SE-415919,LUM-SAN,PR-3004,2026-08-25,08:00,17:00,20,27,4117
SE-415920,LUM-SAN,PR-3005,2026-08-25,08:00,17:00,20,27,4234
SE-415921,LUM-SAN,PR-3007,2026-08-25,08:00,17:00,45,12,6711
SE-415922,LUM-PTA,PR-3008,2026-08-25,08:00,17:00,20,27,3803
SE-415923,LUM-PTA,PR-3009,2026-08-25,08:00,17:00,25,21,8221
SE-415924,LUM-PTA,PR-3010,2026-08-25,08:00,17:00,30,18,5602
SE-415925,LUM-PTA,PR-3011,25/08/2026,08:00,17:00,20,27,4519
SE-415926,LUM-PTA,PR-3012,2026-08-25,08:00,17:00,20,27,4073
SE-415927,LUM-PTA,PR-3013,2026-08-25,08:00,17:00,30,18,5678
SE-415928,LUM-UMH,PR-3014,2026-08-25,08:00,17:00,20,27,3616
SE-415929,LUM-UMH,PR-3016,25/08/2026,08:00,17:00,30,18,3166
SE-415930,LUM-UMH,PR-3017,2026-08-25,08:00,17:00,25,21,7465
SE-415931,LUM-CLR,PR-3019,2026-08-25,08:00,17:00,20,27,4416
SE-415932,LUM-CLR,PR-3020,2026-08-25,08:00,17:00,30,18,3302
SE-415933,LUM-CLR,PR-3021,2026-08-25,08:00,17:00,20,27,4210
SE-415934,LUM-CLR,PR-3022,2026-08-25,08:00,17:00,20,27,4199
SE-415935,LUM-CLR,PR-3023,2026-08-25,08:00,17:00,20,27,3940
SE-415936,LUM-CLR,PR-3024,25/08/2026,08:00,17:00,20,27,4215
SE-415937,LUM-GQE,PR-3025,2026-08-25,08:00,17:00,20,27,3480
SE-415938,LUM-GQE,PR-3026,2026-08-25,08:00,17:00,20,27,4421
SE-415939,LUM-GQE,PR-3027,2026-08-25,08:00,17:00,30,18,5152
SE-415940,LUM-GQE,PR-3028,2026-08-25,08:00,17:00,20,27,4210
SE-415941,LUM-BFN,PR-3029,2026-08-25,08:00,17:00,30,18,4817
SE-415942,LUM-BFN,PR-3030,25/08/2026,08:00,17:00,30,18,2885
SE-415943,LUM-BFN,PR-3031,25/08/2026,08:00,17:00,30,18,3256
SE-415944,LUM-BFN,PR-3032,2026-08-25,08:00,17:00,30,18,2779
SE-415945,LUM-SAN,PR-3002,2026-08-26,08:00,17:00,30,18,5987
SE-415946,LUM-SAN,PR-3003,2026-08-26,08:00,17:00,20,27,3679
SE-415947,LUM-SAN,PR-3004,2026-08-26,08:00,17:00,20,27,4117
SE-415948,LUM-SAN,PR-3007,26/08/2026,08:00,17:00,45,12,6711
SE-415949,LUM-PTA,PR-3008,2026-08-26,08:00,17:00,20,27,3803
SE-415950,LUM-PTA,PR-3009,2026-08-26,08:00,17:00,25,21,8221
SE-415951,LUM-PTA,PR-3010,2026-08-26,08:00,17:00,30,18,5602
SE-415952,LUM-PTA,PR-3011,26/08/2026,08:00,17:00,20,27,4519
SE-415953,LUM-PTA,PR-3012,2026-08-26,08:00,17:00,20,27,4073
SE-415954,LUM-PTA,PR-3013,2026-08-26,08:00,17:00,30,18,5678
SE-415955,LUM-UMH,PR-3015,26/08/2026,08:00,17:00,30,18,4817
SE-415956,LUM-UMH,PR-3016,2026-08-26,08:00,17:00,30,18,3166
SE-415957,LUM-UMH,PR-3017,26/08/2026,08:00,17:00,25,21,7465
SE-415958,LUM-UMH,PR-3018,2026-08-26,08:00,17:00,20,27,3765
SE-415959,LUM-CLR,PR-3019,2026-08-26,08:00,17:00,20,27,4416
SE-415960,LUM-CLR,PR-3020,26/08/2026,08:00,17:00,30,18,3302
SE-415961,LUM-CLR,PR-3021,2026-08-26,08:00,17:00,20,27,4210
SE-415962,LUM-CLR,PR-3022,26/08/2026,08:00,17:00,20,27,4199
SE-415963,LUM-CLR,PR-3023,2026-08-26,08:00,17:00,20,27,3940
SE-415964,LUM-CLR,PR-3024,2026-08-26,08:00,17:00,20,27,4215
SE-415965,LUM-GQE,PR-3025,2026-08-26,08:00,17:00,20,27,3480
SE-415966,LUM-GQE,PR-3027,2026-08-26,08:00,17:00,30,18,5152
SE-415967,LUM-BFN,PR-3030,2026-08-26,08:00,17:00,30,18,2885
SE-415968,LUM-BFN,PR-3031,26/08/2026,08:00,17:00,30,18,3256
SE-415969,LUM-SAN,PR-3001,2026-08-27,08:00,17:00,20,27,4207
SE-415970,LUM-SAN,PR-3002,27/08/2026,08:00,17:00,30,18,5987
SE-415971,LUM-SAN,PR-3003,27/08/2026,08:00,17:00,20,27,3679
SE-415972,LUM-SAN,PR-3004,2026-08-27,08:00,17:00,20,27,4117
SE-415973,LUM-SAN,PR-3005,27/08/2026,08:00,17:00,20,27,4234
SE-415974,LUM-SAN,PR-3006,2026-08-27,08:00,17:00,30,18,3134
SE-415975,LUM-SAN,PR-3007,27/08/2026,08:00,17:00,45,12,6711
SE-415976,LUM-PTA,PR-3008,2026-08-27,08:00,17:00,20,27,3803
SE-415977,LUM-PTA,PR-3009,2026-08-27,08:00,17:00,25,21,8221
SE-415978,LUM-PTA,PR-3010,2026-08-27,08:00,17:00,30,18,5602
SE-415979,LUM-PTA,PR-3011,2026-08-27,08:00,17:00,20,27,4519
SE-415980,LUM-PTA,PR-3012,2026-08-27,08:00,17:00,20,27,4073
SE-415981,LUM-PTA,PR-3013,2026-08-27,08:00,17:00,30,18,5678
SE-415982,LUM-UMH,PR-3014,2026-08-27,08:00,17:00,20,27,3616
SE-415983,LUM-UMH,PR-3015,2026-08-27,08:00,17:00,30,18,4817
SE-415984,LUM-UMH,PR-3016,2026-08-27,08:00,17:00,30,18,3166
SE-415985,LUM-UMH,PR-3017,2026-08-27,08:00,17:00,25,21,7465
SE-415986,LUM-UMH,PR-3018,2026-08-27,08:00,17:00,20,27,3765
SE-415987,LUM-CLR,PR-3019,2026-08-27,08:00,17:00,20,27,4416
SE-415988,LUM-CLR,PR-3020,2026-08-27,08:00,17:00,30,18,3302
SE-415989,LUM-CLR,PR-3021,27/08/2026,08:00,17:00,20,27,4210
SE-415990,LUM-CLR,PR-3022,2026-08-27,08:00,17:00,20,27,4199
SE-415991,LUM-CLR,PR-3023,2026-08-27,08:00,17:00,20,27,3940
SE-415992,LUM-CLR,PR-3024,27/08/2026,08:00,17:00,20,27,4215
SE-415993,LUM-GQE,PR-3025,2026-08-27,08:00,17:00,20,27,3480
SE-415994,LUM-GQE,PR-3026,2026-08-27,08:00,17:00,20,27,4421
SE-415995,LUM-GQE,PR-3027,2026-08-27,08:00,17:00,30,18,5152
SE-415996,LUM-BFN,PR-3029,2026-08-27,08:00,17:00,30,18,4817
SE-415997,LUM-BFN,PR-3030,27/08/2026,08:00,17:00,30,18,2885
SE-415998,LUM-BFN,PR-3031,2026-08-27,08:00,17:00,30,18,3256
SE-415999,LUM-BFN,PR-3032,2026-08-27,08:00,17:00,30,18,2779
SE-416000,LUM-SAN,PR-3001,2026-08-28,08:00,17:00,20,27,4207
SE-416001,LUM-SAN,PR-3003,2026-08-28,08:00,17:00,20,27,3679
SE-416002,LUM-SAN,PR-3004,2026-08-28,08:00,17:00,20,27,4117
SE-416003,LUM-SAN,PR-3005,2026-08-28,08:00,17:00,20,27,4234
SE-416004,LUM-SAN,PR-3006,28/08/2026,08:00,17:00,30,18,3134
SE-416005,LUM-SAN,PR-3007,2026-08-28,08:00,17:00,45,12,6711
SE-416006,LUM-PTA,PR-3008,2026-08-28,08:00,17:00,20,27,3803
SE-416007,LUM-PTA,PR-3009,2026-08-28,08:00,17:00,25,21,8221
SE-416008,LUM-PTA,PR-3011,2026-08-28,08:00,17:00,20,27,4519
SE-416009,LUM-PTA,PR-3012,28/08/2026,08:00,17:00,20,27,4073
SE-416010,LUM-PTA,PR-3013,2026-08-28,08:00,17:00,30,18,5678
SE-416011,LUM-UMH,PR-3014,2026-08-28,08:00,17:00,20,27,3616
SE-416012,LUM-UMH,PR-3016,2026-08-28,08:00,17:00,30,18,3166
SE-416013,LUM-UMH,PR-3017,2026-08-28,08:00,17:00,25,21,7465
SE-416014,LUM-CLR,PR-3019,2026-08-28,08:00,17:00,20,27,4416
SE-416015,LUM-CLR,PR-3021,28/08/2026,08:00,17:00,20,27,4210
SE-416016,LUM-CLR,PR-3022,2026-08-28,08:00,17:00,20,27,4199
SE-416017,LUM-CLR,PR-3023,2026-08-28,08:00,17:00,20,27,3940
SE-416018,LUM-CLR,PR-3024,2026-08-28,08:00,17:00,20,27,4215
SE-416019,LUM-GQE,PR-3025,2026-08-28,08:00,17:00,20,27,3480
SE-416020,LUM-GQE,PR-3026,2026-08-28,08:00,17:00,20,27,4421
SE-416021,LUM-GQE,PR-3027,2026-08-28,08:00,17:00,30,18,5152
SE-416022,LUM-GQE,PR-3028,2026-08-28,08:00,17:00,20,27,4210
SE-416023,LUM-BFN,PR-3029,2026-08-28,08:00,17:00,30,18,4817
SE-416024,LUM-BFN,PR-3031,2026-08-28,08:00,17:00,30,18,3256
SE-416025,LUM-BFN,PR-3032,28/08/2026,08:00,17:00,30,18,2779
SE-416026,LUM-SAN,PR-3005,29/08/2026,08:00,13:00,20,15,2352.22
SE-416027,LUM-PTA,PR-3008,2026-08-29,08:00,13:00,20,15,2112.78
SE-416028,LUM-PTA,PR-3011,2026-08-29,08:00,13:00,20,15,2510.56
SE-416029,LUM-UMH,PR-3015,29/08/2026,08:00,13:00,30,10,2676.11
SE-416030,LUM-UMH,PR-3016,2026-08-29,08:00,13:00,30,10,1758.89
SE-416031,LUM-CLR,PR-3019,2026-08-29,08:00,13:00,20,15,2453.33
SE-416032,LUM-CLR,PR-3021,2026-08-29,08:00,13:00,20,15,2338.89
SE-416033,LUM-CLR,PR-3022,2026-08-29,08:00,13:00,20,15,2332.78
SE-416034,LUM-GQE,PR-3027,2026-08-29,08:00,13:00,30,10,2862.22
SE-416035,LUM-BFN,PR-3030,29/08/2026,08:00,13:00,30,10,1602.78
SE-416036,LUM-SAN,PR-3001,2026-08-31,08:00,17:00,20,27,4207
SE-416037,LUM-SAN,PR-3002,2026-08-31,08:00,17:00,30,18,5987
SE-416038,LUM-SAN,PR-3003,2026-08-31,08:00,17:00,20,27,3679
SE-416039,LUM-SAN,PR-3004,2026-08-31,08:00,17:00,20,27,4117
SE-416040,LUM-SAN,PR-3005,2026-08-31,08:00,17:00,20,27,4234
SE-416041,LUM-SAN,PR-3006,2026-08-31,08:00,17:00,30,18,3134
SE-416042,LUM-SAN,PR-3007,31/08/2026,08:00,17:00,45,12,6711
SE-416043,LUM-PTA,PR-3008,2026-08-31,08:00,17:00,20,27,3803
SE-416044,LUM-PTA,PR-3009,31/08/2026,08:00,17:00,25,21,8221
SE-416045,LUM-PTA,PR-3010,2026-08-31,08:00,17:00,30,18,5602
SE-416046,LUM-PTA,PR-3012,2026-08-31,08:00,17:00,20,27,4073
SE-416047,LUM-UMH,PR-3014,2026-08-31,08:00,17:00,20,27,3616
SE-416048,LUM-UMH,PR-3015,2026-08-31,08:00,17:00,30,18,4817
SE-416049,LUM-UMH,PR-3016,31/08/2026,08:00,17:00,30,18,3166
SE-416050,LUM-UMH,PR-3017,2026-08-31,08:00,17:00,25,21,7465
SE-416051,LUM-CLR,PR-3019,2026-08-31,08:00,17:00,20,27,4416
SE-416052,LUM-CLR,PR-3020,31/08/2026,08:00,17:00,30,18,3302
SE-416053,LUM-CLR,PR-3021,2026-08-31,08:00,17:00,20,27,4210
SE-416054,LUM-CLR,PR-3022,2026-08-31,08:00,17:00,20,27,4199
SE-416055,LUM-CLR,PR-3023,2026-08-31,08:00,17:00,20,27,3940
SE-416056,LUM-GQE,PR-3025,2026-08-31,08:00,17:00,20,27,3480
SE-416057,LUM-GQE,PR-3026,2026-08-31,08:00,17:00,20,27,4421
SE-416058,LUM-GQE,PR-3027,2026-08-31,08:00,17:00,30,18,5152
SE-416059,LUM-GQE,PR-3028,2026-08-31,08:00,17:00,20,27,4210
SE-416060,LUM-BFN,PR-3029,31/08/2026,08:00,17:00,30,18,4817
SE-416061,LUM-BFN,PR-3030,31/08/2026,08:00,17:00,30,18,2885
SE-416062,LUM-BFN,PR-3031,2026-08-31,08:00,17:00,30,18,3256
